ISO-10303-21;
HEADER;
/* Generated by software containing ST-Developer
 * from STEP Tools, Inc. (www.steptools.com) 
 */

FILE_DESCRIPTION(
/* description */ (''),
/* implementation_level */ '2;1');

FILE_NAME(
/* name */ 'FanPinHeader_1x04_P2.54mm_Vertical.step',
/* time_stamp */ '2026-09-16T09:40:36+05:45',
/* author */ (''),
/* organization */ (''),
/* preprocessor_version */ 'ST-DEVELOPER v20.2',
/* originating_system */ 'Autodesk Translation Framework v15.15.0.0',
/* authorisation */ '');

FILE_SCHEMA (('AUTOMOTIVE_DESIGN { 1 0 10303 214 3 1 1 }'));
ENDSEC;

DATA;
#10=MECHANICAL_DESIGN_GEOMETRIC_PRESENTATION_REPRESENTATION('',(#1585,#1586,
#1587,#1588,#1589,#1590,#1591,#1592,#1593,#1594,#1595,#1596,#1597,#1598,
#1599,#1600,#1601,#1602,#1603,#1604,#1605,#1606,#1607,#1608,#1609,#1610,
#1611,#1612,#1613,#1614,#1615,#1616,#1617,#1618,#1619,#1620,#1621,#1622,
#1623,#1624,#1625,#1626,#1627,#1628,#1629,#1630,#1631,#1632,#1633,#1634,
#1635,#1636,#1637,#1638,#1639,#1640,#1641,#1642,#1643,#1644,#1645,#1646,
#1647,#1648,#1649,#1650,#1651,#1652,#1653,#1654,#1655,#1656,#1657,#1658,
#1659,#1660,#1661,#1662,#1663,#1664,#1665,#1666,#1667,#1668,#1669,#1670,
#1671,#1672,#1673,#1674,#1675,#1676,#1677,#1678,#1679,#1680,#1681,#1682,
#1683,#1684),#2802);
#11=ITEM_DEFINED_TRANSFORMATION($,$,#1798,#1902);
#12=(
REPRESENTATION_RELATIONSHIP($,$,#2813,#2812)
REPRESENTATION_RELATIONSHIP_WITH_TRANSFORMATION(#11)
SHAPE_REPRESENTATION_RELATIONSHIP()
);
#13=CONTEXT_DEPENDENT_SHAPE_REPRESENTATION(#12,#2811);
#14=NEXT_ASSEMBLY_USAGE_OCCURRENCE('Fan_Pin_Header_Straight_1x04:1',
'Fan_Pin_Header_Straight_1x04:1','Fan_Pin_Header_Straight_1x04:1',#2815,
#2816,'Fan_Pin_Header_Straight_1x04:1');
#15=SHAPE_REPRESENTATION_RELATIONSHIP('SRR','None',#2813,#16);
#16=ADVANCED_BREP_SHAPE_REPRESENTATION('',(#17),#2801);
#17=MANIFOLD_SOLID_BREP('Body1',#1784);
#18=CYLINDRICAL_SURFACE('',#1811,0.5);
#19=CYLINDRICAL_SURFACE('',#1816,0.475);
#20=FACE_BOUND('',#136,.T.);
#21=FACE_BOUND('',#138,.T.);
#22=FACE_BOUND('',#139,.T.);
#23=FACE_BOUND('',#140,.T.);
#24=FACE_BOUND('',#141,.T.);
#25=FACE_BOUND('',#145,.T.);
#26=FACE_BOUND('',#146,.T.);
#27=FACE_BOUND('',#147,.T.);
#28=FACE_BOUND('',#148,.T.);
#29=CIRCLE('',#1801,0.5);
#30=CIRCLE('',#1803,0.5);
#31=CIRCLE('',#1805,0.475);
#32=CIRCLE('',#1817,0.475);
#33=FACE_OUTER_BOUND('',#132,.T.);
#34=FACE_OUTER_BOUND('',#133,.T.);
#35=FACE_OUTER_BOUND('',#134,.T.);
#36=FACE_OUTER_BOUND('',#135,.T.);
#37=FACE_OUTER_BOUND('',#137,.T.);
#38=FACE_OUTER_BOUND('',#142,.T.);
#39=FACE_OUTER_BOUND('',#143,.T.);
#40=FACE_OUTER_BOUND('',#144,.T.);
#41=FACE_OUTER_BOUND('',#149,.T.);
#42=FACE_OUTER_BOUND('',#150,.T.);
#43=FACE_OUTER_BOUND('',#151,.T.);
#44=FACE_OUTER_BOUND('',#152,.T.);
#45=FACE_OUTER_BOUND('',#153,.T.);
#46=FACE_OUTER_BOUND('',#154,.T.);
#47=FACE_OUTER_BOUND('',#155,.T.);
#48=FACE_OUTER_BOUND('',#156,.T.);
#49=FACE_OUTER_BOUND('',#157,.T.);
#50=FACE_OUTER_BOUND('',#158,.T.);
#51=FACE_OUTER_BOUND('',#159,.T.);
#52=FACE_OUTER_BOUND('',#160,.T.);
#53=FACE_OUTER_BOUND('',#161,.T.);
#54=FACE_OUTER_BOUND('',#162,.T.);
#55=FACE_OUTER_BOUND('',#163,.T.);
#56=FACE_OUTER_BOUND('',#164,.T.);
#57=FACE_OUTER_BOUND('',#165,.T.);
#58=FACE_OUTER_BOUND('',#166,.T.);
#59=FACE_OUTER_BOUND('',#167,.T.);
#60=FACE_OUTER_BOUND('',#168,.T.);
#61=FACE_OUTER_BOUND('',#169,.T.);
#62=FACE_OUTER_BOUND('',#170,.T.);
#63=FACE_OUTER_BOUND('',#171,.T.);
#64=FACE_OUTER_BOUND('',#172,.T.);
#65=FACE_OUTER_BOUND('',#173,.T.);
#66=FACE_OUTER_BOUND('',#174,.T.);
#67=FACE_OUTER_BOUND('',#175,.T.);
#68=FACE_OUTER_BOUND('',#176,.T.);
#69=FACE_OUTER_BOUND('',#177,.T.);
#70=FACE_OUTER_BOUND('',#178,.T.);
#71=FACE_OUTER_BOUND('',#179,.T.);
#72=FACE_OUTER_BOUND('',#180,.T.);
#73=FACE_OUTER_BOUND('',#181,.T.);
#74=FACE_OUTER_BOUND('',#182,.T.);
#75=FACE_OUTER_BOUND('',#183,.T.);
#76=FACE_OUTER_BOUND('',#184,.T.);
#77=FACE_OUTER_BOUND('',#185,.T.);
#78=FACE_OUTER_BOUND('',#186,.T.);
#79=FACE_OUTER_BOUND('',#187,.T.);
#80=FACE_OUTER_BOUND('',#188,.T.);
#81=FACE_OUTER_BOUND('',#189,.T.);
#82=FACE_OUTER_BOUND('',#190,.T.);
#83=FACE_OUTER_BOUND('',#191,.T.);
#84=FACE_OUTER_BOUND('',#192,.T.);
#85=FACE_OUTER_BOUND('',#193,.T.);
#86=FACE_OUTER_BOUND('',#194,.T.);
#87=FACE_OUTER_BOUND('',#195,.T.);
#88=FACE_OUTER_BOUND('',#196,.T.);
#89=FACE_OUTER_BOUND('',#197,.T.);
#90=FACE_OUTER_BOUND('',#198,.T.);
#91=FACE_OUTER_BOUND('',#199,.T.);
#92=FACE_OUTER_BOUND('',#200,.T.);
#93=FACE_OUTER_BOUND('',#201,.T.);
#94=FACE_OUTER_BOUND('',#202,.T.);
#95=FACE_OUTER_BOUND('',#203,.T.);
#96=FACE_OUTER_BOUND('',#204,.T.);
#97=FACE_OUTER_BOUND('',#205,.T.);
#98=FACE_OUTER_BOUND('',#206,.T.);
#99=FACE_OUTER_BOUND('',#207,.T.);
#100=FACE_OUTER_BOUND('',#208,.T.);
#101=FACE_OUTER_BOUND('',#209,.T.);
#102=FACE_OUTER_BOUND('',#210,.T.);
#103=FACE_OUTER_BOUND('',#211,.T.);
#104=FACE_OUTER_BOUND('',#212,.T.);
#105=FACE_OUTER_BOUND('',#213,.T.);
#106=FACE_OUTER_BOUND('',#214,.T.);
#107=FACE_OUTER_BOUND('',#215,.T.);
#108=FACE_OUTER_BOUND('',#216,.T.);
#109=FACE_OUTER_BOUND('',#217,.T.);
#110=FACE_OUTER_BOUND('',#218,.T.);
#111=FACE_OUTER_BOUND('',#219,.T.);
#112=FACE_OUTER_BOUND('',#220,.T.);
#113=FACE_OUTER_BOUND('',#221,.T.);
#114=FACE_OUTER_BOUND('',#222,.T.);
#115=FACE_OUTER_BOUND('',#223,.T.);
#116=FACE_OUTER_BOUND('',#224,.T.);
#117=FACE_OUTER_BOUND('',#225,.T.);
#118=FACE_OUTER_BOUND('',#226,.T.);
#119=FACE_OUTER_BOUND('',#227,.T.);
#120=FACE_OUTER_BOUND('',#228,.T.);
#121=FACE_OUTER_BOUND('',#229,.T.);
#122=FACE_OUTER_BOUND('',#230,.T.);
#123=FACE_OUTER_BOUND('',#231,.T.);
#124=FACE_OUTER_BOUND('',#232,.T.);
#125=FACE_OUTER_BOUND('',#233,.T.);
#126=FACE_OUTER_BOUND('',#234,.T.);
#127=FACE_OUTER_BOUND('',#235,.T.);
#128=FACE_OUTER_BOUND('',#236,.T.);
#129=FACE_OUTER_BOUND('',#237,.T.);
#130=FACE_OUTER_BOUND('',#238,.T.);
#131=FACE_OUTER_BOUND('',#239,.T.);
#132=EDGE_LOOP('',(#1040,#1041,#1042,#1043));
#133=EDGE_LOOP('',(#1044,#1045,#1046,#1047,#1048,#1049,#1050,#1051,#1052,
#1053));
#134=EDGE_LOOP('',(#1054,#1055,#1056,#1057,#1058,#1059,#1060,#1061,#1062,
#1063));
#135=EDGE_LOOP('',(#1064,#1065,#1066,#1067));
#136=EDGE_LOOP('',(#1068,#1069,#1070,#1071));
#137=EDGE_LOOP('',(#1072,#1073,#1074,#1075));
#138=EDGE_LOOP('',(#1076,#1077,#1078,#1079));
#139=EDGE_LOOP('',(#1080,#1081,#1082,#1083));
#140=EDGE_LOOP('',(#1084,#1085,#1086,#1087));
#141=EDGE_LOOP('',(#1088,#1089,#1090,#1091));
#142=EDGE_LOOP('',(#1092,#1093,#1094,#1095));
#143=EDGE_LOOP('',(#1096,#1097,#1098,#1099));
#144=EDGE_LOOP('',(#1100,#1101,#1102,#1103));
#145=EDGE_LOOP('',(#1104,#1105,#1106,#1107));
#146=EDGE_LOOP('',(#1108,#1109,#1110,#1111));
#147=EDGE_LOOP('',(#1112,#1113,#1114,#1115));
#148=EDGE_LOOP('',(#1116,#1117,#1118,#1119));
#149=EDGE_LOOP('',(#1120,#1121,#1122,#1123));
#150=EDGE_LOOP('',(#1124,#1125,#1126,#1127,#1128,#1129));
#151=EDGE_LOOP('',(#1130,#1131,#1132,#1133));
#152=EDGE_LOOP('',(#1134,#1135,#1136,#1137,#1138,#1139));
#153=EDGE_LOOP('',(#1140,#1141,#1142,#1143));
#154=EDGE_LOOP('',(#1144,#1145,#1146,#1147));
#155=EDGE_LOOP('',(#1148,#1149,#1150,#1151));
#156=EDGE_LOOP('',(#1152,#1153,#1154,#1155));
#157=EDGE_LOOP('',(#1156,#1157,#1158,#1159));
#158=EDGE_LOOP('',(#1160,#1161,#1162,#1163));
#159=EDGE_LOOP('',(#1164,#1165,#1166,#1167));
#160=EDGE_LOOP('',(#1168,#1169,#1170,#1171));
#161=EDGE_LOOP('',(#1172,#1173,#1174,#1175));
#162=EDGE_LOOP('',(#1176,#1177,#1178,#1179));
#163=EDGE_LOOP('',(#1180,#1181,#1182,#1183));
#164=EDGE_LOOP('',(#1184,#1185,#1186,#1187));
#165=EDGE_LOOP('',(#1188,#1189,#1190,#1191));
#166=EDGE_LOOP('',(#1192,#1193,#1194,#1195));
#167=EDGE_LOOP('',(#1196,#1197,#1198,#1199));
#168=EDGE_LOOP('',(#1200,#1201,#1202,#1203));
#169=EDGE_LOOP('',(#1204,#1205,#1206,#1207));
#170=EDGE_LOOP('',(#1208,#1209,#1210,#1211));
#171=EDGE_LOOP('',(#1212,#1213,#1214,#1215));
#172=EDGE_LOOP('',(#1216,#1217,#1218,#1219));
#173=EDGE_LOOP('',(#1220,#1221,#1222,#1223));
#174=EDGE_LOOP('',(#1224,#1225,#1226,#1227));
#175=EDGE_LOOP('',(#1228,#1229,#1230,#1231));
#176=EDGE_LOOP('',(#1232,#1233,#1234,#1235));
#177=EDGE_LOOP('',(#1236,#1237,#1238,#1239));
#178=EDGE_LOOP('',(#1240,#1241,#1242,#1243));
#179=EDGE_LOOP('',(#1244,#1245,#1246,#1247));
#180=EDGE_LOOP('',(#1248,#1249,#1250,#1251));
#181=EDGE_LOOP('',(#1252,#1253,#1254,#1255));
#182=EDGE_LOOP('',(#1256,#1257,#1258,#1259));
#183=EDGE_LOOP('',(#1260,#1261,#1262,#1263));
#184=EDGE_LOOP('',(#1264,#1265,#1266,#1267));
#185=EDGE_LOOP('',(#1268,#1269,#1270,#1271));
#186=EDGE_LOOP('',(#1272,#1273,#1274,#1275));
#187=EDGE_LOOP('',(#1276,#1277,#1278,#1279));
#188=EDGE_LOOP('',(#1280,#1281,#1282,#1283));
#189=EDGE_LOOP('',(#1284,#1285,#1286,#1287));
#190=EDGE_LOOP('',(#1288,#1289,#1290,#1291));
#191=EDGE_LOOP('',(#1292,#1293,#1294,#1295,#1296));
#192=EDGE_LOOP('',(#1297,#1298,#1299,#1300));
#193=EDGE_LOOP('',(#1301,#1302,#1303,#1304,#1305));
#194=EDGE_LOOP('',(#1306,#1307,#1308,#1309));
#195=EDGE_LOOP('',(#1310,#1311,#1312,#1313));
#196=EDGE_LOOP('',(#1314,#1315,#1316,#1317));
#197=EDGE_LOOP('',(#1318,#1319,#1320,#1321));
#198=EDGE_LOOP('',(#1322,#1323,#1324,#1325));
#199=EDGE_LOOP('',(#1326,#1327,#1328,#1329));
#200=EDGE_LOOP('',(#1330,#1331,#1332,#1333));
#201=EDGE_LOOP('',(#1334,#1335,#1336,#1337));
#202=EDGE_LOOP('',(#1338,#1339,#1340,#1341));
#203=EDGE_LOOP('',(#1342,#1343,#1344,#1345));
#204=EDGE_LOOP('',(#1346,#1347,#1348,#1349));
#205=EDGE_LOOP('',(#1350,#1351,#1352,#1353));
#206=EDGE_LOOP('',(#1354,#1355,#1356,#1357));
#207=EDGE_LOOP('',(#1358,#1359,#1360,#1361));
#208=EDGE_LOOP('',(#1362,#1363,#1364,#1365));
#209=EDGE_LOOP('',(#1366,#1367,#1368,#1369));
#210=EDGE_LOOP('',(#1370,#1371,#1372,#1373));
#211=EDGE_LOOP('',(#1374,#1375,#1376,#1377));
#212=EDGE_LOOP('',(#1378,#1379,#1380,#1381));
#213=EDGE_LOOP('',(#1382,#1383,#1384,#1385));
#214=EDGE_LOOP('',(#1386,#1387,#1388,#1389));
#215=EDGE_LOOP('',(#1390,#1391,#1392,#1393));
#216=EDGE_LOOP('',(#1394,#1395,#1396,#1397));
#217=EDGE_LOOP('',(#1398,#1399,#1400,#1401));
#218=EDGE_LOOP('',(#1402,#1403,#1404,#1405));
#219=EDGE_LOOP('',(#1406,#1407,#1408,#1409));
#220=EDGE_LOOP('',(#1410,#1411,#1412,#1413));
#221=EDGE_LOOP('',(#1414,#1415,#1416,#1417));
#222=EDGE_LOOP('',(#1418,#1419,#1420,#1421));
#223=EDGE_LOOP('',(#1422,#1423,#1424,#1425));
#224=EDGE_LOOP('',(#1426,#1427,#1428,#1429));
#225=EDGE_LOOP('',(#1430,#1431,#1432,#1433));
#226=EDGE_LOOP('',(#1434,#1435,#1436,#1437));
#227=EDGE_LOOP('',(#1438,#1439,#1440,#1441));
#228=EDGE_LOOP('',(#1442,#1443,#1444,#1445));
#229=EDGE_LOOP('',(#1446,#1447,#1448));
#230=EDGE_LOOP('',(#1449,#1450,#1451));
#231=EDGE_LOOP('',(#1452,#1453,#1454,#1455));
#232=EDGE_LOOP('',(#1456,#1457,#1458,#1459));
#233=EDGE_LOOP('',(#1460,#1461,#1462,#1463));
#234=EDGE_LOOP('',(#1464,#1465,#1466,#1467));
#235=EDGE_LOOP('',(#1468,#1469,#1470,#1471));
#236=EDGE_LOOP('',(#1472,#1473,#1474,#1475));
#237=EDGE_LOOP('',(#1476,#1477,#1478,#1479));
#238=EDGE_LOOP('',(#1480,#1481,#1482,#1483));
#239=EDGE_LOOP('',(#1484,#1485,#1486,#1487));
#240=LINE('',#2340,#460);
#241=LINE('',#2342,#461);
#242=LINE('',#2344,#462);
#243=LINE('',#2345,#463);
#244=LINE('',#2349,#464);
#245=LINE('',#2351,#465);
#246=LINE('',#2353,#466);
#247=LINE('',#2355,#467);
#248=LINE('',#2356,#468);
#249=LINE('',#2358,#469);
#250=LINE('',#2362,#470);
#251=LINE('',#2363,#471);
#252=LINE('',#2366,#472);
#253=LINE('',#2368,#473);
#254=LINE('',#2370,#474);
#255=LINE('',#2372,#475);
#256=LINE('',#2374,#476);
#257=LINE('',#2376,#477);
#258=LINE('',#2378,#478);
#259=LINE('',#2381,#479);
#260=LINE('',#2383,#480);
#261=LINE('',#2386,#481);
#262=LINE('',#2388,#482);
#263=LINE('',#2390,#483);
#264=LINE('',#2393,#484);
#265=LINE('',#2396,#485);
#266=LINE('',#2398,#486);
#267=LINE('',#2400,#487);
#268=LINE('',#2401,#488);
#269=LINE('',#2404,#489);
#270=LINE('',#2406,#490);
#271=LINE('',#2408,#491);
#272=LINE('',#2409,#492);
#273=LINE('',#2412,#493);
#274=LINE('',#2414,#494);
#275=LINE('',#2416,#495);
#276=LINE('',#2417,#496);
#277=LINE('',#2420,#497);
#278=LINE('',#2422,#498);
#279=LINE('',#2424,#499);
#280=LINE('',#2425,#500);
#281=LINE('',#2427,#501);
#282=LINE('',#2428,#502);
#283=LINE('',#2430,#503);
#284=LINE('',#2432,#504);
#285=LINE('',#2435,#505);
#286=LINE('',#2437,#506);
#287=LINE('',#2439,#507);
#288=LINE('',#2440,#508);
#289=LINE('',#2443,#509);
#290=LINE('',#2445,#510);
#291=LINE('',#2447,#511);
#292=LINE('',#2448,#512);
#293=LINE('',#2451,#513);
#294=LINE('',#2453,#514);
#295=LINE('',#2455,#515);
#296=LINE('',#2456,#516);
#297=LINE('',#2459,#517);
#298=LINE('',#2461,#518);
#299=LINE('',#2463,#519);
#300=LINE('',#2464,#520);
#301=LINE('',#2468,#521);
#302=LINE('',#2470,#522);
#303=LINE('',#2471,#523);
#304=LINE('',#2474,#524);
#305=LINE('',#2475,#525);
#306=LINE('',#2478,#526);
#307=LINE('',#2479,#527);
#308=LINE('',#2481,#528);
#309=LINE('',#2484,#529);
#310=LINE('',#2486,#530);
#311=LINE('',#2487,#531);
#312=LINE('',#2490,#532);
#313=LINE('',#2494,#533);
#314=LINE('',#2495,#534);
#315=LINE('',#2497,#535);
#316=LINE('',#2500,#536);
#317=LINE('',#2502,#537);
#318=LINE('',#2503,#538);
#319=LINE('',#2506,#539);
#320=LINE('',#2507,#540);
#321=LINE('',#2510,#541);
#322=LINE('',#2511,#542);
#323=LINE('',#2513,#543);
#324=LINE('',#2516,#544);
#325=LINE('',#2518,#545);
#326=LINE('',#2519,#546);
#327=LINE('',#2522,#547);
#328=LINE('',#2523,#548);
#329=LINE('',#2526,#549);
#330=LINE('',#2527,#550);
#331=LINE('',#2529,#551);
#332=LINE('',#2532,#552);
#333=LINE('',#2534,#553);
#334=LINE('',#2535,#554);
#335=LINE('',#2538,#555);
#336=LINE('',#2539,#556);
#337=LINE('',#2542,#557);
#338=LINE('',#2543,#558);
#339=LINE('',#2545,#559);
#340=LINE('',#2548,#560);
#341=LINE('',#2550,#561);
#342=LINE('',#2551,#562);
#343=LINE('',#2554,#563);
#344=LINE('',#2555,#564);
#345=LINE('',#2558,#565);
#346=LINE('',#2559,#566);
#347=LINE('',#2561,#567);
#348=LINE('',#2565,#568);
#349=LINE('',#2566,#569);
#350=LINE('',#2567,#570);
#351=LINE('',#2570,#571);
#352=LINE('',#2571,#572);
#353=LINE('',#2574,#573);
#354=LINE('',#2575,#574);
#355=LINE('',#2577,#575);
#356=LINE('',#2581,#576);
#357=LINE('',#2582,#577);
#358=LINE('',#2583,#578);
#359=LINE('',#2586,#579);
#360=LINE('',#2587,#580);
#361=LINE('',#2590,#581);
#362=LINE('',#2591,#582);
#363=LINE('',#2593,#583);
#364=LINE('',#2597,#584);
#365=LINE('',#2598,#585);
#366=LINE('',#2599,#586);
#367=LINE('',#2602,#587);
#368=LINE('',#2603,#588);
#369=LINE('',#2606,#589);
#370=LINE('',#2607,#590);
#371=LINE('',#2609,#591);
#372=LINE('',#2613,#592);
#373=LINE('',#2614,#593);
#374=LINE('',#2615,#594);
#375=LINE('',#2618,#595);
#376=LINE('',#2619,#596);
#377=LINE('',#2622,#597);
#378=LINE('',#2623,#598);
#379=LINE('',#2625,#599);
#380=LINE('',#2628,#600);
#381=LINE('',#2630,#601);
#382=LINE('',#2631,#602);
#383=LINE('',#2634,#603);
#384=LINE('',#2636,#604);
#385=LINE('',#2637,#605);
#386=LINE('',#2640,#606);
#387=LINE('',#2641,#607);
#388=LINE('',#2644,#608);
#389=LINE('',#2645,#609);
#390=LINE('',#2649,#610);
#391=LINE('',#2651,#611);
#392=LINE('',#2652,#612);
#393=LINE('',#2655,#613);
#394=LINE('',#2656,#614);
#395=LINE('',#2659,#615);
#396=LINE('',#2660,#616);
#397=LINE('',#2662,#617);
#398=LINE('',#2665,#618);
#399=LINE('',#2667,#619);
#400=LINE('',#2668,#620);
#401=LINE('',#2671,#621);
#402=LINE('',#2672,#622);
#403=LINE('',#2675,#623);
#404=LINE('',#2676,#624);
#405=LINE('',#2678,#625);
#406=LINE('',#2681,#626);
#407=LINE('',#2683,#627);
#408=LINE('',#2684,#628);
#409=LINE('',#2687,#629);
#410=LINE('',#2688,#630);
#411=LINE('',#2691,#631);
#412=LINE('',#2692,#632);
#413=LINE('',#2694,#633);
#414=LINE('',#2697,#634);
#415=LINE('',#2699,#635);
#416=LINE('',#2700,#636);
#417=LINE('',#2703,#637);
#418=LINE('',#2704,#638);
#419=LINE('',#2707,#639);
#420=LINE('',#2708,#640);
#421=LINE('',#2710,#641);
#422=LINE('',#2713,#642);
#423=LINE('',#2715,#643);
#424=LINE('',#2716,#644);
#425=LINE('',#2719,#645);
#426=LINE('',#2720,#646);
#427=LINE('',#2723,#647);
#428=LINE('',#2724,#648);
#429=LINE('',#2726,#649);
#430=LINE('',#2729,#650);
#431=LINE('',#2731,#651);
#432=LINE('',#2732,#652);
#433=LINE('',#2735,#653);
#434=LINE('',#2736,#654);
#435=LINE('',#2739,#655);
#436=LINE('',#2740,#656);
#437=LINE('',#2742,#657);
#438=LINE('',#2745,#658);
#439=LINE('',#2747,#659);
#440=LINE('',#2748,#660);
#441=LINE('',#2751,#661);
#442=LINE('',#2752,#662);
#443=LINE('',#2755,#663);
#444=LINE('',#2756,#664);
#445=LINE('',#2758,#665);
#446=LINE('',#2761,#666);
#447=LINE('',#2763,#667);
#448=LINE('',#2764,#668);
#449=LINE('',#2767,#669);
#450=LINE('',#2768,#670);
#451=LINE('',#2771,#671);
#452=LINE('',#2772,#672);
#453=LINE('',#2774,#673);
#454=LINE('',#2777,#674);
#455=LINE('',#2779,#675);
#456=LINE('',#2780,#676);
#457=LINE('',#2782,#677);
#458=LINE('',#2784,#678);
#459=LINE('',#2786,#679);
#460=VECTOR('',#1909,1.);
#461=VECTOR('',#1910,1.);
#462=VECTOR('',#1911,1.);
#463=VECTOR('',#1912,1.);
#464=VECTOR('',#1915,1.);
#465=VECTOR('',#1916,1.);
#466=VECTOR('',#1917,1.);
#467=VECTOR('',#1918,1.);
#468=VECTOR('',#1919,1.);
#469=VECTOR('',#1920,1.);
#470=VECTOR('',#1923,1.);
#471=VECTOR('',#1924,1.);
#472=VECTOR('',#1927,1.);
#473=VECTOR('',#1928,1.);
#474=VECTOR('',#1929,1.);
#475=VECTOR('',#1930,1.);
#476=VECTOR('',#1931,1.);
#477=VECTOR('',#1932,1.);
#478=VECTOR('',#1933,1.);
#479=VECTOR('',#1936,1.);
#480=VECTOR('',#1939,1.);
#481=VECTOR('',#1940,1.);
#482=VECTOR('',#1941,1.);
#483=VECTOR('',#1942,1.);
#484=VECTOR('',#1947,1.);
#485=VECTOR('',#1948,1.);
#486=VECTOR('',#1949,1.);
#487=VECTOR('',#1950,1.);
#488=VECTOR('',#1951,1.);
#489=VECTOR('',#1952,1.);
#490=VECTOR('',#1953,1.);
#491=VECTOR('',#1954,1.);
#492=VECTOR('',#1955,1.);
#493=VECTOR('',#1956,1.);
#494=VECTOR('',#1957,1.);
#495=VECTOR('',#1958,1.);
#496=VECTOR('',#1959,1.);
#497=VECTOR('',#1960,1.);
#498=VECTOR('',#1961,1.);
#499=VECTOR('',#1962,1.);
#500=VECTOR('',#1963,1.);
#501=VECTOR('',#1966,1.);
#502=VECTOR('',#1967,1.);
#503=VECTOR('',#1970,1.);
#504=VECTOR('',#1973,1.);
#505=VECTOR('',#1974,1.);
#506=VECTOR('',#1975,1.);
#507=VECTOR('',#1976,1.);
#508=VECTOR('',#1977,1.);
#509=VECTOR('',#1978,1.);
#510=VECTOR('',#1979,1.);
#511=VECTOR('',#1980,1.);
#512=VECTOR('',#1981,1.);
#513=VECTOR('',#1982,1.);
#514=VECTOR('',#1983,1.);
#515=VECTOR('',#1984,1.);
#516=VECTOR('',#1985,1.);
#517=VECTOR('',#1986,1.);
#518=VECTOR('',#1987,1.);
#519=VECTOR('',#1988,1.);
#520=VECTOR('',#1989,1.);
#521=VECTOR('',#1994,1.);
#522=VECTOR('',#1995,1.);
#523=VECTOR('',#1996,1.);
#524=VECTOR('',#1999,1.);
#525=VECTOR('',#2000,1.);
#526=VECTOR('',#2003,1.);
#527=VECTOR('',#2004,1.);
#528=VECTOR('',#2007,1.);
#529=VECTOR('',#2010,1.);
#530=VECTOR('',#2011,1.);
#531=VECTOR('',#2012,1.);
#532=VECTOR('',#2015,1.);
#533=VECTOR('',#2020,1.);
#534=VECTOR('',#2021,1.);
#535=VECTOR('',#2024,1.);
#536=VECTOR('',#2027,1.);
#537=VECTOR('',#2028,1.);
#538=VECTOR('',#2029,1.);
#539=VECTOR('',#2032,1.);
#540=VECTOR('',#2033,1.);
#541=VECTOR('',#2036,1.);
#542=VECTOR('',#2037,1.);
#543=VECTOR('',#2040,1.);
#544=VECTOR('',#2043,1.);
#545=VECTOR('',#2044,1.);
#546=VECTOR('',#2045,1.);
#547=VECTOR('',#2048,1.);
#548=VECTOR('',#2049,1.);
#549=VECTOR('',#2052,1.);
#550=VECTOR('',#2053,1.);
#551=VECTOR('',#2056,1.);
#552=VECTOR('',#2059,1.);
#553=VECTOR('',#2060,1.);
#554=VECTOR('',#2061,1.);
#555=VECTOR('',#2064,1.);
#556=VECTOR('',#2065,1.);
#557=VECTOR('',#2068,1.);
#558=VECTOR('',#2069,1.);
#559=VECTOR('',#2072,1.);
#560=VECTOR('',#2075,1.);
#561=VECTOR('',#2076,1.);
#562=VECTOR('',#2077,1.);
#563=VECTOR('',#2080,1.);
#564=VECTOR('',#2081,1.);
#565=VECTOR('',#2084,1.);
#566=VECTOR('',#2085,1.);
#567=VECTOR('',#2088,1.);
#568=VECTOR('',#2091,1.);
#569=VECTOR('',#2092,1.);
#570=VECTOR('',#2093,1.);
#571=VECTOR('',#2096,1.);
#572=VECTOR('',#2097,1.);
#573=VECTOR('',#2100,1.);
#574=VECTOR('',#2101,1.);
#575=VECTOR('',#2104,1.);
#576=VECTOR('',#2107,1.);
#577=VECTOR('',#2108,1.);
#578=VECTOR('',#2109,1.);
#579=VECTOR('',#2112,1.);
#580=VECTOR('',#2113,1.);
#581=VECTOR('',#2116,1.);
#582=VECTOR('',#2117,1.);
#583=VECTOR('',#2120,1.);
#584=VECTOR('',#2123,1.);
#585=VECTOR('',#2124,1.);
#586=VECTOR('',#2125,1.);
#587=VECTOR('',#2128,1.);
#588=VECTOR('',#2129,1.);
#589=VECTOR('',#2132,1.);
#590=VECTOR('',#2133,1.);
#591=VECTOR('',#2136,1.);
#592=VECTOR('',#2139,1.);
#593=VECTOR('',#2140,1.);
#594=VECTOR('',#2141,1.);
#595=VECTOR('',#2144,1.);
#596=VECTOR('',#2145,1.);
#597=VECTOR('',#2148,1.);
#598=VECTOR('',#2149,1.);
#599=VECTOR('',#2152,1.);
#600=VECTOR('',#2155,1.);
#601=VECTOR('',#2156,1.);
#602=VECTOR('',#2157,1.);
#603=VECTOR('',#2160,1.);
#604=VECTOR('',#2161,1.);
#605=VECTOR('',#2162,1.);
#606=VECTOR('',#2165,1.);
#607=VECTOR('',#2166,1.);
#608=VECTOR('',#2169,1.);
#609=VECTOR('',#2170,1.);
#610=VECTOR('',#2175,1.00000000000065);
#611=VECTOR('',#2176,1.);
#612=VECTOR('',#2177,1.00000000000065);
#613=VECTOR('',#2180,1.00000000000065);
#614=VECTOR('',#2181,1.);
#615=VECTOR('',#2184,1.);
#616=VECTOR('',#2185,1.00000000000065);
#617=VECTOR('',#2188,1.);
#618=VECTOR('',#2191,1.00000000000065);
#619=VECTOR('',#2192,1.);
#620=VECTOR('',#2193,1.00000000000065);
#621=VECTOR('',#2196,1.00000000000065);
#622=VECTOR('',#2197,1.);
#623=VECTOR('',#2200,1.);
#624=VECTOR('',#2201,1.00000000000065);
#625=VECTOR('',#2204,1.);
#626=VECTOR('',#2207,1.00000000000065);
#627=VECTOR('',#2208,1.);
#628=VECTOR('',#2209,1.00000000000065);
#629=VECTOR('',#2212,1.00000000000065);
#630=VECTOR('',#2213,1.);
#631=VECTOR('',#2216,1.);
#632=VECTOR('',#2217,1.00000000000065);
#633=VECTOR('',#2220,1.);
#634=VECTOR('',#2223,1.00000000000065);
#635=VECTOR('',#2224,1.);
#636=VECTOR('',#2225,1.00000000000065);
#637=VECTOR('',#2228,1.);
#638=VECTOR('',#2229,1.00000000000065);
#639=VECTOR('',#2232,1.);
#640=VECTOR('',#2233,1.00000000000065);
#641=VECTOR('',#2236,1.);
#642=VECTOR('',#2239,1.00000000000065);
#643=VECTOR('',#2240,1.00000000000065);
#644=VECTOR('',#2241,1.);
#645=VECTOR('',#2244,1.00000000000065);
#646=VECTOR('',#2245,1.);
#647=VECTOR('',#2248,1.00000000000065);
#648=VECTOR('',#2249,1.);
#649=VECTOR('',#2252,1.);
#650=VECTOR('',#2255,1.00000000000065);
#651=VECTOR('',#2256,1.00000000000065);
#652=VECTOR('',#2257,1.);
#653=VECTOR('',#2260,1.00000000000065);
#654=VECTOR('',#2261,1.);
#655=VECTOR('',#2264,1.00000000000065);
#656=VECTOR('',#2265,1.);
#657=VECTOR('',#2268,1.);
#658=VECTOR('',#2271,1.00000000000065);
#659=VECTOR('',#2272,1.00000000000065);
#660=VECTOR('',#2273,1.);
#661=VECTOR('',#2276,1.00000000000065);
#662=VECTOR('',#2277,1.);
#663=VECTOR('',#2280,1.00000000000065);
#664=VECTOR('',#2281,1.);
#665=VECTOR('',#2284,1.);
#666=VECTOR('',#2287,1.00000000000065);
#667=VECTOR('',#2288,1.00000000000065);
#668=VECTOR('',#2289,1.);
#669=VECTOR('',#2292,1.00000000000065);
#670=VECTOR('',#2293,1.);
#671=VECTOR('',#2296,1.00000000000065);
#672=VECTOR('',#2297,1.);
#673=VECTOR('',#2300,1.);
#674=VECTOR('',#2303,1.00000000000051);
#675=VECTOR('',#2304,1.);
#676=VECTOR('',#2305,1.00000000000051);
#677=VECTOR('',#2308,1.);
#678=VECTOR('',#2311,1.00000000000051);
#679=VECTOR('',#2314,1.00000000000051);
#680=VERTEX_POINT('',#2338);
#681=VERTEX_POINT('',#2339);
#682=VERTEX_POINT('',#2341);
#683=VERTEX_POINT('',#2343);
#684=VERTEX_POINT('',#2347);
#685=VERTEX_POINT('',#2348);
#686=VERTEX_POINT('',#2350);
#687=VERTEX_POINT('',#2352);
#688=VERTEX_POINT('',#2354);
#689=VERTEX_POINT('',#2357);
#690=VERTEX_POINT('',#2359);
#691=VERTEX_POINT('',#2361);
#692=VERTEX_POINT('',#2365);
#693=VERTEX_POINT('',#2367);
#694=VERTEX_POINT('',#2369);
#695=VERTEX_POINT('',#2371);
#696=VERTEX_POINT('',#2373);
#697=VERTEX_POINT('',#2375);
#698=VERTEX_POINT('',#2377);
#699=VERTEX_POINT('',#2379);
#700=VERTEX_POINT('',#2384);
#701=VERTEX_POINT('',#2385);
#702=VERTEX_POINT('',#2387);
#703=VERTEX_POINT('',#2389);
#704=VERTEX_POINT('',#2394);
#705=VERTEX_POINT('',#2395);
#706=VERTEX_POINT('',#2397);
#707=VERTEX_POINT('',#2399);
#708=VERTEX_POINT('',#2402);
#709=VERTEX_POINT('',#2403);
#710=VERTEX_POINT('',#2405);
#711=VERTEX_POINT('',#2407);
#712=VERTEX_POINT('',#2410);
#713=VERTEX_POINT('',#2411);
#714=VERTEX_POINT('',#2413);
#715=VERTEX_POINT('',#2415);
#716=VERTEX_POINT('',#2418);
#717=VERTEX_POINT('',#2419);
#718=VERTEX_POINT('',#2421);
#719=VERTEX_POINT('',#2423);
#720=VERTEX_POINT('',#2433);
#721=VERTEX_POINT('',#2434);
#722=VERTEX_POINT('',#2436);
#723=VERTEX_POINT('',#2438);
#724=VERTEX_POINT('',#2441);
#725=VERTEX_POINT('',#2442);
#726=VERTEX_POINT('',#2444);
#727=VERTEX_POINT('',#2446);
#728=VERTEX_POINT('',#2449);
#729=VERTEX_POINT('',#2450);
#730=VERTEX_POINT('',#2452);
#731=VERTEX_POINT('',#2454);
#732=VERTEX_POINT('',#2457);
#733=VERTEX_POINT('',#2458);
#734=VERTEX_POINT('',#2460);
#735=VERTEX_POINT('',#2462);
#736=VERTEX_POINT('',#2467);
#737=VERTEX_POINT('',#2469);
#738=VERTEX_POINT('',#2473);
#739=VERTEX_POINT('',#2477);
#740=VERTEX_POINT('',#2483);
#741=VERTEX_POINT('',#2485);
#742=VERTEX_POINT('',#2489);
#743=VERTEX_POINT('',#2493);
#744=VERTEX_POINT('',#2499);
#745=VERTEX_POINT('',#2501);
#746=VERTEX_POINT('',#2505);
#747=VERTEX_POINT('',#2509);
#748=VERTEX_POINT('',#2515);
#749=VERTEX_POINT('',#2517);
#750=VERTEX_POINT('',#2521);
#751=VERTEX_POINT('',#2525);
#752=VERTEX_POINT('',#2531);
#753=VERTEX_POINT('',#2533);
#754=VERTEX_POINT('',#2537);
#755=VERTEX_POINT('',#2541);
#756=VERTEX_POINT('',#2547);
#757=VERTEX_POINT('',#2549);
#758=VERTEX_POINT('',#2553);
#759=VERTEX_POINT('',#2557);
#760=VERTEX_POINT('',#2563);
#761=VERTEX_POINT('',#2564);
#762=VERTEX_POINT('',#2569);
#763=VERTEX_POINT('',#2573);
#764=VERTEX_POINT('',#2579);
#765=VERTEX_POINT('',#2580);
#766=VERTEX_POINT('',#2585);
#767=VERTEX_POINT('',#2589);
#768=VERTEX_POINT('',#2595);
#769=VERTEX_POINT('',#2596);
#770=VERTEX_POINT('',#2601);
#771=VERTEX_POINT('',#2605);
#772=VERTEX_POINT('',#2611);
#773=VERTEX_POINT('',#2612);
#774=VERTEX_POINT('',#2617);
#775=VERTEX_POINT('',#2621);
#776=VERTEX_POINT('',#2627);
#777=VERTEX_POINT('',#2629);
#778=VERTEX_POINT('',#2633);
#779=VERTEX_POINT('',#2635);
#780=VERTEX_POINT('',#2639);
#781=VERTEX_POINT('',#2643);
#782=VERTEX_POINT('',#2648);
#783=VERTEX_POINT('',#2650);
#784=VERTEX_POINT('',#2654);
#785=VERTEX_POINT('',#2658);
#786=VERTEX_POINT('',#2664);
#787=VERTEX_POINT('',#2666);
#788=VERTEX_POINT('',#2670);
#789=VERTEX_POINT('',#2674);
#790=VERTEX_POINT('',#2680);
#791=VERTEX_POINT('',#2682);
#792=VERTEX_POINT('',#2686);
#793=VERTEX_POINT('',#2690);
#794=VERTEX_POINT('',#2696);
#795=VERTEX_POINT('',#2698);
#796=VERTEX_POINT('',#2702);
#797=VERTEX_POINT('',#2706);
#798=VERTEX_POINT('',#2712);
#799=VERTEX_POINT('',#2714);
#800=VERTEX_POINT('',#2718);
#801=VERTEX_POINT('',#2722);
#802=VERTEX_POINT('',#2728);
#803=VERTEX_POINT('',#2730);
#804=VERTEX_POINT('',#2734);
#805=VERTEX_POINT('',#2738);
#806=VERTEX_POINT('',#2744);
#807=VERTEX_POINT('',#2746);
#808=VERTEX_POINT('',#2750);
#809=VERTEX_POINT('',#2754);
#810=VERTEX_POINT('',#2760);
#811=VERTEX_POINT('',#2762);
#812=VERTEX_POINT('',#2766);
#813=VERTEX_POINT('',#2770);
#814=VERTEX_POINT('',#2776);
#815=VERTEX_POINT('',#2778);
#816=EDGE_CURVE('',#680,#681,#240,.T.);
#817=EDGE_CURVE('',#680,#682,#241,.T.);
#818=EDGE_CURVE('',#682,#683,#242,.T.);
#819=EDGE_CURVE('',#681,#683,#243,.T.);
#820=EDGE_CURVE('',#684,#685,#244,.T.);
#821=EDGE_CURVE('',#685,#686,#245,.T.);
#822=EDGE_CURVE('',#686,#687,#246,.T.);
#823=EDGE_CURVE('',#687,#688,#247,.T.);
#824=EDGE_CURVE('',#688,#680,#248,.T.);
#825=EDGE_CURVE('',#689,#681,#249,.T.);
#826=EDGE_CURVE('',#689,#690,#29,.T.);
#827=EDGE_CURVE('',#691,#690,#250,.T.);
#828=EDGE_CURVE('',#684,#691,#251,.T.);
#829=EDGE_CURVE('',#682,#692,#252,.T.);
#830=EDGE_CURVE('',#693,#692,#253,.T.);
#831=EDGE_CURVE('',#694,#693,#254,.T.);
#832=EDGE_CURVE('',#695,#694,#255,.T.);
#833=EDGE_CURVE('',#695,#696,#256,.T.);
#834=EDGE_CURVE('',#696,#697,#257,.T.);
#835=EDGE_CURVE('',#698,#697,#258,.T.);
#836=EDGE_CURVE('',#699,#698,#30,.T.);
#837=EDGE_CURVE('',#683,#699,#259,.T.);
#838=EDGE_CURVE('',#692,#688,#260,.T.);
#839=EDGE_CURVE('',#700,#701,#261,.T.);
#840=EDGE_CURVE('',#701,#702,#262,.T.);
#841=EDGE_CURVE('',#702,#703,#263,.T.);
#842=EDGE_CURVE('',#703,#700,#31,.T.);
#843=EDGE_CURVE('',#699,#689,#264,.T.);
#844=EDGE_CURVE('',#704,#705,#265,.T.);
#845=EDGE_CURVE('',#705,#706,#266,.T.);
#846=EDGE_CURVE('',#706,#707,#267,.T.);
#847=EDGE_CURVE('',#707,#704,#268,.T.);
#848=EDGE_CURVE('',#708,#709,#269,.T.);
#849=EDGE_CURVE('',#709,#710,#270,.T.);
#850=EDGE_CURVE('',#710,#711,#271,.T.);
#851=EDGE_CURVE('',#711,#708,#272,.T.);
#852=EDGE_CURVE('',#712,#713,#273,.T.);
#853=EDGE_CURVE('',#713,#714,#274,.T.);
#854=EDGE_CURVE('',#714,#715,#275,.T.);
#855=EDGE_CURVE('',#715,#712,#276,.T.);
#856=EDGE_CURVE('',#716,#717,#277,.T.);
#857=EDGE_CURVE('',#717,#718,#278,.T.);
#858=EDGE_CURVE('',#718,#719,#279,.T.);
#859=EDGE_CURVE('',#719,#716,#280,.T.);
#860=EDGE_CURVE('',#695,#685,#281,.T.);
#861=EDGE_CURVE('',#696,#684,#282,.T.);
#862=EDGE_CURVE('',#694,#686,#283,.T.);
#863=EDGE_CURVE('',#693,#687,#284,.T.);
#864=EDGE_CURVE('',#720,#721,#285,.T.);
#865=EDGE_CURVE('',#721,#722,#286,.T.);
#866=EDGE_CURVE('',#722,#723,#287,.T.);
#867=EDGE_CURVE('',#723,#720,#288,.T.);
#868=EDGE_CURVE('',#724,#725,#289,.T.);
#869=EDGE_CURVE('',#725,#726,#290,.T.);
#870=EDGE_CURVE('',#726,#727,#291,.T.);
#871=EDGE_CURVE('',#727,#724,#292,.T.);
#872=EDGE_CURVE('',#728,#729,#293,.T.);
#873=EDGE_CURVE('',#729,#730,#294,.T.);
#874=EDGE_CURVE('',#730,#731,#295,.T.);
#875=EDGE_CURVE('',#731,#728,#296,.T.);
#876=EDGE_CURVE('',#732,#733,#297,.T.);
#877=EDGE_CURVE('',#733,#734,#298,.T.);
#878=EDGE_CURVE('',#734,#735,#299,.T.);
#879=EDGE_CURVE('',#735,#732,#300,.T.);
#880=EDGE_CURVE('',#698,#736,#301,.T.);
#881=EDGE_CURVE('',#736,#737,#302,.T.);
#882=EDGE_CURVE('',#737,#690,#303,.T.);
#883=EDGE_CURVE('',#738,#737,#304,.T.);
#884=EDGE_CURVE('',#738,#691,#305,.T.);
#885=EDGE_CURVE('',#739,#738,#306,.T.);
#886=EDGE_CURVE('',#697,#739,#307,.T.);
#887=EDGE_CURVE('',#736,#739,#308,.T.);
#888=EDGE_CURVE('',#700,#740,#309,.T.);
#889=EDGE_CURVE('',#740,#741,#310,.T.);
#890=EDGE_CURVE('',#701,#741,#311,.T.);
#891=EDGE_CURVE('',#703,#742,#312,.T.);
#892=EDGE_CURVE('',#742,#740,#32,.T.);
#893=EDGE_CURVE('',#702,#743,#313,.T.);
#894=EDGE_CURVE('',#743,#742,#314,.T.);
#895=EDGE_CURVE('',#741,#743,#315,.T.);
#896=EDGE_CURVE('',#704,#744,#316,.T.);
#897=EDGE_CURVE('',#744,#745,#317,.T.);
#898=EDGE_CURVE('',#705,#745,#318,.T.);
#899=EDGE_CURVE('',#707,#746,#319,.T.);
#900=EDGE_CURVE('',#746,#744,#320,.T.);
#901=EDGE_CURVE('',#745,#747,#321,.T.);
#902=EDGE_CURVE('',#706,#747,#322,.T.);
#903=EDGE_CURVE('',#747,#746,#323,.T.);
#904=EDGE_CURVE('',#708,#748,#324,.T.);
#905=EDGE_CURVE('',#748,#749,#325,.T.);
#906=EDGE_CURVE('',#709,#749,#326,.T.);
#907=EDGE_CURVE('',#711,#750,#327,.T.);
#908=EDGE_CURVE('',#750,#748,#328,.T.);
#909=EDGE_CURVE('',#749,#751,#329,.T.);
#910=EDGE_CURVE('',#710,#751,#330,.T.);
#911=EDGE_CURVE('',#751,#750,#331,.T.);
#912=EDGE_CURVE('',#712,#752,#332,.T.);
#913=EDGE_CURVE('',#752,#753,#333,.T.);
#914=EDGE_CURVE('',#713,#753,#334,.T.);
#915=EDGE_CURVE('',#715,#754,#335,.T.);
#916=EDGE_CURVE('',#754,#752,#336,.T.);
#917=EDGE_CURVE('',#753,#755,#337,.T.);
#918=EDGE_CURVE('',#714,#755,#338,.T.);
#919=EDGE_CURVE('',#755,#754,#339,.T.);
#920=EDGE_CURVE('',#716,#756,#340,.T.);
#921=EDGE_CURVE('',#756,#757,#341,.T.);
#922=EDGE_CURVE('',#717,#757,#342,.T.);
#923=EDGE_CURVE('',#757,#758,#343,.T.);
#924=EDGE_CURVE('',#718,#758,#344,.T.);
#925=EDGE_CURVE('',#758,#759,#345,.T.);
#926=EDGE_CURVE('',#719,#759,#346,.T.);
#927=EDGE_CURVE('',#759,#756,#347,.T.);
#928=EDGE_CURVE('',#760,#761,#348,.T.);
#929=EDGE_CURVE('',#760,#721,#349,.T.);
#930=EDGE_CURVE('',#761,#720,#350,.T.);
#931=EDGE_CURVE('',#761,#762,#351,.T.);
#932=EDGE_CURVE('',#762,#723,#352,.T.);
#933=EDGE_CURVE('',#763,#760,#353,.T.);
#934=EDGE_CURVE('',#763,#722,#354,.T.);
#935=EDGE_CURVE('',#762,#763,#355,.T.);
#936=EDGE_CURVE('',#764,#765,#356,.T.);
#937=EDGE_CURVE('',#764,#725,#357,.T.);
#938=EDGE_CURVE('',#765,#724,#358,.T.);
#939=EDGE_CURVE('',#765,#766,#359,.T.);
#940=EDGE_CURVE('',#766,#727,#360,.T.);
#941=EDGE_CURVE('',#767,#764,#361,.T.);
#942=EDGE_CURVE('',#767,#726,#362,.T.);
#943=EDGE_CURVE('',#766,#767,#363,.T.);
#944=EDGE_CURVE('',#768,#769,#364,.T.);
#945=EDGE_CURVE('',#768,#729,#365,.T.);
#946=EDGE_CURVE('',#769,#728,#366,.T.);
#947=EDGE_CURVE('',#769,#770,#367,.T.);
#948=EDGE_CURVE('',#770,#731,#368,.T.);
#949=EDGE_CURVE('',#771,#768,#369,.T.);
#950=EDGE_CURVE('',#771,#730,#370,.T.);
#951=EDGE_CURVE('',#770,#771,#371,.T.);
#952=EDGE_CURVE('',#772,#773,#372,.T.);
#953=EDGE_CURVE('',#772,#733,#373,.T.);
#954=EDGE_CURVE('',#773,#732,#374,.T.);
#955=EDGE_CURVE('',#774,#772,#375,.T.);
#956=EDGE_CURVE('',#774,#734,#376,.T.);
#957=EDGE_CURVE('',#775,#774,#377,.T.);
#958=EDGE_CURVE('',#775,#735,#378,.T.);
#959=EDGE_CURVE('',#773,#775,#379,.T.);
#960=EDGE_CURVE('',#736,#776,#380,.T.);
#961=EDGE_CURVE('',#776,#777,#381,.T.);
#962=EDGE_CURVE('',#737,#777,#382,.T.);
#963=EDGE_CURVE('',#738,#778,#383,.T.);
#964=EDGE_CURVE('',#777,#779,#384,.T.);
#965=EDGE_CURVE('',#778,#779,#385,.T.);
#966=EDGE_CURVE('',#739,#780,#386,.T.);
#967=EDGE_CURVE('',#780,#778,#387,.T.);
#968=EDGE_CURVE('',#781,#780,#388,.T.);
#969=EDGE_CURVE('',#776,#781,#389,.T.);
#970=EDGE_CURVE('',#744,#782,#390,.T.);
#971=EDGE_CURVE('',#782,#783,#391,.T.);
#972=EDGE_CURVE('',#745,#783,#392,.T.);
#973=EDGE_CURVE('',#746,#784,#393,.T.);
#974=EDGE_CURVE('',#784,#782,#394,.T.);
#975=EDGE_CURVE('',#783,#785,#395,.T.);
#976=EDGE_CURVE('',#747,#785,#396,.T.);
#977=EDGE_CURVE('',#785,#784,#397,.T.);
#978=EDGE_CURVE('',#748,#786,#398,.T.);
#979=EDGE_CURVE('',#786,#787,#399,.T.);
#980=EDGE_CURVE('',#749,#787,#400,.T.);
#981=EDGE_CURVE('',#750,#788,#401,.T.);
#982=EDGE_CURVE('',#788,#786,#402,.T.);
#983=EDGE_CURVE('',#787,#789,#403,.T.);
#984=EDGE_CURVE('',#751,#789,#404,.T.);
#985=EDGE_CURVE('',#789,#788,#405,.T.);
#986=EDGE_CURVE('',#752,#790,#406,.T.);
#987=EDGE_CURVE('',#790,#791,#407,.T.);
#988=EDGE_CURVE('',#753,#791,#408,.T.);
#989=EDGE_CURVE('',#754,#792,#409,.T.);
#990=EDGE_CURVE('',#792,#790,#410,.T.);
#991=EDGE_CURVE('',#791,#793,#411,.T.);
#992=EDGE_CURVE('',#755,#793,#412,.T.);
#993=EDGE_CURVE('',#793,#792,#413,.T.);
#994=EDGE_CURVE('',#756,#794,#414,.T.);
#995=EDGE_CURVE('',#794,#795,#415,.T.);
#996=EDGE_CURVE('',#757,#795,#416,.T.);
#997=EDGE_CURVE('',#795,#796,#417,.T.);
#998=EDGE_CURVE('',#758,#796,#418,.T.);
#999=EDGE_CURVE('',#796,#797,#419,.T.);
#1000=EDGE_CURVE('',#759,#797,#420,.T.);
#1001=EDGE_CURVE('',#797,#794,#421,.T.);
#1002=EDGE_CURVE('',#798,#760,#422,.T.);
#1003=EDGE_CURVE('',#761,#799,#423,.T.);
#1004=EDGE_CURVE('',#798,#799,#424,.T.);
#1005=EDGE_CURVE('',#762,#800,#425,.T.);
#1006=EDGE_CURVE('',#799,#800,#426,.T.);
#1007=EDGE_CURVE('',#801,#763,#427,.T.);
#1008=EDGE_CURVE('',#801,#798,#428,.T.);
#1009=EDGE_CURVE('',#800,#801,#429,.T.);
#1010=EDGE_CURVE('',#764,#802,#430,.T.);
#1011=EDGE_CURVE('',#765,#803,#431,.T.);
#1012=EDGE_CURVE('',#802,#803,#432,.T.);
#1013=EDGE_CURVE('',#804,#766,#433,.T.);
#1014=EDGE_CURVE('',#803,#804,#434,.T.);
#1015=EDGE_CURVE('',#805,#767,#435,.T.);
#1016=EDGE_CURVE('',#805,#802,#436,.T.);
#1017=EDGE_CURVE('',#804,#805,#437,.T.);
#1018=EDGE_CURVE('',#768,#806,#438,.T.);
#1019=EDGE_CURVE('',#807,#769,#439,.T.);
#1020=EDGE_CURVE('',#806,#807,#440,.T.);
#1021=EDGE_CURVE('',#808,#770,#441,.T.);
#1022=EDGE_CURVE('',#807,#808,#442,.T.);
#1023=EDGE_CURVE('',#771,#809,#443,.T.);
#1024=EDGE_CURVE('',#809,#806,#444,.T.);
#1025=EDGE_CURVE('',#808,#809,#445,.T.);
#1026=EDGE_CURVE('',#772,#810,#446,.T.);
#1027=EDGE_CURVE('',#773,#811,#447,.T.);
#1028=EDGE_CURVE('',#810,#811,#448,.T.);
#1029=EDGE_CURVE('',#812,#774,#449,.T.);
#1030=EDGE_CURVE('',#812,#810,#450,.T.);
#1031=EDGE_CURVE('',#813,#775,#451,.T.);
#1032=EDGE_CURVE('',#813,#812,#452,.T.);
#1033=EDGE_CURVE('',#811,#813,#453,.T.);
#1034=EDGE_CURVE('',#776,#814,#454,.T.);
#1035=EDGE_CURVE('',#814,#815,#455,.T.);
#1036=EDGE_CURVE('',#777,#815,#456,.T.);
#1037=EDGE_CURVE('',#781,#779,#457,.T.);
#1038=EDGE_CURVE('',#815,#779,#458,.T.);
#1039=EDGE_CURVE('',#814,#781,#459,.T.);
#1040=ORIENTED_EDGE('',*,*,#816,.F.);
#1041=ORIENTED_EDGE('',*,*,#817,.T.);
#1042=ORIENTED_EDGE('',*,*,#818,.T.);
#1043=ORIENTED_EDGE('',*,*,#819,.F.);
#1044=ORIENTED_EDGE('',*,*,#820,.T.);
#1045=ORIENTED_EDGE('',*,*,#821,.T.);
#1046=ORIENTED_EDGE('',*,*,#822,.T.);
#1047=ORIENTED_EDGE('',*,*,#823,.T.);
#1048=ORIENTED_EDGE('',*,*,#824,.T.);
#1049=ORIENTED_EDGE('',*,*,#816,.T.);
#1050=ORIENTED_EDGE('',*,*,#825,.F.);
#1051=ORIENTED_EDGE('',*,*,#826,.T.);
#1052=ORIENTED_EDGE('',*,*,#827,.F.);
#1053=ORIENTED_EDGE('',*,*,#828,.F.);
#1054=ORIENTED_EDGE('',*,*,#829,.T.);
#1055=ORIENTED_EDGE('',*,*,#830,.F.);
#1056=ORIENTED_EDGE('',*,*,#831,.F.);
#1057=ORIENTED_EDGE('',*,*,#832,.F.);
#1058=ORIENTED_EDGE('',*,*,#833,.T.);
#1059=ORIENTED_EDGE('',*,*,#834,.T.);
#1060=ORIENTED_EDGE('',*,*,#835,.F.);
#1061=ORIENTED_EDGE('',*,*,#836,.F.);
#1062=ORIENTED_EDGE('',*,*,#837,.F.);
#1063=ORIENTED_EDGE('',*,*,#818,.F.);
#1064=ORIENTED_EDGE('',*,*,#817,.F.);
#1065=ORIENTED_EDGE('',*,*,#824,.F.);
#1066=ORIENTED_EDGE('',*,*,#838,.F.);
#1067=ORIENTED_EDGE('',*,*,#829,.F.);
#1068=ORIENTED_EDGE('',*,*,#839,.T.);
#1069=ORIENTED_EDGE('',*,*,#840,.T.);
#1070=ORIENTED_EDGE('',*,*,#841,.T.);
#1071=ORIENTED_EDGE('',*,*,#842,.T.);
#1072=ORIENTED_EDGE('',*,*,#819,.T.);
#1073=ORIENTED_EDGE('',*,*,#837,.T.);
#1074=ORIENTED_EDGE('',*,*,#843,.T.);
#1075=ORIENTED_EDGE('',*,*,#825,.T.);
#1076=ORIENTED_EDGE('',*,*,#844,.T.);
#1077=ORIENTED_EDGE('',*,*,#845,.T.);
#1078=ORIENTED_EDGE('',*,*,#846,.T.);
#1079=ORIENTED_EDGE('',*,*,#847,.T.);
#1080=ORIENTED_EDGE('',*,*,#848,.T.);
#1081=ORIENTED_EDGE('',*,*,#849,.T.);
#1082=ORIENTED_EDGE('',*,*,#850,.T.);
#1083=ORIENTED_EDGE('',*,*,#851,.T.);
#1084=ORIENTED_EDGE('',*,*,#852,.T.);
#1085=ORIENTED_EDGE('',*,*,#853,.T.);
#1086=ORIENTED_EDGE('',*,*,#854,.T.);
#1087=ORIENTED_EDGE('',*,*,#855,.T.);
#1088=ORIENTED_EDGE('',*,*,#856,.T.);
#1089=ORIENTED_EDGE('',*,*,#857,.T.);
#1090=ORIENTED_EDGE('',*,*,#858,.T.);
#1091=ORIENTED_EDGE('',*,*,#859,.T.);
#1092=ORIENTED_EDGE('',*,*,#860,.T.);
#1093=ORIENTED_EDGE('',*,*,#820,.F.);
#1094=ORIENTED_EDGE('',*,*,#861,.F.);
#1095=ORIENTED_EDGE('',*,*,#833,.F.);
#1096=ORIENTED_EDGE('',*,*,#832,.T.);
#1097=ORIENTED_EDGE('',*,*,#862,.T.);
#1098=ORIENTED_EDGE('',*,*,#821,.F.);
#1099=ORIENTED_EDGE('',*,*,#860,.F.);
#1100=ORIENTED_EDGE('',*,*,#831,.T.);
#1101=ORIENTED_EDGE('',*,*,#863,.T.);
#1102=ORIENTED_EDGE('',*,*,#822,.F.);
#1103=ORIENTED_EDGE('',*,*,#862,.F.);
#1104=ORIENTED_EDGE('',*,*,#864,.T.);
#1105=ORIENTED_EDGE('',*,*,#865,.T.);
#1106=ORIENTED_EDGE('',*,*,#866,.T.);
#1107=ORIENTED_EDGE('',*,*,#867,.T.);
#1108=ORIENTED_EDGE('',*,*,#868,.T.);
#1109=ORIENTED_EDGE('',*,*,#869,.T.);
#1110=ORIENTED_EDGE('',*,*,#870,.T.);
#1111=ORIENTED_EDGE('',*,*,#871,.T.);
#1112=ORIENTED_EDGE('',*,*,#872,.T.);
#1113=ORIENTED_EDGE('',*,*,#873,.T.);
#1114=ORIENTED_EDGE('',*,*,#874,.T.);
#1115=ORIENTED_EDGE('',*,*,#875,.T.);
#1116=ORIENTED_EDGE('',*,*,#876,.T.);
#1117=ORIENTED_EDGE('',*,*,#877,.T.);
#1118=ORIENTED_EDGE('',*,*,#878,.T.);
#1119=ORIENTED_EDGE('',*,*,#879,.T.);
#1120=ORIENTED_EDGE('',*,*,#830,.T.);
#1121=ORIENTED_EDGE('',*,*,#838,.T.);
#1122=ORIENTED_EDGE('',*,*,#823,.F.);
#1123=ORIENTED_EDGE('',*,*,#863,.F.);
#1124=ORIENTED_EDGE('',*,*,#836,.T.);
#1125=ORIENTED_EDGE('',*,*,#880,.T.);
#1126=ORIENTED_EDGE('',*,*,#881,.T.);
#1127=ORIENTED_EDGE('',*,*,#882,.T.);
#1128=ORIENTED_EDGE('',*,*,#826,.F.);
#1129=ORIENTED_EDGE('',*,*,#843,.F.);
#1130=ORIENTED_EDGE('',*,*,#882,.F.);
#1131=ORIENTED_EDGE('',*,*,#883,.F.);
#1132=ORIENTED_EDGE('',*,*,#884,.T.);
#1133=ORIENTED_EDGE('',*,*,#827,.T.);
#1134=ORIENTED_EDGE('',*,*,#834,.F.);
#1135=ORIENTED_EDGE('',*,*,#861,.T.);
#1136=ORIENTED_EDGE('',*,*,#828,.T.);
#1137=ORIENTED_EDGE('',*,*,#884,.F.);
#1138=ORIENTED_EDGE('',*,*,#885,.F.);
#1139=ORIENTED_EDGE('',*,*,#886,.F.);
#1140=ORIENTED_EDGE('',*,*,#835,.T.);
#1141=ORIENTED_EDGE('',*,*,#886,.T.);
#1142=ORIENTED_EDGE('',*,*,#887,.F.);
#1143=ORIENTED_EDGE('',*,*,#880,.F.);
#1144=ORIENTED_EDGE('',*,*,#888,.T.);
#1145=ORIENTED_EDGE('',*,*,#889,.T.);
#1146=ORIENTED_EDGE('',*,*,#890,.F.);
#1147=ORIENTED_EDGE('',*,*,#839,.F.);
#1148=ORIENTED_EDGE('',*,*,#891,.T.);
#1149=ORIENTED_EDGE('',*,*,#892,.T.);
#1150=ORIENTED_EDGE('',*,*,#888,.F.);
#1151=ORIENTED_EDGE('',*,*,#842,.F.);
#1152=ORIENTED_EDGE('',*,*,#893,.T.);
#1153=ORIENTED_EDGE('',*,*,#894,.T.);
#1154=ORIENTED_EDGE('',*,*,#891,.F.);
#1155=ORIENTED_EDGE('',*,*,#841,.F.);
#1156=ORIENTED_EDGE('',*,*,#890,.T.);
#1157=ORIENTED_EDGE('',*,*,#895,.T.);
#1158=ORIENTED_EDGE('',*,*,#893,.F.);
#1159=ORIENTED_EDGE('',*,*,#840,.F.);
#1160=ORIENTED_EDGE('',*,*,#844,.F.);
#1161=ORIENTED_EDGE('',*,*,#896,.T.);
#1162=ORIENTED_EDGE('',*,*,#897,.T.);
#1163=ORIENTED_EDGE('',*,*,#898,.F.);
#1164=ORIENTED_EDGE('',*,*,#847,.F.);
#1165=ORIENTED_EDGE('',*,*,#899,.T.);
#1166=ORIENTED_EDGE('',*,*,#900,.T.);
#1167=ORIENTED_EDGE('',*,*,#896,.F.);
#1168=ORIENTED_EDGE('',*,*,#845,.F.);
#1169=ORIENTED_EDGE('',*,*,#898,.T.);
#1170=ORIENTED_EDGE('',*,*,#901,.T.);
#1171=ORIENTED_EDGE('',*,*,#902,.F.);
#1172=ORIENTED_EDGE('',*,*,#846,.F.);
#1173=ORIENTED_EDGE('',*,*,#902,.T.);
#1174=ORIENTED_EDGE('',*,*,#903,.T.);
#1175=ORIENTED_EDGE('',*,*,#899,.F.);
#1176=ORIENTED_EDGE('',*,*,#848,.F.);
#1177=ORIENTED_EDGE('',*,*,#904,.T.);
#1178=ORIENTED_EDGE('',*,*,#905,.T.);
#1179=ORIENTED_EDGE('',*,*,#906,.F.);
#1180=ORIENTED_EDGE('',*,*,#851,.F.);
#1181=ORIENTED_EDGE('',*,*,#907,.T.);
#1182=ORIENTED_EDGE('',*,*,#908,.T.);
#1183=ORIENTED_EDGE('',*,*,#904,.F.);
#1184=ORIENTED_EDGE('',*,*,#849,.F.);
#1185=ORIENTED_EDGE('',*,*,#906,.T.);
#1186=ORIENTED_EDGE('',*,*,#909,.T.);
#1187=ORIENTED_EDGE('',*,*,#910,.F.);
#1188=ORIENTED_EDGE('',*,*,#850,.F.);
#1189=ORIENTED_EDGE('',*,*,#910,.T.);
#1190=ORIENTED_EDGE('',*,*,#911,.T.);
#1191=ORIENTED_EDGE('',*,*,#907,.F.);
#1192=ORIENTED_EDGE('',*,*,#852,.F.);
#1193=ORIENTED_EDGE('',*,*,#912,.T.);
#1194=ORIENTED_EDGE('',*,*,#913,.T.);
#1195=ORIENTED_EDGE('',*,*,#914,.F.);
#1196=ORIENTED_EDGE('',*,*,#855,.F.);
#1197=ORIENTED_EDGE('',*,*,#915,.T.);
#1198=ORIENTED_EDGE('',*,*,#916,.T.);
#1199=ORIENTED_EDGE('',*,*,#912,.F.);
#1200=ORIENTED_EDGE('',*,*,#853,.F.);
#1201=ORIENTED_EDGE('',*,*,#914,.T.);
#1202=ORIENTED_EDGE('',*,*,#917,.T.);
#1203=ORIENTED_EDGE('',*,*,#918,.F.);
#1204=ORIENTED_EDGE('',*,*,#854,.F.);
#1205=ORIENTED_EDGE('',*,*,#918,.T.);
#1206=ORIENTED_EDGE('',*,*,#919,.T.);
#1207=ORIENTED_EDGE('',*,*,#915,.F.);
#1208=ORIENTED_EDGE('',*,*,#856,.F.);
#1209=ORIENTED_EDGE('',*,*,#920,.T.);
#1210=ORIENTED_EDGE('',*,*,#921,.T.);
#1211=ORIENTED_EDGE('',*,*,#922,.F.);
#1212=ORIENTED_EDGE('',*,*,#857,.F.);
#1213=ORIENTED_EDGE('',*,*,#922,.T.);
#1214=ORIENTED_EDGE('',*,*,#923,.T.);
#1215=ORIENTED_EDGE('',*,*,#924,.F.);
#1216=ORIENTED_EDGE('',*,*,#858,.F.);
#1217=ORIENTED_EDGE('',*,*,#924,.T.);
#1218=ORIENTED_EDGE('',*,*,#925,.T.);
#1219=ORIENTED_EDGE('',*,*,#926,.F.);
#1220=ORIENTED_EDGE('',*,*,#859,.F.);
#1221=ORIENTED_EDGE('',*,*,#926,.T.);
#1222=ORIENTED_EDGE('',*,*,#927,.T.);
#1223=ORIENTED_EDGE('',*,*,#920,.F.);
#1224=ORIENTED_EDGE('',*,*,#928,.F.);
#1225=ORIENTED_EDGE('',*,*,#929,.T.);
#1226=ORIENTED_EDGE('',*,*,#864,.F.);
#1227=ORIENTED_EDGE('',*,*,#930,.F.);
#1228=ORIENTED_EDGE('',*,*,#931,.F.);
#1229=ORIENTED_EDGE('',*,*,#930,.T.);
#1230=ORIENTED_EDGE('',*,*,#867,.F.);
#1231=ORIENTED_EDGE('',*,*,#932,.F.);
#1232=ORIENTED_EDGE('',*,*,#933,.F.);
#1233=ORIENTED_EDGE('',*,*,#934,.T.);
#1234=ORIENTED_EDGE('',*,*,#865,.F.);
#1235=ORIENTED_EDGE('',*,*,#929,.F.);
#1236=ORIENTED_EDGE('',*,*,#935,.F.);
#1237=ORIENTED_EDGE('',*,*,#932,.T.);
#1238=ORIENTED_EDGE('',*,*,#866,.F.);
#1239=ORIENTED_EDGE('',*,*,#934,.F.);
#1240=ORIENTED_EDGE('',*,*,#936,.F.);
#1241=ORIENTED_EDGE('',*,*,#937,.T.);
#1242=ORIENTED_EDGE('',*,*,#868,.F.);
#1243=ORIENTED_EDGE('',*,*,#938,.F.);
#1244=ORIENTED_EDGE('',*,*,#939,.F.);
#1245=ORIENTED_EDGE('',*,*,#938,.T.);
#1246=ORIENTED_EDGE('',*,*,#871,.F.);
#1247=ORIENTED_EDGE('',*,*,#940,.F.);
#1248=ORIENTED_EDGE('',*,*,#941,.F.);
#1249=ORIENTED_EDGE('',*,*,#942,.T.);
#1250=ORIENTED_EDGE('',*,*,#869,.F.);
#1251=ORIENTED_EDGE('',*,*,#937,.F.);
#1252=ORIENTED_EDGE('',*,*,#943,.F.);
#1253=ORIENTED_EDGE('',*,*,#940,.T.);
#1254=ORIENTED_EDGE('',*,*,#870,.F.);
#1255=ORIENTED_EDGE('',*,*,#942,.F.);
#1256=ORIENTED_EDGE('',*,*,#944,.F.);
#1257=ORIENTED_EDGE('',*,*,#945,.T.);
#1258=ORIENTED_EDGE('',*,*,#872,.F.);
#1259=ORIENTED_EDGE('',*,*,#946,.F.);
#1260=ORIENTED_EDGE('',*,*,#947,.F.);
#1261=ORIENTED_EDGE('',*,*,#946,.T.);
#1262=ORIENTED_EDGE('',*,*,#875,.F.);
#1263=ORIENTED_EDGE('',*,*,#948,.F.);
#1264=ORIENTED_EDGE('',*,*,#949,.F.);
#1265=ORIENTED_EDGE('',*,*,#950,.T.);
#1266=ORIENTED_EDGE('',*,*,#873,.F.);
#1267=ORIENTED_EDGE('',*,*,#945,.F.);
#1268=ORIENTED_EDGE('',*,*,#951,.F.);
#1269=ORIENTED_EDGE('',*,*,#948,.T.);
#1270=ORIENTED_EDGE('',*,*,#874,.F.);
#1271=ORIENTED_EDGE('',*,*,#950,.F.);
#1272=ORIENTED_EDGE('',*,*,#952,.F.);
#1273=ORIENTED_EDGE('',*,*,#953,.T.);
#1274=ORIENTED_EDGE('',*,*,#876,.F.);
#1275=ORIENTED_EDGE('',*,*,#954,.F.);
#1276=ORIENTED_EDGE('',*,*,#955,.F.);
#1277=ORIENTED_EDGE('',*,*,#956,.T.);
#1278=ORIENTED_EDGE('',*,*,#877,.F.);
#1279=ORIENTED_EDGE('',*,*,#953,.F.);
#1280=ORIENTED_EDGE('',*,*,#957,.F.);
#1281=ORIENTED_EDGE('',*,*,#958,.T.);
#1282=ORIENTED_EDGE('',*,*,#878,.F.);
#1283=ORIENTED_EDGE('',*,*,#956,.F.);
#1284=ORIENTED_EDGE('',*,*,#959,.F.);
#1285=ORIENTED_EDGE('',*,*,#954,.T.);
#1286=ORIENTED_EDGE('',*,*,#879,.F.);
#1287=ORIENTED_EDGE('',*,*,#958,.F.);
#1288=ORIENTED_EDGE('',*,*,#881,.F.);
#1289=ORIENTED_EDGE('',*,*,#960,.T.);
#1290=ORIENTED_EDGE('',*,*,#961,.T.);
#1291=ORIENTED_EDGE('',*,*,#962,.F.);
#1292=ORIENTED_EDGE('',*,*,#963,.F.);
#1293=ORIENTED_EDGE('',*,*,#883,.T.);
#1294=ORIENTED_EDGE('',*,*,#962,.T.);
#1295=ORIENTED_EDGE('',*,*,#964,.T.);
#1296=ORIENTED_EDGE('',*,*,#965,.F.);
#1297=ORIENTED_EDGE('',*,*,#966,.F.);
#1298=ORIENTED_EDGE('',*,*,#885,.T.);
#1299=ORIENTED_EDGE('',*,*,#963,.T.);
#1300=ORIENTED_EDGE('',*,*,#967,.F.);
#1301=ORIENTED_EDGE('',*,*,#960,.F.);
#1302=ORIENTED_EDGE('',*,*,#887,.T.);
#1303=ORIENTED_EDGE('',*,*,#966,.T.);
#1304=ORIENTED_EDGE('',*,*,#968,.F.);
#1305=ORIENTED_EDGE('',*,*,#969,.F.);
#1306=ORIENTED_EDGE('',*,*,#894,.F.);
#1307=ORIENTED_EDGE('',*,*,#895,.F.);
#1308=ORIENTED_EDGE('',*,*,#889,.F.);
#1309=ORIENTED_EDGE('',*,*,#892,.F.);
#1310=ORIENTED_EDGE('',*,*,#970,.T.);
#1311=ORIENTED_EDGE('',*,*,#971,.T.);
#1312=ORIENTED_EDGE('',*,*,#972,.F.);
#1313=ORIENTED_EDGE('',*,*,#897,.F.);
#1314=ORIENTED_EDGE('',*,*,#973,.T.);
#1315=ORIENTED_EDGE('',*,*,#974,.T.);
#1316=ORIENTED_EDGE('',*,*,#970,.F.);
#1317=ORIENTED_EDGE('',*,*,#900,.F.);
#1318=ORIENTED_EDGE('',*,*,#972,.T.);
#1319=ORIENTED_EDGE('',*,*,#975,.T.);
#1320=ORIENTED_EDGE('',*,*,#976,.F.);
#1321=ORIENTED_EDGE('',*,*,#901,.F.);
#1322=ORIENTED_EDGE('',*,*,#976,.T.);
#1323=ORIENTED_EDGE('',*,*,#977,.T.);
#1324=ORIENTED_EDGE('',*,*,#973,.F.);
#1325=ORIENTED_EDGE('',*,*,#903,.F.);
#1326=ORIENTED_EDGE('',*,*,#978,.T.);
#1327=ORIENTED_EDGE('',*,*,#979,.T.);
#1328=ORIENTED_EDGE('',*,*,#980,.F.);
#1329=ORIENTED_EDGE('',*,*,#905,.F.);
#1330=ORIENTED_EDGE('',*,*,#981,.T.);
#1331=ORIENTED_EDGE('',*,*,#982,.T.);
#1332=ORIENTED_EDGE('',*,*,#978,.F.);
#1333=ORIENTED_EDGE('',*,*,#908,.F.);
#1334=ORIENTED_EDGE('',*,*,#980,.T.);
#1335=ORIENTED_EDGE('',*,*,#983,.T.);
#1336=ORIENTED_EDGE('',*,*,#984,.F.);
#1337=ORIENTED_EDGE('',*,*,#909,.F.);
#1338=ORIENTED_EDGE('',*,*,#984,.T.);
#1339=ORIENTED_EDGE('',*,*,#985,.T.);
#1340=ORIENTED_EDGE('',*,*,#981,.F.);
#1341=ORIENTED_EDGE('',*,*,#911,.F.);
#1342=ORIENTED_EDGE('',*,*,#986,.T.);
#1343=ORIENTED_EDGE('',*,*,#987,.T.);
#1344=ORIENTED_EDGE('',*,*,#988,.F.);
#1345=ORIENTED_EDGE('',*,*,#913,.F.);
#1346=ORIENTED_EDGE('',*,*,#989,.T.);
#1347=ORIENTED_EDGE('',*,*,#990,.T.);
#1348=ORIENTED_EDGE('',*,*,#986,.F.);
#1349=ORIENTED_EDGE('',*,*,#916,.F.);
#1350=ORIENTED_EDGE('',*,*,#988,.T.);
#1351=ORIENTED_EDGE('',*,*,#991,.T.);
#1352=ORIENTED_EDGE('',*,*,#992,.F.);
#1353=ORIENTED_EDGE('',*,*,#917,.F.);
#1354=ORIENTED_EDGE('',*,*,#992,.T.);
#1355=ORIENTED_EDGE('',*,*,#993,.T.);
#1356=ORIENTED_EDGE('',*,*,#989,.F.);
#1357=ORIENTED_EDGE('',*,*,#919,.F.);
#1358=ORIENTED_EDGE('',*,*,#994,.T.);
#1359=ORIENTED_EDGE('',*,*,#995,.T.);
#1360=ORIENTED_EDGE('',*,*,#996,.F.);
#1361=ORIENTED_EDGE('',*,*,#921,.F.);
#1362=ORIENTED_EDGE('',*,*,#996,.T.);
#1363=ORIENTED_EDGE('',*,*,#997,.T.);
#1364=ORIENTED_EDGE('',*,*,#998,.F.);
#1365=ORIENTED_EDGE('',*,*,#923,.F.);
#1366=ORIENTED_EDGE('',*,*,#998,.T.);
#1367=ORIENTED_EDGE('',*,*,#999,.T.);
#1368=ORIENTED_EDGE('',*,*,#1000,.F.);
#1369=ORIENTED_EDGE('',*,*,#925,.F.);
#1370=ORIENTED_EDGE('',*,*,#1000,.T.);
#1371=ORIENTED_EDGE('',*,*,#1001,.T.);
#1372=ORIENTED_EDGE('',*,*,#994,.F.);
#1373=ORIENTED_EDGE('',*,*,#927,.F.);
#1374=ORIENTED_EDGE('',*,*,#1002,.T.);
#1375=ORIENTED_EDGE('',*,*,#928,.T.);
#1376=ORIENTED_EDGE('',*,*,#1003,.T.);
#1377=ORIENTED_EDGE('',*,*,#1004,.F.);
#1378=ORIENTED_EDGE('',*,*,#1003,.F.);
#1379=ORIENTED_EDGE('',*,*,#931,.T.);
#1380=ORIENTED_EDGE('',*,*,#1005,.T.);
#1381=ORIENTED_EDGE('',*,*,#1006,.F.);
#1382=ORIENTED_EDGE('',*,*,#1007,.T.);
#1383=ORIENTED_EDGE('',*,*,#933,.T.);
#1384=ORIENTED_EDGE('',*,*,#1002,.F.);
#1385=ORIENTED_EDGE('',*,*,#1008,.F.);
#1386=ORIENTED_EDGE('',*,*,#1005,.F.);
#1387=ORIENTED_EDGE('',*,*,#935,.T.);
#1388=ORIENTED_EDGE('',*,*,#1007,.F.);
#1389=ORIENTED_EDGE('',*,*,#1009,.F.);
#1390=ORIENTED_EDGE('',*,*,#1010,.F.);
#1391=ORIENTED_EDGE('',*,*,#936,.T.);
#1392=ORIENTED_EDGE('',*,*,#1011,.T.);
#1393=ORIENTED_EDGE('',*,*,#1012,.F.);
#1394=ORIENTED_EDGE('',*,*,#1011,.F.);
#1395=ORIENTED_EDGE('',*,*,#939,.T.);
#1396=ORIENTED_EDGE('',*,*,#1013,.F.);
#1397=ORIENTED_EDGE('',*,*,#1014,.F.);
#1398=ORIENTED_EDGE('',*,*,#1015,.T.);
#1399=ORIENTED_EDGE('',*,*,#941,.T.);
#1400=ORIENTED_EDGE('',*,*,#1010,.T.);
#1401=ORIENTED_EDGE('',*,*,#1016,.F.);
#1402=ORIENTED_EDGE('',*,*,#1013,.T.);
#1403=ORIENTED_EDGE('',*,*,#943,.T.);
#1404=ORIENTED_EDGE('',*,*,#1015,.F.);
#1405=ORIENTED_EDGE('',*,*,#1017,.F.);
#1406=ORIENTED_EDGE('',*,*,#1018,.F.);
#1407=ORIENTED_EDGE('',*,*,#944,.T.);
#1408=ORIENTED_EDGE('',*,*,#1019,.F.);
#1409=ORIENTED_EDGE('',*,*,#1020,.F.);
#1410=ORIENTED_EDGE('',*,*,#1019,.T.);
#1411=ORIENTED_EDGE('',*,*,#947,.T.);
#1412=ORIENTED_EDGE('',*,*,#1021,.F.);
#1413=ORIENTED_EDGE('',*,*,#1022,.F.);
#1414=ORIENTED_EDGE('',*,*,#1023,.F.);
#1415=ORIENTED_EDGE('',*,*,#949,.T.);
#1416=ORIENTED_EDGE('',*,*,#1018,.T.);
#1417=ORIENTED_EDGE('',*,*,#1024,.F.);
#1418=ORIENTED_EDGE('',*,*,#1021,.T.);
#1419=ORIENTED_EDGE('',*,*,#951,.T.);
#1420=ORIENTED_EDGE('',*,*,#1023,.T.);
#1421=ORIENTED_EDGE('',*,*,#1025,.F.);
#1422=ORIENTED_EDGE('',*,*,#1026,.F.);
#1423=ORIENTED_EDGE('',*,*,#952,.T.);
#1424=ORIENTED_EDGE('',*,*,#1027,.T.);
#1425=ORIENTED_EDGE('',*,*,#1028,.F.);
#1426=ORIENTED_EDGE('',*,*,#1029,.T.);
#1427=ORIENTED_EDGE('',*,*,#955,.T.);
#1428=ORIENTED_EDGE('',*,*,#1026,.T.);
#1429=ORIENTED_EDGE('',*,*,#1030,.F.);
#1430=ORIENTED_EDGE('',*,*,#1031,.T.);
#1431=ORIENTED_EDGE('',*,*,#957,.T.);
#1432=ORIENTED_EDGE('',*,*,#1029,.F.);
#1433=ORIENTED_EDGE('',*,*,#1032,.F.);
#1434=ORIENTED_EDGE('',*,*,#1027,.F.);
#1435=ORIENTED_EDGE('',*,*,#959,.T.);
#1436=ORIENTED_EDGE('',*,*,#1031,.F.);
#1437=ORIENTED_EDGE('',*,*,#1033,.F.);
#1438=ORIENTED_EDGE('',*,*,#961,.F.);
#1439=ORIENTED_EDGE('',*,*,#1034,.T.);
#1440=ORIENTED_EDGE('',*,*,#1035,.T.);
#1441=ORIENTED_EDGE('',*,*,#1036,.F.);
#1442=ORIENTED_EDGE('',*,*,#967,.T.);
#1443=ORIENTED_EDGE('',*,*,#965,.T.);
#1444=ORIENTED_EDGE('',*,*,#1037,.F.);
#1445=ORIENTED_EDGE('',*,*,#968,.T.);
#1446=ORIENTED_EDGE('',*,*,#964,.F.);
#1447=ORIENTED_EDGE('',*,*,#1036,.T.);
#1448=ORIENTED_EDGE('',*,*,#1038,.T.);
#1449=ORIENTED_EDGE('',*,*,#969,.T.);
#1450=ORIENTED_EDGE('',*,*,#1039,.F.);
#1451=ORIENTED_EDGE('',*,*,#1034,.F.);
#1452=ORIENTED_EDGE('',*,*,#971,.F.);
#1453=ORIENTED_EDGE('',*,*,#974,.F.);
#1454=ORIENTED_EDGE('',*,*,#977,.F.);
#1455=ORIENTED_EDGE('',*,*,#975,.F.);
#1456=ORIENTED_EDGE('',*,*,#983,.F.);
#1457=ORIENTED_EDGE('',*,*,#979,.F.);
#1458=ORIENTED_EDGE('',*,*,#982,.F.);
#1459=ORIENTED_EDGE('',*,*,#985,.F.);
#1460=ORIENTED_EDGE('',*,*,#990,.F.);
#1461=ORIENTED_EDGE('',*,*,#993,.F.);
#1462=ORIENTED_EDGE('',*,*,#991,.F.);
#1463=ORIENTED_EDGE('',*,*,#987,.F.);
#1464=ORIENTED_EDGE('',*,*,#995,.F.);
#1465=ORIENTED_EDGE('',*,*,#1001,.F.);
#1466=ORIENTED_EDGE('',*,*,#999,.F.);
#1467=ORIENTED_EDGE('',*,*,#997,.F.);
#1468=ORIENTED_EDGE('',*,*,#1006,.T.);
#1469=ORIENTED_EDGE('',*,*,#1009,.T.);
#1470=ORIENTED_EDGE('',*,*,#1008,.T.);
#1471=ORIENTED_EDGE('',*,*,#1004,.T.);
#1472=ORIENTED_EDGE('',*,*,#1012,.T.);
#1473=ORIENTED_EDGE('',*,*,#1014,.T.);
#1474=ORIENTED_EDGE('',*,*,#1017,.T.);
#1475=ORIENTED_EDGE('',*,*,#1016,.T.);
#1476=ORIENTED_EDGE('',*,*,#1024,.T.);
#1477=ORIENTED_EDGE('',*,*,#1020,.T.);
#1478=ORIENTED_EDGE('',*,*,#1022,.T.);
#1479=ORIENTED_EDGE('',*,*,#1025,.T.);
#1480=ORIENTED_EDGE('',*,*,#1028,.T.);
#1481=ORIENTED_EDGE('',*,*,#1033,.T.);
#1482=ORIENTED_EDGE('',*,*,#1032,.T.);
#1483=ORIENTED_EDGE('',*,*,#1030,.T.);
#1484=ORIENTED_EDGE('',*,*,#1035,.F.);
#1485=ORIENTED_EDGE('',*,*,#1039,.T.);
#1486=ORIENTED_EDGE('',*,*,#1037,.T.);
#1487=ORIENTED_EDGE('',*,*,#1038,.F.);
#1488=PLANE('',#1799);
#1489=PLANE('',#1800);
#1490=PLANE('',#1802);
#1491=PLANE('',#1804);
#1492=PLANE('',#1806);
#1493=PLANE('',#1807);
#1494=PLANE('',#1808);
#1495=PLANE('',#1809);
#1496=PLANE('',#1810);
#1497=PLANE('',#1812);
#1498=PLANE('',#1813);
#1499=PLANE('',#1814);
#1500=PLANE('',#1815);
#1501=PLANE('',#1818);
#1502=PLANE('',#1819);
#1503=PLANE('',#1820);
#1504=PLANE('',#1821);
#1505=PLANE('',#1822);
#1506=PLANE('',#1823);
#1507=PLANE('',#1824);
#1508=PLANE('',#1825);
#1509=PLANE('',#1826);
#1510=PLANE('',#1827);
#1511=PLANE('',#1828);
#1512=PLANE('',#1829);
#1513=PLANE('',#1830);
#1514=PLANE('',#1831);
#1515=PLANE('',#1832);
#1516=PLANE('',#1833);
#1517=PLANE('',#1834);
#1518=PLANE('',#1835);
#1519=PLANE('',#1836);
#1520=PLANE('',#1837);
#1521=PLANE('',#1838);
#1522=PLANE('',#1839);
#1523=PLANE('',#1840);
#1524=PLANE('',#1841);
#1525=PLANE('',#1842);
#1526=PLANE('',#1843);
#1527=PLANE('',#1844);
#1528=PLANE('',#1845);
#1529=PLANE('',#1846);
#1530=PLANE('',#1847);
#1531=PLANE('',#1848);
#1532=PLANE('',#1849);
#1533=PLANE('',#1850);
#1534=PLANE('',#1851);
#1535=PLANE('',#1852);
#1536=PLANE('',#1853);
#1537=PLANE('',#1854);
#1538=PLANE('',#1855);
#1539=PLANE('',#1856);
#1540=PLANE('',#1857);
#1541=PLANE('',#1858);
#1542=PLANE('',#1859);
#1543=PLANE('',#1860);
#1544=PLANE('',#1861);
#1545=PLANE('',#1862);
#1546=PLANE('',#1863);
#1547=PLANE('',#1864);
#1548=PLANE('',#1865);
#1549=PLANE('',#1866);
#1550=PLANE('',#1867);
#1551=PLANE('',#1868);
#1552=PLANE('',#1869);
#1553=PLANE('',#1870);
#1554=PLANE('',#1871);
#1555=PLANE('',#1872);
#1556=PLANE('',#1873);
#1557=PLANE('',#1874);
#1558=PLANE('',#1875);
#1559=PLANE('',#1876);
#1560=PLANE('',#1877);
#1561=PLANE('',#1878);
#1562=PLANE('',#1879);
#1563=PLANE('',#1880);
#1564=PLANE('',#1881);
#1565=PLANE('',#1882);
#1566=PLANE('',#1883);
#1567=PLANE('',#1884);
#1568=PLANE('',#1885);
#1569=PLANE('',#1886);
#1570=PLANE('',#1887);
#1571=PLANE('',#1888);
#1572=PLANE('',#1889);
#1573=PLANE('',#1890);
#1574=PLANE('',#1891);
#1575=PLANE('',#1892);
#1576=PLANE('',#1893);
#1577=PLANE('',#1894);
#1578=PLANE('',#1895);
#1579=PLANE('',#1896);
#1580=PLANE('',#1897);
#1581=PLANE('',#1898);
#1582=PLANE('',#1899);
#1583=PLANE('',#1900);
#1584=PLANE('',#1901);
#1585=STYLED_ITEM('',(#2827),#1685);
#1586=STYLED_ITEM('',(#2827),#1686);
#1587=STYLED_ITEM('',(#2827),#1687);
#1588=STYLED_ITEM('',(#2827),#1688);
#1589=STYLED_ITEM('',(#2827),#1689);
#1590=STYLED_ITEM('',(#2827),#1690);
#1591=STYLED_ITEM('',(#2827),#1691);
#1592=STYLED_ITEM('',(#2827),#1692);
#1593=STYLED_ITEM('',(#2827),#1693);
#1594=STYLED_ITEM('',(#2827),#1694);
#1595=STYLED_ITEM('',(#2827),#1695);
#1596=STYLED_ITEM('',(#2827),#1696);
#1597=STYLED_ITEM('',(#2827),#1697);
#1598=STYLED_ITEM('',(#2827),#1698);
#1599=STYLED_ITEM('',(#2827),#1699);
#1600=STYLED_ITEM('',(#2827),#1700);
#1601=STYLED_ITEM('',(#2827),#1701);
#1602=STYLED_ITEM('',(#2828),#1702);
#1603=STYLED_ITEM('',(#2828),#1703);
#1604=STYLED_ITEM('',(#2828),#1704);
#1605=STYLED_ITEM('',(#2828),#1705);
#1606=STYLED_ITEM('',(#2828),#1706);
#1607=STYLED_ITEM('',(#2828),#1707);
#1608=STYLED_ITEM('',(#2828),#1708);
#1609=STYLED_ITEM('',(#2828),#1709);
#1610=STYLED_ITEM('',(#2828),#1710);
#1611=STYLED_ITEM('',(#2828),#1711);
#1612=STYLED_ITEM('',(#2828),#1712);
#1613=STYLED_ITEM('',(#2828),#1713);
#1614=STYLED_ITEM('',(#2828),#1714);
#1615=STYLED_ITEM('',(#2828),#1715);
#1616=STYLED_ITEM('',(#2828),#1716);
#1617=STYLED_ITEM('',(#2828),#1717);
#1618=STYLED_ITEM('',(#2828),#1718);
#1619=STYLED_ITEM('',(#2828),#1719);
#1620=STYLED_ITEM('',(#2828),#1720);
#1621=STYLED_ITEM('',(#2828),#1721);
#1622=STYLED_ITEM('',(#2828),#1722);
#1623=STYLED_ITEM('',(#2828),#1723);
#1624=STYLED_ITEM('',(#2828),#1724);
#1625=STYLED_ITEM('',(#2828),#1725);
#1626=STYLED_ITEM('',(#2828),#1726);
#1627=STYLED_ITEM('',(#2828),#1727);
#1628=STYLED_ITEM('',(#2828),#1728);
#1629=STYLED_ITEM('',(#2828),#1729);
#1630=STYLED_ITEM('',(#2828),#1730);
#1631=STYLED_ITEM('',(#2828),#1731);
#1632=STYLED_ITEM('',(#2828),#1732);
#1633=STYLED_ITEM('',(#2828),#1733);
#1634=STYLED_ITEM('',(#2827),#1734);
#1635=STYLED_ITEM('',(#2827),#1735);
#1636=STYLED_ITEM('',(#2827),#1736);
#1637=STYLED_ITEM('',(#2827),#1737);
#1638=STYLED_ITEM('',(#2827),#1738);
#1639=STYLED_ITEM('',(#2828),#1739);
#1640=STYLED_ITEM('',(#2828),#1740);
#1641=STYLED_ITEM('',(#2828),#1741);
#1642=STYLED_ITEM('',(#2828),#1742);
#1643=STYLED_ITEM('',(#2828),#1743);
#1644=STYLED_ITEM('',(#2828),#1744);
#1645=STYLED_ITEM('',(#2828),#1745);
#1646=STYLED_ITEM('',(#2828),#1746);
#1647=STYLED_ITEM('',(#2828),#1747);
#1648=STYLED_ITEM('',(#2828),#1748);
#1649=STYLED_ITEM('',(#2828),#1749);
#1650=STYLED_ITEM('',(#2828),#1750);
#1651=STYLED_ITEM('',(#2828),#1751);
#1652=STYLED_ITEM('',(#2828),#1752);
#1653=STYLED_ITEM('',(#2828),#1753);
#1654=STYLED_ITEM('',(#2828),#1754);
#1655=STYLED_ITEM('',(#2828),#1755);
#1656=STYLED_ITEM('',(#2828),#1756);
#1657=STYLED_ITEM('',(#2828),#1757);
#1658=STYLED_ITEM('',(#2828),#1758);
#1659=STYLED_ITEM('',(#2828),#1759);
#1660=STYLED_ITEM('',(#2828),#1760);
#1661=STYLED_ITEM('',(#2828),#1761);
#1662=STYLED_ITEM('',(#2828),#1762);
#1663=STYLED_ITEM('',(#2828),#1763);
#1664=STYLED_ITEM('',(#2828),#1764);
#1665=STYLED_ITEM('',(#2828),#1765);
#1666=STYLED_ITEM('',(#2828),#1766);
#1667=STYLED_ITEM('',(#2828),#1767);
#1668=STYLED_ITEM('',(#2828),#1768);
#1669=STYLED_ITEM('',(#2828),#1769);
#1670=STYLED_ITEM('',(#2828),#1770);
#1671=STYLED_ITEM('',(#2827),#1771);
#1672=STYLED_ITEM('',(#2827),#1772);
#1673=STYLED_ITEM('',(#2827),#1773);
#1674=STYLED_ITEM('',(#2827),#1774);
#1675=STYLED_ITEM('',(#2828),#1775);
#1676=STYLED_ITEM('',(#2828),#1776);
#1677=STYLED_ITEM('',(#2828),#1777);
#1678=STYLED_ITEM('',(#2828),#1778);
#1679=STYLED_ITEM('',(#2828),#1779);
#1680=STYLED_ITEM('',(#2828),#1780);
#1681=STYLED_ITEM('',(#2828),#1781);
#1682=STYLED_ITEM('',(#2828),#1782);
#1683=STYLED_ITEM('',(#2827),#1783);
#1684=STYLED_ITEM('',(#2826),#17);
#1685=ADVANCED_FACE('',(#33),#1488,.F.);
#1686=ADVANCED_FACE('',(#34),#1489,.F.);
#1687=ADVANCED_FACE('',(#35),#1490,.F.);
#1688=ADVANCED_FACE('',(#36,#20),#1491,.T.);
#1689=ADVANCED_FACE('',(#37,#21,#22,#23,#24),#1492,.F.);
#1690=ADVANCED_FACE('',(#38),#1493,.T.);
#1691=ADVANCED_FACE('',(#39),#1494,.F.);
#1692=ADVANCED_FACE('',(#40,#25,#26,#27,#28),#1495,.F.);
#1693=ADVANCED_FACE('',(#41),#1496,.F.);
#1694=ADVANCED_FACE('',(#42),#18,.F.);
#1695=ADVANCED_FACE('',(#43),#1497,.F.);
#1696=ADVANCED_FACE('',(#44),#1498,.F.);
#1697=ADVANCED_FACE('',(#45),#1499,.F.);
#1698=ADVANCED_FACE('',(#46),#1500,.T.);
#1699=ADVANCED_FACE('',(#47),#19,.T.);
#1700=ADVANCED_FACE('',(#48),#1501,.T.);
#1701=ADVANCED_FACE('',(#49),#1502,.T.);
#1702=ADVANCED_FACE('',(#50),#1503,.T.);
#1703=ADVANCED_FACE('',(#51),#1504,.T.);
#1704=ADVANCED_FACE('',(#52),#1505,.T.);
#1705=ADVANCED_FACE('',(#53),#1506,.T.);
#1706=ADVANCED_FACE('',(#54),#1507,.T.);
#1707=ADVANCED_FACE('',(#55),#1508,.T.);
#1708=ADVANCED_FACE('',(#56),#1509,.T.);
#1709=ADVANCED_FACE('',(#57),#1510,.T.);
#1710=ADVANCED_FACE('',(#58),#1511,.T.);
#1711=ADVANCED_FACE('',(#59),#1512,.T.);
#1712=ADVANCED_FACE('',(#60),#1513,.T.);
#1713=ADVANCED_FACE('',(#61),#1514,.T.);
#1714=ADVANCED_FACE('',(#62),#1515,.T.);
#1715=ADVANCED_FACE('',(#63),#1516,.T.);
#1716=ADVANCED_FACE('',(#64),#1517,.T.);
#1717=ADVANCED_FACE('',(#65),#1518,.T.);
#1718=ADVANCED_FACE('',(#66),#1519,.T.);
#1719=ADVANCED_FACE('',(#67),#1520,.T.);
#1720=ADVANCED_FACE('',(#68),#1521,.T.);
#1721=ADVANCED_FACE('',(#69),#1522,.T.);
#1722=ADVANCED_FACE('',(#70),#1523,.T.);
#1723=ADVANCED_FACE('',(#71),#1524,.T.);
#1724=ADVANCED_FACE('',(#72),#1525,.T.);
#1725=ADVANCED_FACE('',(#73),#1526,.T.);
#1726=ADVANCED_FACE('',(#74),#1527,.T.);
#1727=ADVANCED_FACE('',(#75),#1528,.T.);
#1728=ADVANCED_FACE('',(#76),#1529,.T.);
#1729=ADVANCED_FACE('',(#77),#1530,.T.);
#1730=ADVANCED_FACE('',(#78),#1531,.T.);
#1731=ADVANCED_FACE('',(#79),#1532,.T.);
#1732=ADVANCED_FACE('',(#80),#1533,.T.);
#1733=ADVANCED_FACE('',(#81),#1534,.T.);
#1734=ADVANCED_FACE('',(#82),#1535,.F.);
#1735=ADVANCED_FACE('',(#83),#1536,.F.);
#1736=ADVANCED_FACE('',(#84),#1537,.F.);
#1737=ADVANCED_FACE('',(#85),#1538,.F.);
#1738=ADVANCED_FACE('',(#86),#1539,.T.);
#1739=ADVANCED_FACE('',(#87),#1540,.T.);
#1740=ADVANCED_FACE('',(#88),#1541,.T.);
#1741=ADVANCED_FACE('',(#89),#1542,.T.);
#1742=ADVANCED_FACE('',(#90),#1543,.T.);
#1743=ADVANCED_FACE('',(#91),#1544,.T.);
#1744=ADVANCED_FACE('',(#92),#1545,.T.);
#1745=ADVANCED_FACE('',(#93),#1546,.T.);
#1746=ADVANCED_FACE('',(#94),#1547,.T.);
#1747=ADVANCED_FACE('',(#95),#1548,.T.);
#1748=ADVANCED_FACE('',(#96),#1549,.T.);
#1749=ADVANCED_FACE('',(#97),#1550,.T.);
#1750=ADVANCED_FACE('',(#98),#1551,.T.);
#1751=ADVANCED_FACE('',(#99),#1552,.T.);
#1752=ADVANCED_FACE('',(#100),#1553,.T.);
#1753=ADVANCED_FACE('',(#101),#1554,.T.);
#1754=ADVANCED_FACE('',(#102),#1555,.T.);
#1755=ADVANCED_FACE('',(#103),#1556,.F.);
#1756=ADVANCED_FACE('',(#104),#1557,.F.);
#1757=ADVANCED_FACE('',(#105),#1558,.F.);
#1758=ADVANCED_FACE('',(#106),#1559,.F.);
#1759=ADVANCED_FACE('',(#107),#1560,.F.);
#1760=ADVANCED_FACE('',(#108),#1561,.F.);
#1761=ADVANCED_FACE('',(#109),#1562,.F.);
#1762=ADVANCED_FACE('',(#110),#1563,.F.);
#1763=ADVANCED_FACE('',(#111),#1564,.F.);
#1764=ADVANCED_FACE('',(#112),#1565,.F.);
#1765=ADVANCED_FACE('',(#113),#1566,.F.);
#1766=ADVANCED_FACE('',(#114),#1567,.F.);
#1767=ADVANCED_FACE('',(#115),#1568,.F.);
#1768=ADVANCED_FACE('',(#116),#1569,.F.);
#1769=ADVANCED_FACE('',(#117),#1570,.F.);
#1770=ADVANCED_FACE('',(#118),#1571,.F.);
#1771=ADVANCED_FACE('',(#119),#1572,.F.);
#1772=ADVANCED_FACE('',(#120),#1573,.F.);
#1773=ADVANCED_FACE('',(#121),#1574,.F.);
#1774=ADVANCED_FACE('',(#122),#1575,.T.);
#1775=ADVANCED_FACE('',(#123),#1576,.T.);
#1776=ADVANCED_FACE('',(#124),#1577,.T.);
#1777=ADVANCED_FACE('',(#125),#1578,.T.);
#1778=ADVANCED_FACE('',(#126),#1579,.T.);
#1779=ADVANCED_FACE('',(#127),#1580,.F.);
#1780=ADVANCED_FACE('',(#128),#1581,.F.);
#1781=ADVANCED_FACE('',(#129),#1582,.F.);
#1782=ADVANCED_FACE('',(#130),#1583,.F.);
#1783=ADVANCED_FACE('',(#131),#1584,.F.);
#1784=CLOSED_SHELL('',(#1685,#1686,#1687,#1688,#1689,#1690,#1691,#1692,
#1693,#1694,#1695,#1696,#1697,#1698,#1699,#1700,#1701,#1702,#1703,#1704,
#1705,#1706,#1707,#1708,#1709,#1710,#1711,#1712,#1713,#1714,#1715,#1716,
#1717,#1718,#1719,#1720,#1721,#1722,#1723,#1724,#1725,#1726,#1727,#1728,
#1729,#1730,#1731,#1732,#1733,#1734,#1735,#1736,#1737,#1738,#1739,#1740,
#1741,#1742,#1743,#1744,#1745,#1746,#1747,#1748,#1749,#1750,#1751,#1752,
#1753,#1754,#1755,#1756,#1757,#1758,#1759,#1760,#1761,#1762,#1763,#1764,
#1765,#1766,#1767,#1768,#1769,#1770,#1771,#1772,#1773,#1774,#1775,#1776,
#1777,#1778,#1779,#1780,#1781,#1782,#1783));
#1785=DERIVED_UNIT_ELEMENT(#1787,1.);
#1786=DERIVED_UNIT_ELEMENT(#2804,-3.);
#1787=(
MASS_UNIT()
NAMED_UNIT(*)
SI_UNIT(.KILO.,.GRAM.)
);
#1788=DERIVED_UNIT((#1785,#1786));
#1789=MEASURE_REPRESENTATION_ITEM('density measure',
POSITIVE_RATIO_MEASURE(7850.),#1788);
#1790=PROPERTY_DEFINITION_REPRESENTATION(#1795,#1792);
#1791=PROPERTY_DEFINITION_REPRESENTATION(#1796,#1793);
#1792=REPRESENTATION('material name',(#1794),#2801);
#1793=REPRESENTATION('density',(#1789),#2801);
#1794=DESCRIPTIVE_REPRESENTATION_ITEM('Steel','Steel');
#1795=PROPERTY_DEFINITION('material property','material name',#2816);
#1796=PROPERTY_DEFINITION('material property','density of part',#2816);
#1797=AXIS2_PLACEMENT_3D('',#2335,#1903,#1904);
#1798=AXIS2_PLACEMENT_3D('',#2336,#1905,#1906);
#1799=AXIS2_PLACEMENT_3D('',#2337,#1907,#1908);
#1800=AXIS2_PLACEMENT_3D('',#2346,#1913,#1914);
#1801=AXIS2_PLACEMENT_3D('',#2360,#1921,#1922);
#1802=AXIS2_PLACEMENT_3D('',#2364,#1925,#1926);
#1803=AXIS2_PLACEMENT_3D('',#2380,#1934,#1935);
#1804=AXIS2_PLACEMENT_3D('',#2382,#1937,#1938);
#1805=AXIS2_PLACEMENT_3D('',#2391,#1943,#1944);
#1806=AXIS2_PLACEMENT_3D('',#2392,#1945,#1946);
#1807=AXIS2_PLACEMENT_3D('',#2426,#1964,#1965);
#1808=AXIS2_PLACEMENT_3D('',#2429,#1968,#1969);
#1809=AXIS2_PLACEMENT_3D('',#2431,#1971,#1972);
#1810=AXIS2_PLACEMENT_3D('',#2465,#1990,#1991);
#1811=AXIS2_PLACEMENT_3D('',#2466,#1992,#1993);
#1812=AXIS2_PLACEMENT_3D('',#2472,#1997,#1998);
#1813=AXIS2_PLACEMENT_3D('',#2476,#2001,#2002);
#1814=AXIS2_PLACEMENT_3D('',#2480,#2005,#2006);
#1815=AXIS2_PLACEMENT_3D('',#2482,#2008,#2009);
#1816=AXIS2_PLACEMENT_3D('',#2488,#2013,#2014);
#1817=AXIS2_PLACEMENT_3D('',#2491,#2016,#2017);
#1818=AXIS2_PLACEMENT_3D('',#2492,#2018,#2019);
#1819=AXIS2_PLACEMENT_3D('',#2496,#2022,#2023);
#1820=AXIS2_PLACEMENT_3D('',#2498,#2025,#2026);
#1821=AXIS2_PLACEMENT_3D('',#2504,#2030,#2031);
#1822=AXIS2_PLACEMENT_3D('',#2508,#2034,#2035);
#1823=AXIS2_PLACEMENT_3D('',#2512,#2038,#2039);
#1824=AXIS2_PLACEMENT_3D('',#2514,#2041,#2042);
#1825=AXIS2_PLACEMENT_3D('',#2520,#2046,#2047);
#1826=AXIS2_PLACEMENT_3D('',#2524,#2050,#2051);
#1827=AXIS2_PLACEMENT_3D('',#2528,#2054,#2055);
#1828=AXIS2_PLACEMENT_3D('',#2530,#2057,#2058);
#1829=AXIS2_PLACEMENT_3D('',#2536,#2062,#2063);
#1830=AXIS2_PLACEMENT_3D('',#2540,#2066,#2067);
#1831=AXIS2_PLACEMENT_3D('',#2544,#2070,#2071);
#1832=AXIS2_PLACEMENT_3D('',#2546,#2073,#2074);
#1833=AXIS2_PLACEMENT_3D('',#2552,#2078,#2079);
#1834=AXIS2_PLACEMENT_3D('',#2556,#2082,#2083);
#1835=AXIS2_PLACEMENT_3D('',#2560,#2086,#2087);
#1836=AXIS2_PLACEMENT_3D('',#2562,#2089,#2090);
#1837=AXIS2_PLACEMENT_3D('',#2568,#2094,#2095);
#1838=AXIS2_PLACEMENT_3D('',#2572,#2098,#2099);
#1839=AXIS2_PLACEMENT_3D('',#2576,#2102,#2103);
#1840=AXIS2_PLACEMENT_3D('',#2578,#2105,#2106);
#1841=AXIS2_PLACEMENT_3D('',#2584,#2110,#2111);
#1842=AXIS2_PLACEMENT_3D('',#2588,#2114,#2115);
#1843=AXIS2_PLACEMENT_3D('',#2592,#2118,#2119);
#1844=AXIS2_PLACEMENT_3D('',#2594,#2121,#2122);
#1845=AXIS2_PLACEMENT_3D('',#2600,#2126,#2127);
#1846=AXIS2_PLACEMENT_3D('',#2604,#2130,#2131);
#1847=AXIS2_PLACEMENT_3D('',#2608,#2134,#2135);
#1848=AXIS2_PLACEMENT_3D('',#2610,#2137,#2138);
#1849=AXIS2_PLACEMENT_3D('',#2616,#2142,#2143);
#1850=AXIS2_PLACEMENT_3D('',#2620,#2146,#2147);
#1851=AXIS2_PLACEMENT_3D('',#2624,#2150,#2151);
#1852=AXIS2_PLACEMENT_3D('',#2626,#2153,#2154);
#1853=AXIS2_PLACEMENT_3D('',#2632,#2158,#2159);
#1854=AXIS2_PLACEMENT_3D('',#2638,#2163,#2164);
#1855=AXIS2_PLACEMENT_3D('',#2642,#2167,#2168);
#1856=AXIS2_PLACEMENT_3D('',#2646,#2171,#2172);
#1857=AXIS2_PLACEMENT_3D('',#2647,#2173,#2174);
#1858=AXIS2_PLACEMENT_3D('',#2653,#2178,#2179);
#1859=AXIS2_PLACEMENT_3D('',#2657,#2182,#2183);
#1860=AXIS2_PLACEMENT_3D('',#2661,#2186,#2187);
#1861=AXIS2_PLACEMENT_3D('',#2663,#2189,#2190);
#1862=AXIS2_PLACEMENT_3D('',#2669,#2194,#2195);
#1863=AXIS2_PLACEMENT_3D('',#2673,#2198,#2199);
#1864=AXIS2_PLACEMENT_3D('',#2677,#2202,#2203);
#1865=AXIS2_PLACEMENT_3D('',#2679,#2205,#2206);
#1866=AXIS2_PLACEMENT_3D('',#2685,#2210,#2211);
#1867=AXIS2_PLACEMENT_3D('',#2689,#2214,#2215);
#1868=AXIS2_PLACEMENT_3D('',#2693,#2218,#2219);
#1869=AXIS2_PLACEMENT_3D('',#2695,#2221,#2222);
#1870=AXIS2_PLACEMENT_3D('',#2701,#2226,#2227);
#1871=AXIS2_PLACEMENT_3D('',#2705,#2230,#2231);
#1872=AXIS2_PLACEMENT_3D('',#2709,#2234,#2235);
#1873=AXIS2_PLACEMENT_3D('',#2711,#2237,#2238);
#1874=AXIS2_PLACEMENT_3D('',#2717,#2242,#2243);
#1875=AXIS2_PLACEMENT_3D('',#2721,#2246,#2247);
#1876=AXIS2_PLACEMENT_3D('',#2725,#2250,#2251);
#1877=AXIS2_PLACEMENT_3D('',#2727,#2253,#2254);
#1878=AXIS2_PLACEMENT_3D('',#2733,#2258,#2259);
#1879=AXIS2_PLACEMENT_3D('',#2737,#2262,#2263);
#1880=AXIS2_PLACEMENT_3D('',#2741,#2266,#2267);
#1881=AXIS2_PLACEMENT_3D('',#2743,#2269,#2270);
#1882=AXIS2_PLACEMENT_3D('',#2749,#2274,#2275);
#1883=AXIS2_PLACEMENT_3D('',#2753,#2278,#2279);
#1884=AXIS2_PLACEMENT_3D('',#2757,#2282,#2283);
#1885=AXIS2_PLACEMENT_3D('',#2759,#2285,#2286);
#1886=AXIS2_PLACEMENT_3D('',#2765,#2290,#2291);
#1887=AXIS2_PLACEMENT_3D('',#2769,#2294,#2295);
#1888=AXIS2_PLACEMENT_3D('',#2773,#2298,#2299);
#1889=AXIS2_PLACEMENT_3D('',#2775,#2301,#2302);
#1890=AXIS2_PLACEMENT_3D('',#2781,#2306,#2307);
#1891=AXIS2_PLACEMENT_3D('',#2783,#2309,#2310);
#1892=AXIS2_PLACEMENT_3D('',#2785,#2312,#2313);
#1893=AXIS2_PLACEMENT_3D('',#2787,#2315,#2316);
#1894=AXIS2_PLACEMENT_3D('',#2788,#2317,#2318);
#1895=AXIS2_PLACEMENT_3D('',#2789,#2319,#2320);
#1896=AXIS2_PLACEMENT_3D('',#2790,#2321,#2322);
#1897=AXIS2_PLACEMENT_3D('',#2791,#2323,#2324);
#1898=AXIS2_PLACEMENT_3D('',#2792,#2325,#2326);
#1899=AXIS2_PLACEMENT_3D('',#2793,#2327,#2328);
#1900=AXIS2_PLACEMENT_3D('',#2794,#2329,#2330);
#1901=AXIS2_PLACEMENT_3D('',#2795,#2331,#2332);
#1902=AXIS2_PLACEMENT_3D('',#2796,#2333,#2334);
#1903=DIRECTION('axis',(0.,0.,1.));
#1904=DIRECTION('refdir',(1.,0.,0.));
#1905=DIRECTION('axis',(0.,0.,1.));
#1906=DIRECTION('refdir',(1.,0.,0.));
#1907=DIRECTION('center_axis',(-1.224646799147E-16,-1.,0.));
#1908=DIRECTION('ref_axis',(-1.,1.224646799147E-16,0.));
#1909=DIRECTION('',(0.,0.,1.));
#1910=DIRECTION('',(-1.,1.224646799147E-16,0.));
#1911=DIRECTION('',(0.,0.,1.));
#1912=DIRECTION('',(-1.,1.224646799147E-16,0.));
#1913=DIRECTION('center_axis',(-1.,1.224646799147E-16,0.));
#1914=DIRECTION('ref_axis',(1.224646799147E-16,1.,0.));
#1915=DIRECTION('',(1.224646799147E-16,1.,0.));
#1916=DIRECTION('',(-1.359631073447E-32,-1.110223024625E-16,1.));
#1917=DIRECTION('',(1.224646799147E-16,1.,1.110223024625E-16));
#1918=DIRECTION('',(1.359631073447E-32,1.110223024625E-16,-1.));
#1919=DIRECTION('',(1.224646799147E-16,1.,0.));
#1920=DIRECTION('',(1.224646799147E-16,1.,0.));
#1921=DIRECTION('center_axis',(-1.,2.22044604925E-16,1.110223024625E-16));
#1922=DIRECTION('ref_axis',(-2.22044604925E-16,-1.,-1.110223024625E-16));
#1923=DIRECTION('',(1.224646799147E-16,1.,0.));
#1924=DIRECTION('',(0.,0.,1.));
#1925=DIRECTION('center_axis',(1.,-1.224646799147E-16,0.));
#1926=DIRECTION('ref_axis',(-1.224646799147E-16,-1.,0.));
#1927=DIRECTION('',(-1.224646799147E-16,-1.,0.));
#1928=DIRECTION('',(-1.110223024625E-16,1.110223024625E-16,-1.));
#1929=DIRECTION('',(2.22044604925E-16,1.,1.110223024625E-16));
#1930=DIRECTION('',(1.110223024625E-16,-1.110223024625E-16,1.));
#1931=DIRECTION('',(-1.224646799147E-16,-1.,0.));
#1932=DIRECTION('',(0.,0.,1.));
#1933=DIRECTION('',(-1.224646799147E-16,-1.,0.));
#1934=DIRECTION('center_axis',(-1.,2.22044604925E-16,1.110223024625E-16));
#1935=DIRECTION('ref_axis',(-2.22044604925E-16,-1.,-1.110223024625E-16));
#1936=DIRECTION('',(-1.224646799147E-16,-1.,0.));
#1937=DIRECTION('center_axis',(0.,0.,-1.));
#1938=DIRECTION('ref_axis',(-1.,0.,0.));
#1939=DIRECTION('',(1.,-1.110223024625E-16,-1.110223024625E-16));
#1940=DIRECTION('',(1.224646799147E-16,1.,0.));
#1941=DIRECTION('',(-1.,1.224646799147E-16,0.));
#1942=DIRECTION('',(-1.224646799147E-16,-1.,0.));
#1943=DIRECTION('center_axis',(0.,0.,1.));
#1944=DIRECTION('ref_axis',(-1.,1.224646799147E-16,0.));
#1945=DIRECTION('center_axis',(0.,0.,-1.));
#1946=DIRECTION('ref_axis',(-1.,0.,0.));
#1947=DIRECTION('',(1.,-1.110223024625E-16,-1.110223024625E-16));
#1948=DIRECTION('',(-1.,1.224646799147E-16,0.));
#1949=DIRECTION('',(1.224646799147E-16,1.,0.));
#1950=DIRECTION('',(1.,-1.224646799147E-16,0.));
#1951=DIRECTION('',(-1.224646799147E-16,-1.,0.));
#1952=DIRECTION('',(-1.224646799147E-16,-1.,0.));
#1953=DIRECTION('',(-1.,1.224646799147E-16,0.));
#1954=DIRECTION('',(1.224646799147E-16,1.,0.));
#1955=DIRECTION('',(1.,-1.224646799147E-16,0.));
#1956=DIRECTION('',(1.224646799147E-16,1.,0.));
#1957=DIRECTION('',(1.,-1.224646799147E-16,0.));
#1958=DIRECTION('',(-1.224646799147E-16,-1.,0.));
#1959=DIRECTION('',(-1.,1.224646799147E-16,0.));
#1960=DIRECTION('',(-1.,1.224646799147E-16,0.));
#1961=DIRECTION('',(1.224646799147E-16,1.,0.));
#1962=DIRECTION('',(1.,-1.224646799147E-16,0.));
#1963=DIRECTION('',(-1.224646799147E-16,-1.,0.));
#1964=DIRECTION('center_axis',(0.,0.,-1.));
#1965=DIRECTION('ref_axis',(-1.,0.,0.));
#1966=DIRECTION('',(1.,-1.110223024625E-16,-1.110223024625E-16));
#1967=DIRECTION('',(1.,-1.224646799147E-16,0.));
#1968=DIRECTION('center_axis',(-1.110223024625E-16,-1.,-1.110223024625E-16));
#1969=DIRECTION('ref_axis',(1.110223024625E-16,-1.110223024625E-16,1.));
#1970=DIRECTION('',(1.,-1.110223024625E-16,-1.110223024625E-16));
#1971=DIRECTION('center_axis',(1.110223024625E-16,-1.110223024625E-16,1.));
#1972=DIRECTION('ref_axis',(2.22044604925E-16,1.,1.110223024625E-16));
#1973=DIRECTION('',(1.,-1.110223024625E-16,-1.110223024625E-16));
#1974=DIRECTION('',(1.224646799147E-16,1.,1.110223024625E-16));
#1975=DIRECTION('',(-1.,1.224646799147E-16,1.110223024625E-16));
#1976=DIRECTION('',(-1.224646799147E-16,-1.,-1.110223024625E-16));
#1977=DIRECTION('',(1.,-1.224646799147E-16,-1.110223024625E-16));
#1978=DIRECTION('',(1.,-1.224646799147E-16,-1.110223024625E-16));
#1979=DIRECTION('',(1.224646799147E-16,1.,1.110223024625E-16));
#1980=DIRECTION('',(-1.,1.224646799147E-16,1.110223024625E-16));
#1981=DIRECTION('',(-1.224646799147E-16,-1.,-1.110223024625E-16));
#1982=DIRECTION('',(-1.224646799147E-16,-1.,-1.110223024625E-16));
#1983=DIRECTION('',(1.,-1.224646799147E-16,-1.110223024625E-16));
#1984=DIRECTION('',(1.224646799147E-16,1.,1.110223024625E-16));
#1985=DIRECTION('',(-1.,1.224646799147E-16,1.110223024625E-16));
#1986=DIRECTION('',(1.,-1.224646799147E-16,-1.110223024625E-16));
#1987=DIRECTION('',(1.224646799147E-16,1.,1.110223024625E-16));
#1988=DIRECTION('',(-1.,1.224646799147E-16,1.110223024625E-16));
#1989=DIRECTION('',(-1.224646799147E-16,-1.,-1.110223024625E-16));
#1990=DIRECTION('center_axis',(1.110223024625E-16,1.,1.110223024625E-16));
#1991=DIRECTION('ref_axis',(-1.110223024625E-16,1.110223024625E-16,-1.));
#1992=DIRECTION('center_axis',(-1.,2.22044604925E-16,1.110223024625E-16));
#1993=DIRECTION('ref_axis',(-2.22044604925E-16,-1.,-1.110223024625E-16));
#1994=DIRECTION('',(1.,-1.110223024625E-16,-1.110223024625E-16));
#1995=DIRECTION('',(1.,-1.110223024625E-16,-1.110223024625E-16));
#1996=DIRECTION('',(1.,-1.110223024625E-16,-1.110223024625E-16));
#1997=DIRECTION('center_axis',(0.,0.,-1.));
#1998=DIRECTION('ref_axis',(-1.,0.,0.));
#1999=DIRECTION('',(1.224646799147E-16,1.,0.));
#2000=DIRECTION('',(1.,-1.224646799147E-16,0.));
#2001=DIRECTION('center_axis',(1.224646799147E-16,1.,0.));
#2002=DIRECTION('ref_axis',(1.,-1.224646799147E-16,0.));
#2003=DIRECTION('',(1.,-1.224646799147E-16,0.));
#2004=DIRECTION('',(1.,-1.224646799147E-16,0.));
#2005=DIRECTION('center_axis',(0.,0.,-1.));
#2006=DIRECTION('ref_axis',(-1.,0.,0.));
#2007=DIRECTION('',(-1.224646799147E-16,-1.,0.));
#2008=DIRECTION('center_axis',(1.,-1.224646799147E-16,0.));
#2009=DIRECTION('ref_axis',(1.224646799147E-16,1.,0.));
#2010=DIRECTION('',(0.,0.,-1.));
#2011=DIRECTION('',(1.224646799147E-16,1.,0.));
#2012=DIRECTION('',(0.,0.,-1.));
#2013=DIRECTION('center_axis',(0.,0.,1.));
#2014=DIRECTION('ref_axis',(-1.,1.224646799147E-16,0.));
#2015=DIRECTION('',(0.,0.,-1.));
#2016=DIRECTION('center_axis',(0.,0.,1.));
#2017=DIRECTION('ref_axis',(-1.,1.224646799147E-16,0.));
#2018=DIRECTION('center_axis',(-1.,1.224646799147E-16,0.));
#2019=DIRECTION('ref_axis',(-1.224646799147E-16,-1.,0.));
#2020=DIRECTION('',(0.,0.,-1.));
#2021=DIRECTION('',(-1.224646799147E-16,-1.,0.));
#2022=DIRECTION('center_axis',(1.224646799147E-16,1.,0.));
#2023=DIRECTION('ref_axis',(-1.,1.224646799147E-16,0.));
#2024=DIRECTION('',(-1.,1.224646799147E-16,0.));
#2025=DIRECTION('center_axis',(-1.224646799147E-16,-1.,0.));
#2026=DIRECTION('ref_axis',(-1.,1.224646799147E-16,0.));
#2027=DIRECTION('',(0.,0.,1.));
#2028=DIRECTION('',(-1.,1.224646799147E-16,0.));
#2029=DIRECTION('',(0.,0.,1.));
#2030=DIRECTION('center_axis',(1.,-1.224646799147E-16,0.));
#2031=DIRECTION('ref_axis',(-1.224646799147E-16,-1.,0.));
#2032=DIRECTION('',(0.,0.,1.));
#2033=DIRECTION('',(-1.224646799147E-16,-1.,0.));
#2034=DIRECTION('center_axis',(-1.,1.224646799147E-16,0.));
#2035=DIRECTION('ref_axis',(1.224646799147E-16,1.,0.));
#2036=DIRECTION('',(1.224646799147E-16,1.,0.));
#2037=DIRECTION('',(0.,0.,1.));
#2038=DIRECTION('center_axis',(1.224646799147E-16,1.,0.));
#2039=DIRECTION('ref_axis',(1.,-1.224646799147E-16,0.));
#2040=DIRECTION('',(1.,-1.224646799147E-16,0.));
#2041=DIRECTION('center_axis',(1.,-1.224646799147E-16,0.));
#2042=DIRECTION('ref_axis',(-1.224646799147E-16,-1.,0.));
#2043=DIRECTION('',(0.,0.,1.));
#2044=DIRECTION('',(-1.224646799147E-16,-1.,0.));
#2045=DIRECTION('',(0.,0.,1.));
#2046=DIRECTION('center_axis',(1.224646799147E-16,1.,0.));
#2047=DIRECTION('ref_axis',(1.,-1.224646799147E-16,0.));
#2048=DIRECTION('',(0.,0.,1.));
#2049=DIRECTION('',(1.,-1.224646799147E-16,0.));
#2050=DIRECTION('center_axis',(-1.224646799147E-16,-1.,0.));
#2051=DIRECTION('ref_axis',(-1.,1.224646799147E-16,0.));
#2052=DIRECTION('',(-1.,1.224646799147E-16,0.));
#2053=DIRECTION('',(0.,0.,1.));
#2054=DIRECTION('center_axis',(-1.,1.224646799147E-16,0.));
#2055=DIRECTION('ref_axis',(1.224646799147E-16,1.,0.));
#2056=DIRECTION('',(1.224646799147E-16,1.,0.));
#2057=DIRECTION('center_axis',(-1.,1.224646799147E-16,0.));
#2058=DIRECTION('ref_axis',(1.224646799147E-16,1.,0.));
#2059=DIRECTION('',(0.,0.,1.));
#2060=DIRECTION('',(1.224646799147E-16,1.,0.));
#2061=DIRECTION('',(0.,0.,1.));
#2062=DIRECTION('center_axis',(-1.224646799147E-16,-1.,0.));
#2063=DIRECTION('ref_axis',(-1.,1.224646799147E-16,0.));
#2064=DIRECTION('',(0.,0.,1.));
#2065=DIRECTION('',(-1.,1.224646799147E-16,0.));
#2066=DIRECTION('center_axis',(1.224646799147E-16,1.,0.));
#2067=DIRECTION('ref_axis',(1.,-1.224646799147E-16,0.));
#2068=DIRECTION('',(1.,-1.224646799147E-16,0.));
#2069=DIRECTION('',(0.,0.,1.));
#2070=DIRECTION('center_axis',(1.,-1.224646799147E-16,0.));
#2071=DIRECTION('ref_axis',(-1.224646799147E-16,-1.,0.));
#2072=DIRECTION('',(-1.224646799147E-16,-1.,0.));
#2073=DIRECTION('center_axis',(-1.224646799147E-16,-1.,0.));
#2074=DIRECTION('ref_axis',(-1.,1.224646799147E-16,0.));
#2075=DIRECTION('',(0.,0.,1.));
#2076=DIRECTION('',(-1.,1.224646799147E-16,0.));
#2077=DIRECTION('',(0.,0.,1.));
#2078=DIRECTION('center_axis',(-1.,1.224646799147E-16,0.));
#2079=DIRECTION('ref_axis',(1.224646799147E-16,1.,0.));
#2080=DIRECTION('',(1.224646799147E-16,1.,0.));
#2081=DIRECTION('',(0.,0.,1.));
#2082=DIRECTION('center_axis',(1.224646799147E-16,1.,0.));
#2083=DIRECTION('ref_axis',(1.,-1.224646799147E-16,0.));
#2084=DIRECTION('',(1.,-1.224646799147E-16,0.));
#2085=DIRECTION('',(0.,0.,1.));
#2086=DIRECTION('center_axis',(1.,-1.224646799147E-16,0.));
#2087=DIRECTION('ref_axis',(-1.224646799147E-16,-1.,0.));
#2088=DIRECTION('',(-1.224646799147E-16,-1.,0.));
#2089=DIRECTION('center_axis',(1.,-1.224646799147E-16,0.));
#2090=DIRECTION('ref_axis',(-1.224646799147E-16,-1.,0.));
#2091=DIRECTION('',(-1.224646799147E-16,-1.,0.));
#2092=DIRECTION('',(0.,0.,1.));
#2093=DIRECTION('',(0.,0.,1.));
#2094=DIRECTION('center_axis',(-1.224646799147E-16,-1.,0.));
#2095=DIRECTION('ref_axis',(-1.,1.224646799147E-16,0.));
#2096=DIRECTION('',(-1.,1.224646799147E-16,0.));
#2097=DIRECTION('',(0.,0.,1.));
#2098=DIRECTION('center_axis',(1.224646799147E-16,1.,0.));
#2099=DIRECTION('ref_axis',(1.,-1.224646799147E-16,0.));
#2100=DIRECTION('',(1.,-1.224646799147E-16,0.));
#2101=DIRECTION('',(0.,0.,1.));
#2102=DIRECTION('center_axis',(-1.,1.224646799147E-16,0.));
#2103=DIRECTION('ref_axis',(1.224646799147E-16,1.,0.));
#2104=DIRECTION('',(1.224646799147E-16,1.,0.));
#2105=DIRECTION('center_axis',(-1.224646799147E-16,-1.,0.));
#2106=DIRECTION('ref_axis',(-1.,1.224646799147E-16,0.));
#2107=DIRECTION('',(-1.,1.224646799147E-16,0.));
#2108=DIRECTION('',(0.,0.,1.));
#2109=DIRECTION('',(0.,0.,1.));
#2110=DIRECTION('center_axis',(-1.,1.224646799147E-16,0.));
#2111=DIRECTION('ref_axis',(1.224646799147E-16,1.,0.));
#2112=DIRECTION('',(1.224646799147E-16,1.,0.));
#2113=DIRECTION('',(0.,0.,1.));
#2114=DIRECTION('center_axis',(1.,-1.224646799147E-16,0.));
#2115=DIRECTION('ref_axis',(-1.224646799147E-16,-1.,0.));
#2116=DIRECTION('',(-1.224646799147E-16,-1.,0.));
#2117=DIRECTION('',(0.,0.,1.));
#2118=DIRECTION('center_axis',(1.224646799147E-16,1.,0.));
#2119=DIRECTION('ref_axis',(1.,-1.224646799147E-16,0.));
#2120=DIRECTION('',(1.,-1.224646799147E-16,0.));
#2121=DIRECTION('center_axis',(-1.,1.224646799147E-16,0.));
#2122=DIRECTION('ref_axis',(1.224646799147E-16,1.,0.));
#2123=DIRECTION('',(1.224646799147E-16,1.,0.));
#2124=DIRECTION('',(0.,0.,1.));
#2125=DIRECTION('',(0.,0.,1.));
#2126=DIRECTION('center_axis',(1.224646799147E-16,1.,0.));
#2127=DIRECTION('ref_axis',(1.,-1.224646799147E-16,0.));
#2128=DIRECTION('',(1.,-1.224646799147E-16,0.));
#2129=DIRECTION('',(0.,0.,1.));
#2130=DIRECTION('center_axis',(-1.224646799147E-16,-1.,0.));
#2131=DIRECTION('ref_axis',(-1.,1.224646799147E-16,0.));
#2132=DIRECTION('',(-1.,1.224646799147E-16,0.));
#2133=DIRECTION('',(0.,0.,1.));
#2134=DIRECTION('center_axis',(1.,-1.224646799147E-16,0.));
#2135=DIRECTION('ref_axis',(-1.224646799147E-16,-1.,0.));
#2136=DIRECTION('',(-1.224646799147E-16,-1.,0.));
#2137=DIRECTION('center_axis',(-1.224646799147E-16,-1.,0.));
#2138=DIRECTION('ref_axis',(-1.,1.224646799147E-16,0.));
#2139=DIRECTION('',(-1.,1.224646799147E-16,0.));
#2140=DIRECTION('',(0.,0.,1.));
#2141=DIRECTION('',(0.,0.,1.));
#2142=DIRECTION('center_axis',(1.,-1.224646799147E-16,0.));
#2143=DIRECTION('ref_axis',(-1.224646799147E-16,-1.,0.));
#2144=DIRECTION('',(-1.224646799147E-16,-1.,0.));
#2145=DIRECTION('',(0.,0.,1.));
#2146=DIRECTION('center_axis',(1.224646799147E-16,1.,0.));
#2147=DIRECTION('ref_axis',(1.,-1.224646799147E-16,0.));
#2148=DIRECTION('',(1.,-1.224646799147E-16,0.));
#2149=DIRECTION('',(0.,0.,1.));
#2150=DIRECTION('center_axis',(-1.,1.224646799147E-16,0.));
#2151=DIRECTION('ref_axis',(1.224646799147E-16,1.,0.));
#2152=DIRECTION('',(1.224646799147E-16,1.,0.));
#2153=DIRECTION('center_axis',(-1.224646799147E-16,-1.,0.));
#2154=DIRECTION('ref_axis',(-1.,1.224646799147E-16,0.));
#2155=DIRECTION('',(0.,0.,1.));
#2156=DIRECTION('',(1.,-1.110223024625E-16,-1.110223024625E-16));
#2157=DIRECTION('',(0.,0.,1.));
#2158=DIRECTION('center_axis',(-1.,1.224646799147E-16,0.));
#2159=DIRECTION('ref_axis',(1.224646799147E-16,1.,0.));
#2160=DIRECTION('',(0.,0.,1.));
#2161=DIRECTION('',(0.,0.,1.));
#2162=DIRECTION('',(1.224646799147E-16,1.,0.));
#2163=DIRECTION('center_axis',(1.224646799147E-16,1.,0.));
#2164=DIRECTION('ref_axis',(1.,-1.224646799147E-16,0.));
#2165=DIRECTION('',(0.,0.,1.));
#2166=DIRECTION('',(1.,-1.224646799147E-16,0.));
#2167=DIRECTION('center_axis',(1.,-1.224646799147E-16,0.));
#2168=DIRECTION('ref_axis',(-1.224646799147E-16,-1.,0.));
#2169=DIRECTION('',(-1.224646799147E-16,-1.,0.));
#2170=DIRECTION('',(0.,0.,1.));
#2171=DIRECTION('center_axis',(0.,0.,-1.));
#2172=DIRECTION('ref_axis',(-1.,0.,0.));
#2173=DIRECTION('center_axis',(-8.48604918785857E-17,-0.707106781186548,
0.707106781186548));
#2174=DIRECTION('ref_axis',(1.,-1.21237769219549E-16,-1.22691069520111E-18));
#2175=DIRECTION('',(-0.577350269189626,0.577350269189626,0.577350269189626));
#2176=DIRECTION('',(-1.,1.224646799147E-16,0.));
#2177=DIRECTION('',(0.577350269189626,0.577350269189626,0.577350269189626));
#2178=DIRECTION('center_axis',(0.707106781186548,-8.65956056234346E-17,
0.707106781186548));
#2179=DIRECTION('ref_axis',(1.22464679914647E-16,1.,-7.39926877194021E-29));
#2180=DIRECTION('',(-0.577350269189626,-0.577350269189626,0.577350269189626));
#2181=DIRECTION('',(-1.224646799147E-16,-1.,0.));
#2182=DIRECTION('center_axis',(-0.707106781186548,8.65956056234346E-17,
0.707106781186548));
#2183=DIRECTION('ref_axis',(-1.22464679914647E-16,-1.,-7.39926877194021E-29));
#2184=DIRECTION('',(1.224646799147E-16,1.,0.));
#2185=DIRECTION('',(0.577350269189626,-0.577350269189626,0.577350269189626));
#2186=DIRECTION('center_axis',(8.48604918785857E-17,0.707106781186548,0.707106781186548));
#2187=DIRECTION('ref_axis',(-1.,1.21237769219549E-16,-1.22691069520111E-18));
#2188=DIRECTION('',(1.,-1.224646799147E-16,0.));
#2189=DIRECTION('center_axis',(0.707106781186548,-8.48604918785857E-17,
0.707106781186548));
#2190=DIRECTION('ref_axis',(1.21237769219549E-16,1.,-1.22691069520111E-18));
#2191=DIRECTION('',(-0.577350269189626,-0.577350269189626,0.577350269189626));
#2192=DIRECTION('',(-1.224646799147E-16,-1.,0.));
#2193=DIRECTION('',(-0.577350269189626,0.577350269189626,0.577350269189626));
#2194=DIRECTION('center_axis',(8.48604918785857E-17,0.707106781186548,0.707106781186548));
#2195=DIRECTION('ref_axis',(-1.,1.21237769219549E-16,-1.22691069520111E-18));
#2196=DIRECTION('',(0.577350269189626,-0.577350269189626,0.577350269189626));
#2197=DIRECTION('',(1.,-1.224646799147E-16,0.));
#2198=DIRECTION('center_axis',(-8.48604918785857E-17,-0.707106781186548,
0.707106781186548));
#2199=DIRECTION('ref_axis',(1.,-1.21237769219549E-16,-1.22691069520111E-18));
#2200=DIRECTION('',(-1.,1.224646799147E-16,0.));
#2201=DIRECTION('',(0.577350269189626,0.577350269189626,0.577350269189626));
#2202=DIRECTION('center_axis',(-0.707106781186548,8.48604918785857E-17,
0.707106781186548));
#2203=DIRECTION('ref_axis',(-1.21237769219549E-16,-1.,-1.22691069520111E-18));
#2204=DIRECTION('',(1.224646799147E-16,1.,0.));
#2205=DIRECTION('center_axis',(-0.707106781186548,8.65956056234346E-17,
0.707106781186548));
#2206=DIRECTION('ref_axis',(-1.22464679914647E-16,-1.,-7.39926877194021E-29));
#2207=DIRECTION('',(0.577350269189626,0.577350269189626,0.577350269189626));
#2208=DIRECTION('',(1.224646799147E-16,1.,0.));
#2209=DIRECTION('',(0.577350269189626,-0.577350269189626,0.577350269189626));
#2210=DIRECTION('center_axis',(-8.48604918785857E-17,-0.707106781186548,
0.707106781186548));
#2211=DIRECTION('ref_axis',(1.,-1.21237769219549E-16,-1.22691069520111E-18));
#2212=DIRECTION('',(-0.577350269189626,0.577350269189626,0.577350269189626));
#2213=DIRECTION('',(-1.,1.224646799147E-16,0.));
#2214=DIRECTION('center_axis',(8.48604918785857E-17,0.707106781186548,0.707106781186548));
#2215=DIRECTION('ref_axis',(-1.,1.21237769219549E-16,-1.22691069520111E-18));
#2216=DIRECTION('',(1.,-1.224646799147E-16,0.));
#2217=DIRECTION('',(-0.577350269189626,-0.577350269189626,0.577350269189626));
#2218=DIRECTION('center_axis',(0.707106781186548,-8.65956056234346E-17,
0.707106781186548));
#2219=DIRECTION('ref_axis',(1.22464679914647E-16,1.,-7.39926877194021E-29));
#2220=DIRECTION('',(-1.224646799147E-16,-1.,0.));
#2221=DIRECTION('center_axis',(-8.48604918785857E-17,-0.707106781186548,
0.707106781186548));
#2222=DIRECTION('ref_axis',(1.,-1.21237769219549E-16,-1.22691069520111E-18));
#2223=DIRECTION('',(-0.577350269189626,0.577350269189626,0.577350269189626));
#2224=DIRECTION('',(-1.,1.224646799147E-16,0.));
#2225=DIRECTION('',(0.577350269189626,0.577350269189626,0.577350269189626));
#2226=DIRECTION('center_axis',(-0.707106781186548,8.65956056234346E-17,
0.707106781186548));
#2227=DIRECTION('ref_axis',(-1.22464679914647E-16,-1.,-7.39926877194021E-29));
#2228=DIRECTION('',(1.224646799147E-16,1.,0.));
#2229=DIRECTION('',(0.577350269189626,-0.577350269189626,0.577350269189626));
#2230=DIRECTION('center_axis',(8.48604918785857E-17,0.707106781186548,0.707106781186548));
#2231=DIRECTION('ref_axis',(-1.,1.21237769219549E-16,-1.22691069520111E-18));
#2232=DIRECTION('',(1.,-1.224646799147E-16,0.));
#2233=DIRECTION('',(-0.577350269189626,-0.577350269189626,0.577350269189626));
#2234=DIRECTION('center_axis',(0.707106781186548,-8.65956056234346E-17,
0.707106781186548));
#2235=DIRECTION('ref_axis',(1.22464679914647E-16,1.,-7.39926877194021E-29));
#2236=DIRECTION('',(-1.224646799147E-16,-1.,0.));
#2237=DIRECTION('center_axis',(-0.707106781186548,8.65956056234346E-17,
0.707106781186548));
#2238=DIRECTION('ref_axis',(1.22464679914647E-16,1.,7.39926877194021E-29));
#2239=DIRECTION('',(0.577350269189626,0.577350269189626,0.577350269189626));
#2240=DIRECTION('',(-0.577350269189626,0.577350269189626,-0.577350269189626));
#2241=DIRECTION('',(-1.224646799147E-16,-1.,0.));
#2242=DIRECTION('center_axis',(8.65956056234346E-17,0.707106781186548,0.707106781186548));
#2243=DIRECTION('ref_axis',(1.,-1.22464679914647E-16,7.39926877194021E-29));
#2244=DIRECTION('',(0.577350269189626,0.577350269189626,-0.577350269189626));
#2245=DIRECTION('',(-1.,1.224646799147E-16,0.));
#2246=DIRECTION('center_axis',(-8.65956056234346E-17,-0.707106781186548,
0.707106781186548));
#2247=DIRECTION('ref_axis',(1.,-1.22464679914647E-16,-7.39926877194021E-29));
#2248=DIRECTION('',(-0.577350269189626,0.577350269189626,0.577350269189626));
#2249=DIRECTION('',(1.,-1.224646799147E-16,0.));
#2250=DIRECTION('center_axis',(0.707106781186548,-8.65956056234346E-17,
0.707106781186548));
#2251=DIRECTION('ref_axis',(1.22464679914647E-16,1.,-7.39926877194021E-29));
#2252=DIRECTION('',(1.224646799147E-16,1.,0.));
#2253=DIRECTION('center_axis',(8.65956056234346E-17,0.707106781186548,0.707106781186548));
#2254=DIRECTION('ref_axis',(1.,-1.22464679914647E-16,7.39926877194021E-29));
#2255=DIRECTION('',(-0.577350269189626,0.577350269189626,-0.577350269189626));
#2256=DIRECTION('',(0.577350269189626,0.577350269189626,-0.577350269189626));
#2257=DIRECTION('',(-1.,1.224646799147E-16,0.));
#2258=DIRECTION('center_axis',(0.707106781186548,-8.65956056234346E-17,
0.707106781186548));
#2259=DIRECTION('ref_axis',(1.22464679914647E-16,1.,-7.39926877194021E-29));
#2260=DIRECTION('',(-0.577350269189626,0.577350269189626,0.577350269189626));
#2261=DIRECTION('',(1.224646799147E-16,1.,0.));
#2262=DIRECTION('center_axis',(-0.707106781186548,8.65956056234346E-17,
0.707106781186548));
#2263=DIRECTION('ref_axis',(1.22464679914647E-16,1.,7.39926877194021E-29));
#2264=DIRECTION('',(0.577350269189626,0.577350269189626,0.577350269189626));
#2265=DIRECTION('',(-1.224646799147E-16,-1.,0.));
#2266=DIRECTION('center_axis',(-8.65956056234346E-17,-0.707106781186548,
0.707106781186548));
#2267=DIRECTION('ref_axis',(1.,-1.22464679914647E-16,-7.39926877194021E-29));
#2268=DIRECTION('',(1.,-1.224646799147E-16,0.));
#2269=DIRECTION('center_axis',(0.707106781186548,-8.65956056234346E-17,
0.707106781186548));
#2270=DIRECTION('ref_axis',(1.22464679914647E-16,1.,-7.39926877194021E-29));
#2271=DIRECTION('',(0.577350269189626,0.577350269189626,-0.577350269189626));
#2272=DIRECTION('',(-0.577350269189626,0.577350269189626,0.577350269189626));
#2273=DIRECTION('',(1.224646799147E-16,1.,0.));
#2274=DIRECTION('center_axis',(-8.65956056234346E-17,-0.707106781186548,
0.707106781186548));
#2275=DIRECTION('ref_axis',(1.,-1.22464679914647E-16,-7.39926877194021E-29));
#2276=DIRECTION('',(0.577350269189626,0.577350269189626,0.577350269189626));
#2277=DIRECTION('',(1.,-1.224646799147E-16,0.));
#2278=DIRECTION('center_axis',(8.65956056234346E-17,0.707106781186548,0.707106781186548));
#2279=DIRECTION('ref_axis',(1.,-1.22464679914647E-16,7.39926877194021E-29));
#2280=DIRECTION('',(-0.577350269189626,0.577350269189626,-0.577350269189626));
#2281=DIRECTION('',(-1.,1.224646799147E-16,0.));
#2282=DIRECTION('center_axis',(-0.707106781186548,8.65956056234346E-17,
0.707106781186548));
#2283=DIRECTION('ref_axis',(1.22464679914647E-16,1.,7.39926877194021E-29));
#2284=DIRECTION('',(-1.224646799147E-16,-1.,0.));
#2285=DIRECTION('center_axis',(8.65956056234346E-17,0.707106781186548,0.707106781186548));
#2286=DIRECTION('ref_axis',(1.,-1.22464679914647E-16,7.39926877194021E-29));
#2287=DIRECTION('',(-0.577350269189626,0.577350269189626,-0.577350269189626));
#2288=DIRECTION('',(0.577350269189626,0.577350269189626,-0.577350269189626));
#2289=DIRECTION('',(-1.,1.224646799147E-16,0.));
#2290=DIRECTION('center_axis',(-0.707106781186548,8.65956056234346E-17,
0.707106781186548));
#2291=DIRECTION('ref_axis',(1.22464679914647E-16,1.,7.39926877194021E-29));
#2292=DIRECTION('',(0.577350269189626,0.577350269189626,0.577350269189626));
#2293=DIRECTION('',(-1.224646799147E-16,-1.,0.));
#2294=DIRECTION('center_axis',(-8.65956056234346E-17,-0.707106781186548,
0.707106781186548));
#2295=DIRECTION('ref_axis',(1.,-1.22464679914647E-16,-7.39926877194021E-29));
#2296=DIRECTION('',(-0.577350269189626,0.577350269189626,0.577350269189626));
#2297=DIRECTION('',(1.,-1.224646799147E-16,0.));
#2298=DIRECTION('center_axis',(0.707106781186548,-8.65956056234346E-17,
0.707106781186548));
#2299=DIRECTION('ref_axis',(1.22464679914647E-16,1.,-7.39926877194021E-29));
#2300=DIRECTION('',(1.224646799147E-16,1.,0.));
#2301=DIRECTION('center_axis',(1.09275707636644E-17,-0.656178714924663,
0.754605522163612));
#2302=DIRECTION('ref_axis',(2.40406556800676E-16,0.754605522163612,0.656178714924663));
#2303=DIRECTION('',(2.40406556800677E-16,0.754605522163612,0.656178714924663));
#2304=DIRECTION('',(1.,-1.110223024625E-16,-1.110223024625E-16));
#2305=DIRECTION('',(2.40406556800677E-16,0.754605522163612,0.656178714924663));
#2306=DIRECTION('center_axis',(0.,0.,-1.));
#2307=DIRECTION('ref_axis',(-1.,0.,0.));
#2308=DIRECTION('',(1.,-1.110223024625E-16,-1.110223024625E-16));
#2309=DIRECTION('center_axis',(-1.,2.22044604925E-16,1.110223024625E-16));
#2310=DIRECTION('ref_axis',(-2.22044604925E-16,-1.,0.));
#2311=DIRECTION('',(-9.47056132851013E-17,-0.754605522163612,0.656178714924663));
#2312=DIRECTION('center_axis',(-1.,2.22044604925E-16,1.110223024625E-16));
#2313=DIRECTION('ref_axis',(-2.22044604925E-16,-1.,0.));
#2314=DIRECTION('',(-9.47056132851013E-17,-0.754605522163612,0.656178714924663));
#2315=DIRECTION('center_axis',(0.,0.,1.));
#2316=DIRECTION('ref_axis',(1.,0.,0.));
#2317=DIRECTION('center_axis',(0.,0.,1.));
#2318=DIRECTION('ref_axis',(1.,0.,0.));
#2319=DIRECTION('center_axis',(0.,0.,1.));
#2320=DIRECTION('ref_axis',(1.,0.,0.));
#2321=DIRECTION('center_axis',(0.,0.,1.));
#2322=DIRECTION('ref_axis',(1.,0.,0.));
#2323=DIRECTION('center_axis',(0.,0.,1.));
#2324=DIRECTION('ref_axis',(1.,0.,0.));
#2325=DIRECTION('center_axis',(0.,0.,1.));
#2326=DIRECTION('ref_axis',(1.,0.,0.));
#2327=DIRECTION('center_axis',(0.,0.,1.));
#2328=DIRECTION('ref_axis',(1.,0.,0.));
#2329=DIRECTION('center_axis',(0.,0.,1.));
#2330=DIRECTION('ref_axis',(1.,0.,0.));
#2331=DIRECTION('center_axis',(-1.5662851427922E-16,-0.656178714924663,
-0.754605522163612));
#2332=DIRECTION('ref_axis',(-9.47056132851013E-17,-0.754605522163612,0.656178714924663));
#2333=DIRECTION('',(0.,0.,1.));
#2334=DIRECTION('',(1.,0.,0.));
#2335=CARTESIAN_POINT('',(0.,0.,0.));
#2336=CARTESIAN_POINT('',(0.,0.,0.));
#2337=CARTESIAN_POINT('Origin',(8.91,2.54,0.));
#2338=CARTESIAN_POINT('',(8.91,2.54,0.));
#2339=CARTESIAN_POINT('',(8.91,2.54,2.5));
#2340=CARTESIAN_POINT('',(8.91,2.54,0.));
#2341=CARTESIAN_POINT('',(-1.29,2.54,0.));
#2342=CARTESIAN_POINT('',(8.91,2.54,0.));
#2343=CARTESIAN_POINT('',(-1.29,2.54,2.5));
#2344=CARTESIAN_POINT('',(-1.29,2.54,0.));
#2345=CARTESIAN_POINT('',(8.91,2.54,2.5));
#2346=CARTESIAN_POINT('Origin',(8.91,-3.3,0.));
#2347=CARTESIAN_POINT('',(8.91,-3.3,0.));
#2348=CARTESIAN_POINT('',(8.91,-2.1,-6.827871601445E-16));
#2349=CARTESIAN_POINT('',(8.91,-3.3,0.));
#2350=CARTESIAN_POINT('',(8.91,-2.1,0.5));
#2351=CARTESIAN_POINT('',(8.91,-2.1,-4.996003610813E-17));
#2352=CARTESIAN_POINT('',(8.91,1.34,0.5));
#2353=CARTESIAN_POINT('',(8.91,-2.7,0.5));
#2354=CARTESIAN_POINT('',(8.91,1.34,-4.918287999089E-16));
#2355=CARTESIAN_POINT('',(8.91,1.34,0.25));
#2356=CARTESIAN_POINT('',(8.91,-3.3,0.));
#2357=CARTESIAN_POINT('',(8.91,-1.3,2.5));
#2358=CARTESIAN_POINT('',(8.91,-3.3,2.5));
#2359=CARTESIAN_POINT('',(8.91,-2.3,2.5));
#2360=CARTESIAN_POINT('Origin',(8.91,-1.8,2.5));
#2361=CARTESIAN_POINT('',(8.91,-3.3,2.5));
#2362=CARTESIAN_POINT('',(8.91,-3.3,2.5));
#2363=CARTESIAN_POINT('',(8.91,-3.3,0.));
#2364=CARTESIAN_POINT('Origin',(-1.29,2.54,0.));
#2365=CARTESIAN_POINT('',(-1.29,1.34,1.487698852998E-16));
#2366=CARTESIAN_POINT('',(-1.29,2.54,0.));
#2367=CARTESIAN_POINT('',(-1.29,1.34,0.5));
#2368=CARTESIAN_POINT('',(-1.29,1.34,0.5));
#2369=CARTESIAN_POINT('',(-1.29,-2.1,0.5));
#2370=CARTESIAN_POINT('',(-1.29,-2.1,0.5));
#2371=CARTESIAN_POINT('',(-1.29,-2.1,-2.331468351713E-16));
#2372=CARTESIAN_POINT('',(-1.29,-2.1,-2.331468351713E-16));
#2373=CARTESIAN_POINT('',(-1.29,-3.3,0.));
#2374=CARTESIAN_POINT('',(-1.29,2.54,0.));
#2375=CARTESIAN_POINT('',(-1.29,-3.3,2.5));
#2376=CARTESIAN_POINT('',(-1.29,-3.3,0.));
#2377=CARTESIAN_POINT('',(-1.29,-2.3,2.5));
#2378=CARTESIAN_POINT('',(-1.29,2.54,2.5));
#2379=CARTESIAN_POINT('',(-1.29,-1.3,2.5));
#2380=CARTESIAN_POINT('Origin',(-1.29,-1.8,2.5));
#2381=CARTESIAN_POINT('',(-1.29,2.54,2.5));
#2382=CARTESIAN_POINT('Origin',(8.91,2.54,0.));
#2383=CARTESIAN_POINT('',(-1.29,1.34,1.487698852998E-16));
#2384=CARTESIAN_POINT('',(5.554999991327,1.906620214849,0.));
#2385=CARTESIAN_POINT('',(5.554999991327,2.156620214849,0.));
#2386=CARTESIAN_POINT('',(5.554999991327,1.906620214849,0.));
#2387=CARTESIAN_POINT('',(4.604999991327,2.156620214849,0.));
#2388=CARTESIAN_POINT('',(5.554999991327,2.156620214849,0.));
#2389=CARTESIAN_POINT('',(4.604999991327,1.906620214849,0.));
#2390=CARTESIAN_POINT('',(4.604999991327,2.156620214849,0.));
#2391=CARTESIAN_POINT('Origin',(5.079999991327,1.906620214849,0.));
#2392=CARTESIAN_POINT('Origin',(8.91,2.54,2.5));
#2393=CARTESIAN_POINT('',(-1.29,-1.3,2.5));
#2394=CARTESIAN_POINT('',(2.86,-0.32,2.5));
#2395=CARTESIAN_POINT('',(2.22,-0.32,2.5));
#2396=CARTESIAN_POINT('',(5.885,-0.32,2.5));
#2397=CARTESIAN_POINT('',(2.22,0.32,2.5));
#2398=CARTESIAN_POINT('',(2.22,1.11,2.5));
#2399=CARTESIAN_POINT('',(2.86,0.32,2.5));
#2400=CARTESIAN_POINT('',(5.565,0.32,2.5));
#2401=CARTESIAN_POINT('',(2.86,1.43,2.5));
#2402=CARTESIAN_POINT('',(0.32,0.32,2.5));
#2403=CARTESIAN_POINT('',(0.32,-0.32,2.5));
#2404=CARTESIAN_POINT('',(0.32,1.43,2.5));
#2405=CARTESIAN_POINT('',(-0.32,-0.32,2.5));
#2406=CARTESIAN_POINT('',(4.615,-0.32,2.5));
#2407=CARTESIAN_POINT('',(-0.32,0.32,2.5));
#2408=CARTESIAN_POINT('',(-0.32,1.11,2.5));
#2409=CARTESIAN_POINT('',(4.295,0.32,2.5));
#2410=CARTESIAN_POINT('',(4.76,-0.32,2.5));
#2411=CARTESIAN_POINT('',(4.76,0.32,2.5));
#2412=CARTESIAN_POINT('',(4.76,1.11,2.5));
#2413=CARTESIAN_POINT('',(5.4,0.32,2.5));
#2414=CARTESIAN_POINT('',(6.835,0.32,2.5));
#2415=CARTESIAN_POINT('',(5.4,-0.32,2.5));
#2416=CARTESIAN_POINT('',(5.4,1.43,2.5));
#2417=CARTESIAN_POINT('',(7.155,-0.32,2.5));
#2418=CARTESIAN_POINT('',(7.94,-0.32,2.5));
#2419=CARTESIAN_POINT('',(7.3,-0.32,2.5));
#2420=CARTESIAN_POINT('',(8.425,-0.32,2.5));
#2421=CARTESIAN_POINT('',(7.3,0.32,2.5));
#2422=CARTESIAN_POINT('',(7.3,1.11,2.5));
#2423=CARTESIAN_POINT('',(7.94,0.32,2.5));
#2424=CARTESIAN_POINT('',(8.105,0.32,2.5));
#2425=CARTESIAN_POINT('',(7.94,1.43,2.5));
#2426=CARTESIAN_POINT('Origin',(8.91,2.54,0.));
#2427=CARTESIAN_POINT('',(-1.29,-2.1,-2.331468351713E-16));
#2428=CARTESIAN_POINT('',(-1.29,-3.3,0.));
#2429=CARTESIAN_POINT('Origin',(-1.29,-2.1,-2.331468351713E-16));
#2430=CARTESIAN_POINT('',(-1.29,-2.1,0.5));
#2431=CARTESIAN_POINT('Origin',(-1.29,-2.1,0.5));
#2432=CARTESIAN_POINT('',(-1.29,1.34,0.5));
#2433=CARTESIAN_POINT('',(0.32,-0.32,0.5));
#2434=CARTESIAN_POINT('',(0.32,0.32,0.5));
#2435=CARTESIAN_POINT('',(0.32,-0.89,0.5));
#2436=CARTESIAN_POINT('',(-0.32,0.32,0.5));
#2437=CARTESIAN_POINT('',(-0.805,0.32,0.5));
#2438=CARTESIAN_POINT('',(-0.32,-0.32,0.5));
#2439=CARTESIAN_POINT('',(-0.32,-1.21,0.5));
#2440=CARTESIAN_POINT('',(-0.485,-0.32,0.5));
#2441=CARTESIAN_POINT('',(2.22,-0.32,0.5));
#2442=CARTESIAN_POINT('',(2.86,-0.32,0.5));
#2443=CARTESIAN_POINT('',(0.785,-0.32,0.5));
#2444=CARTESIAN_POINT('',(2.86,0.32,0.5));
#2445=CARTESIAN_POINT('',(2.86,-0.89,0.5));
#2446=CARTESIAN_POINT('',(2.22,0.32,0.5));
#2447=CARTESIAN_POINT('',(0.465,0.32,0.5));
#2448=CARTESIAN_POINT('',(2.22,-1.21,0.5));
#2449=CARTESIAN_POINT('',(4.76,0.32,0.5));
#2450=CARTESIAN_POINT('',(4.76,-0.32,0.5));
#2451=CARTESIAN_POINT('',(4.76,-1.21,0.5));
#2452=CARTESIAN_POINT('',(5.4,-0.32,0.5));
#2453=CARTESIAN_POINT('',(2.055,-0.32,0.5));
#2454=CARTESIAN_POINT('',(5.4,0.32,0.5));
#2455=CARTESIAN_POINT('',(5.4,-0.89,0.5));
#2456=CARTESIAN_POINT('',(1.735,0.32,0.5));
#2457=CARTESIAN_POINT('',(7.3,-0.32,0.5));
#2458=CARTESIAN_POINT('',(7.94,-0.32,0.5));
#2459=CARTESIAN_POINT('',(3.325,-0.32,0.5));
#2460=CARTESIAN_POINT('',(7.94,0.32,0.5));
#2461=CARTESIAN_POINT('',(7.94,-0.89,0.5));
#2462=CARTESIAN_POINT('',(7.3,0.32,0.5));
#2463=CARTESIAN_POINT('',(3.005,0.32,0.5));
#2464=CARTESIAN_POINT('',(7.3,-1.21,0.5));
#2465=CARTESIAN_POINT('Origin',(-1.29,1.34,0.5));
#2466=CARTESIAN_POINT('Origin',(-1.29,-1.8,2.5));
#2467=CARTESIAN_POINT('',(-2.816687638039E-16,-2.3,2.5));
#2468=CARTESIAN_POINT('',(-1.29,-2.3,2.5));
#2469=CARTESIAN_POINT('',(5.08,-2.3,2.5));
#2470=CARTESIAN_POINT('',(-1.29,-2.3,2.5));
#2471=CARTESIAN_POINT('',(-1.29,-2.3,2.5));
#2472=CARTESIAN_POINT('Origin',(8.91,2.54,2.5));
#2473=CARTESIAN_POINT('',(5.08,-3.3,2.5));
#2474=CARTESIAN_POINT('',(5.08,-3.3,2.5));
#2475=CARTESIAN_POINT('',(-1.29,-3.3,2.5));
#2476=CARTESIAN_POINT('Origin',(-1.29,-3.3,0.));
#2477=CARTESIAN_POINT('',(-4.041334437186E-16,-3.3,2.5));
#2478=CARTESIAN_POINT('',(-4.041334437186E-16,-3.3,2.5));
#2479=CARTESIAN_POINT('',(-1.29,-3.3,2.5));
#2480=CARTESIAN_POINT('Origin',(8.91,2.54,2.5));
#2481=CARTESIAN_POINT('',(-2.816687638039E-16,-2.3,2.5));
#2482=CARTESIAN_POINT('Origin',(5.554999991327,1.906620214849,0.));
#2483=CARTESIAN_POINT('',(5.554999991327,1.906620214849,-2.3));
#2484=CARTESIAN_POINT('',(5.554999991327,1.906620214849,0.));
#2485=CARTESIAN_POINT('',(5.554999991327,2.156620214849,-2.3));
#2486=CARTESIAN_POINT('',(5.554999991327,1.906620214849,-2.3));
#2487=CARTESIAN_POINT('',(5.554999991327,2.156620214849,0.));
#2488=CARTESIAN_POINT('Origin',(5.079999991327,1.906620214849,0.));
#2489=CARTESIAN_POINT('',(4.604999991327,1.906620214849,-2.3));
#2490=CARTESIAN_POINT('',(4.604999991327,1.906620214849,0.));
#2491=CARTESIAN_POINT('Origin',(5.079999991327,1.906620214849,-2.3));
#2492=CARTESIAN_POINT('Origin',(4.604999991327,2.156620214849,0.));
#2493=CARTESIAN_POINT('',(4.604999991327,2.156620214849,-2.3));
#2494=CARTESIAN_POINT('',(4.604999991327,2.156620214849,0.));
#2495=CARTESIAN_POINT('',(4.604999991327,2.156620214849,-2.3));
#2496=CARTESIAN_POINT('Origin',(5.554999991327,2.156620214849,0.));
#2497=CARTESIAN_POINT('',(5.554999991327,2.156620214849,-2.3));
#2498=CARTESIAN_POINT('Origin',(2.86,-0.32,-3.5));
#2499=CARTESIAN_POINT('',(2.86,-0.32,9.85));
#2500=CARTESIAN_POINT('',(2.86,-0.32,-3.5));
#2501=CARTESIAN_POINT('',(2.22,-0.32,9.85));
#2502=CARTESIAN_POINT('',(2.86,-0.32,9.85));
#2503=CARTESIAN_POINT('',(2.22,-0.32,-3.5));
#2504=CARTESIAN_POINT('Origin',(2.86,0.32,-3.5));
#2505=CARTESIAN_POINT('',(2.86,0.32,9.85));
#2506=CARTESIAN_POINT('',(2.86,0.32,-3.5));
#2507=CARTESIAN_POINT('',(2.86,0.32,9.85));
#2508=CARTESIAN_POINT('Origin',(2.22,-0.32,-3.5));
#2509=CARTESIAN_POINT('',(2.22,0.32,9.85));
#2510=CARTESIAN_POINT('',(2.22,-0.32,9.85));
#2511=CARTESIAN_POINT('',(2.22,0.32,-3.5));
#2512=CARTESIAN_POINT('Origin',(2.22,0.32,-3.5));
#2513=CARTESIAN_POINT('',(2.22,0.32,9.85));
#2514=CARTESIAN_POINT('Origin',(0.32,0.32,-3.5));
#2515=CARTESIAN_POINT('',(0.32,0.32,9.85));
#2516=CARTESIAN_POINT('',(0.32,0.32,-3.5));
#2517=CARTESIAN_POINT('',(0.32,-0.32,9.85));
#2518=CARTESIAN_POINT('',(0.32,0.32,9.85));
#2519=CARTESIAN_POINT('',(0.32,-0.32,-3.5));
#2520=CARTESIAN_POINT('Origin',(-0.32,0.32,-3.5));
#2521=CARTESIAN_POINT('',(-0.32,0.32,9.85));
#2522=CARTESIAN_POINT('',(-0.32,0.32,-3.5));
#2523=CARTESIAN_POINT('',(-0.32,0.32,9.85));
#2524=CARTESIAN_POINT('Origin',(0.32,-0.32,-3.5));
#2525=CARTESIAN_POINT('',(-0.32,-0.32,9.85));
#2526=CARTESIAN_POINT('',(0.32,-0.32,9.85));
#2527=CARTESIAN_POINT('',(-0.32,-0.32,-3.5));
#2528=CARTESIAN_POINT('Origin',(-0.32,-0.32,-3.5));
#2529=CARTESIAN_POINT('',(-0.32,-0.32,9.85));
#2530=CARTESIAN_POINT('Origin',(4.76,-0.32,-3.5));
#2531=CARTESIAN_POINT('',(4.76,-0.32,9.85));
#2532=CARTESIAN_POINT('',(4.76,-0.32,-3.5));
#2533=CARTESIAN_POINT('',(4.76,0.32,9.85));
#2534=CARTESIAN_POINT('',(4.76,-0.32,9.85));
#2535=CARTESIAN_POINT('',(4.76,0.32,-3.5));
#2536=CARTESIAN_POINT('Origin',(5.4,-0.32,-3.5));
#2537=CARTESIAN_POINT('',(5.4,-0.32,9.85));
#2538=CARTESIAN_POINT('',(5.4,-0.32,-3.5));
#2539=CARTESIAN_POINT('',(5.4,-0.32,9.85));
#2540=CARTESIAN_POINT('Origin',(4.76,0.32,-3.5));
#2541=CARTESIAN_POINT('',(5.4,0.32,9.85));
#2542=CARTESIAN_POINT('',(4.76,0.32,9.85));
#2543=CARTESIAN_POINT('',(5.4,0.32,-3.5));
#2544=CARTESIAN_POINT('Origin',(5.4,0.32,-3.5));
#2545=CARTESIAN_POINT('',(5.4,0.32,9.85));
#2546=CARTESIAN_POINT('Origin',(7.94,-0.32,-3.5));
#2547=CARTESIAN_POINT('',(7.94,-0.32,9.85));
#2548=CARTESIAN_POINT('',(7.94,-0.32,-3.5));
#2549=CARTESIAN_POINT('',(7.3,-0.32,9.85));
#2550=CARTESIAN_POINT('',(7.94,-0.32,9.85));
#2551=CARTESIAN_POINT('',(7.3,-0.32,-3.5));
#2552=CARTESIAN_POINT('Origin',(7.3,-0.32,-3.5));
#2553=CARTESIAN_POINT('',(7.3,0.32,9.85));
#2554=CARTESIAN_POINT('',(7.3,-0.32,9.85));
#2555=CARTESIAN_POINT('',(7.3,0.32,-3.5));
#2556=CARTESIAN_POINT('Origin',(7.3,0.32,-3.5));
#2557=CARTESIAN_POINT('',(7.94,0.32,9.85));
#2558=CARTESIAN_POINT('',(7.3,0.32,9.85));
#2559=CARTESIAN_POINT('',(7.94,0.32,-3.5));
#2560=CARTESIAN_POINT('Origin',(7.94,0.32,-3.5));
#2561=CARTESIAN_POINT('',(7.94,0.32,9.85));
#2562=CARTESIAN_POINT('Origin',(0.32,0.32,-3.5));
#2563=CARTESIAN_POINT('',(0.32,0.32,-3.35));
#2564=CARTESIAN_POINT('',(0.32,-0.32,-3.35));
#2565=CARTESIAN_POINT('',(0.32,0.32,-3.35));
#2566=CARTESIAN_POINT('',(0.32,0.32,-3.5));
#2567=CARTESIAN_POINT('',(0.32,-0.32,-3.5));
#2568=CARTESIAN_POINT('Origin',(0.32,-0.32,-3.5));
#2569=CARTESIAN_POINT('',(-0.32,-0.32,-3.35));
#2570=CARTESIAN_POINT('',(0.32,-0.32,-3.35));
#2571=CARTESIAN_POINT('',(-0.32,-0.32,-3.5));
#2572=CARTESIAN_POINT('Origin',(-0.32,0.32,-3.5));
#2573=CARTESIAN_POINT('',(-0.32,0.32,-3.35));
#2574=CARTESIAN_POINT('',(-0.32,0.32,-3.35));
#2575=CARTESIAN_POINT('',(-0.32,0.32,-3.5));
#2576=CARTESIAN_POINT('Origin',(-0.32,-0.32,-3.5));
#2577=CARTESIAN_POINT('',(-0.32,-0.32,-3.35));
#2578=CARTESIAN_POINT('Origin',(2.86,-0.32,-3.5));
#2579=CARTESIAN_POINT('',(2.86,-0.32,-3.35));
#2580=CARTESIAN_POINT('',(2.22,-0.32,-3.35));
#2581=CARTESIAN_POINT('',(2.86,-0.32,-3.35));
#2582=CARTESIAN_POINT('',(2.86,-0.32,-3.5));
#2583=CARTESIAN_POINT('',(2.22,-0.32,-3.5));
#2584=CARTESIAN_POINT('Origin',(2.22,-0.32,-3.5));
#2585=CARTESIAN_POINT('',(2.22,0.32,-3.35));
#2586=CARTESIAN_POINT('',(2.22,-0.32,-3.35));
#2587=CARTESIAN_POINT('',(2.22,0.32,-3.5));
#2588=CARTESIAN_POINT('Origin',(2.86,0.32,-3.5));
#2589=CARTESIAN_POINT('',(2.86,0.32,-3.35));
#2590=CARTESIAN_POINT('',(2.86,0.32,-3.35));
#2591=CARTESIAN_POINT('',(2.86,0.32,-3.5));
#2592=CARTESIAN_POINT('Origin',(2.22,0.32,-3.5));
#2593=CARTESIAN_POINT('',(2.22,0.32,-3.35));
#2594=CARTESIAN_POINT('Origin',(4.76,-0.32,-3.5));
#2595=CARTESIAN_POINT('',(4.76,-0.32,-3.35));
#2596=CARTESIAN_POINT('',(4.76,0.32,-3.35));
#2597=CARTESIAN_POINT('',(4.76,-0.32,-3.35));
#2598=CARTESIAN_POINT('',(4.76,-0.32,-3.5));
#2599=CARTESIAN_POINT('',(4.76,0.32,-3.5));
#2600=CARTESIAN_POINT('Origin',(4.76,0.32,-3.5));
#2601=CARTESIAN_POINT('',(5.4,0.32,-3.35));
#2602=CARTESIAN_POINT('',(4.76,0.32,-3.35));
#2603=CARTESIAN_POINT('',(5.4,0.32,-3.5));
#2604=CARTESIAN_POINT('Origin',(5.4,-0.32,-3.5));
#2605=CARTESIAN_POINT('',(5.4,-0.32,-3.35));
#2606=CARTESIAN_POINT('',(5.4,-0.32,-3.35));
#2607=CARTESIAN_POINT('',(5.4,-0.32,-3.5));
#2608=CARTESIAN_POINT('Origin',(5.4,0.32,-3.5));
#2609=CARTESIAN_POINT('',(5.4,0.32,-3.35));
#2610=CARTESIAN_POINT('Origin',(7.94,-0.32,-3.5));
#2611=CARTESIAN_POINT('',(7.94,-0.32,-3.35));
#2612=CARTESIAN_POINT('',(7.3,-0.32,-3.35));
#2613=CARTESIAN_POINT('',(7.94,-0.32,-3.35));
#2614=CARTESIAN_POINT('',(7.94,-0.32,-3.5));
#2615=CARTESIAN_POINT('',(7.3,-0.32,-3.5));
#2616=CARTESIAN_POINT('Origin',(7.94,0.32,-3.5));
#2617=CARTESIAN_POINT('',(7.94,0.32,-3.35));
#2618=CARTESIAN_POINT('',(7.94,0.32,-3.35));
#2619=CARTESIAN_POINT('',(7.94,0.32,-3.5));
#2620=CARTESIAN_POINT('Origin',(7.3,0.32,-3.5));
#2621=CARTESIAN_POINT('',(7.3,0.32,-3.35));
#2622=CARTESIAN_POINT('',(7.3,0.32,-3.35));
#2623=CARTESIAN_POINT('',(7.3,0.32,-3.5));
#2624=CARTESIAN_POINT('Origin',(7.3,-0.32,-3.5));
#2625=CARTESIAN_POINT('',(7.3,-0.32,-3.35));
#2626=CARTESIAN_POINT('Origin',(5.08,-2.3,2.5));
#2627=CARTESIAN_POINT('',(9.992007221626E-17,-2.3,5.5));
#2628=CARTESIAN_POINT('',(-2.816687638039E-16,-2.3,2.5));
#2629=CARTESIAN_POINT('',(5.08,-2.3,5.5));
#2630=CARTESIAN_POINT('',(9.992007221626E-17,-2.3,5.5));
#2631=CARTESIAN_POINT('',(5.08,-2.3,2.5));
#2632=CARTESIAN_POINT('Origin',(5.08,-3.3,2.5));
#2633=CARTESIAN_POINT('',(5.08,-3.3,7.5));
#2634=CARTESIAN_POINT('',(5.08,-3.3,2.5));
#2635=CARTESIAN_POINT('',(5.08,-2.3,7.5));
#2636=CARTESIAN_POINT('',(5.08,-2.3,2.5));
#2637=CARTESIAN_POINT('',(5.08,-3.3,7.5));
#2638=CARTESIAN_POINT('Origin',(-4.041334437186E-16,-3.3,2.5));
#2639=CARTESIAN_POINT('',(-4.041334437186E-16,-3.3,7.5));
#2640=CARTESIAN_POINT('',(-4.041334437186E-16,-3.3,2.5));
#2641=CARTESIAN_POINT('',(-4.041334437186E-16,-3.3,7.5));
#2642=CARTESIAN_POINT('Origin',(-2.816687638039E-16,-2.3,2.5));
#2643=CARTESIAN_POINT('',(2.01479566687E-17,-2.3,7.5));
#2644=CARTESIAN_POINT('',(-2.816687638039E-16,-2.3,7.5));
#2645=CARTESIAN_POINT('',(-2.816687638039E-16,-2.3,2.5));
#2646=CARTESIAN_POINT('Origin',(4.604999991327,2.156620214849,-2.3));
#2647=CARTESIAN_POINT('Origin',(2.86,-0.245,9.925));
#2648=CARTESIAN_POINT('',(2.71,-0.17,10.));
#2649=CARTESIAN_POINT('',(2.703333333333,-0.163333333333,10.006666666667));
#2650=CARTESIAN_POINT('',(2.37,-0.17,10.));
#2651=CARTESIAN_POINT('',(2.86,-0.17,10.));
#2652=CARTESIAN_POINT('',(2.376666666667,-0.163333333333,10.006666666667));
#2653=CARTESIAN_POINT('Origin',(2.785,0.32,9.925));
#2654=CARTESIAN_POINT('',(2.71,0.17,10.));
#2655=CARTESIAN_POINT('',(2.703333333333,0.163333333333,10.006666666667));
#2656=CARTESIAN_POINT('',(2.71,0.32,10.));
#2657=CARTESIAN_POINT('Origin',(2.295,-0.32,9.925));
#2658=CARTESIAN_POINT('',(2.37,0.17,10.));
#2659=CARTESIAN_POINT('',(2.37,-0.32,10.));
#2660=CARTESIAN_POINT('',(2.376666666667,0.163333333333,10.006666666667));
#2661=CARTESIAN_POINT('Origin',(2.22,0.245,9.925));
#2662=CARTESIAN_POINT('',(2.22,0.17,10.));
#2663=CARTESIAN_POINT('Origin',(0.245,0.32,9.925));
#2664=CARTESIAN_POINT('',(0.17,0.17,10.));
#2665=CARTESIAN_POINT('',(0.163333333333,0.163333333333,10.006666666667));
#2666=CARTESIAN_POINT('',(0.17,-0.17,10.));
#2667=CARTESIAN_POINT('',(0.17,0.32,10.));
#2668=CARTESIAN_POINT('',(0.163333333333,-0.163333333333,10.006666666667));
#2669=CARTESIAN_POINT('Origin',(-0.32,0.245,9.925));
#2670=CARTESIAN_POINT('',(-0.17,0.17,10.));
#2671=CARTESIAN_POINT('',(-0.163333333333,0.163333333333,10.006666666667));
#2672=CARTESIAN_POINT('',(-0.32,0.17,10.));
#2673=CARTESIAN_POINT('Origin',(0.32,-0.245,9.925));
#2674=CARTESIAN_POINT('',(-0.17,-0.17,10.));
#2675=CARTESIAN_POINT('',(0.32,-0.17,10.));
#2676=CARTESIAN_POINT('',(-0.163333333333,-0.163333333333,10.006666666667));
#2677=CARTESIAN_POINT('Origin',(-0.245,-0.32,9.925));
#2678=CARTESIAN_POINT('',(-0.17,-0.32,10.));
#2679=CARTESIAN_POINT('Origin',(4.835,-0.32,9.925));
#2680=CARTESIAN_POINT('',(4.91,-0.17,10.));
#2681=CARTESIAN_POINT('',(4.916666666667,-0.163333333333,10.006666666667));
#2682=CARTESIAN_POINT('',(4.91,0.17,10.));
#2683=CARTESIAN_POINT('',(4.91,-0.32,10.));
#2684=CARTESIAN_POINT('',(4.916666666667,0.163333333333,10.006666666667));
#2685=CARTESIAN_POINT('Origin',(5.4,-0.245,9.925));
#2686=CARTESIAN_POINT('',(5.25,-0.17,10.));
#2687=CARTESIAN_POINT('',(5.243333333333,-0.163333333333,10.006666666667));
#2688=CARTESIAN_POINT('',(5.4,-0.17,10.));
#2689=CARTESIAN_POINT('Origin',(4.76,0.245,9.925));
#2690=CARTESIAN_POINT('',(5.25,0.17,10.));
#2691=CARTESIAN_POINT('',(4.76,0.17,10.));
#2692=CARTESIAN_POINT('',(5.243333333333,0.163333333333,10.006666666667));
#2693=CARTESIAN_POINT('Origin',(5.325,0.32,9.925));
#2694=CARTESIAN_POINT('',(5.25,0.32,10.));
#2695=CARTESIAN_POINT('Origin',(7.94,-0.245,9.925));
#2696=CARTESIAN_POINT('',(7.79,-0.17,10.));
#2697=CARTESIAN_POINT('',(7.783333333333,-0.163333333333,10.006666666667));
#2698=CARTESIAN_POINT('',(7.45,-0.17,10.));
#2699=CARTESIAN_POINT('',(7.94,-0.17,10.));
#2700=CARTESIAN_POINT('',(7.456666666667,-0.163333333333,10.006666666667));
#2701=CARTESIAN_POINT('Origin',(7.375,-0.32,9.925));
#2702=CARTESIAN_POINT('',(7.45,0.17,10.));
#2703=CARTESIAN_POINT('',(7.45,-0.32,10.));
#2704=CARTESIAN_POINT('',(7.456666666667,0.163333333333,10.006666666667));
#2705=CARTESIAN_POINT('Origin',(7.3,0.245,9.925));
#2706=CARTESIAN_POINT('',(7.79,0.17,10.));
#2707=CARTESIAN_POINT('',(7.3,0.17,10.));
#2708=CARTESIAN_POINT('',(7.783333333333,0.163333333333,10.006666666667));
#2709=CARTESIAN_POINT('Origin',(7.865,0.32,9.925));
#2710=CARTESIAN_POINT('',(7.79,0.32,10.));
#2711=CARTESIAN_POINT('Origin',(0.245,0.32,-3.425));
#2712=CARTESIAN_POINT('',(0.17,0.17,-3.5));
#2713=CARTESIAN_POINT('',(0.163333333333,0.163333333333,-3.506666666667));
#2714=CARTESIAN_POINT('',(0.17,-0.17,-3.5));
#2715=CARTESIAN_POINT('',(0.163333333333,-0.163333333333,-3.506666666667));
#2716=CARTESIAN_POINT('',(0.17,0.32,-3.5));
#2717=CARTESIAN_POINT('Origin',(0.32,-0.245,-3.425));
#2718=CARTESIAN_POINT('',(-0.17,-0.17,-3.5));
#2719=CARTESIAN_POINT('',(-0.163333333333,-0.163333333333,-3.506666666667));
#2720=CARTESIAN_POINT('',(0.32,-0.17,-3.5));
#2721=CARTESIAN_POINT('Origin',(-0.32,0.245,-3.425));
#2722=CARTESIAN_POINT('',(-0.17,0.17,-3.5));
#2723=CARTESIAN_POINT('',(-0.163333333333,0.163333333333,-3.506666666667));
#2724=CARTESIAN_POINT('',(-0.32,0.17,-3.5));
#2725=CARTESIAN_POINT('Origin',(-0.245,-0.32,-3.425));
#2726=CARTESIAN_POINT('',(-0.17,-0.32,-3.5));
#2727=CARTESIAN_POINT('Origin',(2.86,-0.245,-3.425));
#2728=CARTESIAN_POINT('',(2.71,-0.17,-3.5));
#2729=CARTESIAN_POINT('',(2.703333333333,-0.163333333333,-3.506666666667));
#2730=CARTESIAN_POINT('',(2.37,-0.17,-3.5));
#2731=CARTESIAN_POINT('',(2.376666666667,-0.163333333333,-3.506666666667));
#2732=CARTESIAN_POINT('',(2.86,-0.17,-3.5));
#2733=CARTESIAN_POINT('Origin',(2.295,-0.32,-3.425));
#2734=CARTESIAN_POINT('',(2.37,0.17,-3.5));
#2735=CARTESIAN_POINT('',(2.376666666667,0.163333333333,-3.506666666667));
#2736=CARTESIAN_POINT('',(2.37,-0.32,-3.5));
#2737=CARTESIAN_POINT('Origin',(2.785,0.32,-3.425));
#2738=CARTESIAN_POINT('',(2.71,0.17,-3.5));
#2739=CARTESIAN_POINT('',(2.703333333333,0.163333333333,-3.506666666667));
#2740=CARTESIAN_POINT('',(2.71,0.32,-3.5));
#2741=CARTESIAN_POINT('Origin',(2.22,0.245,-3.425));
#2742=CARTESIAN_POINT('',(2.22,0.17,-3.5));
#2743=CARTESIAN_POINT('Origin',(4.835,-0.32,-3.425));
#2744=CARTESIAN_POINT('',(4.91,-0.17,-3.5));
#2745=CARTESIAN_POINT('',(4.916666666667,-0.163333333333,-3.506666666667));
#2746=CARTESIAN_POINT('',(4.91,0.17,-3.5));
#2747=CARTESIAN_POINT('',(4.916666666667,0.163333333333,-3.506666666667));
#2748=CARTESIAN_POINT('',(4.91,-0.32,-3.5));
#2749=CARTESIAN_POINT('Origin',(4.76,0.245,-3.425));
#2750=CARTESIAN_POINT('',(5.25,0.17,-3.5));
#2751=CARTESIAN_POINT('',(5.243333333333,0.163333333333,-3.506666666667));
#2752=CARTESIAN_POINT('',(4.76,0.17,-3.5));
#2753=CARTESIAN_POINT('Origin',(5.4,-0.245,-3.425));
#2754=CARTESIAN_POINT('',(5.25,-0.17,-3.5));
#2755=CARTESIAN_POINT('',(5.243333333333,-0.163333333333,-3.506666666667));
#2756=CARTESIAN_POINT('',(5.4,-0.17,-3.5));
#2757=CARTESIAN_POINT('Origin',(5.325,0.32,-3.425));
#2758=CARTESIAN_POINT('',(5.25,0.32,-3.5));
#2759=CARTESIAN_POINT('Origin',(7.94,-0.245,-3.425));
#2760=CARTESIAN_POINT('',(7.79,-0.17,-3.5));
#2761=CARTESIAN_POINT('',(7.783333333333,-0.163333333333,-3.506666666667));
#2762=CARTESIAN_POINT('',(7.45,-0.17,-3.5));
#2763=CARTESIAN_POINT('',(7.456666666667,-0.163333333333,-3.506666666667));
#2764=CARTESIAN_POINT('',(7.94,-0.17,-3.5));
#2765=CARTESIAN_POINT('Origin',(7.865,0.32,-3.425));
#2766=CARTESIAN_POINT('',(7.79,0.17,-3.5));
#2767=CARTESIAN_POINT('',(7.783333333333,0.163333333333,-3.506666666667));
#2768=CARTESIAN_POINT('',(7.79,0.32,-3.5));
#2769=CARTESIAN_POINT('Origin',(7.3,0.245,-3.425));
#2770=CARTESIAN_POINT('',(7.45,0.17,-3.5));
#2771=CARTESIAN_POINT('',(7.456666666667,0.163333333333,-3.506666666667));
#2772=CARTESIAN_POINT('',(7.3,0.17,-3.5));
#2773=CARTESIAN_POINT('Origin',(7.375,-0.32,-3.425));
#2774=CARTESIAN_POINT('',(7.45,-0.32,-3.5));
#2775=CARTESIAN_POINT('Origin',(9.992007221626E-17,-2.3,5.5));
#2776=CARTESIAN_POINT('',(4.662936703426E-16,-1.15,6.5));
#2777=CARTESIAN_POINT('',(9.992007221626E-17,-2.3,5.5));
#2778=CARTESIAN_POINT('',(5.08,-1.15,6.5));
#2779=CARTESIAN_POINT('',(4.662936703426E-16,-1.15,6.5));
#2780=CARTESIAN_POINT('',(5.08,-2.3,5.5));
#2781=CARTESIAN_POINT('Origin',(-4.041334437186E-16,-3.3,7.5));
#2782=CARTESIAN_POINT('',(3.219646771413E-16,-2.3,7.5));
#2783=CARTESIAN_POINT('Origin',(5.08,-2.3,7.5));
#2784=CARTESIAN_POINT('',(5.08,-1.15,6.5));
#2785=CARTESIAN_POINT('Origin',(3.219646771413E-16,-2.3,7.5));
#2786=CARTESIAN_POINT('',(4.662936703426E-16,-1.15,6.5));
#2787=CARTESIAN_POINT('Origin',(2.86,-0.32,10.));
#2788=CARTESIAN_POINT('Origin',(0.32,-0.32,10.));
#2789=CARTESIAN_POINT('Origin',(5.4,-0.32,10.));
#2790=CARTESIAN_POINT('Origin',(7.94,-0.32,10.));
#2791=CARTESIAN_POINT('Origin',(0.32,-0.32,-3.5));
#2792=CARTESIAN_POINT('Origin',(2.86,-0.32,-3.5));
#2793=CARTESIAN_POINT('Origin',(5.4,-0.32,-3.5));
#2794=CARTESIAN_POINT('Origin',(7.94,-0.32,-3.5));
#2795=CARTESIAN_POINT('Origin',(4.662936703426E-16,-1.15,6.5));
#2796=CARTESIAN_POINT('',(0.,0.,0.));
#2797=UNCERTAINTY_MEASURE_WITH_UNIT(LENGTH_MEASURE(0.01),#2803,
'DISTANCE_ACCURACY_VALUE',
'Maximum model space distance between geometric entities at asserted c
onnectivities');
#2798=UNCERTAINTY_MEASURE_WITH_UNIT(LENGTH_MEASURE(0.01),#2803,
'DISTANCE_ACCURACY_VALUE',
'Maximum model space distance between geometric entities at asserted c
onnectivities');
#2799=UNCERTAINTY_MEASURE_WITH_UNIT(LENGTH_MEASURE(0.01),#2803,
'DISTANCE_ACCURACY_VALUE',
'Maximum model space distance between geometric entities at asserted c
onnectivities');
#2800=(
GEOMETRIC_REPRESENTATION_CONTEXT(3)
GLOBAL_UNCERTAINTY_ASSIGNED_CONTEXT((#2797))
GLOBAL_UNIT_ASSIGNED_CONTEXT((#2803,#2805,#2806))
REPRESENTATION_CONTEXT('','3D')
);
#2801=(
GEOMETRIC_REPRESENTATION_CONTEXT(3)
GLOBAL_UNCERTAINTY_ASSIGNED_CONTEXT((#2798))
GLOBAL_UNIT_ASSIGNED_CONTEXT((#2803,#2805,#2806))
REPRESENTATION_CONTEXT('','3D')
);
#2802=(
GEOMETRIC_REPRESENTATION_CONTEXT(3)
GLOBAL_UNCERTAINTY_ASSIGNED_CONTEXT((#2799))
GLOBAL_UNIT_ASSIGNED_CONTEXT((#2803,#2805,#2806))
REPRESENTATION_CONTEXT('','3D')
);
#2803=(
LENGTH_UNIT()
NAMED_UNIT(*)
SI_UNIT(.MILLI.,.METRE.)
);
#2804=(
LENGTH_UNIT()
NAMED_UNIT(*)
SI_UNIT($,.METRE.)
);
#2805=(
NAMED_UNIT(*)
PLANE_ANGLE_UNIT()
SI_UNIT($,.RADIAN.)
);
#2806=(
NAMED_UNIT(*)
SI_UNIT($,.STERADIAN.)
SOLID_ANGLE_UNIT()
);
#2807=SHAPE_DEFINITION_REPRESENTATION(#2809,#2812);
#2808=SHAPE_DEFINITION_REPRESENTATION(#2810,#2813);
#2809=PRODUCT_DEFINITION_SHAPE('',$,#2815);
#2810=PRODUCT_DEFINITION_SHAPE('',$,#2816);
#2811=PRODUCT_DEFINITION_SHAPE($,$,#14);
#2812=SHAPE_REPRESENTATION('',(#1797,#1902),#2800);
#2813=SHAPE_REPRESENTATION('',(#1798),#2801);
#2814=PRODUCT_DEFINITION_CONTEXT('part definition',#2822,'design');
#2815=PRODUCT_DEFINITION('2026-09-16-09-40-36-333',
'FanPinHeader_1x04_P2.54mm_Vertical',#2817,#2814);
#2816=PRODUCT_DEFINITION('2026-09-16-09-40-36-333_1',
'Fan_Pin_Header_Straight_1x04',#2818,#2814);
#2817=PRODUCT_DEFINITION_FORMATION('',$,#2824);
#2818=PRODUCT_DEFINITION_FORMATION('',$,#2825);
#2819=PRODUCT_RELATED_PRODUCT_CATEGORY(
'FanPinHeader_1x04_P2.54mm_Vertical',
'FanPinHeader_1x04_P2.54mm_Vertical',(#2824));
#2820=PRODUCT_RELATED_PRODUCT_CATEGORY('Fan_Pin_Header_Straight_1x04',
'Fan_Pin_Header_Straight_1x04',(#2825));
#2821=APPLICATION_PROTOCOL_DEFINITION('international standard',
'automotive_design',2009,#2822);
#2822=APPLICATION_CONTEXT(
'Core Data for Automotive Mechanical Design Process');
#2823=PRODUCT_CONTEXT('part definition',#2822,'mechanical');
#2824=PRODUCT('2026-09-16-09-40-36-333',
'FanPinHeader_1x04_P2.54mm_Vertical',$,(#2823));
#2825=PRODUCT('2026-09-16-09-40-36-333_1',
'Fan_Pin_Header_Straight_1x04',$,(#2823));
#2826=PRESENTATION_STYLE_ASSIGNMENT((#2829));
#2827=PRESENTATION_STYLE_ASSIGNMENT((#2830));
#2828=PRESENTATION_STYLE_ASSIGNMENT((#2831));
#2829=SURFACE_STYLE_USAGE(.BOTH.,#2832);
#2830=SURFACE_STYLE_USAGE(.BOTH.,#2833);
#2831=SURFACE_STYLE_USAGE(.BOTH.,#2834);
#2832=SURFACE_SIDE_STYLE('',(#2835));
#2833=SURFACE_SIDE_STYLE('',(#2836));
#2834=SURFACE_SIDE_STYLE('',(#2837));
#2835=SURFACE_STYLE_FILL_AREA(#2838);
#2836=SURFACE_STYLE_FILL_AREA(#2839);
#2837=SURFACE_STYLE_FILL_AREA(#2840);
#2838=FILL_AREA_STYLE('Steel - Satin',(#2841));
#2839=FILL_AREA_STYLE('Opaque(228,227,207)',(#2842));
#2840=FILL_AREA_STYLE('Opaque(219,188,126)',(#2843));
#2841=FILL_AREA_STYLE_COLOUR('Steel - Satin',#2844);
#2842=FILL_AREA_STYLE_COLOUR('Opaque(228,227,207)',#2845);
#2843=FILL_AREA_STYLE_COLOUR('Opaque(219,188,126)',#2846);
#2844=COLOUR_RGB('Steel - Satin',0.627450980392157,0.627450980392157,0.627450980392157);
#2845=COLOUR_RGB('Opaque(228,227,207)',0.894117647058824,0.890196078431372,
0.811764705882353);
#2846=COLOUR_RGB('Opaque(219,188,126)',0.858823529411765,0.737254901960784,
0.494117647058824);
ENDSEC;
END-ISO-10303-21;
