ISO-10303-21;
HEADER;
/* Generated by software containing ST-Developer
 * from STEP Tools, Inc. (www.steptools.com) 
 */

FILE_DESCRIPTION(
/* description */ (''),
/* implementation_level */ '2;1');

FILE_NAME(
/* name */ 'JST_PH_S2B-PH-K_1x02_P2.00mm_Horizontal.step',
/* time_stamp */ '2026-09-16T09:39:33+05:45',
/* author */ (''),
/* organization */ (''),
/* preprocessor_version */ 'ST-DEVELOPER v20.2',
/* originating_system */ 'Autodesk Translation Framework v15.15.0.0',
/* authorisation */ '');

FILE_SCHEMA (('AUTOMOTIVE_DESIGN { 1 0 10303 214 3 1 1 }'));
ENDSEC;

DATA;
#10=MECHANICAL_DESIGN_GEOMETRIC_PRESENTATION_REPRESENTATION('',(#2108,#2109,
#2110,#2111,#2112,#2113,#2114,#2115,#2116,#2117,#2118,#2119,#2120,#2121,
#2122,#2123,#2124,#2125,#2126,#2127,#2128,#2129,#2130,#2131,#2132,#2133,
#2134,#2135,#2136,#2137,#2138,#2139,#2140,#2141,#2142,#2143,#2144,#2145,
#2146,#2147,#2148,#2149,#2150,#2151,#2152,#2153,#2154,#2155,#2156,#2157,
#2158,#2159,#2160,#2161,#2162,#2163,#2164,#2165,#2166,#2167,#2168,#2169,
#2170,#2171,#2172,#2173,#2174,#2175,#2176,#2177,#2178,#2179,#2180,#2181,
#2182,#2183,#2184,#2185,#2186,#2187,#2188,#2189,#2190,#2191,#2192,#2193,
#2194,#2195,#2196,#2197,#2198,#2199,#2200,#2201,#2202,#2203,#2204,#2205,
#2206,#2207,#2208,#2209,#2210,#2211,#2212,#2213,#2214,#2215,#2216,#2217,
#2218),#3651);
#11=ITEM_DEFINED_TRANSFORMATION($,$,#2343,#2466);
#12=(
REPRESENTATION_RELATIONSHIP($,$,#3662,#3661)
REPRESENTATION_RELATIONSHIP_WITH_TRANSFORMATION(#11)
SHAPE_REPRESENTATION_RELATIONSHIP()
);
#13=CONTEXT_DEPENDENT_SHAPE_REPRESENTATION(#12,#3660);
#14=NEXT_ASSEMBLY_USAGE_OCCURRENCE('JST_S2B_PH_K:1','JST_S2B_PH_K:1',
'JST_S2B_PH_K:1',#3664,#3665,'JST_S2B_PH_K:1');
#15=SHAPE_REPRESENTATION_RELATIONSHIP('SRR','None',#3662,#16);
#16=ADVANCED_BREP_SHAPE_REPRESENTATION('',(#17),#3650);
#17=MANIFOLD_SOLID_BREP('Body1',#2329);
#18=FACE_BOUND('',#172,.T.);
#19=FACE_BOUND('',#173,.T.);
#20=FACE_BOUND('',#215,.T.);
#21=FACE_BOUND('',#217,.T.);
#22=CYLINDRICAL_SURFACE('',#2350,0.4);
#23=CYLINDRICAL_SURFACE('',#2395,0.4);
#24=CYLINDRICAL_SURFACE('',#2440,0.05);
#25=CYLINDRICAL_SURFACE('',#2448,0.55);
#26=CYLINDRICAL_SURFACE('',#2450,0.05);
#27=CYLINDRICAL_SURFACE('',#2458,0.55);
#28=CIRCLE('',#2346,0.4);
#29=CIRCLE('',#2349,0.4);
#30=CIRCLE('',#2362,0.4);
#31=CIRCLE('',#2365,0.4);
#32=CIRCLE('',#2423,0.05);
#33=CIRCLE('',#2424,0.55);
#34=CIRCLE('',#2427,0.55);
#35=CIRCLE('',#2428,0.05);
#36=CIRCLE('',#2431,0.05);
#37=CIRCLE('',#2432,0.55);
#38=CIRCLE('',#2435,0.55);
#39=CIRCLE('',#2436,0.05);
#40=FACE_OUTER_BOUND('',#150,.T.);
#41=FACE_OUTER_BOUND('',#151,.T.);
#42=FACE_OUTER_BOUND('',#152,.T.);
#43=FACE_OUTER_BOUND('',#153,.T.);
#44=FACE_OUTER_BOUND('',#154,.T.);
#45=FACE_OUTER_BOUND('',#155,.T.);
#46=FACE_OUTER_BOUND('',#156,.T.);
#47=FACE_OUTER_BOUND('',#157,.T.);
#48=FACE_OUTER_BOUND('',#158,.T.);
#49=FACE_OUTER_BOUND('',#159,.T.);
#50=FACE_OUTER_BOUND('',#160,.T.);
#51=FACE_OUTER_BOUND('',#161,.T.);
#52=FACE_OUTER_BOUND('',#162,.T.);
#53=FACE_OUTER_BOUND('',#163,.T.);
#54=FACE_OUTER_BOUND('',#164,.T.);
#55=FACE_OUTER_BOUND('',#165,.T.);
#56=FACE_OUTER_BOUND('',#166,.T.);
#57=FACE_OUTER_BOUND('',#167,.T.);
#58=FACE_OUTER_BOUND('',#168,.T.);
#59=FACE_OUTER_BOUND('',#169,.T.);
#60=FACE_OUTER_BOUND('',#170,.T.);
#61=FACE_OUTER_BOUND('',#171,.T.);
#62=FACE_OUTER_BOUND('',#174,.T.);
#63=FACE_OUTER_BOUND('',#175,.T.);
#64=FACE_OUTER_BOUND('',#176,.T.);
#65=FACE_OUTER_BOUND('',#177,.T.);
#66=FACE_OUTER_BOUND('',#178,.T.);
#67=FACE_OUTER_BOUND('',#179,.T.);
#68=FACE_OUTER_BOUND('',#180,.T.);
#69=FACE_OUTER_BOUND('',#181,.T.);
#70=FACE_OUTER_BOUND('',#182,.T.);
#71=FACE_OUTER_BOUND('',#183,.T.);
#72=FACE_OUTER_BOUND('',#184,.T.);
#73=FACE_OUTER_BOUND('',#185,.T.);
#74=FACE_OUTER_BOUND('',#186,.T.);
#75=FACE_OUTER_BOUND('',#187,.T.);
#76=FACE_OUTER_BOUND('',#188,.T.);
#77=FACE_OUTER_BOUND('',#189,.T.);
#78=FACE_OUTER_BOUND('',#190,.T.);
#79=FACE_OUTER_BOUND('',#191,.T.);
#80=FACE_OUTER_BOUND('',#192,.T.);
#81=FACE_OUTER_BOUND('',#193,.T.);
#82=FACE_OUTER_BOUND('',#194,.T.);
#83=FACE_OUTER_BOUND('',#195,.T.);
#84=FACE_OUTER_BOUND('',#196,.T.);
#85=FACE_OUTER_BOUND('',#197,.T.);
#86=FACE_OUTER_BOUND('',#198,.T.);
#87=FACE_OUTER_BOUND('',#199,.T.);
#88=FACE_OUTER_BOUND('',#200,.T.);
#89=FACE_OUTER_BOUND('',#201,.T.);
#90=FACE_OUTER_BOUND('',#202,.T.);
#91=FACE_OUTER_BOUND('',#203,.T.);
#92=FACE_OUTER_BOUND('',#204,.T.);
#93=FACE_OUTER_BOUND('',#205,.T.);
#94=FACE_OUTER_BOUND('',#206,.T.);
#95=FACE_OUTER_BOUND('',#207,.T.);
#96=FACE_OUTER_BOUND('',#208,.T.);
#97=FACE_OUTER_BOUND('',#209,.T.);
#98=FACE_OUTER_BOUND('',#210,.T.);
#99=FACE_OUTER_BOUND('',#211,.T.);
#100=FACE_OUTER_BOUND('',#212,.T.);
#101=FACE_OUTER_BOUND('',#213,.T.);
#102=FACE_OUTER_BOUND('',#214,.T.);
#103=FACE_OUTER_BOUND('',#216,.T.);
#104=FACE_OUTER_BOUND('',#218,.T.);
#105=FACE_OUTER_BOUND('',#219,.T.);
#106=FACE_OUTER_BOUND('',#220,.T.);
#107=FACE_OUTER_BOUND('',#221,.T.);
#108=FACE_OUTER_BOUND('',#222,.T.);
#109=FACE_OUTER_BOUND('',#223,.T.);
#110=FACE_OUTER_BOUND('',#224,.T.);
#111=FACE_OUTER_BOUND('',#225,.T.);
#112=FACE_OUTER_BOUND('',#226,.T.);
#113=FACE_OUTER_BOUND('',#227,.T.);
#114=FACE_OUTER_BOUND('',#228,.T.);
#115=FACE_OUTER_BOUND('',#229,.T.);
#116=FACE_OUTER_BOUND('',#230,.T.);
#117=FACE_OUTER_BOUND('',#231,.T.);
#118=FACE_OUTER_BOUND('',#232,.T.);
#119=FACE_OUTER_BOUND('',#233,.T.);
#120=FACE_OUTER_BOUND('',#234,.T.);
#121=FACE_OUTER_BOUND('',#235,.T.);
#122=FACE_OUTER_BOUND('',#236,.T.);
#123=FACE_OUTER_BOUND('',#237,.T.);
#124=FACE_OUTER_BOUND('',#238,.T.);
#125=FACE_OUTER_BOUND('',#239,.T.);
#126=FACE_OUTER_BOUND('',#240,.T.);
#127=FACE_OUTER_BOUND('',#241,.T.);
#128=FACE_OUTER_BOUND('',#242,.T.);
#129=FACE_OUTER_BOUND('',#243,.T.);
#130=FACE_OUTER_BOUND('',#244,.T.);
#131=FACE_OUTER_BOUND('',#245,.T.);
#132=FACE_OUTER_BOUND('',#246,.T.);
#133=FACE_OUTER_BOUND('',#247,.T.);
#134=FACE_OUTER_BOUND('',#248,.T.);
#135=FACE_OUTER_BOUND('',#249,.T.);
#136=FACE_OUTER_BOUND('',#250,.T.);
#137=FACE_OUTER_BOUND('',#251,.T.);
#138=FACE_OUTER_BOUND('',#252,.T.);
#139=FACE_OUTER_BOUND('',#253,.T.);
#140=FACE_OUTER_BOUND('',#254,.T.);
#141=FACE_OUTER_BOUND('',#255,.T.);
#142=FACE_OUTER_BOUND('',#256,.T.);
#143=FACE_OUTER_BOUND('',#257,.T.);
#144=FACE_OUTER_BOUND('',#258,.T.);
#145=FACE_OUTER_BOUND('',#259,.T.);
#146=FACE_OUTER_BOUND('',#260,.T.);
#147=FACE_OUTER_BOUND('',#261,.T.);
#148=FACE_OUTER_BOUND('',#262,.T.);
#149=FACE_OUTER_BOUND('',#263,.T.);
#150=EDGE_LOOP('',(#1380,#1381,#1382,#1383));
#151=EDGE_LOOP('',(#1384,#1385,#1386,#1387,#1388,#1389,#1390,#1391,#1392,
#1393));
#152=EDGE_LOOP('',(#1394,#1395,#1396,#1397,#1398,#1399,#1400,#1401,#1402,
#1403,#1404,#1405));
#153=EDGE_LOOP('',(#1406,#1407,#1408,#1409,#1410,#1411,#1412,#1413));
#154=EDGE_LOOP('',(#1414,#1415,#1416,#1417));
#155=EDGE_LOOP('',(#1418,#1419,#1420,#1421));
#156=EDGE_LOOP('',(#1422,#1423,#1424,#1425));
#157=EDGE_LOOP('',(#1426,#1427,#1428,#1429));
#158=EDGE_LOOP('',(#1430,#1431,#1432,#1433,#1434,#1435,#1436,#1437));
#159=EDGE_LOOP('',(#1438,#1439,#1440,#1441,#1442,#1443,#1444,#1445,#1446,
#1447,#1448,#1449,#1450,#1451,#1452,#1453,#1454,#1455));
#160=EDGE_LOOP('',(#1456,#1457,#1458,#1459,#1460,#1461));
#161=EDGE_LOOP('',(#1462,#1463,#1464,#1465));
#162=EDGE_LOOP('',(#1466,#1467,#1468,#1469,#1470,#1471,#1472,#1473,#1474,
#1475,#1476,#1477));
#163=EDGE_LOOP('',(#1478,#1479,#1480,#1481,#1482,#1483));
#164=EDGE_LOOP('',(#1484,#1485,#1486,#1487,#1488,#1489,#1490,#1491));
#165=EDGE_LOOP('',(#1492,#1493,#1494,#1495,#1496,#1497,#1498,#1499));
#166=EDGE_LOOP('',(#1500,#1501,#1502,#1503));
#167=EDGE_LOOP('',(#1504,#1505,#1506,#1507,#1508,#1509,#1510,#1511,#1512,
#1513));
#168=EDGE_LOOP('',(#1514,#1515,#1516,#1517));
#169=EDGE_LOOP('',(#1518,#1519,#1520,#1521,#1522,#1523));
#170=EDGE_LOOP('',(#1524,#1525,#1526,#1527,#1528,#1529,#1530,#1531,#1532,
#1533,#1534,#1535,#1536,#1537,#1538,#1539));
#171=EDGE_LOOP('',(#1540,#1541,#1542,#1543,#1544,#1545,#1546,#1547,#1548,
#1549,#1550,#1551));
#172=EDGE_LOOP('',(#1552,#1553,#1554,#1555));
#173=EDGE_LOOP('',(#1556,#1557,#1558,#1559));
#174=EDGE_LOOP('',(#1560,#1561,#1562,#1563,#1564,#1565));
#175=EDGE_LOOP('',(#1566,#1567,#1568,#1569,#1570,#1571));
#176=EDGE_LOOP('',(#1572,#1573,#1574,#1575,#1576));
#177=EDGE_LOOP('',(#1577,#1578,#1579,#1580));
#178=EDGE_LOOP('',(#1581,#1582,#1583,#1584,#1585));
#179=EDGE_LOOP('',(#1586,#1587,#1588,#1589,#1590,#1591));
#180=EDGE_LOOP('',(#1592,#1593,#1594,#1595,#1596,#1597));
#181=EDGE_LOOP('',(#1598,#1599,#1600,#1601));
#182=EDGE_LOOP('',(#1602,#1603,#1604,#1605,#1606,#1607));
#183=EDGE_LOOP('',(#1608,#1609,#1610,#1611,#1612,#1613));
#184=EDGE_LOOP('',(#1614,#1615,#1616,#1617,#1618));
#185=EDGE_LOOP('',(#1619,#1620,#1621,#1622,#1623,#1624,#1625,#1626));
#186=EDGE_LOOP('',(#1627,#1628,#1629,#1630));
#187=EDGE_LOOP('',(#1631,#1632,#1633,#1634,#1635,#1636,#1637,#1638,#1639,
#1640));
#188=EDGE_LOOP('',(#1641,#1642,#1643,#1644));
#189=EDGE_LOOP('',(#1645,#1646,#1647,#1648));
#190=EDGE_LOOP('',(#1649,#1650,#1651,#1652));
#191=EDGE_LOOP('',(#1653,#1654,#1655,#1656,#1657,#1658,#1659,#1660));
#192=EDGE_LOOP('',(#1661,#1662,#1663,#1664,#1665,#1666));
#193=EDGE_LOOP('',(#1667,#1668,#1669,#1670));
#194=EDGE_LOOP('',(#1671,#1672,#1673,#1674));
#195=EDGE_LOOP('',(#1675,#1676,#1677,#1678));
#196=EDGE_LOOP('',(#1679,#1680,#1681,#1682));
#197=EDGE_LOOP('',(#1683,#1684,#1685,#1686));
#198=EDGE_LOOP('',(#1687,#1688,#1689,#1690));
#199=EDGE_LOOP('',(#1691,#1692,#1693,#1694));
#200=EDGE_LOOP('',(#1695,#1696,#1697,#1698));
#201=EDGE_LOOP('',(#1699,#1700,#1701,#1702));
#202=EDGE_LOOP('',(#1703,#1704,#1705,#1706,#1707,#1708));
#203=EDGE_LOOP('',(#1709,#1710,#1711,#1712,#1713));
#204=EDGE_LOOP('',(#1714,#1715,#1716,#1717));
#205=EDGE_LOOP('',(#1718,#1719,#1720,#1721,#1722,#1723));
#206=EDGE_LOOP('',(#1724,#1725,#1726,#1727));
#207=EDGE_LOOP('',(#1728,#1729,#1730,#1731));
#208=EDGE_LOOP('',(#1732,#1733,#1734,#1735));
#209=EDGE_LOOP('',(#1736,#1737,#1738,#1739));
#210=EDGE_LOOP('',(#1740,#1741,#1742,#1743));
#211=EDGE_LOOP('',(#1744,#1745,#1746,#1747));
#212=EDGE_LOOP('',(#1748,#1749,#1750,#1751));
#213=EDGE_LOOP('',(#1752,#1753,#1754,#1755));
#214=EDGE_LOOP('',(#1756,#1757,#1758,#1759));
#215=EDGE_LOOP('',(#1760,#1761,#1762,#1763));
#216=EDGE_LOOP('',(#1764,#1765,#1766,#1767));
#217=EDGE_LOOP('',(#1768,#1769,#1770,#1771));
#218=EDGE_LOOP('',(#1772,#1773,#1774,#1775));
#219=EDGE_LOOP('',(#1776,#1777,#1778,#1779));
#220=EDGE_LOOP('',(#1780,#1781,#1782,#1783));
#221=EDGE_LOOP('',(#1784,#1785,#1786,#1787));
#222=EDGE_LOOP('',(#1788,#1789,#1790,#1791));
#223=EDGE_LOOP('',(#1792,#1793,#1794,#1795));
#224=EDGE_LOOP('',(#1796,#1797,#1798,#1799));
#225=EDGE_LOOP('',(#1800,#1801,#1802,#1803));
#226=EDGE_LOOP('',(#1804,#1805,#1806,#1807));
#227=EDGE_LOOP('',(#1808,#1809,#1810,#1811));
#228=EDGE_LOOP('',(#1812,#1813,#1814,#1815,#1816,#1817,#1818,#1819,#1820,
#1821,#1822,#1823));
#229=EDGE_LOOP('',(#1824,#1825,#1826,#1827));
#230=EDGE_LOOP('',(#1828,#1829,#1830,#1831,#1832,#1833,#1834,#1835,#1836,
#1837,#1838,#1839));
#231=EDGE_LOOP('',(#1840,#1841,#1842,#1843));
#232=EDGE_LOOP('',(#1844,#1845,#1846,#1847,#1848,#1849,#1850,#1851,#1852,
#1853,#1854,#1855));
#233=EDGE_LOOP('',(#1856,#1857,#1858,#1859));
#234=EDGE_LOOP('',(#1860,#1861,#1862,#1863,#1864,#1865,#1866,#1867,#1868,
#1869,#1870,#1871));
#235=EDGE_LOOP('',(#1872,#1873,#1874,#1875));
#236=EDGE_LOOP('',(#1876,#1877,#1878,#1879));
#237=EDGE_LOOP('',(#1880,#1881,#1882,#1883));
#238=EDGE_LOOP('',(#1884,#1885,#1886,#1887));
#239=EDGE_LOOP('',(#1888,#1889,#1890,#1891));
#240=EDGE_LOOP('',(#1892,#1893,#1894,#1895));
#241=EDGE_LOOP('',(#1896,#1897,#1898,#1899,#1900,#1901));
#242=EDGE_LOOP('',(#1902,#1903,#1904,#1905,#1906,#1907));
#243=EDGE_LOOP('',(#1908,#1909,#1910,#1911,#1912,#1913));
#244=EDGE_LOOP('',(#1914,#1915,#1916,#1917));
#245=EDGE_LOOP('',(#1918,#1919,#1920,#1921));
#246=EDGE_LOOP('',(#1922,#1923,#1924,#1925));
#247=EDGE_LOOP('',(#1926,#1927,#1928,#1929,#1930,#1931));
#248=EDGE_LOOP('',(#1932,#1933,#1934,#1935));
#249=EDGE_LOOP('',(#1936,#1937,#1938,#1939));
#250=EDGE_LOOP('',(#1940,#1941,#1942,#1943));
#251=EDGE_LOOP('',(#1944,#1945,#1946,#1947,#1948,#1949));
#252=EDGE_LOOP('',(#1950,#1951,#1952,#1953,#1954,#1955));
#253=EDGE_LOOP('',(#1956,#1957,#1958,#1959,#1960,#1961));
#254=EDGE_LOOP('',(#1962,#1963,#1964,#1965));
#255=EDGE_LOOP('',(#1966,#1967,#1968,#1969));
#256=EDGE_LOOP('',(#1970,#1971,#1972,#1973));
#257=EDGE_LOOP('',(#1974,#1975,#1976,#1977,#1978,#1979));
#258=EDGE_LOOP('',(#1980,#1981,#1982,#1983));
#259=EDGE_LOOP('',(#1984,#1985,#1986,#1987));
#260=EDGE_LOOP('',(#1988,#1989,#1990,#1991));
#261=EDGE_LOOP('',(#1992,#1993,#1994,#1995));
#262=EDGE_LOOP('',(#1996,#1997,#1998,#1999));
#263=EDGE_LOOP('',(#2000,#2001,#2002,#2003));
#264=LINE('',#3022,#564);
#265=LINE('',#3024,#565);
#266=LINE('',#3026,#566);
#267=LINE('',#3027,#567);
#268=LINE('',#3030,#568);
#269=LINE('',#3032,#569);
#270=LINE('',#3034,#570);
#271=LINE('',#3036,#571);
#272=LINE('',#3038,#572);
#273=LINE('',#3040,#573);
#274=LINE('',#3042,#574);
#275=LINE('',#3044,#575);
#276=LINE('',#3049,#576);
#277=LINE('',#3051,#577);
#278=LINE('',#3052,#578);
#279=LINE('',#3054,#579);
#280=LINE('',#3056,#580);
#281=LINE('',#3058,#581);
#282=LINE('',#3060,#582);
#283=LINE('',#3062,#583);
#284=LINE('',#3064,#584);
#285=LINE('',#3065,#585);
#286=LINE('',#3070,#586);
#287=LINE('',#3072,#587);
#288=LINE('',#3074,#588);
#289=LINE('',#3076,#589);
#290=LINE('',#3077,#590);
#291=LINE('',#3079,#591);
#292=LINE('',#3082,#592);
#293=LINE('',#3083,#593);
#294=LINE('',#3086,#594);
#295=LINE('',#3087,#595);
#296=LINE('',#3090,#596);
#297=LINE('',#3091,#597);
#298=LINE('',#3095,#598);
#299=LINE('',#3097,#599);
#300=LINE('',#3099,#600);
#301=LINE('',#3100,#601);
#302=LINE('',#3102,#602);
#303=LINE('',#3103,#603);
#304=LINE('',#3106,#604);
#305=LINE('',#3108,#605);
#306=LINE('',#3110,#606);
#307=LINE('',#3112,#607);
#308=LINE('',#3114,#608);
#309=LINE('',#3116,#609);
#310=LINE('',#3118,#610);
#311=LINE('',#3120,#611);
#312=LINE('',#3122,#612);
#313=LINE('',#3124,#613);
#314=LINE('',#3126,#614);
#315=LINE('',#3128,#615);
#316=LINE('',#3130,#616);
#317=LINE('',#3132,#617);
#318=LINE('',#3134,#618);
#319=LINE('',#3135,#619);
#320=LINE('',#3137,#620);
#321=LINE('',#3139,#621);
#322=LINE('',#3140,#622);
#323=LINE('',#3145,#623);
#324=LINE('',#3147,#624);
#325=LINE('',#3149,#625);
#326=LINE('',#3151,#626);
#327=LINE('',#3153,#627);
#328=LINE('',#3155,#628);
#329=LINE('',#3157,#629);
#330=LINE('',#3158,#630);
#331=LINE('',#3159,#631);
#332=LINE('',#3160,#632);
#333=LINE('',#3164,#633);
#334=LINE('',#3166,#634);
#335=LINE('',#3168,#635);
#336=LINE('',#3170,#636);
#337=LINE('',#3172,#637);
#338=LINE('',#3173,#638);
#339=LINE('',#3177,#639);
#340=LINE('',#3179,#640);
#341=LINE('',#3182,#641);
#342=LINE('',#3184,#642);
#343=LINE('',#3185,#643);
#344=LINE('',#3188,#644);
#345=LINE('',#3189,#645);
#346=LINE('',#3193,#646);
#347=LINE('',#3195,#647);
#348=LINE('',#3197,#648);
#349=LINE('',#3198,#649);
#350=LINE('',#3202,#650);
#351=LINE('',#3204,#651);
#352=LINE('',#3205,#652);
#353=LINE('',#3208,#653);
#354=LINE('',#3209,#654);
#355=LINE('',#3212,#655);
#356=LINE('',#3214,#656);
#357=LINE('',#3215,#657);
#358=LINE('',#3218,#658);
#359=LINE('',#3220,#659);
#360=LINE('',#3222,#660);
#361=LINE('',#3223,#661);
#362=LINE('',#3225,#662);
#363=LINE('',#3227,#663);
#364=LINE('',#3229,#664);
#365=LINE('',#3231,#665);
#366=LINE('',#3233,#666);
#367=LINE('',#3235,#667);
#368=LINE('',#3237,#668);
#369=LINE('',#3239,#669);
#370=LINE('',#3240,#670);
#371=LINE('',#3242,#671);
#372=LINE('',#3243,#672);
#373=LINE('',#3245,#673);
#374=LINE('',#3247,#674);
#375=LINE('',#3248,#675);
#376=LINE('',#3251,#676);
#377=LINE('',#3253,#677);
#378=LINE('',#3255,#678);
#379=LINE('',#3256,#679);
#380=LINE('',#3259,#680);
#381=LINE('',#3261,#681);
#382=LINE('',#3263,#682);
#383=LINE('',#3264,#683);
#384=LINE('',#3267,#684);
#385=LINE('',#3269,#685);
#386=LINE('',#3271,#686);
#387=LINE('',#3272,#687);
#388=LINE('',#3274,#688);
#389=LINE('',#3276,#689);
#390=LINE('',#3277,#690);
#391=LINE('',#3279,#691);
#392=LINE('',#3281,#692);
#393=LINE('',#3283,#693);
#394=LINE('',#3286,#694);
#395=LINE('',#3287,#695);
#396=LINE('',#3290,#696);
#397=LINE('',#3291,#697);
#398=LINE('',#3292,#698);
#399=LINE('',#3294,#699);
#400=LINE('',#3297,#700);
#401=LINE('',#3299,#701);
#402=LINE('',#3300,#702);
#403=LINE('',#3303,#703);
#404=LINE('',#3305,#704);
#405=LINE('',#3307,#705);
#406=LINE('',#3308,#706);
#407=LINE('',#3310,#707);
#408=LINE('',#3311,#708);
#409=LINE('',#3314,#709);
#410=LINE('',#3316,#710);
#411=LINE('',#3318,#711);
#412=LINE('',#3320,#712);
#413=LINE('',#3321,#713);
#414=LINE('',#3324,#714);
#415=LINE('',#3325,#715);
#416=LINE('',#3327,#716);
#417=LINE('',#3329,#717);
#418=LINE('',#3331,#718);
#419=LINE('',#3332,#719);
#420=LINE('',#3333,#720);
#421=LINE('',#3335,#721);
#422=LINE('',#3337,#722);
#423=LINE('',#3341,#723);
#424=LINE('',#3343,#724);
#425=LINE('',#3345,#725);
#426=LINE('',#3346,#726);
#427=LINE('',#3347,#727);
#428=LINE('',#3349,#728);
#429=LINE('',#3351,#729);
#430=LINE('',#3352,#730);
#431=LINE('',#3354,#731);
#432=LINE('',#3356,#732);
#433=LINE('',#3359,#733);
#434=LINE('',#3360,#734);
#435=LINE('',#3363,#735);
#436=LINE('',#3364,#736);
#437=LINE('',#3366,#737);
#438=LINE('',#3368,#738);
#439=LINE('',#3371,#739);
#440=LINE('',#3374,#740);
#441=LINE('',#3375,#741);
#442=LINE('',#3377,#742);
#443=LINE('',#3383,#743);
#444=LINE('',#3384,#744);
#445=LINE('',#3385,#745);
#446=LINE('',#3388,#746);
#447=LINE('',#3389,#747);
#448=LINE('',#3392,#748);
#449=LINE('',#3393,#749);
#450=LINE('',#3395,#750);
#451=LINE('',#3399,#751);
#452=LINE('',#3400,#752);
#453=LINE('',#3401,#753);
#454=LINE('',#3404,#754);
#455=LINE('',#3405,#755);
#456=LINE('',#3408,#756);
#457=LINE('',#3409,#757);
#458=LINE('',#3411,#758);
#459=LINE('',#3415,#759);
#460=LINE('',#3417,#760);
#461=LINE('',#3419,#761);
#462=LINE('',#3420,#762);
#463=LINE('',#3424,#763);
#464=LINE('',#3426,#764);
#465=LINE('',#3428,#765);
#466=LINE('',#3429,#766);
#467=LINE('',#3431,#767);
#468=LINE('',#3435,#768);
#469=LINE('',#3437,#769);
#470=LINE('',#3438,#770);
#471=LINE('',#3441,#771);
#472=LINE('',#3442,#772);
#473=LINE('',#3445,#773);
#474=LINE('',#3446,#774);
#475=LINE('',#3448,#775);
#476=LINE('',#3451,#776);
#477=LINE('',#3453,#777);
#478=LINE('',#3454,#778);
#479=LINE('',#3457,#779);
#480=LINE('',#3458,#780);
#481=LINE('',#3461,#781);
#482=LINE('',#3462,#782);
#483=LINE('',#3464,#783);
#484=LINE('',#3467,#784);
#485=LINE('',#3471,#785);
#486=LINE('',#3473,#786);
#487=LINE('',#3475,#787);
#488=LINE('',#3477,#788);
#489=LINE('',#3479,#789);
#490=LINE('',#3481,#790);
#491=LINE('',#3483,#791);
#492=LINE('',#3486,#792);
#493=LINE('',#3489,#793);
#494=LINE('',#3490,#794);
#495=LINE('',#3495,#795);
#496=LINE('',#3497,#796);
#497=LINE('',#3499,#797);
#498=LINE('',#3501,#798);
#499=LINE('',#3503,#799);
#500=LINE('',#3505,#800);
#501=LINE('',#3507,#801);
#502=LINE('',#3510,#802);
#503=LINE('',#3512,#803);
#504=LINE('',#3515,#804);
#505=LINE('',#3519,#805);
#506=LINE('',#3521,#806);
#507=LINE('',#3523,#807);
#508=LINE('',#3525,#808);
#509=LINE('',#3527,#809);
#510=LINE('',#3529,#810);
#511=LINE('',#3531,#811);
#512=LINE('',#3534,#812);
#513=LINE('',#3537,#813);
#514=LINE('',#3538,#814);
#515=LINE('',#3543,#815);
#516=LINE('',#3545,#816);
#517=LINE('',#3547,#817);
#518=LINE('',#3549,#818);
#519=LINE('',#3551,#819);
#520=LINE('',#3553,#820);
#521=LINE('',#3555,#821);
#522=LINE('',#3558,#822);
#523=LINE('',#3560,#823);
#524=LINE('',#3564,#824);
#525=LINE('',#3566,#825);
#526=LINE('',#3568,#826);
#527=LINE('',#3571,#827);
#528=LINE('',#3573,#828);
#529=LINE('',#3574,#829);
#530=LINE('',#3577,#830);
#531=LINE('',#3579,#831);
#532=LINE('',#3581,#832);
#533=LINE('',#3582,#833);
#534=LINE('',#3585,#834);
#535=LINE('',#3586,#835);
#536=LINE('',#3587,#836);
#537=LINE('',#3589,#837);
#538=LINE('',#3591,#838);
#539=LINE('',#3595,#839);
#540=LINE('',#3597,#840);
#541=LINE('',#3598,#841);
#542=LINE('',#3600,#842);
#543=LINE('',#3602,#843);
#544=LINE('',#3604,#844);
#545=LINE('',#3607,#845);
#546=LINE('',#3609,#846);
#547=LINE('',#3610,#847);
#548=LINE('',#3613,#848);
#549=LINE('',#3615,#849);
#550=LINE('',#3617,#850);
#551=LINE('',#3618,#851);
#552=LINE('',#3621,#852);
#553=LINE('',#3622,#853);
#554=LINE('',#3623,#854);
#555=LINE('',#3625,#855);
#556=LINE('',#3627,#856);
#557=LINE('',#3631,#857);
#558=LINE('',#3633,#858);
#559=LINE('',#3634,#859);
#560=LINE('',#3636,#860);
#561=LINE('',#3638,#861);
#562=LINE('',#3641,#862);
#563=LINE('',#3643,#863);
#564=VECTOR('',#2473,1.);
#565=VECTOR('',#2474,1.);
#566=VECTOR('',#2475,1.);
#567=VECTOR('',#2476,1.);
#568=VECTOR('',#2479,1.);
#569=VECTOR('',#2480,1.);
#570=VECTOR('',#2481,1.);
#571=VECTOR('',#2482,0.999999999999738);
#572=VECTOR('',#2483,1.);
#573=VECTOR('',#2484,1.);
#574=VECTOR('',#2485,1.);
#575=VECTOR('',#2486,1.);
#576=VECTOR('',#2491,1.);
#577=VECTOR('',#2492,1.);
#578=VECTOR('',#2493,1.);
#579=VECTOR('',#2494,1.);
#580=VECTOR('',#2495,1.);
#581=VECTOR('',#2496,1.);
#582=VECTOR('',#2497,1.);
#583=VECTOR('',#2498,1.);
#584=VECTOR('',#2499,1.);
#585=VECTOR('',#2500,1.);
#586=VECTOR('',#2505,1.);
#587=VECTOR('',#2506,1.);
#588=VECTOR('',#2507,1.);
#589=VECTOR('',#2508,1.);
#590=VECTOR('',#2509,1.);
#591=VECTOR('',#2512,1.);
#592=VECTOR('',#2515,1.);
#593=VECTOR('',#2516,1.);
#594=VECTOR('',#2519,1.);
#595=VECTOR('',#2520,1.);
#596=VECTOR('',#2523,1.);
#597=VECTOR('',#2524,0.999999999999738);
#598=VECTOR('',#2527,1.);
#599=VECTOR('',#2528,1.);
#600=VECTOR('',#2529,1.);
#601=VECTOR('',#2530,1.);
#602=VECTOR('',#2531,1.);
#603=VECTOR('',#2532,1.);
#604=VECTOR('',#2535,1.);
#605=VECTOR('',#2536,1.);
#606=VECTOR('',#2537,1.);
#607=VECTOR('',#2538,1.);
#608=VECTOR('',#2539,1.);
#609=VECTOR('',#2540,1.);
#610=VECTOR('',#2541,1.);
#611=VECTOR('',#2542,1.);
#612=VECTOR('',#2543,1.);
#613=VECTOR('',#2544,1.);
#614=VECTOR('',#2545,1.);
#615=VECTOR('',#2546,1.);
#616=VECTOR('',#2547,1.);
#617=VECTOR('',#2548,1.);
#618=VECTOR('',#2549,1.);
#619=VECTOR('',#2550,1.);
#620=VECTOR('',#2553,1.);
#621=VECTOR('',#2554,1.);
#622=VECTOR('',#2555,1.);
#623=VECTOR('',#2560,1.);
#624=VECTOR('',#2561,1.);
#625=VECTOR('',#2562,1.);
#626=VECTOR('',#2563,1.);
#627=VECTOR('',#2564,1.);
#628=VECTOR('',#2565,1.);
#629=VECTOR('',#2566,1.);
#630=VECTOR('',#2567,1.);
#631=VECTOR('',#2568,1.);
#632=VECTOR('',#2569,1.);
#633=VECTOR('',#2574,1.);
#634=VECTOR('',#2575,1.);
#635=VECTOR('',#2576,1.);
#636=VECTOR('',#2577,1.);
#637=VECTOR('',#2578,1.);
#638=VECTOR('',#2579,1.);
#639=VECTOR('',#2582,1.);
#640=VECTOR('',#2583,1.);
#641=VECTOR('',#2586,1.);
#642=VECTOR('',#2587,1.);
#643=VECTOR('',#2588,1.);
#644=VECTOR('',#2591,1.);
#645=VECTOR('',#2592,1.);
#646=VECTOR('',#2595,1.);
#647=VECTOR('',#2596,0.999999999999738);
#648=VECTOR('',#2597,1.);
#649=VECTOR('',#2598,1.);
#650=VECTOR('',#2601,1.);
#651=VECTOR('',#2602,1.);
#652=VECTOR('',#2603,1.);
#653=VECTOR('',#2606,1.);
#654=VECTOR('',#2607,1.);
#655=VECTOR('',#2610,1.);
#656=VECTOR('',#2611,1.);
#657=VECTOR('',#2612,0.999999999999738);
#658=VECTOR('',#2615,1.);
#659=VECTOR('',#2616,1.);
#660=VECTOR('',#2617,1.);
#661=VECTOR('',#2618,1.);
#662=VECTOR('',#2619,1.);
#663=VECTOR('',#2620,1.);
#664=VECTOR('',#2621,1.);
#665=VECTOR('',#2622,1.);
#666=VECTOR('',#2623,1.);
#667=VECTOR('',#2624,1.);
#668=VECTOR('',#2625,1.);
#669=VECTOR('',#2626,1.);
#670=VECTOR('',#2627,1.);
#671=VECTOR('',#2630,1.);
#672=VECTOR('',#2631,1.);
#673=VECTOR('',#2632,1.);
#674=VECTOR('',#2633,1.);
#675=VECTOR('',#2634,1.);
#676=VECTOR('',#2635,1.);
#677=VECTOR('',#2636,1.);
#678=VECTOR('',#2637,1.);
#679=VECTOR('',#2638,1.);
#680=VECTOR('',#2639,1.);
#681=VECTOR('',#2640,1.);
#682=VECTOR('',#2641,1.);
#683=VECTOR('',#2642,1.);
#684=VECTOR('',#2645,0.999999999999941);
#685=VECTOR('',#2646,1.);
#686=VECTOR('',#2647,1.00000000000012);
#687=VECTOR('',#2648,1.);
#688=VECTOR('',#2651,1.);
#689=VECTOR('',#2652,1.);
#690=VECTOR('',#2653,1.);
#691=VECTOR('',#2656,1.);
#692=VECTOR('',#2659,1.);
#693=VECTOR('',#2662,1.00000000000012);
#694=VECTOR('',#2665,1.);
#695=VECTOR('',#2666,1.00000000000012);
#696=VECTOR('',#2669,1.);
#697=VECTOR('',#2670,0.999999999999941);
#698=VECTOR('',#2671,1.);
#699=VECTOR('',#2674,1.);
#700=VECTOR('',#2677,0.999999999999941);
#701=VECTOR('',#2678,1.);
#702=VECTOR('',#2679,1.00000000000012);
#703=VECTOR('',#2682,1.);
#704=VECTOR('',#2683,1.00000000000012);
#705=VECTOR('',#2684,1.);
#706=VECTOR('',#2685,1.00000000000012);
#707=VECTOR('',#2688,1.);
#708=VECTOR('',#2689,1.);
#709=VECTOR('',#2692,1.);
#710=VECTOR('',#2693,1.);
#711=VECTOR('',#2694,1.);
#712=VECTOR('',#2695,1.);
#713=VECTOR('',#2696,1.);
#714=VECTOR('',#2699,1.);
#715=VECTOR('',#2700,1.);
#716=VECTOR('',#2703,1.);
#717=VECTOR('',#2704,1.);
#718=VECTOR('',#2705,1.);
#719=VECTOR('',#2706,1.);
#720=VECTOR('',#2707,1.);
#721=VECTOR('',#2710,1.);
#722=VECTOR('',#2713,1.);
#723=VECTOR('',#2718,1.);
#724=VECTOR('',#2719,1.);
#725=VECTOR('',#2720,1.);
#726=VECTOR('',#2721,1.);
#727=VECTOR('',#2722,1.);
#728=VECTOR('',#2725,1.);
#729=VECTOR('',#2726,1.);
#730=VECTOR('',#2727,0.999999999999941);
#731=VECTOR('',#2730,1.);
#732=VECTOR('',#2733,1.);
#733=VECTOR('',#2736,1.);
#734=VECTOR('',#2737,1.);
#735=VECTOR('',#2740,1.);
#736=VECTOR('',#2741,1.);
#737=VECTOR('',#2744,1.);
#738=VECTOR('',#2747,1.);
#739=VECTOR('',#2752,1.);
#740=VECTOR('',#2757,1.);
#741=VECTOR('',#2758,1.);
#742=VECTOR('',#2761,1.);
#743=VECTOR('',#2768,1.);
#744=VECTOR('',#2769,1.);
#745=VECTOR('',#2770,1.);
#746=VECTOR('',#2773,1.);
#747=VECTOR('',#2774,1.);
#748=VECTOR('',#2777,1.);
#749=VECTOR('',#2778,1.);
#750=VECTOR('',#2781,1.);
#751=VECTOR('',#2784,1.);
#752=VECTOR('',#2785,1.);
#753=VECTOR('',#2786,1.);
#754=VECTOR('',#2789,1.);
#755=VECTOR('',#2790,1.);
#756=VECTOR('',#2793,1.);
#757=VECTOR('',#2794,1.);
#758=VECTOR('',#2797,1.);
#759=VECTOR('',#2800,1.);
#760=VECTOR('',#2801,1.);
#761=VECTOR('',#2802,1.);
#762=VECTOR('',#2803,1.);
#763=VECTOR('',#2806,1.);
#764=VECTOR('',#2807,1.);
#765=VECTOR('',#2808,1.);
#766=VECTOR('',#2809,1.);
#767=VECTOR('',#2812,1.);
#768=VECTOR('',#2817,1.00000000000065);
#769=VECTOR('',#2818,1.00000000000065);
#770=VECTOR('',#2819,1.);
#771=VECTOR('',#2822,1.00000000000065);
#772=VECTOR('',#2823,1.);
#773=VECTOR('',#2826,1.00000000000065);
#774=VECTOR('',#2827,1.);
#775=VECTOR('',#2830,1.);
#776=VECTOR('',#2833,1.00000000000065);
#777=VECTOR('',#2834,1.00000000000065);
#778=VECTOR('',#2835,1.);
#779=VECTOR('',#2838,1.00000000000065);
#780=VECTOR('',#2839,1.);
#781=VECTOR('',#2842,1.00000000000065);
#782=VECTOR('',#2843,1.);
#783=VECTOR('',#2846,1.);
#784=VECTOR('',#2849,1.);
#785=VECTOR('',#2852,1.);
#786=VECTOR('',#2853,1.00000000000009);
#787=VECTOR('',#2854,0.99999999999993);
#788=VECTOR('',#2855,1.);
#789=VECTOR('',#2856,0.99999999999993);
#790=VECTOR('',#2857,1.00000000000009);
#791=VECTOR('',#2858,1.);
#792=VECTOR('',#2861,1.);
#793=VECTOR('',#2864,1.);
#794=VECTOR('',#2865,1.);
#795=VECTOR('',#2870,1.);
#796=VECTOR('',#2871,1.00000000000009);
#797=VECTOR('',#2872,0.99999999999993);
#798=VECTOR('',#2873,1.);
#799=VECTOR('',#2874,0.99999999999993);
#800=VECTOR('',#2875,1.00000000000009);
#801=VECTOR('',#2876,1.);
#802=VECTOR('',#2879,1.);
#803=VECTOR('',#2882,1.);
#804=VECTOR('',#2885,1.);
#805=VECTOR('',#2888,1.);
#806=VECTOR('',#2889,1.00000000000009);
#807=VECTOR('',#2890,0.99999999999993);
#808=VECTOR('',#2891,1.);
#809=VECTOR('',#2892,0.99999999999993);
#810=VECTOR('',#2893,1.00000000000009);
#811=VECTOR('',#2894,1.);
#812=VECTOR('',#2897,1.);
#813=VECTOR('',#2900,1.);
#814=VECTOR('',#2901,1.);
#815=VECTOR('',#2906,1.);
#816=VECTOR('',#2907,1.00000000000009);
#817=VECTOR('',#2908,0.99999999999993);
#818=VECTOR('',#2909,1.);
#819=VECTOR('',#2910,0.99999999999993);
#820=VECTOR('',#2911,1.00000000000009);
#821=VECTOR('',#2912,1.);
#822=VECTOR('',#2915,1.);
#823=VECTOR('',#2918,1.);
#824=VECTOR('',#2925,1.);
#825=VECTOR('',#2928,1.);
#826=VECTOR('',#2931,1.);
#827=VECTOR('',#2934,1.00000000000061);
#828=VECTOR('',#2935,1.);
#829=VECTOR('',#2936,1.00000000000061);
#830=VECTOR('',#2939,1.00000000000055);
#831=VECTOR('',#2940,1.);
#832=VECTOR('',#2941,1.00000000000058);
#833=VECTOR('',#2942,1.00000000000061);
#834=VECTOR('',#2945,1.);
#835=VECTOR('',#2946,1.00000000000061);
#836=VECTOR('',#2947,1.);
#837=VECTOR('',#2950,1.);
#838=VECTOR('',#2953,1.);
#839=VECTOR('',#2958,1.00000000000055);
#840=VECTOR('',#2959,1.00000000000058);
#841=VECTOR('',#2960,1.);
#842=VECTOR('',#2963,1.);
#843=VECTOR('',#2966,1.);
#844=VECTOR('',#2969,1.);
#845=VECTOR('',#2972,1.00000000000061);
#846=VECTOR('',#2973,1.);
#847=VECTOR('',#2974,1.00000000000061);
#848=VECTOR('',#2977,1.00000000000055);
#849=VECTOR('',#2978,1.);
#850=VECTOR('',#2979,1.00000000000058);
#851=VECTOR('',#2980,1.00000000000061);
#852=VECTOR('',#2983,1.);
#853=VECTOR('',#2984,1.00000000000061);
#854=VECTOR('',#2985,1.);
#855=VECTOR('',#2988,1.);
#856=VECTOR('',#2991,1.);
#857=VECTOR('',#2996,1.00000000000055);
#858=VECTOR('',#2997,1.00000000000058);
#859=VECTOR('',#2998,1.);
#860=VECTOR('',#3001,1.);
#861=VECTOR('',#3004,1.);
#862=VECTOR('',#3009,1.);
#863=VECTOR('',#3012,1.);
#864=VERTEX_POINT('',#3020);
#865=VERTEX_POINT('',#3021);
#866=VERTEX_POINT('',#3023);
#867=VERTEX_POINT('',#3025);
#868=VERTEX_POINT('',#3029);
#869=VERTEX_POINT('',#3031);
#870=VERTEX_POINT('',#3033);
#871=VERTEX_POINT('',#3035);
#872=VERTEX_POINT('',#3037);
#873=VERTEX_POINT('',#3039);
#874=VERTEX_POINT('',#3041);
#875=VERTEX_POINT('',#3043);
#876=VERTEX_POINT('',#3047);
#877=VERTEX_POINT('',#3048);
#878=VERTEX_POINT('',#3050);
#879=VERTEX_POINT('',#3053);
#880=VERTEX_POINT('',#3055);
#881=VERTEX_POINT('',#3057);
#882=VERTEX_POINT('',#3059);
#883=VERTEX_POINT('',#3061);
#884=VERTEX_POINT('',#3063);
#885=VERTEX_POINT('',#3067);
#886=VERTEX_POINT('',#3069);
#887=VERTEX_POINT('',#3071);
#888=VERTEX_POINT('',#3073);
#889=VERTEX_POINT('',#3075);
#890=VERTEX_POINT('',#3081);
#891=VERTEX_POINT('',#3085);
#892=VERTEX_POINT('',#3089);
#893=VERTEX_POINT('',#3093);
#894=VERTEX_POINT('',#3094);
#895=VERTEX_POINT('',#3096);
#896=VERTEX_POINT('',#3098);
#897=VERTEX_POINT('',#3101);
#898=VERTEX_POINT('',#3105);
#899=VERTEX_POINT('',#3107);
#900=VERTEX_POINT('',#3109);
#901=VERTEX_POINT('',#3111);
#902=VERTEX_POINT('',#3113);
#903=VERTEX_POINT('',#3115);
#904=VERTEX_POINT('',#3117);
#905=VERTEX_POINT('',#3119);
#906=VERTEX_POINT('',#3121);
#907=VERTEX_POINT('',#3123);
#908=VERTEX_POINT('',#3125);
#909=VERTEX_POINT('',#3127);
#910=VERTEX_POINT('',#3129);
#911=VERTEX_POINT('',#3131);
#912=VERTEX_POINT('',#3133);
#913=VERTEX_POINT('',#3138);
#914=VERTEX_POINT('',#3143);
#915=VERTEX_POINT('',#3144);
#916=VERTEX_POINT('',#3146);
#917=VERTEX_POINT('',#3148);
#918=VERTEX_POINT('',#3150);
#919=VERTEX_POINT('',#3152);
#920=VERTEX_POINT('',#3154);
#921=VERTEX_POINT('',#3156);
#922=VERTEX_POINT('',#3163);
#923=VERTEX_POINT('',#3165);
#924=VERTEX_POINT('',#3167);
#925=VERTEX_POINT('',#3169);
#926=VERTEX_POINT('',#3171);
#927=VERTEX_POINT('',#3175);
#928=VERTEX_POINT('',#3176);
#929=VERTEX_POINT('',#3178);
#930=VERTEX_POINT('',#3180);
#931=VERTEX_POINT('',#3183);
#932=VERTEX_POINT('',#3187);
#933=VERTEX_POINT('',#3191);
#934=VERTEX_POINT('',#3192);
#935=VERTEX_POINT('',#3194);
#936=VERTEX_POINT('',#3196);
#937=VERTEX_POINT('',#3199);
#938=VERTEX_POINT('',#3201);
#939=VERTEX_POINT('',#3203);
#940=VERTEX_POINT('',#3207);
#941=VERTEX_POINT('',#3211);
#942=VERTEX_POINT('',#3213);
#943=VERTEX_POINT('',#3217);
#944=VERTEX_POINT('',#3219);
#945=VERTEX_POINT('',#3221);
#946=VERTEX_POINT('',#3224);
#947=VERTEX_POINT('',#3226);
#948=VERTEX_POINT('',#3228);
#949=VERTEX_POINT('',#3230);
#950=VERTEX_POINT('',#3232);
#951=VERTEX_POINT('',#3234);
#952=VERTEX_POINT('',#3236);
#953=VERTEX_POINT('',#3238);
#954=VERTEX_POINT('',#3244);
#955=VERTEX_POINT('',#3246);
#956=VERTEX_POINT('',#3249);
#957=VERTEX_POINT('',#3250);
#958=VERTEX_POINT('',#3252);
#959=VERTEX_POINT('',#3254);
#960=VERTEX_POINT('',#3257);
#961=VERTEX_POINT('',#3258);
#962=VERTEX_POINT('',#3260);
#963=VERTEX_POINT('',#3262);
#964=VERTEX_POINT('',#3266);
#965=VERTEX_POINT('',#3268);
#966=VERTEX_POINT('',#3270);
#967=VERTEX_POINT('',#3275);
#968=VERTEX_POINT('',#3285);
#969=VERTEX_POINT('',#3289);
#970=VERTEX_POINT('',#3296);
#971=VERTEX_POINT('',#3298);
#972=VERTEX_POINT('',#3302);
#973=VERTEX_POINT('',#3304);
#974=VERTEX_POINT('',#3306);
#975=VERTEX_POINT('',#3313);
#976=VERTEX_POINT('',#3315);
#977=VERTEX_POINT('',#3317);
#978=VERTEX_POINT('',#3319);
#979=VERTEX_POINT('',#3323);
#980=VERTEX_POINT('',#3328);
#981=VERTEX_POINT('',#3330);
#982=VERTEX_POINT('',#3340);
#983=VERTEX_POINT('',#3342);
#984=VERTEX_POINT('',#3344);
#985=VERTEX_POINT('',#3350);
#986=VERTEX_POINT('',#3358);
#987=VERTEX_POINT('',#3362);
#988=VERTEX_POINT('',#3381);
#989=VERTEX_POINT('',#3382);
#990=VERTEX_POINT('',#3387);
#991=VERTEX_POINT('',#3391);
#992=VERTEX_POINT('',#3397);
#993=VERTEX_POINT('',#3398);
#994=VERTEX_POINT('',#3403);
#995=VERTEX_POINT('',#3407);
#996=VERTEX_POINT('',#3413);
#997=VERTEX_POINT('',#3414);
#998=VERTEX_POINT('',#3416);
#999=VERTEX_POINT('',#3418);
#1000=VERTEX_POINT('',#3422);
#1001=VERTEX_POINT('',#3423);
#1002=VERTEX_POINT('',#3425);
#1003=VERTEX_POINT('',#3427);
#1004=VERTEX_POINT('',#3434);
#1005=VERTEX_POINT('',#3436);
#1006=VERTEX_POINT('',#3440);
#1007=VERTEX_POINT('',#3444);
#1008=VERTEX_POINT('',#3450);
#1009=VERTEX_POINT('',#3452);
#1010=VERTEX_POINT('',#3456);
#1011=VERTEX_POINT('',#3460);
#1012=VERTEX_POINT('',#3466);
#1013=VERTEX_POINT('',#3468);
#1014=VERTEX_POINT('',#3470);
#1015=VERTEX_POINT('',#3472);
#1016=VERTEX_POINT('',#3474);
#1017=VERTEX_POINT('',#3476);
#1018=VERTEX_POINT('',#3478);
#1019=VERTEX_POINT('',#3480);
#1020=VERTEX_POINT('',#3482);
#1021=VERTEX_POINT('',#3484);
#1022=VERTEX_POINT('',#3488);
#1023=VERTEX_POINT('',#3492);
#1024=VERTEX_POINT('',#3494);
#1025=VERTEX_POINT('',#3496);
#1026=VERTEX_POINT('',#3498);
#1027=VERTEX_POINT('',#3500);
#1028=VERTEX_POINT('',#3502);
#1029=VERTEX_POINT('',#3504);
#1030=VERTEX_POINT('',#3506);
#1031=VERTEX_POINT('',#3508);
#1032=VERTEX_POINT('',#3514);
#1033=VERTEX_POINT('',#3516);
#1034=VERTEX_POINT('',#3518);
#1035=VERTEX_POINT('',#3520);
#1036=VERTEX_POINT('',#3522);
#1037=VERTEX_POINT('',#3524);
#1038=VERTEX_POINT('',#3526);
#1039=VERTEX_POINT('',#3528);
#1040=VERTEX_POINT('',#3530);
#1041=VERTEX_POINT('',#3532);
#1042=VERTEX_POINT('',#3536);
#1043=VERTEX_POINT('',#3540);
#1044=VERTEX_POINT('',#3542);
#1045=VERTEX_POINT('',#3544);
#1046=VERTEX_POINT('',#3546);
#1047=VERTEX_POINT('',#3548);
#1048=VERTEX_POINT('',#3550);
#1049=VERTEX_POINT('',#3552);
#1050=VERTEX_POINT('',#3554);
#1051=VERTEX_POINT('',#3556);
#1052=VERTEX_POINT('',#3570);
#1053=VERTEX_POINT('',#3572);
#1054=VERTEX_POINT('',#3576);
#1055=VERTEX_POINT('',#3578);
#1056=VERTEX_POINT('',#3580);
#1057=VERTEX_POINT('',#3584);
#1058=VERTEX_POINT('',#3594);
#1059=VERTEX_POINT('',#3596);
#1060=VERTEX_POINT('',#3606);
#1061=VERTEX_POINT('',#3608);
#1062=VERTEX_POINT('',#3612);
#1063=VERTEX_POINT('',#3614);
#1064=VERTEX_POINT('',#3616);
#1065=VERTEX_POINT('',#3620);
#1066=VERTEX_POINT('',#3630);
#1067=VERTEX_POINT('',#3632);
#1068=EDGE_CURVE('',#864,#865,#264,.T.);
#1069=EDGE_CURVE('',#864,#866,#265,.T.);
#1070=EDGE_CURVE('',#866,#867,#266,.T.);
#1071=EDGE_CURVE('',#865,#867,#267,.T.);
#1072=EDGE_CURVE('',#868,#865,#268,.T.);
#1073=EDGE_CURVE('',#869,#868,#269,.T.);
#1074=EDGE_CURVE('',#870,#869,#270,.T.);
#1075=EDGE_CURVE('',#871,#870,#271,.T.);
#1076=EDGE_CURVE('',#871,#872,#272,.T.);
#1077=EDGE_CURVE('',#872,#873,#273,.T.);
#1078=EDGE_CURVE('',#874,#873,#274,.T.);
#1079=EDGE_CURVE('',#874,#875,#275,.T.);
#1080=EDGE_CURVE('',#875,#864,#28,.T.);
#1081=EDGE_CURVE('',#876,#877,#276,.T.);
#1082=EDGE_CURVE('',#878,#877,#277,.T.);
#1083=EDGE_CURVE('',#868,#878,#278,.T.);
#1084=EDGE_CURVE('',#879,#867,#279,.T.);
#1085=EDGE_CURVE('',#880,#879,#280,.T.);
#1086=EDGE_CURVE('',#881,#880,#281,.T.);
#1087=EDGE_CURVE('',#881,#882,#282,.T.);
#1088=EDGE_CURVE('',#882,#883,#283,.T.);
#1089=EDGE_CURVE('',#884,#883,#284,.T.);
#1090=EDGE_CURVE('',#884,#876,#285,.T.);
#1091=EDGE_CURVE('',#866,#885,#29,.T.);
#1092=EDGE_CURVE('',#886,#885,#286,.T.);
#1093=EDGE_CURVE('',#886,#887,#287,.T.);
#1094=EDGE_CURVE('',#887,#888,#288,.T.);
#1095=EDGE_CURVE('',#889,#888,#289,.T.);
#1096=EDGE_CURVE('',#879,#889,#290,.T.);
#1097=EDGE_CURVE('',#875,#885,#291,.T.);
#1098=EDGE_CURVE('',#869,#890,#292,.T.);
#1099=EDGE_CURVE('',#890,#878,#293,.T.);
#1100=EDGE_CURVE('',#870,#891,#294,.T.);
#1101=EDGE_CURVE('',#891,#890,#295,.T.);
#1102=EDGE_CURVE('',#871,#892,#296,.T.);
#1103=EDGE_CURVE('',#892,#891,#297,.T.);
#1104=EDGE_CURVE('',#893,#894,#298,.T.);
#1105=EDGE_CURVE('',#895,#894,#299,.T.);
#1106=EDGE_CURVE('',#896,#895,#300,.T.);
#1107=EDGE_CURVE('',#872,#896,#301,.T.);
#1108=EDGE_CURVE('',#897,#892,#302,.T.);
#1109=EDGE_CURVE('',#893,#897,#303,.T.);
#1110=EDGE_CURVE('',#898,#896,#304,.T.);
#1111=EDGE_CURVE('',#899,#898,#305,.T.);
#1112=EDGE_CURVE('',#900,#899,#306,.T.);
#1113=EDGE_CURVE('',#900,#901,#307,.T.);
#1114=EDGE_CURVE('',#902,#901,#308,.T.);
#1115=EDGE_CURVE('',#902,#903,#309,.T.);
#1116=EDGE_CURVE('',#903,#904,#310,.T.);
#1117=EDGE_CURVE('',#904,#905,#311,.T.);
#1118=EDGE_CURVE('',#905,#906,#312,.T.);
#1119=EDGE_CURVE('',#906,#907,#313,.T.);
#1120=EDGE_CURVE('',#907,#908,#314,.T.);
#1121=EDGE_CURVE('',#909,#908,#315,.T.);
#1122=EDGE_CURVE('',#910,#909,#316,.T.);
#1123=EDGE_CURVE('',#911,#910,#317,.T.);
#1124=EDGE_CURVE('',#912,#911,#318,.T.);
#1125=EDGE_CURVE('',#873,#912,#319,.T.);
#1126=EDGE_CURVE('',#874,#886,#320,.T.);
#1127=EDGE_CURVE('',#912,#913,#321,.T.);
#1128=EDGE_CURVE('',#887,#913,#322,.T.);
#1129=EDGE_CURVE('',#914,#915,#323,.T.);
#1130=EDGE_CURVE('',#916,#915,#324,.T.);
#1131=EDGE_CURVE('',#917,#916,#325,.T.);
#1132=EDGE_CURVE('',#917,#918,#326,.T.);
#1133=EDGE_CURVE('',#918,#919,#327,.T.);
#1134=EDGE_CURVE('',#920,#919,#328,.T.);
#1135=EDGE_CURVE('',#921,#920,#329,.T.);
#1136=EDGE_CURVE('',#921,#893,#330,.T.);
#1137=EDGE_CURVE('',#877,#897,#331,.T.);
#1138=EDGE_CURVE('',#876,#914,#332,.T.);
#1139=EDGE_CURVE('',#922,#889,#333,.T.);
#1140=EDGE_CURVE('',#922,#923,#334,.T.);
#1141=EDGE_CURVE('',#924,#923,#335,.T.);
#1142=EDGE_CURVE('',#925,#924,#336,.T.);
#1143=EDGE_CURVE('',#926,#925,#337,.T.);
#1144=EDGE_CURVE('',#880,#926,#338,.T.);
#1145=EDGE_CURVE('',#927,#928,#339,.T.);
#1146=EDGE_CURVE('',#929,#928,#340,.T.);
#1147=EDGE_CURVE('',#930,#929,#30,.T.);
#1148=EDGE_CURVE('',#881,#930,#341,.T.);
#1149=EDGE_CURVE('',#931,#926,#342,.T.);
#1150=EDGE_CURVE('',#927,#931,#343,.T.);
#1151=EDGE_CURVE('',#930,#932,#344,.T.);
#1152=EDGE_CURVE('',#932,#882,#345,.T.);
#1153=EDGE_CURVE('',#933,#934,#346,.T.);
#1154=EDGE_CURVE('',#934,#935,#347,.T.);
#1155=EDGE_CURVE('',#935,#936,#348,.T.);
#1156=EDGE_CURVE('',#936,#883,#349,.T.);
#1157=EDGE_CURVE('',#932,#937,#31,.T.);
#1158=EDGE_CURVE('',#938,#937,#350,.T.);
#1159=EDGE_CURVE('',#939,#938,#351,.T.);
#1160=EDGE_CURVE('',#933,#939,#352,.T.);
#1161=EDGE_CURVE('',#940,#936,#353,.T.);
#1162=EDGE_CURVE('',#940,#884,#354,.T.);
#1163=EDGE_CURVE('',#914,#941,#355,.T.);
#1164=EDGE_CURVE('',#942,#940,#356,.T.);
#1165=EDGE_CURVE('',#941,#942,#357,.T.);
#1166=EDGE_CURVE('',#913,#943,#358,.T.);
#1167=EDGE_CURVE('',#943,#944,#359,.T.);
#1168=EDGE_CURVE('',#944,#945,#360,.T.);
#1169=EDGE_CURVE('',#945,#927,#361,.T.);
#1170=EDGE_CURVE('',#946,#931,#362,.T.);
#1171=EDGE_CURVE('',#947,#946,#363,.T.);
#1172=EDGE_CURVE('',#948,#947,#364,.T.);
#1173=EDGE_CURVE('',#949,#948,#365,.T.);
#1174=EDGE_CURVE('',#950,#949,#366,.T.);
#1175=EDGE_CURVE('',#950,#951,#367,.T.);
#1176=EDGE_CURVE('',#951,#952,#368,.T.);
#1177=EDGE_CURVE('',#952,#953,#369,.T.);
#1178=EDGE_CURVE('',#888,#953,#370,.T.);
#1179=EDGE_CURVE('',#953,#950,#371,.T.);
#1180=EDGE_CURVE('',#949,#946,#372,.T.);
#1181=EDGE_CURVE('',#954,#925,#373,.T.);
#1182=EDGE_CURVE('',#955,#954,#374,.T.);
#1183=EDGE_CURVE('',#922,#955,#375,.T.);
#1184=EDGE_CURVE('',#956,#957,#376,.T.);
#1185=EDGE_CURVE('',#957,#958,#377,.T.);
#1186=EDGE_CURVE('',#959,#958,#378,.T.);
#1187=EDGE_CURVE('',#959,#956,#379,.T.);
#1188=EDGE_CURVE('',#960,#961,#380,.T.);
#1189=EDGE_CURVE('',#961,#962,#381,.T.);
#1190=EDGE_CURVE('',#963,#962,#382,.T.);
#1191=EDGE_CURVE('',#963,#960,#383,.T.);
#1192=EDGE_CURVE('',#964,#921,#384,.T.);
#1193=EDGE_CURVE('',#965,#964,#385,.T.);
#1194=EDGE_CURVE('',#966,#965,#386,.T.);
#1195=EDGE_CURVE('',#894,#966,#387,.T.);
#1196=EDGE_CURVE('',#953,#895,#388,.T.);
#1197=EDGE_CURVE('',#966,#967,#389,.T.);
#1198=EDGE_CURVE('',#967,#950,#390,.T.);
#1199=EDGE_CURVE('',#898,#952,#391,.T.);
#1200=EDGE_CURVE('',#899,#951,#392,.T.);
#1201=EDGE_CURVE('',#900,#967,#393,.T.);
#1202=EDGE_CURVE('',#965,#968,#394,.T.);
#1203=EDGE_CURVE('',#901,#968,#395,.T.);
#1204=EDGE_CURVE('',#968,#969,#396,.T.);
#1205=EDGE_CURVE('',#969,#920,#397,.T.);
#1206=EDGE_CURVE('',#919,#902,#398,.T.);
#1207=EDGE_CURVE('',#918,#903,#399,.T.);
#1208=EDGE_CURVE('',#970,#917,#400,.T.);
#1209=EDGE_CURVE('',#971,#970,#401,.T.);
#1210=EDGE_CURVE('',#904,#971,#402,.T.);
#1211=EDGE_CURVE('',#971,#972,#403,.T.);
#1212=EDGE_CURVE('',#973,#972,#404,.T.);
#1213=EDGE_CURVE('',#973,#974,#405,.T.);
#1214=EDGE_CURVE('',#905,#974,#406,.T.);
#1215=EDGE_CURVE('',#974,#949,#407,.T.);
#1216=EDGE_CURVE('',#906,#948,#408,.T.);
#1217=EDGE_CURVE('',#975,#947,#409,.T.);
#1218=EDGE_CURVE('',#976,#975,#410,.T.);
#1219=EDGE_CURVE('',#977,#976,#411,.T.);
#1220=EDGE_CURVE('',#978,#977,#412,.T.);
#1221=EDGE_CURVE('',#907,#978,#413,.T.);
#1222=EDGE_CURVE('',#978,#979,#414,.T.);
#1223=EDGE_CURVE('',#908,#979,#415,.T.);
#1224=EDGE_CURVE('',#909,#945,#416,.T.);
#1225=EDGE_CURVE('',#979,#980,#417,.T.);
#1226=EDGE_CURVE('',#980,#981,#418,.T.);
#1227=EDGE_CURVE('',#981,#939,#419,.T.);
#1228=EDGE_CURVE('',#928,#938,#420,.T.);
#1229=EDGE_CURVE('',#910,#944,#421,.T.);
#1230=EDGE_CURVE('',#911,#943,#422,.T.);
#1231=EDGE_CURVE('',#982,#933,#423,.T.);
#1232=EDGE_CURVE('',#982,#983,#424,.T.);
#1233=EDGE_CURVE('',#983,#984,#425,.T.);
#1234=EDGE_CURVE('',#915,#984,#426,.T.);
#1235=EDGE_CURVE('',#941,#934,#427,.T.);
#1236=EDGE_CURVE('',#973,#984,#428,.T.);
#1237=EDGE_CURVE('',#972,#985,#429,.T.);
#1238=EDGE_CURVE('',#985,#916,#430,.T.);
#1239=EDGE_CURVE('',#970,#985,#431,.T.);
#1240=EDGE_CURVE('',#964,#969,#432,.T.);
#1241=EDGE_CURVE('',#955,#986,#433,.T.);
#1242=EDGE_CURVE('',#923,#986,#434,.T.);
#1243=EDGE_CURVE('',#986,#987,#435,.T.);
#1244=EDGE_CURVE('',#987,#924,#436,.T.);
#1245=EDGE_CURVE('',#954,#987,#437,.T.);
#1246=EDGE_CURVE('',#929,#937,#438,.T.);
#1247=EDGE_CURVE('',#942,#935,#439,.T.);
#1248=EDGE_CURVE('',#976,#981,#440,.T.);
#1249=EDGE_CURVE('',#975,#982,#441,.T.);
#1250=EDGE_CURVE('',#946,#983,#442,.T.);
#1251=EDGE_CURVE('',#988,#989,#443,.T.);
#1252=EDGE_CURVE('',#957,#988,#444,.T.);
#1253=EDGE_CURVE('',#989,#956,#445,.T.);
#1254=EDGE_CURVE('',#990,#959,#446,.T.);
#1255=EDGE_CURVE('',#989,#990,#447,.T.);
#1256=EDGE_CURVE('',#991,#990,#448,.T.);
#1257=EDGE_CURVE('',#958,#991,#449,.T.);
#1258=EDGE_CURVE('',#988,#991,#450,.T.);
#1259=EDGE_CURVE('',#992,#993,#451,.T.);
#1260=EDGE_CURVE('',#961,#992,#452,.T.);
#1261=EDGE_CURVE('',#993,#960,#453,.T.);
#1262=EDGE_CURVE('',#994,#963,#454,.T.);
#1263=EDGE_CURVE('',#993,#994,#455,.T.);
#1264=EDGE_CURVE('',#995,#994,#456,.T.);
#1265=EDGE_CURVE('',#962,#995,#457,.T.);
#1266=EDGE_CURVE('',#992,#995,#458,.T.);
#1267=EDGE_CURVE('',#996,#997,#459,.T.);
#1268=EDGE_CURVE('',#998,#996,#460,.T.);
#1269=EDGE_CURVE('',#998,#999,#461,.T.);
#1270=EDGE_CURVE('',#997,#999,#462,.T.);
#1271=EDGE_CURVE('',#1000,#1001,#463,.T.);
#1272=EDGE_CURVE('',#1002,#1000,#464,.T.);
#1273=EDGE_CURVE('',#1002,#1003,#465,.T.);
#1274=EDGE_CURVE('',#1001,#1003,#466,.T.);
#1275=EDGE_CURVE('',#977,#980,#467,.T.);
#1276=EDGE_CURVE('',#988,#1004,#468,.T.);
#1277=EDGE_CURVE('',#1005,#989,#469,.T.);
#1278=EDGE_CURVE('',#1004,#1005,#470,.T.);
#1279=EDGE_CURVE('',#990,#1006,#471,.T.);
#1280=EDGE_CURVE('',#1005,#1006,#472,.T.);
#1281=EDGE_CURVE('',#991,#1007,#473,.T.);
#1282=EDGE_CURVE('',#1007,#1006,#474,.T.);
#1283=EDGE_CURVE('',#1004,#1007,#475,.T.);
#1284=EDGE_CURVE('',#992,#1008,#476,.T.);
#1285=EDGE_CURVE('',#1009,#993,#477,.T.);
#1286=EDGE_CURVE('',#1008,#1009,#478,.T.);
#1287=EDGE_CURVE('',#994,#1010,#479,.T.);
#1288=EDGE_CURVE('',#1009,#1010,#480,.T.);
#1289=EDGE_CURVE('',#995,#1011,#481,.T.);
#1290=EDGE_CURVE('',#1011,#1010,#482,.T.);
#1291=EDGE_CURVE('',#1008,#1011,#483,.T.);
#1292=EDGE_CURVE('',#1012,#997,#484,.T.);
#1293=EDGE_CURVE('',#1012,#1013,#32,.T.);
#1294=EDGE_CURVE('',#1014,#1013,#485,.T.);
#1295=EDGE_CURVE('',#1015,#1014,#486,.T.);
#1296=EDGE_CURVE('',#1016,#1015,#487,.T.);
#1297=EDGE_CURVE('',#1017,#1016,#488,.T.);
#1298=EDGE_CURVE('',#1018,#1017,#489,.T.);
#1299=EDGE_CURVE('',#1019,#1018,#490,.T.);
#1300=EDGE_CURVE('',#1020,#1019,#491,.T.);
#1301=EDGE_CURVE('',#1021,#1020,#33,.T.);
#1302=EDGE_CURVE('',#996,#1021,#492,.T.);
#1303=EDGE_CURVE('',#1021,#1022,#493,.T.);
#1304=EDGE_CURVE('',#998,#1022,#494,.T.);
#1305=EDGE_CURVE('',#1022,#1023,#34,.T.);
#1306=EDGE_CURVE('',#1023,#1024,#495,.T.);
#1307=EDGE_CURVE('',#1024,#1025,#496,.T.);
#1308=EDGE_CURVE('',#1025,#1026,#497,.T.);
#1309=EDGE_CURVE('',#1026,#1027,#498,.T.);
#1310=EDGE_CURVE('',#1027,#1028,#499,.T.);
#1311=EDGE_CURVE('',#1028,#1029,#500,.T.);
#1312=EDGE_CURVE('',#1029,#1030,#501,.T.);
#1313=EDGE_CURVE('',#1031,#1030,#35,.T.);
#1314=EDGE_CURVE('',#1031,#999,#502,.T.);
#1315=EDGE_CURVE('',#1012,#1031,#503,.T.);
#1316=EDGE_CURVE('',#1032,#1001,#504,.T.);
#1317=EDGE_CURVE('',#1032,#1033,#36,.T.);
#1318=EDGE_CURVE('',#1034,#1033,#505,.T.);
#1319=EDGE_CURVE('',#1035,#1034,#506,.T.);
#1320=EDGE_CURVE('',#1036,#1035,#507,.T.);
#1321=EDGE_CURVE('',#1037,#1036,#508,.T.);
#1322=EDGE_CURVE('',#1038,#1037,#509,.T.);
#1323=EDGE_CURVE('',#1039,#1038,#510,.T.);
#1324=EDGE_CURVE('',#1040,#1039,#511,.T.);
#1325=EDGE_CURVE('',#1041,#1040,#37,.T.);
#1326=EDGE_CURVE('',#1000,#1041,#512,.T.);
#1327=EDGE_CURVE('',#1041,#1042,#513,.T.);
#1328=EDGE_CURVE('',#1002,#1042,#514,.T.);
#1329=EDGE_CURVE('',#1042,#1043,#38,.T.);
#1330=EDGE_CURVE('',#1043,#1044,#515,.T.);
#1331=EDGE_CURVE('',#1044,#1045,#516,.T.);
#1332=EDGE_CURVE('',#1045,#1046,#517,.T.);
#1333=EDGE_CURVE('',#1046,#1047,#518,.T.);
#1334=EDGE_CURVE('',#1047,#1048,#519,.T.);
#1335=EDGE_CURVE('',#1048,#1049,#520,.T.);
#1336=EDGE_CURVE('',#1049,#1050,#521,.T.);
#1337=EDGE_CURVE('',#1051,#1050,#39,.T.);
#1338=EDGE_CURVE('',#1051,#1003,#522,.T.);
#1339=EDGE_CURVE('',#1032,#1051,#523,.T.);
#1340=EDGE_CURVE('',#1013,#1030,#524,.T.);
#1341=EDGE_CURVE('',#1014,#1029,#525,.T.);
#1342=EDGE_CURVE('',#1015,#1028,#526,.T.);
#1343=EDGE_CURVE('',#1052,#1027,#527,.T.);
#1344=EDGE_CURVE('',#1053,#1052,#528,.T.);
#1345=EDGE_CURVE('',#1053,#1016,#529,.T.);
#1346=EDGE_CURVE('',#1054,#1053,#530,.T.);
#1347=EDGE_CURVE('',#1055,#1054,#531,.T.);
#1348=EDGE_CURVE('',#1055,#1056,#532,.T.);
#1349=EDGE_CURVE('',#1056,#1017,#533,.T.);
#1350=EDGE_CURVE('',#1056,#1057,#534,.T.);
#1351=EDGE_CURVE('',#1057,#1026,#535,.T.);
#1352=EDGE_CURVE('',#1018,#1025,#536,.T.);
#1353=EDGE_CURVE('',#1019,#1024,#537,.T.);
#1354=EDGE_CURVE('',#1020,#1023,#538,.T.);
#1355=EDGE_CURVE('',#1058,#1052,#539,.T.);
#1356=EDGE_CURVE('',#1059,#1057,#540,.T.);
#1357=EDGE_CURVE('',#1059,#1058,#541,.T.);
#1358=EDGE_CURVE('',#1033,#1050,#542,.T.);
#1359=EDGE_CURVE('',#1034,#1049,#543,.T.);
#1360=EDGE_CURVE('',#1035,#1048,#544,.T.);
#1361=EDGE_CURVE('',#1060,#1047,#545,.T.);
#1362=EDGE_CURVE('',#1061,#1060,#546,.T.);
#1363=EDGE_CURVE('',#1061,#1036,#547,.T.);
#1364=EDGE_CURVE('',#1062,#1061,#548,.T.);
#1365=EDGE_CURVE('',#1063,#1062,#549,.T.);
#1366=EDGE_CURVE('',#1063,#1064,#550,.T.);
#1367=EDGE_CURVE('',#1064,#1037,#551,.T.);
#1368=EDGE_CURVE('',#1064,#1065,#552,.T.);
#1369=EDGE_CURVE('',#1065,#1046,#553,.T.);
#1370=EDGE_CURVE('',#1038,#1045,#554,.T.);
#1371=EDGE_CURVE('',#1039,#1044,#555,.T.);
#1372=EDGE_CURVE('',#1040,#1043,#556,.T.);
#1373=EDGE_CURVE('',#1066,#1060,#557,.T.);
#1374=EDGE_CURVE('',#1067,#1065,#558,.T.);
#1375=EDGE_CURVE('',#1067,#1066,#559,.T.);
#1376=EDGE_CURVE('',#1054,#1058,#560,.T.);
#1377=EDGE_CURVE('',#1055,#1059,#561,.T.);
#1378=EDGE_CURVE('',#1062,#1066,#562,.T.);
#1379=EDGE_CURVE('',#1063,#1067,#563,.T.);
#1380=ORIENTED_EDGE('',*,*,#1068,.F.);
#1381=ORIENTED_EDGE('',*,*,#1069,.T.);
#1382=ORIENTED_EDGE('',*,*,#1070,.T.);
#1383=ORIENTED_EDGE('',*,*,#1071,.F.);
#1384=ORIENTED_EDGE('',*,*,#1072,.F.);
#1385=ORIENTED_EDGE('',*,*,#1073,.F.);
#1386=ORIENTED_EDGE('',*,*,#1074,.F.);
#1387=ORIENTED_EDGE('',*,*,#1075,.F.);
#1388=ORIENTED_EDGE('',*,*,#1076,.T.);
#1389=ORIENTED_EDGE('',*,*,#1077,.T.);
#1390=ORIENTED_EDGE('',*,*,#1078,.F.);
#1391=ORIENTED_EDGE('',*,*,#1079,.T.);
#1392=ORIENTED_EDGE('',*,*,#1080,.T.);
#1393=ORIENTED_EDGE('',*,*,#1068,.T.);
#1394=ORIENTED_EDGE('',*,*,#1081,.T.);
#1395=ORIENTED_EDGE('',*,*,#1082,.F.);
#1396=ORIENTED_EDGE('',*,*,#1083,.F.);
#1397=ORIENTED_EDGE('',*,*,#1072,.T.);
#1398=ORIENTED_EDGE('',*,*,#1071,.T.);
#1399=ORIENTED_EDGE('',*,*,#1084,.F.);
#1400=ORIENTED_EDGE('',*,*,#1085,.F.);
#1401=ORIENTED_EDGE('',*,*,#1086,.F.);
#1402=ORIENTED_EDGE('',*,*,#1087,.T.);
#1403=ORIENTED_EDGE('',*,*,#1088,.T.);
#1404=ORIENTED_EDGE('',*,*,#1089,.F.);
#1405=ORIENTED_EDGE('',*,*,#1090,.T.);
#1406=ORIENTED_EDGE('',*,*,#1084,.T.);
#1407=ORIENTED_EDGE('',*,*,#1070,.F.);
#1408=ORIENTED_EDGE('',*,*,#1091,.T.);
#1409=ORIENTED_EDGE('',*,*,#1092,.F.);
#1410=ORIENTED_EDGE('',*,*,#1093,.T.);
#1411=ORIENTED_EDGE('',*,*,#1094,.T.);
#1412=ORIENTED_EDGE('',*,*,#1095,.F.);
#1413=ORIENTED_EDGE('',*,*,#1096,.F.);
#1414=ORIENTED_EDGE('',*,*,#1069,.F.);
#1415=ORIENTED_EDGE('',*,*,#1080,.F.);
#1416=ORIENTED_EDGE('',*,*,#1097,.T.);
#1417=ORIENTED_EDGE('',*,*,#1091,.F.);
#1418=ORIENTED_EDGE('',*,*,#1098,.F.);
#1419=ORIENTED_EDGE('',*,*,#1073,.T.);
#1420=ORIENTED_EDGE('',*,*,#1083,.T.);
#1421=ORIENTED_EDGE('',*,*,#1099,.F.);
#1422=ORIENTED_EDGE('',*,*,#1100,.F.);
#1423=ORIENTED_EDGE('',*,*,#1074,.T.);
#1424=ORIENTED_EDGE('',*,*,#1098,.T.);
#1425=ORIENTED_EDGE('',*,*,#1101,.F.);
#1426=ORIENTED_EDGE('',*,*,#1102,.F.);
#1427=ORIENTED_EDGE('',*,*,#1075,.T.);
#1428=ORIENTED_EDGE('',*,*,#1100,.T.);
#1429=ORIENTED_EDGE('',*,*,#1103,.F.);
#1430=ORIENTED_EDGE('',*,*,#1104,.T.);
#1431=ORIENTED_EDGE('',*,*,#1105,.F.);
#1432=ORIENTED_EDGE('',*,*,#1106,.F.);
#1433=ORIENTED_EDGE('',*,*,#1107,.F.);
#1434=ORIENTED_EDGE('',*,*,#1076,.F.);
#1435=ORIENTED_EDGE('',*,*,#1102,.T.);
#1436=ORIENTED_EDGE('',*,*,#1108,.F.);
#1437=ORIENTED_EDGE('',*,*,#1109,.F.);
#1438=ORIENTED_EDGE('',*,*,#1107,.T.);
#1439=ORIENTED_EDGE('',*,*,#1110,.F.);
#1440=ORIENTED_EDGE('',*,*,#1111,.F.);
#1441=ORIENTED_EDGE('',*,*,#1112,.F.);
#1442=ORIENTED_EDGE('',*,*,#1113,.T.);
#1443=ORIENTED_EDGE('',*,*,#1114,.F.);
#1444=ORIENTED_EDGE('',*,*,#1115,.T.);
#1445=ORIENTED_EDGE('',*,*,#1116,.T.);
#1446=ORIENTED_EDGE('',*,*,#1117,.T.);
#1447=ORIENTED_EDGE('',*,*,#1118,.T.);
#1448=ORIENTED_EDGE('',*,*,#1119,.T.);
#1449=ORIENTED_EDGE('',*,*,#1120,.T.);
#1450=ORIENTED_EDGE('',*,*,#1121,.F.);
#1451=ORIENTED_EDGE('',*,*,#1122,.F.);
#1452=ORIENTED_EDGE('',*,*,#1123,.F.);
#1453=ORIENTED_EDGE('',*,*,#1124,.F.);
#1454=ORIENTED_EDGE('',*,*,#1125,.F.);
#1455=ORIENTED_EDGE('',*,*,#1077,.F.);
#1456=ORIENTED_EDGE('',*,*,#1126,.F.);
#1457=ORIENTED_EDGE('',*,*,#1078,.T.);
#1458=ORIENTED_EDGE('',*,*,#1125,.T.);
#1459=ORIENTED_EDGE('',*,*,#1127,.T.);
#1460=ORIENTED_EDGE('',*,*,#1128,.F.);
#1461=ORIENTED_EDGE('',*,*,#1093,.F.);
#1462=ORIENTED_EDGE('',*,*,#1079,.F.);
#1463=ORIENTED_EDGE('',*,*,#1126,.T.);
#1464=ORIENTED_EDGE('',*,*,#1092,.T.);
#1465=ORIENTED_EDGE('',*,*,#1097,.F.);
#1466=ORIENTED_EDGE('',*,*,#1129,.T.);
#1467=ORIENTED_EDGE('',*,*,#1130,.F.);
#1468=ORIENTED_EDGE('',*,*,#1131,.F.);
#1469=ORIENTED_EDGE('',*,*,#1132,.T.);
#1470=ORIENTED_EDGE('',*,*,#1133,.T.);
#1471=ORIENTED_EDGE('',*,*,#1134,.F.);
#1472=ORIENTED_EDGE('',*,*,#1135,.F.);
#1473=ORIENTED_EDGE('',*,*,#1136,.T.);
#1474=ORIENTED_EDGE('',*,*,#1109,.T.);
#1475=ORIENTED_EDGE('',*,*,#1137,.F.);
#1476=ORIENTED_EDGE('',*,*,#1081,.F.);
#1477=ORIENTED_EDGE('',*,*,#1138,.T.);
#1478=ORIENTED_EDGE('',*,*,#1108,.T.);
#1479=ORIENTED_EDGE('',*,*,#1103,.T.);
#1480=ORIENTED_EDGE('',*,*,#1101,.T.);
#1481=ORIENTED_EDGE('',*,*,#1099,.T.);
#1482=ORIENTED_EDGE('',*,*,#1082,.T.);
#1483=ORIENTED_EDGE('',*,*,#1137,.T.);
#1484=ORIENTED_EDGE('',*,*,#1085,.T.);
#1485=ORIENTED_EDGE('',*,*,#1096,.T.);
#1486=ORIENTED_EDGE('',*,*,#1139,.F.);
#1487=ORIENTED_EDGE('',*,*,#1140,.T.);
#1488=ORIENTED_EDGE('',*,*,#1141,.F.);
#1489=ORIENTED_EDGE('',*,*,#1142,.F.);
#1490=ORIENTED_EDGE('',*,*,#1143,.F.);
#1491=ORIENTED_EDGE('',*,*,#1144,.F.);
#1492=ORIENTED_EDGE('',*,*,#1145,.T.);
#1493=ORIENTED_EDGE('',*,*,#1146,.F.);
#1494=ORIENTED_EDGE('',*,*,#1147,.F.);
#1495=ORIENTED_EDGE('',*,*,#1148,.F.);
#1496=ORIENTED_EDGE('',*,*,#1086,.T.);
#1497=ORIENTED_EDGE('',*,*,#1144,.T.);
#1498=ORIENTED_EDGE('',*,*,#1149,.F.);
#1499=ORIENTED_EDGE('',*,*,#1150,.F.);
#1500=ORIENTED_EDGE('',*,*,#1148,.T.);
#1501=ORIENTED_EDGE('',*,*,#1151,.T.);
#1502=ORIENTED_EDGE('',*,*,#1152,.T.);
#1503=ORIENTED_EDGE('',*,*,#1087,.F.);
#1504=ORIENTED_EDGE('',*,*,#1153,.T.);
#1505=ORIENTED_EDGE('',*,*,#1154,.T.);
#1506=ORIENTED_EDGE('',*,*,#1155,.T.);
#1507=ORIENTED_EDGE('',*,*,#1156,.T.);
#1508=ORIENTED_EDGE('',*,*,#1088,.F.);
#1509=ORIENTED_EDGE('',*,*,#1152,.F.);
#1510=ORIENTED_EDGE('',*,*,#1157,.T.);
#1511=ORIENTED_EDGE('',*,*,#1158,.F.);
#1512=ORIENTED_EDGE('',*,*,#1159,.F.);
#1513=ORIENTED_EDGE('',*,*,#1160,.F.);
#1514=ORIENTED_EDGE('',*,*,#1161,.F.);
#1515=ORIENTED_EDGE('',*,*,#1162,.T.);
#1516=ORIENTED_EDGE('',*,*,#1089,.T.);
#1517=ORIENTED_EDGE('',*,*,#1156,.F.);
#1518=ORIENTED_EDGE('',*,*,#1163,.F.);
#1519=ORIENTED_EDGE('',*,*,#1138,.F.);
#1520=ORIENTED_EDGE('',*,*,#1090,.F.);
#1521=ORIENTED_EDGE('',*,*,#1162,.F.);
#1522=ORIENTED_EDGE('',*,*,#1164,.F.);
#1523=ORIENTED_EDGE('',*,*,#1165,.F.);
#1524=ORIENTED_EDGE('',*,*,#1128,.T.);
#1525=ORIENTED_EDGE('',*,*,#1166,.T.);
#1526=ORIENTED_EDGE('',*,*,#1167,.T.);
#1527=ORIENTED_EDGE('',*,*,#1168,.T.);
#1528=ORIENTED_EDGE('',*,*,#1169,.T.);
#1529=ORIENTED_EDGE('',*,*,#1150,.T.);
#1530=ORIENTED_EDGE('',*,*,#1170,.F.);
#1531=ORIENTED_EDGE('',*,*,#1171,.F.);
#1532=ORIENTED_EDGE('',*,*,#1172,.F.);
#1533=ORIENTED_EDGE('',*,*,#1173,.F.);
#1534=ORIENTED_EDGE('',*,*,#1174,.F.);
#1535=ORIENTED_EDGE('',*,*,#1175,.T.);
#1536=ORIENTED_EDGE('',*,*,#1176,.T.);
#1537=ORIENTED_EDGE('',*,*,#1177,.T.);
#1538=ORIENTED_EDGE('',*,*,#1178,.F.);
#1539=ORIENTED_EDGE('',*,*,#1094,.F.);
#1540=ORIENTED_EDGE('',*,*,#1095,.T.);
#1541=ORIENTED_EDGE('',*,*,#1178,.T.);
#1542=ORIENTED_EDGE('',*,*,#1179,.T.);
#1543=ORIENTED_EDGE('',*,*,#1174,.T.);
#1544=ORIENTED_EDGE('',*,*,#1180,.T.);
#1545=ORIENTED_EDGE('',*,*,#1170,.T.);
#1546=ORIENTED_EDGE('',*,*,#1149,.T.);
#1547=ORIENTED_EDGE('',*,*,#1143,.T.);
#1548=ORIENTED_EDGE('',*,*,#1181,.F.);
#1549=ORIENTED_EDGE('',*,*,#1182,.F.);
#1550=ORIENTED_EDGE('',*,*,#1183,.F.);
#1551=ORIENTED_EDGE('',*,*,#1139,.T.);
#1552=ORIENTED_EDGE('',*,*,#1184,.T.);
#1553=ORIENTED_EDGE('',*,*,#1185,.T.);
#1554=ORIENTED_EDGE('',*,*,#1186,.F.);
#1555=ORIENTED_EDGE('',*,*,#1187,.T.);
#1556=ORIENTED_EDGE('',*,*,#1188,.T.);
#1557=ORIENTED_EDGE('',*,*,#1189,.T.);
#1558=ORIENTED_EDGE('',*,*,#1190,.F.);
#1559=ORIENTED_EDGE('',*,*,#1191,.T.);
#1560=ORIENTED_EDGE('',*,*,#1104,.F.);
#1561=ORIENTED_EDGE('',*,*,#1136,.F.);
#1562=ORIENTED_EDGE('',*,*,#1192,.F.);
#1563=ORIENTED_EDGE('',*,*,#1193,.F.);
#1564=ORIENTED_EDGE('',*,*,#1194,.F.);
#1565=ORIENTED_EDGE('',*,*,#1195,.F.);
#1566=ORIENTED_EDGE('',*,*,#1179,.F.);
#1567=ORIENTED_EDGE('',*,*,#1196,.T.);
#1568=ORIENTED_EDGE('',*,*,#1105,.T.);
#1569=ORIENTED_EDGE('',*,*,#1195,.T.);
#1570=ORIENTED_EDGE('',*,*,#1197,.T.);
#1571=ORIENTED_EDGE('',*,*,#1198,.T.);
#1572=ORIENTED_EDGE('',*,*,#1110,.T.);
#1573=ORIENTED_EDGE('',*,*,#1106,.T.);
#1574=ORIENTED_EDGE('',*,*,#1196,.F.);
#1575=ORIENTED_EDGE('',*,*,#1177,.F.);
#1576=ORIENTED_EDGE('',*,*,#1199,.F.);
#1577=ORIENTED_EDGE('',*,*,#1111,.T.);
#1578=ORIENTED_EDGE('',*,*,#1199,.T.);
#1579=ORIENTED_EDGE('',*,*,#1176,.F.);
#1580=ORIENTED_EDGE('',*,*,#1200,.F.);
#1581=ORIENTED_EDGE('',*,*,#1112,.T.);
#1582=ORIENTED_EDGE('',*,*,#1200,.T.);
#1583=ORIENTED_EDGE('',*,*,#1175,.F.);
#1584=ORIENTED_EDGE('',*,*,#1198,.F.);
#1585=ORIENTED_EDGE('',*,*,#1201,.F.);
#1586=ORIENTED_EDGE('',*,*,#1201,.T.);
#1587=ORIENTED_EDGE('',*,*,#1197,.F.);
#1588=ORIENTED_EDGE('',*,*,#1194,.T.);
#1589=ORIENTED_EDGE('',*,*,#1202,.T.);
#1590=ORIENTED_EDGE('',*,*,#1203,.F.);
#1591=ORIENTED_EDGE('',*,*,#1113,.F.);
#1592=ORIENTED_EDGE('',*,*,#1114,.T.);
#1593=ORIENTED_EDGE('',*,*,#1203,.T.);
#1594=ORIENTED_EDGE('',*,*,#1204,.T.);
#1595=ORIENTED_EDGE('',*,*,#1205,.T.);
#1596=ORIENTED_EDGE('',*,*,#1134,.T.);
#1597=ORIENTED_EDGE('',*,*,#1206,.T.);
#1598=ORIENTED_EDGE('',*,*,#1133,.F.);
#1599=ORIENTED_EDGE('',*,*,#1207,.T.);
#1600=ORIENTED_EDGE('',*,*,#1115,.F.);
#1601=ORIENTED_EDGE('',*,*,#1206,.F.);
#1602=ORIENTED_EDGE('',*,*,#1116,.F.);
#1603=ORIENTED_EDGE('',*,*,#1207,.F.);
#1604=ORIENTED_EDGE('',*,*,#1132,.F.);
#1605=ORIENTED_EDGE('',*,*,#1208,.F.);
#1606=ORIENTED_EDGE('',*,*,#1209,.F.);
#1607=ORIENTED_EDGE('',*,*,#1210,.F.);
#1608=ORIENTED_EDGE('',*,*,#1210,.T.);
#1609=ORIENTED_EDGE('',*,*,#1211,.T.);
#1610=ORIENTED_EDGE('',*,*,#1212,.F.);
#1611=ORIENTED_EDGE('',*,*,#1213,.T.);
#1612=ORIENTED_EDGE('',*,*,#1214,.F.);
#1613=ORIENTED_EDGE('',*,*,#1117,.F.);
#1614=ORIENTED_EDGE('',*,*,#1118,.F.);
#1615=ORIENTED_EDGE('',*,*,#1214,.T.);
#1616=ORIENTED_EDGE('',*,*,#1215,.T.);
#1617=ORIENTED_EDGE('',*,*,#1173,.T.);
#1618=ORIENTED_EDGE('',*,*,#1216,.F.);
#1619=ORIENTED_EDGE('',*,*,#1119,.F.);
#1620=ORIENTED_EDGE('',*,*,#1216,.T.);
#1621=ORIENTED_EDGE('',*,*,#1172,.T.);
#1622=ORIENTED_EDGE('',*,*,#1217,.F.);
#1623=ORIENTED_EDGE('',*,*,#1218,.F.);
#1624=ORIENTED_EDGE('',*,*,#1219,.F.);
#1625=ORIENTED_EDGE('',*,*,#1220,.F.);
#1626=ORIENTED_EDGE('',*,*,#1221,.F.);
#1627=ORIENTED_EDGE('',*,*,#1120,.F.);
#1628=ORIENTED_EDGE('',*,*,#1221,.T.);
#1629=ORIENTED_EDGE('',*,*,#1222,.T.);
#1630=ORIENTED_EDGE('',*,*,#1223,.F.);
#1631=ORIENTED_EDGE('',*,*,#1224,.F.);
#1632=ORIENTED_EDGE('',*,*,#1121,.T.);
#1633=ORIENTED_EDGE('',*,*,#1223,.T.);
#1634=ORIENTED_EDGE('',*,*,#1225,.T.);
#1635=ORIENTED_EDGE('',*,*,#1226,.T.);
#1636=ORIENTED_EDGE('',*,*,#1227,.T.);
#1637=ORIENTED_EDGE('',*,*,#1159,.T.);
#1638=ORIENTED_EDGE('',*,*,#1228,.F.);
#1639=ORIENTED_EDGE('',*,*,#1145,.F.);
#1640=ORIENTED_EDGE('',*,*,#1169,.F.);
#1641=ORIENTED_EDGE('',*,*,#1122,.T.);
#1642=ORIENTED_EDGE('',*,*,#1224,.T.);
#1643=ORIENTED_EDGE('',*,*,#1168,.F.);
#1644=ORIENTED_EDGE('',*,*,#1229,.F.);
#1645=ORIENTED_EDGE('',*,*,#1123,.T.);
#1646=ORIENTED_EDGE('',*,*,#1229,.T.);
#1647=ORIENTED_EDGE('',*,*,#1167,.F.);
#1648=ORIENTED_EDGE('',*,*,#1230,.F.);
#1649=ORIENTED_EDGE('',*,*,#1124,.T.);
#1650=ORIENTED_EDGE('',*,*,#1230,.T.);
#1651=ORIENTED_EDGE('',*,*,#1166,.F.);
#1652=ORIENTED_EDGE('',*,*,#1127,.F.);
#1653=ORIENTED_EDGE('',*,*,#1231,.F.);
#1654=ORIENTED_EDGE('',*,*,#1232,.T.);
#1655=ORIENTED_EDGE('',*,*,#1233,.T.);
#1656=ORIENTED_EDGE('',*,*,#1234,.F.);
#1657=ORIENTED_EDGE('',*,*,#1129,.F.);
#1658=ORIENTED_EDGE('',*,*,#1163,.T.);
#1659=ORIENTED_EDGE('',*,*,#1235,.T.);
#1660=ORIENTED_EDGE('',*,*,#1153,.F.);
#1661=ORIENTED_EDGE('',*,*,#1234,.T.);
#1662=ORIENTED_EDGE('',*,*,#1236,.F.);
#1663=ORIENTED_EDGE('',*,*,#1212,.T.);
#1664=ORIENTED_EDGE('',*,*,#1237,.T.);
#1665=ORIENTED_EDGE('',*,*,#1238,.T.);
#1666=ORIENTED_EDGE('',*,*,#1130,.T.);
#1667=ORIENTED_EDGE('',*,*,#1239,.F.);
#1668=ORIENTED_EDGE('',*,*,#1208,.T.);
#1669=ORIENTED_EDGE('',*,*,#1131,.T.);
#1670=ORIENTED_EDGE('',*,*,#1238,.F.);
#1671=ORIENTED_EDGE('',*,*,#1240,.F.);
#1672=ORIENTED_EDGE('',*,*,#1192,.T.);
#1673=ORIENTED_EDGE('',*,*,#1135,.T.);
#1674=ORIENTED_EDGE('',*,*,#1205,.F.);
#1675=ORIENTED_EDGE('',*,*,#1140,.F.);
#1676=ORIENTED_EDGE('',*,*,#1183,.T.);
#1677=ORIENTED_EDGE('',*,*,#1241,.T.);
#1678=ORIENTED_EDGE('',*,*,#1242,.F.);
#1679=ORIENTED_EDGE('',*,*,#1243,.T.);
#1680=ORIENTED_EDGE('',*,*,#1244,.T.);
#1681=ORIENTED_EDGE('',*,*,#1141,.T.);
#1682=ORIENTED_EDGE('',*,*,#1242,.T.);
#1683=ORIENTED_EDGE('',*,*,#1245,.F.);
#1684=ORIENTED_EDGE('',*,*,#1181,.T.);
#1685=ORIENTED_EDGE('',*,*,#1142,.T.);
#1686=ORIENTED_EDGE('',*,*,#1244,.F.);
#1687=ORIENTED_EDGE('',*,*,#1146,.T.);
#1688=ORIENTED_EDGE('',*,*,#1228,.T.);
#1689=ORIENTED_EDGE('',*,*,#1158,.T.);
#1690=ORIENTED_EDGE('',*,*,#1246,.F.);
#1691=ORIENTED_EDGE('',*,*,#1151,.F.);
#1692=ORIENTED_EDGE('',*,*,#1147,.T.);
#1693=ORIENTED_EDGE('',*,*,#1246,.T.);
#1694=ORIENTED_EDGE('',*,*,#1157,.F.);
#1695=ORIENTED_EDGE('',*,*,#1235,.F.);
#1696=ORIENTED_EDGE('',*,*,#1165,.T.);
#1697=ORIENTED_EDGE('',*,*,#1247,.T.);
#1698=ORIENTED_EDGE('',*,*,#1154,.F.);
#1699=ORIENTED_EDGE('',*,*,#1247,.F.);
#1700=ORIENTED_EDGE('',*,*,#1164,.T.);
#1701=ORIENTED_EDGE('',*,*,#1161,.T.);
#1702=ORIENTED_EDGE('',*,*,#1155,.F.);
#1703=ORIENTED_EDGE('',*,*,#1231,.T.);
#1704=ORIENTED_EDGE('',*,*,#1160,.T.);
#1705=ORIENTED_EDGE('',*,*,#1227,.F.);
#1706=ORIENTED_EDGE('',*,*,#1248,.F.);
#1707=ORIENTED_EDGE('',*,*,#1218,.T.);
#1708=ORIENTED_EDGE('',*,*,#1249,.T.);
#1709=ORIENTED_EDGE('',*,*,#1249,.F.);
#1710=ORIENTED_EDGE('',*,*,#1217,.T.);
#1711=ORIENTED_EDGE('',*,*,#1171,.T.);
#1712=ORIENTED_EDGE('',*,*,#1250,.T.);
#1713=ORIENTED_EDGE('',*,*,#1232,.F.);
#1714=ORIENTED_EDGE('',*,*,#1241,.F.);
#1715=ORIENTED_EDGE('',*,*,#1182,.T.);
#1716=ORIENTED_EDGE('',*,*,#1245,.T.);
#1717=ORIENTED_EDGE('',*,*,#1243,.F.);
#1718=ORIENTED_EDGE('',*,*,#1180,.F.);
#1719=ORIENTED_EDGE('',*,*,#1215,.F.);
#1720=ORIENTED_EDGE('',*,*,#1213,.F.);
#1721=ORIENTED_EDGE('',*,*,#1236,.T.);
#1722=ORIENTED_EDGE('',*,*,#1233,.F.);
#1723=ORIENTED_EDGE('',*,*,#1250,.F.);
#1724=ORIENTED_EDGE('',*,*,#1251,.F.);
#1725=ORIENTED_EDGE('',*,*,#1252,.F.);
#1726=ORIENTED_EDGE('',*,*,#1184,.F.);
#1727=ORIENTED_EDGE('',*,*,#1253,.F.);
#1728=ORIENTED_EDGE('',*,*,#1253,.T.);
#1729=ORIENTED_EDGE('',*,*,#1187,.F.);
#1730=ORIENTED_EDGE('',*,*,#1254,.F.);
#1731=ORIENTED_EDGE('',*,*,#1255,.F.);
#1732=ORIENTED_EDGE('',*,*,#1256,.T.);
#1733=ORIENTED_EDGE('',*,*,#1254,.T.);
#1734=ORIENTED_EDGE('',*,*,#1186,.T.);
#1735=ORIENTED_EDGE('',*,*,#1257,.T.);
#1736=ORIENTED_EDGE('',*,*,#1252,.T.);
#1737=ORIENTED_EDGE('',*,*,#1258,.T.);
#1738=ORIENTED_EDGE('',*,*,#1257,.F.);
#1739=ORIENTED_EDGE('',*,*,#1185,.F.);
#1740=ORIENTED_EDGE('',*,*,#1259,.F.);
#1741=ORIENTED_EDGE('',*,*,#1260,.F.);
#1742=ORIENTED_EDGE('',*,*,#1188,.F.);
#1743=ORIENTED_EDGE('',*,*,#1261,.F.);
#1744=ORIENTED_EDGE('',*,*,#1261,.T.);
#1745=ORIENTED_EDGE('',*,*,#1191,.F.);
#1746=ORIENTED_EDGE('',*,*,#1262,.F.);
#1747=ORIENTED_EDGE('',*,*,#1263,.F.);
#1748=ORIENTED_EDGE('',*,*,#1264,.T.);
#1749=ORIENTED_EDGE('',*,*,#1262,.T.);
#1750=ORIENTED_EDGE('',*,*,#1190,.T.);
#1751=ORIENTED_EDGE('',*,*,#1265,.T.);
#1752=ORIENTED_EDGE('',*,*,#1260,.T.);
#1753=ORIENTED_EDGE('',*,*,#1266,.T.);
#1754=ORIENTED_EDGE('',*,*,#1265,.F.);
#1755=ORIENTED_EDGE('',*,*,#1189,.F.);
#1756=ORIENTED_EDGE('',*,*,#1202,.F.);
#1757=ORIENTED_EDGE('',*,*,#1193,.T.);
#1758=ORIENTED_EDGE('',*,*,#1240,.T.);
#1759=ORIENTED_EDGE('',*,*,#1204,.F.);
#1760=ORIENTED_EDGE('',*,*,#1267,.F.);
#1761=ORIENTED_EDGE('',*,*,#1268,.F.);
#1762=ORIENTED_EDGE('',*,*,#1269,.T.);
#1763=ORIENTED_EDGE('',*,*,#1270,.F.);
#1764=ORIENTED_EDGE('',*,*,#1211,.F.);
#1765=ORIENTED_EDGE('',*,*,#1209,.T.);
#1766=ORIENTED_EDGE('',*,*,#1239,.T.);
#1767=ORIENTED_EDGE('',*,*,#1237,.F.);
#1768=ORIENTED_EDGE('',*,*,#1271,.F.);
#1769=ORIENTED_EDGE('',*,*,#1272,.F.);
#1770=ORIENTED_EDGE('',*,*,#1273,.T.);
#1771=ORIENTED_EDGE('',*,*,#1274,.F.);
#1772=ORIENTED_EDGE('',*,*,#1275,.F.);
#1773=ORIENTED_EDGE('',*,*,#1219,.T.);
#1774=ORIENTED_EDGE('',*,*,#1248,.T.);
#1775=ORIENTED_EDGE('',*,*,#1226,.F.);
#1776=ORIENTED_EDGE('',*,*,#1222,.F.);
#1777=ORIENTED_EDGE('',*,*,#1220,.T.);
#1778=ORIENTED_EDGE('',*,*,#1275,.T.);
#1779=ORIENTED_EDGE('',*,*,#1225,.F.);
#1780=ORIENTED_EDGE('',*,*,#1276,.F.);
#1781=ORIENTED_EDGE('',*,*,#1251,.T.);
#1782=ORIENTED_EDGE('',*,*,#1277,.F.);
#1783=ORIENTED_EDGE('',*,*,#1278,.F.);
#1784=ORIENTED_EDGE('',*,*,#1277,.T.);
#1785=ORIENTED_EDGE('',*,*,#1255,.T.);
#1786=ORIENTED_EDGE('',*,*,#1279,.T.);
#1787=ORIENTED_EDGE('',*,*,#1280,.F.);
#1788=ORIENTED_EDGE('',*,*,#1281,.T.);
#1789=ORIENTED_EDGE('',*,*,#1282,.T.);
#1790=ORIENTED_EDGE('',*,*,#1279,.F.);
#1791=ORIENTED_EDGE('',*,*,#1256,.F.);
#1792=ORIENTED_EDGE('',*,*,#1276,.T.);
#1793=ORIENTED_EDGE('',*,*,#1283,.T.);
#1794=ORIENTED_EDGE('',*,*,#1281,.F.);
#1795=ORIENTED_EDGE('',*,*,#1258,.F.);
#1796=ORIENTED_EDGE('',*,*,#1284,.F.);
#1797=ORIENTED_EDGE('',*,*,#1259,.T.);
#1798=ORIENTED_EDGE('',*,*,#1285,.F.);
#1799=ORIENTED_EDGE('',*,*,#1286,.F.);
#1800=ORIENTED_EDGE('',*,*,#1285,.T.);
#1801=ORIENTED_EDGE('',*,*,#1263,.T.);
#1802=ORIENTED_EDGE('',*,*,#1287,.T.);
#1803=ORIENTED_EDGE('',*,*,#1288,.F.);
#1804=ORIENTED_EDGE('',*,*,#1289,.T.);
#1805=ORIENTED_EDGE('',*,*,#1290,.T.);
#1806=ORIENTED_EDGE('',*,*,#1287,.F.);
#1807=ORIENTED_EDGE('',*,*,#1264,.F.);
#1808=ORIENTED_EDGE('',*,*,#1284,.T.);
#1809=ORIENTED_EDGE('',*,*,#1291,.T.);
#1810=ORIENTED_EDGE('',*,*,#1289,.F.);
#1811=ORIENTED_EDGE('',*,*,#1266,.F.);
#1812=ORIENTED_EDGE('',*,*,#1267,.T.);
#1813=ORIENTED_EDGE('',*,*,#1292,.F.);
#1814=ORIENTED_EDGE('',*,*,#1293,.T.);
#1815=ORIENTED_EDGE('',*,*,#1294,.F.);
#1816=ORIENTED_EDGE('',*,*,#1295,.F.);
#1817=ORIENTED_EDGE('',*,*,#1296,.F.);
#1818=ORIENTED_EDGE('',*,*,#1297,.F.);
#1819=ORIENTED_EDGE('',*,*,#1298,.F.);
#1820=ORIENTED_EDGE('',*,*,#1299,.F.);
#1821=ORIENTED_EDGE('',*,*,#1300,.F.);
#1822=ORIENTED_EDGE('',*,*,#1301,.F.);
#1823=ORIENTED_EDGE('',*,*,#1302,.F.);
#1824=ORIENTED_EDGE('',*,*,#1302,.T.);
#1825=ORIENTED_EDGE('',*,*,#1303,.T.);
#1826=ORIENTED_EDGE('',*,*,#1304,.F.);
#1827=ORIENTED_EDGE('',*,*,#1268,.T.);
#1828=ORIENTED_EDGE('',*,*,#1269,.F.);
#1829=ORIENTED_EDGE('',*,*,#1304,.T.);
#1830=ORIENTED_EDGE('',*,*,#1305,.T.);
#1831=ORIENTED_EDGE('',*,*,#1306,.T.);
#1832=ORIENTED_EDGE('',*,*,#1307,.T.);
#1833=ORIENTED_EDGE('',*,*,#1308,.T.);
#1834=ORIENTED_EDGE('',*,*,#1309,.T.);
#1835=ORIENTED_EDGE('',*,*,#1310,.T.);
#1836=ORIENTED_EDGE('',*,*,#1311,.T.);
#1837=ORIENTED_EDGE('',*,*,#1312,.T.);
#1838=ORIENTED_EDGE('',*,*,#1313,.F.);
#1839=ORIENTED_EDGE('',*,*,#1314,.T.);
#1840=ORIENTED_EDGE('',*,*,#1292,.T.);
#1841=ORIENTED_EDGE('',*,*,#1270,.T.);
#1842=ORIENTED_EDGE('',*,*,#1314,.F.);
#1843=ORIENTED_EDGE('',*,*,#1315,.F.);
#1844=ORIENTED_EDGE('',*,*,#1271,.T.);
#1845=ORIENTED_EDGE('',*,*,#1316,.F.);
#1846=ORIENTED_EDGE('',*,*,#1317,.T.);
#1847=ORIENTED_EDGE('',*,*,#1318,.F.);
#1848=ORIENTED_EDGE('',*,*,#1319,.F.);
#1849=ORIENTED_EDGE('',*,*,#1320,.F.);
#1850=ORIENTED_EDGE('',*,*,#1321,.F.);
#1851=ORIENTED_EDGE('',*,*,#1322,.F.);
#1852=ORIENTED_EDGE('',*,*,#1323,.F.);
#1853=ORIENTED_EDGE('',*,*,#1324,.F.);
#1854=ORIENTED_EDGE('',*,*,#1325,.F.);
#1855=ORIENTED_EDGE('',*,*,#1326,.F.);
#1856=ORIENTED_EDGE('',*,*,#1326,.T.);
#1857=ORIENTED_EDGE('',*,*,#1327,.T.);
#1858=ORIENTED_EDGE('',*,*,#1328,.F.);
#1859=ORIENTED_EDGE('',*,*,#1272,.T.);
#1860=ORIENTED_EDGE('',*,*,#1273,.F.);
#1861=ORIENTED_EDGE('',*,*,#1328,.T.);
#1862=ORIENTED_EDGE('',*,*,#1329,.T.);
#1863=ORIENTED_EDGE('',*,*,#1330,.T.);
#1864=ORIENTED_EDGE('',*,*,#1331,.T.);
#1865=ORIENTED_EDGE('',*,*,#1332,.T.);
#1866=ORIENTED_EDGE('',*,*,#1333,.T.);
#1867=ORIENTED_EDGE('',*,*,#1334,.T.);
#1868=ORIENTED_EDGE('',*,*,#1335,.T.);
#1869=ORIENTED_EDGE('',*,*,#1336,.T.);
#1870=ORIENTED_EDGE('',*,*,#1337,.F.);
#1871=ORIENTED_EDGE('',*,*,#1338,.T.);
#1872=ORIENTED_EDGE('',*,*,#1316,.T.);
#1873=ORIENTED_EDGE('',*,*,#1274,.T.);
#1874=ORIENTED_EDGE('',*,*,#1338,.F.);
#1875=ORIENTED_EDGE('',*,*,#1339,.F.);
#1876=ORIENTED_EDGE('',*,*,#1283,.F.);
#1877=ORIENTED_EDGE('',*,*,#1278,.T.);
#1878=ORIENTED_EDGE('',*,*,#1280,.T.);
#1879=ORIENTED_EDGE('',*,*,#1282,.F.);
#1880=ORIENTED_EDGE('',*,*,#1291,.F.);
#1881=ORIENTED_EDGE('',*,*,#1286,.T.);
#1882=ORIENTED_EDGE('',*,*,#1288,.T.);
#1883=ORIENTED_EDGE('',*,*,#1290,.F.);
#1884=ORIENTED_EDGE('',*,*,#1293,.F.);
#1885=ORIENTED_EDGE('',*,*,#1315,.T.);
#1886=ORIENTED_EDGE('',*,*,#1313,.T.);
#1887=ORIENTED_EDGE('',*,*,#1340,.F.);
#1888=ORIENTED_EDGE('',*,*,#1294,.T.);
#1889=ORIENTED_EDGE('',*,*,#1340,.T.);
#1890=ORIENTED_EDGE('',*,*,#1312,.F.);
#1891=ORIENTED_EDGE('',*,*,#1341,.F.);
#1892=ORIENTED_EDGE('',*,*,#1342,.F.);
#1893=ORIENTED_EDGE('',*,*,#1295,.T.);
#1894=ORIENTED_EDGE('',*,*,#1341,.T.);
#1895=ORIENTED_EDGE('',*,*,#1311,.F.);
#1896=ORIENTED_EDGE('',*,*,#1296,.T.);
#1897=ORIENTED_EDGE('',*,*,#1342,.T.);
#1898=ORIENTED_EDGE('',*,*,#1310,.F.);
#1899=ORIENTED_EDGE('',*,*,#1343,.F.);
#1900=ORIENTED_EDGE('',*,*,#1344,.F.);
#1901=ORIENTED_EDGE('',*,*,#1345,.T.);
#1902=ORIENTED_EDGE('',*,*,#1346,.F.);
#1903=ORIENTED_EDGE('',*,*,#1347,.F.);
#1904=ORIENTED_EDGE('',*,*,#1348,.T.);
#1905=ORIENTED_EDGE('',*,*,#1349,.T.);
#1906=ORIENTED_EDGE('',*,*,#1297,.T.);
#1907=ORIENTED_EDGE('',*,*,#1345,.F.);
#1908=ORIENTED_EDGE('',*,*,#1298,.T.);
#1909=ORIENTED_EDGE('',*,*,#1349,.F.);
#1910=ORIENTED_EDGE('',*,*,#1350,.T.);
#1911=ORIENTED_EDGE('',*,*,#1351,.T.);
#1912=ORIENTED_EDGE('',*,*,#1308,.F.);
#1913=ORIENTED_EDGE('',*,*,#1352,.F.);
#1914=ORIENTED_EDGE('',*,*,#1353,.F.);
#1915=ORIENTED_EDGE('',*,*,#1299,.T.);
#1916=ORIENTED_EDGE('',*,*,#1352,.T.);
#1917=ORIENTED_EDGE('',*,*,#1307,.F.);
#1918=ORIENTED_EDGE('',*,*,#1300,.T.);
#1919=ORIENTED_EDGE('',*,*,#1353,.T.);
#1920=ORIENTED_EDGE('',*,*,#1306,.F.);
#1921=ORIENTED_EDGE('',*,*,#1354,.F.);
#1922=ORIENTED_EDGE('',*,*,#1301,.T.);
#1923=ORIENTED_EDGE('',*,*,#1354,.T.);
#1924=ORIENTED_EDGE('',*,*,#1305,.F.);
#1925=ORIENTED_EDGE('',*,*,#1303,.F.);
#1926=ORIENTED_EDGE('',*,*,#1355,.T.);
#1927=ORIENTED_EDGE('',*,*,#1343,.T.);
#1928=ORIENTED_EDGE('',*,*,#1309,.F.);
#1929=ORIENTED_EDGE('',*,*,#1351,.F.);
#1930=ORIENTED_EDGE('',*,*,#1356,.F.);
#1931=ORIENTED_EDGE('',*,*,#1357,.T.);
#1932=ORIENTED_EDGE('',*,*,#1317,.F.);
#1933=ORIENTED_EDGE('',*,*,#1339,.T.);
#1934=ORIENTED_EDGE('',*,*,#1337,.T.);
#1935=ORIENTED_EDGE('',*,*,#1358,.F.);
#1936=ORIENTED_EDGE('',*,*,#1318,.T.);
#1937=ORIENTED_EDGE('',*,*,#1358,.T.);
#1938=ORIENTED_EDGE('',*,*,#1336,.F.);
#1939=ORIENTED_EDGE('',*,*,#1359,.F.);
#1940=ORIENTED_EDGE('',*,*,#1360,.F.);
#1941=ORIENTED_EDGE('',*,*,#1319,.T.);
#1942=ORIENTED_EDGE('',*,*,#1359,.T.);
#1943=ORIENTED_EDGE('',*,*,#1335,.F.);
#1944=ORIENTED_EDGE('',*,*,#1320,.T.);
#1945=ORIENTED_EDGE('',*,*,#1360,.T.);
#1946=ORIENTED_EDGE('',*,*,#1334,.F.);
#1947=ORIENTED_EDGE('',*,*,#1361,.F.);
#1948=ORIENTED_EDGE('',*,*,#1362,.F.);
#1949=ORIENTED_EDGE('',*,*,#1363,.T.);
#1950=ORIENTED_EDGE('',*,*,#1364,.F.);
#1951=ORIENTED_EDGE('',*,*,#1365,.F.);
#1952=ORIENTED_EDGE('',*,*,#1366,.T.);
#1953=ORIENTED_EDGE('',*,*,#1367,.T.);
#1954=ORIENTED_EDGE('',*,*,#1321,.T.);
#1955=ORIENTED_EDGE('',*,*,#1363,.F.);
#1956=ORIENTED_EDGE('',*,*,#1322,.T.);
#1957=ORIENTED_EDGE('',*,*,#1367,.F.);
#1958=ORIENTED_EDGE('',*,*,#1368,.T.);
#1959=ORIENTED_EDGE('',*,*,#1369,.T.);
#1960=ORIENTED_EDGE('',*,*,#1332,.F.);
#1961=ORIENTED_EDGE('',*,*,#1370,.F.);
#1962=ORIENTED_EDGE('',*,*,#1371,.F.);
#1963=ORIENTED_EDGE('',*,*,#1323,.T.);
#1964=ORIENTED_EDGE('',*,*,#1370,.T.);
#1965=ORIENTED_EDGE('',*,*,#1331,.F.);
#1966=ORIENTED_EDGE('',*,*,#1324,.T.);
#1967=ORIENTED_EDGE('',*,*,#1371,.T.);
#1968=ORIENTED_EDGE('',*,*,#1330,.F.);
#1969=ORIENTED_EDGE('',*,*,#1372,.F.);
#1970=ORIENTED_EDGE('',*,*,#1325,.T.);
#1971=ORIENTED_EDGE('',*,*,#1372,.T.);
#1972=ORIENTED_EDGE('',*,*,#1329,.F.);
#1973=ORIENTED_EDGE('',*,*,#1327,.F.);
#1974=ORIENTED_EDGE('',*,*,#1373,.T.);
#1975=ORIENTED_EDGE('',*,*,#1361,.T.);
#1976=ORIENTED_EDGE('',*,*,#1333,.F.);
#1977=ORIENTED_EDGE('',*,*,#1369,.F.);
#1978=ORIENTED_EDGE('',*,*,#1374,.F.);
#1979=ORIENTED_EDGE('',*,*,#1375,.T.);
#1980=ORIENTED_EDGE('',*,*,#1346,.T.);
#1981=ORIENTED_EDGE('',*,*,#1344,.T.);
#1982=ORIENTED_EDGE('',*,*,#1355,.F.);
#1983=ORIENTED_EDGE('',*,*,#1376,.F.);
#1984=ORIENTED_EDGE('',*,*,#1376,.T.);
#1985=ORIENTED_EDGE('',*,*,#1357,.F.);
#1986=ORIENTED_EDGE('',*,*,#1377,.F.);
#1987=ORIENTED_EDGE('',*,*,#1347,.T.);
#1988=ORIENTED_EDGE('',*,*,#1348,.F.);
#1989=ORIENTED_EDGE('',*,*,#1377,.T.);
#1990=ORIENTED_EDGE('',*,*,#1356,.T.);
#1991=ORIENTED_EDGE('',*,*,#1350,.F.);
#1992=ORIENTED_EDGE('',*,*,#1364,.T.);
#1993=ORIENTED_EDGE('',*,*,#1362,.T.);
#1994=ORIENTED_EDGE('',*,*,#1373,.F.);
#1995=ORIENTED_EDGE('',*,*,#1378,.F.);
#1996=ORIENTED_EDGE('',*,*,#1378,.T.);
#1997=ORIENTED_EDGE('',*,*,#1375,.F.);
#1998=ORIENTED_EDGE('',*,*,#1379,.F.);
#1999=ORIENTED_EDGE('',*,*,#1365,.T.);
#2000=ORIENTED_EDGE('',*,*,#1366,.F.);
#2001=ORIENTED_EDGE('',*,*,#1379,.T.);
#2002=ORIENTED_EDGE('',*,*,#1374,.T.);
#2003=ORIENTED_EDGE('',*,*,#1368,.F.);
#2004=PLANE('',#2344);
#2005=PLANE('',#2345);
#2006=PLANE('',#2347);
#2007=PLANE('',#2348);
#2008=PLANE('',#2351);
#2009=PLANE('',#2352);
#2010=PLANE('',#2353);
#2011=PLANE('',#2354);
#2012=PLANE('',#2355);
#2013=PLANE('',#2356);
#2014=PLANE('',#2357);
#2015=PLANE('',#2358);
#2016=PLANE('',#2359);
#2017=PLANE('',#2360);
#2018=PLANE('',#2361);
#2019=PLANE('',#2363);
#2020=PLANE('',#2364);
#2021=PLANE('',#2366);
#2022=PLANE('',#2367);
#2023=PLANE('',#2368);
#2024=PLANE('',#2369);
#2025=PLANE('',#2370);
#2026=PLANE('',#2371);
#2027=PLANE('',#2372);
#2028=PLANE('',#2373);
#2029=PLANE('',#2374);
#2030=PLANE('',#2375);
#2031=PLANE('',#2376);
#2032=PLANE('',#2377);
#2033=PLANE('',#2378);
#2034=PLANE('',#2379);
#2035=PLANE('',#2380);
#2036=PLANE('',#2381);
#2037=PLANE('',#2382);
#2038=PLANE('',#2383);
#2039=PLANE('',#2384);
#2040=PLANE('',#2385);
#2041=PLANE('',#2386);
#2042=PLANE('',#2387);
#2043=PLANE('',#2388);
#2044=PLANE('',#2389);
#2045=PLANE('',#2390);
#2046=PLANE('',#2391);
#2047=PLANE('',#2392);
#2048=PLANE('',#2393);
#2049=PLANE('',#2394);
#2050=PLANE('',#2396);
#2051=PLANE('',#2397);
#2052=PLANE('',#2398);
#2053=PLANE('',#2399);
#2054=PLANE('',#2400);
#2055=PLANE('',#2401);
#2056=PLANE('',#2402);
#2057=PLANE('',#2403);
#2058=PLANE('',#2404);
#2059=PLANE('',#2405);
#2060=PLANE('',#2406);
#2061=PLANE('',#2407);
#2062=PLANE('',#2408);
#2063=PLANE('',#2409);
#2064=PLANE('',#2410);
#2065=PLANE('',#2411);
#2066=PLANE('',#2412);
#2067=PLANE('',#2413);
#2068=PLANE('',#2414);
#2069=PLANE('',#2415);
#2070=PLANE('',#2416);
#2071=PLANE('',#2417);
#2072=PLANE('',#2418);
#2073=PLANE('',#2419);
#2074=PLANE('',#2420);
#2075=PLANE('',#2421);
#2076=PLANE('',#2422);
#2077=PLANE('',#2425);
#2078=PLANE('',#2426);
#2079=PLANE('',#2429);
#2080=PLANE('',#2430);
#2081=PLANE('',#2433);
#2082=PLANE('',#2434);
#2083=PLANE('',#2437);
#2084=PLANE('',#2438);
#2085=PLANE('',#2439);
#2086=PLANE('',#2441);
#2087=PLANE('',#2442);
#2088=PLANE('',#2443);
#2089=PLANE('',#2444);
#2090=PLANE('',#2445);
#2091=PLANE('',#2446);
#2092=PLANE('',#2447);
#2093=PLANE('',#2449);
#2094=PLANE('',#2451);
#2095=PLANE('',#2452);
#2096=PLANE('',#2453);
#2097=PLANE('',#2454);
#2098=PLANE('',#2455);
#2099=PLANE('',#2456);
#2100=PLANE('',#2457);
#2101=PLANE('',#2459);
#2102=PLANE('',#2460);
#2103=PLANE('',#2461);
#2104=PLANE('',#2462);
#2105=PLANE('',#2463);
#2106=PLANE('',#2464);
#2107=PLANE('',#2465);
#2108=STYLED_ITEM('',(#3676),#2219);
#2109=STYLED_ITEM('',(#3676),#2220);
#2110=STYLED_ITEM('',(#3676),#2221);
#2111=STYLED_ITEM('',(#3676),#2222);
#2112=STYLED_ITEM('',(#3676),#2223);
#2113=STYLED_ITEM('',(#3676),#2224);
#2114=STYLED_ITEM('',(#3676),#2225);
#2115=STYLED_ITEM('',(#3676),#2226);
#2116=STYLED_ITEM('',(#3676),#2227);
#2117=STYLED_ITEM('',(#3676),#2228);
#2118=STYLED_ITEM('',(#3676),#2229);
#2119=STYLED_ITEM('',(#3676),#2230);
#2120=STYLED_ITEM('',(#3676),#2231);
#2121=STYLED_ITEM('',(#3676),#2232);
#2122=STYLED_ITEM('',(#3676),#2233);
#2123=STYLED_ITEM('',(#3676),#2234);
#2124=STYLED_ITEM('',(#3676),#2235);
#2125=STYLED_ITEM('',(#3676),#2236);
#2126=STYLED_ITEM('',(#3676),#2237);
#2127=STYLED_ITEM('',(#3676),#2238);
#2128=STYLED_ITEM('',(#3676),#2239);
#2129=STYLED_ITEM('',(#3676),#2240);
#2130=STYLED_ITEM('',(#3676),#2241);
#2131=STYLED_ITEM('',(#3676),#2242);
#2132=STYLED_ITEM('',(#3676),#2243);
#2133=STYLED_ITEM('',(#3676),#2244);
#2134=STYLED_ITEM('',(#3676),#2245);
#2135=STYLED_ITEM('',(#3676),#2246);
#2136=STYLED_ITEM('',(#3676),#2247);
#2137=STYLED_ITEM('',(#3676),#2248);
#2138=STYLED_ITEM('',(#3676),#2249);
#2139=STYLED_ITEM('',(#3676),#2250);
#2140=STYLED_ITEM('',(#3676),#2251);
#2141=STYLED_ITEM('',(#3676),#2252);
#2142=STYLED_ITEM('',(#3676),#2253);
#2143=STYLED_ITEM('',(#3676),#2254);
#2144=STYLED_ITEM('',(#3676),#2255);
#2145=STYLED_ITEM('',(#3676),#2256);
#2146=STYLED_ITEM('',(#3676),#2257);
#2147=STYLED_ITEM('',(#3676),#2258);
#2148=STYLED_ITEM('',(#3676),#2259);
#2149=STYLED_ITEM('',(#3676),#2260);
#2150=STYLED_ITEM('',(#3676),#2261);
#2151=STYLED_ITEM('',(#3676),#2262);
#2152=STYLED_ITEM('',(#3676),#2263);
#2153=STYLED_ITEM('',(#3676),#2264);
#2154=STYLED_ITEM('',(#3676),#2265);
#2155=STYLED_ITEM('',(#3676),#2266);
#2156=STYLED_ITEM('',(#3676),#2267);
#2157=STYLED_ITEM('',(#3676),#2268);
#2158=STYLED_ITEM('',(#3676),#2269);
#2159=STYLED_ITEM('',(#3676),#2270);
#2160=STYLED_ITEM('',(#3676),#2271);
#2161=STYLED_ITEM('',(#3676),#2272);
#2162=STYLED_ITEM('',(#3677),#2273);
#2163=STYLED_ITEM('',(#3677),#2274);
#2164=STYLED_ITEM('',(#3677),#2275);
#2165=STYLED_ITEM('',(#3677),#2276);
#2166=STYLED_ITEM('',(#3677),#2277);
#2167=STYLED_ITEM('',(#3677),#2278);
#2168=STYLED_ITEM('',(#3677),#2279);
#2169=STYLED_ITEM('',(#3677),#2280);
#2170=STYLED_ITEM('',(#3676),#2281);
#2171=STYLED_ITEM('',(#3676),#2282);
#2172=STYLED_ITEM('',(#3676),#2283);
#2173=STYLED_ITEM('',(#3676),#2284);
#2174=STYLED_ITEM('',(#3677),#2285);
#2175=STYLED_ITEM('',(#3677),#2286);
#2176=STYLED_ITEM('',(#3677),#2287);
#2177=STYLED_ITEM('',(#3677),#2288);
#2178=STYLED_ITEM('',(#3677),#2289);
#2179=STYLED_ITEM('',(#3677),#2290);
#2180=STYLED_ITEM('',(#3677),#2291);
#2181=STYLED_ITEM('',(#3677),#2292);
#2182=STYLED_ITEM('',(#3677),#2293);
#2183=STYLED_ITEM('',(#3677),#2294);
#2184=STYLED_ITEM('',(#3677),#2295);
#2185=STYLED_ITEM('',(#3677),#2296);
#2186=STYLED_ITEM('',(#3677),#2297);
#2187=STYLED_ITEM('',(#3677),#2298);
#2188=STYLED_ITEM('',(#3677),#2299);
#2189=STYLED_ITEM('',(#3677),#2300);
#2190=STYLED_ITEM('',(#3677),#2301);
#2191=STYLED_ITEM('',(#3677),#2302);
#2192=STYLED_ITEM('',(#3677),#2303);
#2193=STYLED_ITEM('',(#3677),#2304);
#2194=STYLED_ITEM('',(#3677),#2305);
#2195=STYLED_ITEM('',(#3677),#2306);
#2196=STYLED_ITEM('',(#3677),#2307);
#2197=STYLED_ITEM('',(#3677),#2308);
#2198=STYLED_ITEM('',(#3677),#2309);
#2199=STYLED_ITEM('',(#3677),#2310);
#2200=STYLED_ITEM('',(#3677),#2311);
#2201=STYLED_ITEM('',(#3677),#2312);
#2202=STYLED_ITEM('',(#3677),#2313);
#2203=STYLED_ITEM('',(#3677),#2314);
#2204=STYLED_ITEM('',(#3677),#2315);
#2205=STYLED_ITEM('',(#3677),#2316);
#2206=STYLED_ITEM('',(#3677),#2317);
#2207=STYLED_ITEM('',(#3677),#2318);
#2208=STYLED_ITEM('',(#3677),#2319);
#2209=STYLED_ITEM('',(#3677),#2320);
#2210=STYLED_ITEM('',(#3677),#2321);
#2211=STYLED_ITEM('',(#3677),#2322);
#2212=STYLED_ITEM('',(#3677),#2323);
#2213=STYLED_ITEM('',(#3677),#2324);
#2214=STYLED_ITEM('',(#3677),#2325);
#2215=STYLED_ITEM('',(#3677),#2326);
#2216=STYLED_ITEM('',(#3677),#2327);
#2217=STYLED_ITEM('',(#3677),#2328);
#2218=STYLED_ITEM('',(#3675),#17);
#2219=ADVANCED_FACE('',(#40),#2004,.T.);
#2220=ADVANCED_FACE('',(#41),#2005,.T.);
#2221=ADVANCED_FACE('',(#42),#2006,.T.);
#2222=ADVANCED_FACE('',(#43),#2007,.F.);
#2223=ADVANCED_FACE('',(#44),#22,.F.);
#2224=ADVANCED_FACE('',(#45),#2008,.F.);
#2225=ADVANCED_FACE('',(#46),#2009,.F.);
#2226=ADVANCED_FACE('',(#47),#2010,.F.);
#2227=ADVANCED_FACE('',(#48),#2011,.F.);
#2228=ADVANCED_FACE('',(#49),#2012,.F.);
#2229=ADVANCED_FACE('',(#50),#2013,.T.);
#2230=ADVANCED_FACE('',(#51),#2014,.T.);
#2231=ADVANCED_FACE('',(#52),#2015,.F.);
#2232=ADVANCED_FACE('',(#53),#2016,.T.);
#2233=ADVANCED_FACE('',(#54),#2017,.F.);
#2234=ADVANCED_FACE('',(#55),#2018,.F.);
#2235=ADVANCED_FACE('',(#56),#2019,.T.);
#2236=ADVANCED_FACE('',(#57),#2020,.T.);
#2237=ADVANCED_FACE('',(#58),#2021,.F.);
#2238=ADVANCED_FACE('',(#59),#2022,.F.);
#2239=ADVANCED_FACE('',(#60),#2023,.F.);
#2240=ADVANCED_FACE('',(#61,#18,#19),#2024,.T.);
#2241=ADVANCED_FACE('',(#62),#2025,.F.);
#2242=ADVANCED_FACE('',(#63),#2026,.T.);
#2243=ADVANCED_FACE('',(#64),#2027,.F.);
#2244=ADVANCED_FACE('',(#65),#2028,.F.);
#2245=ADVANCED_FACE('',(#66),#2029,.F.);
#2246=ADVANCED_FACE('',(#67),#2030,.F.);
#2247=ADVANCED_FACE('',(#68),#2031,.T.);
#2248=ADVANCED_FACE('',(#69),#2032,.F.);
#2249=ADVANCED_FACE('',(#70),#2033,.F.);
#2250=ADVANCED_FACE('',(#71),#2034,.F.);
#2251=ADVANCED_FACE('',(#72),#2035,.T.);
#2252=ADVANCED_FACE('',(#73),#2036,.T.);
#2253=ADVANCED_FACE('',(#74),#2037,.F.);
#2254=ADVANCED_FACE('',(#75),#2038,.T.);
#2255=ADVANCED_FACE('',(#76),#2039,.F.);
#2256=ADVANCED_FACE('',(#77),#2040,.F.);
#2257=ADVANCED_FACE('',(#78),#2041,.F.);
#2258=ADVANCED_FACE('',(#79),#2042,.F.);
#2259=ADVANCED_FACE('',(#80),#2043,.T.);
#2260=ADVANCED_FACE('',(#81),#2044,.F.);
#2261=ADVANCED_FACE('',(#82),#2045,.F.);
#2262=ADVANCED_FACE('',(#83),#2046,.F.);
#2263=ADVANCED_FACE('',(#84),#2047,.T.);
#2264=ADVANCED_FACE('',(#85),#2048,.F.);
#2265=ADVANCED_FACE('',(#86),#2049,.T.);
#2266=ADVANCED_FACE('',(#87),#23,.F.);
#2267=ADVANCED_FACE('',(#88),#2050,.F.);
#2268=ADVANCED_FACE('',(#89),#2051,.F.);
#2269=ADVANCED_FACE('',(#90),#2052,.F.);
#2270=ADVANCED_FACE('',(#91),#2053,.T.);
#2271=ADVANCED_FACE('',(#92),#2054,.F.);
#2272=ADVANCED_FACE('',(#93),#2055,.F.);
#2273=ADVANCED_FACE('',(#94),#2056,.F.);
#2274=ADVANCED_FACE('',(#95),#2057,.F.);
#2275=ADVANCED_FACE('',(#96),#2058,.T.);
#2276=ADVANCED_FACE('',(#97),#2059,.F.);
#2277=ADVANCED_FACE('',(#98),#2060,.F.);
#2278=ADVANCED_FACE('',(#99),#2061,.F.);
#2279=ADVANCED_FACE('',(#100),#2062,.T.);
#2280=ADVANCED_FACE('',(#101),#2063,.F.);
#2281=ADVANCED_FACE('',(#102,#20),#2064,.F.);
#2282=ADVANCED_FACE('',(#103,#21),#2065,.F.);
#2283=ADVANCED_FACE('',(#104),#2066,.F.);
#2284=ADVANCED_FACE('',(#105),#2067,.F.);
#2285=ADVANCED_FACE('',(#106),#2068,.T.);
#2286=ADVANCED_FACE('',(#107),#2069,.T.);
#2287=ADVANCED_FACE('',(#108),#2070,.F.);
#2288=ADVANCED_FACE('',(#109),#2071,.T.);
#2289=ADVANCED_FACE('',(#110),#2072,.T.);
#2290=ADVANCED_FACE('',(#111),#2073,.T.);
#2291=ADVANCED_FACE('',(#112),#2074,.F.);
#2292=ADVANCED_FACE('',(#113),#2075,.T.);
#2293=ADVANCED_FACE('',(#114),#2076,.F.);
#2294=ADVANCED_FACE('',(#115),#2077,.F.);
#2295=ADVANCED_FACE('',(#116),#2078,.T.);
#2296=ADVANCED_FACE('',(#117),#2079,.F.);
#2297=ADVANCED_FACE('',(#118),#2080,.F.);
#2298=ADVANCED_FACE('',(#119),#2081,.F.);
#2299=ADVANCED_FACE('',(#120),#2082,.T.);
#2300=ADVANCED_FACE('',(#121),#2083,.F.);
#2301=ADVANCED_FACE('',(#122),#2084,.F.);
#2302=ADVANCED_FACE('',(#123),#2085,.F.);
#2303=ADVANCED_FACE('',(#124),#24,.F.);
#2304=ADVANCED_FACE('',(#125),#2086,.F.);
#2305=ADVANCED_FACE('',(#126),#2087,.F.);
#2306=ADVANCED_FACE('',(#127),#2088,.F.);
#2307=ADVANCED_FACE('',(#128),#2089,.T.);
#2308=ADVANCED_FACE('',(#129),#2090,.F.);
#2309=ADVANCED_FACE('',(#130),#2091,.F.);
#2310=ADVANCED_FACE('',(#131),#2092,.F.);
#2311=ADVANCED_FACE('',(#132),#25,.T.);
#2312=ADVANCED_FACE('',(#133),#2093,.F.);
#2313=ADVANCED_FACE('',(#134),#26,.F.);
#2314=ADVANCED_FACE('',(#135),#2094,.F.);
#2315=ADVANCED_FACE('',(#136),#2095,.F.);
#2316=ADVANCED_FACE('',(#137),#2096,.F.);
#2317=ADVANCED_FACE('',(#138),#2097,.T.);
#2318=ADVANCED_FACE('',(#139),#2098,.F.);
#2319=ADVANCED_FACE('',(#140),#2099,.F.);
#2320=ADVANCED_FACE('',(#141),#2100,.F.);
#2321=ADVANCED_FACE('',(#142),#27,.T.);
#2322=ADVANCED_FACE('',(#143),#2101,.F.);
#2323=ADVANCED_FACE('',(#144),#2102,.T.);
#2324=ADVANCED_FACE('',(#145),#2103,.F.);
#2325=ADVANCED_FACE('',(#146),#2104,.T.);
#2326=ADVANCED_FACE('',(#147),#2105,.T.);
#2327=ADVANCED_FACE('',(#148),#2106,.F.);
#2328=ADVANCED_FACE('',(#149),#2107,.T.);
#2329=CLOSED_SHELL('',(#2219,#2220,#2221,#2222,#2223,#2224,#2225,#2226,
#2227,#2228,#2229,#2230,#2231,#2232,#2233,#2234,#2235,#2236,#2237,#2238,
#2239,#2240,#2241,#2242,#2243,#2244,#2245,#2246,#2247,#2248,#2249,#2250,
#2251,#2252,#2253,#2254,#2255,#2256,#2257,#2258,#2259,#2260,#2261,#2262,
#2263,#2264,#2265,#2266,#2267,#2268,#2269,#2270,#2271,#2272,#2273,#2274,
#2275,#2276,#2277,#2278,#2279,#2280,#2281,#2282,#2283,#2284,#2285,#2286,
#2287,#2288,#2289,#2290,#2291,#2292,#2293,#2294,#2295,#2296,#2297,#2298,
#2299,#2300,#2301,#2302,#2303,#2304,#2305,#2306,#2307,#2308,#2309,#2310,
#2311,#2312,#2313,#2314,#2315,#2316,#2317,#2318,#2319,#2320,#2321,#2322,
#2323,#2324,#2325,#2326,#2327,#2328));
#2330=DERIVED_UNIT_ELEMENT(#2332,1.);
#2331=DERIVED_UNIT_ELEMENT(#3653,-3.);
#2332=(
MASS_UNIT()
NAMED_UNIT(*)
SI_UNIT(.KILO.,.GRAM.)
);
#2333=DERIVED_UNIT((#2330,#2331));
#2334=MEASURE_REPRESENTATION_ITEM('density measure',
POSITIVE_RATIO_MEASURE(7850.),#2333);
#2335=PROPERTY_DEFINITION_REPRESENTATION(#2340,#2337);
#2336=PROPERTY_DEFINITION_REPRESENTATION(#2341,#2338);
#2337=REPRESENTATION('material name',(#2339),#3650);
#2338=REPRESENTATION('density',(#2334),#3650);
#2339=DESCRIPTIVE_REPRESENTATION_ITEM('Steel','Steel');
#2340=PROPERTY_DEFINITION('material property','material name',#3665);
#2341=PROPERTY_DEFINITION('material property','density of part',#3665);
#2342=AXIS2_PLACEMENT_3D('',#3017,#2467,#2468);
#2343=AXIS2_PLACEMENT_3D('',#3018,#2469,#2470);
#2344=AXIS2_PLACEMENT_3D('',#3019,#2471,#2472);
#2345=AXIS2_PLACEMENT_3D('',#3028,#2477,#2478);
#2346=AXIS2_PLACEMENT_3D('',#3045,#2487,#2488);
#2347=AXIS2_PLACEMENT_3D('',#3046,#2489,#2490);
#2348=AXIS2_PLACEMENT_3D('',#3066,#2501,#2502);
#2349=AXIS2_PLACEMENT_3D('',#3068,#2503,#2504);
#2350=AXIS2_PLACEMENT_3D('',#3078,#2510,#2511);
#2351=AXIS2_PLACEMENT_3D('',#3080,#2513,#2514);
#2352=AXIS2_PLACEMENT_3D('',#3084,#2517,#2518);
#2353=AXIS2_PLACEMENT_3D('',#3088,#2521,#2522);
#2354=AXIS2_PLACEMENT_3D('',#3092,#2525,#2526);
#2355=AXIS2_PLACEMENT_3D('',#3104,#2533,#2534);
#2356=AXIS2_PLACEMENT_3D('',#3136,#2551,#2552);
#2357=AXIS2_PLACEMENT_3D('',#3141,#2556,#2557);
#2358=AXIS2_PLACEMENT_3D('',#3142,#2558,#2559);
#2359=AXIS2_PLACEMENT_3D('',#3161,#2570,#2571);
#2360=AXIS2_PLACEMENT_3D('',#3162,#2572,#2573);
#2361=AXIS2_PLACEMENT_3D('',#3174,#2580,#2581);
#2362=AXIS2_PLACEMENT_3D('',#3181,#2584,#2585);
#2363=AXIS2_PLACEMENT_3D('',#3186,#2589,#2590);
#2364=AXIS2_PLACEMENT_3D('',#3190,#2593,#2594);
#2365=AXIS2_PLACEMENT_3D('',#3200,#2599,#2600);
#2366=AXIS2_PLACEMENT_3D('',#3206,#2604,#2605);
#2367=AXIS2_PLACEMENT_3D('',#3210,#2608,#2609);
#2368=AXIS2_PLACEMENT_3D('',#3216,#2613,#2614);
#2369=AXIS2_PLACEMENT_3D('',#3241,#2628,#2629);
#2370=AXIS2_PLACEMENT_3D('',#3265,#2643,#2644);
#2371=AXIS2_PLACEMENT_3D('',#3273,#2649,#2650);
#2372=AXIS2_PLACEMENT_3D('',#3278,#2654,#2655);
#2373=AXIS2_PLACEMENT_3D('',#3280,#2657,#2658);
#2374=AXIS2_PLACEMENT_3D('',#3282,#2660,#2661);
#2375=AXIS2_PLACEMENT_3D('',#3284,#2663,#2664);
#2376=AXIS2_PLACEMENT_3D('',#3288,#2667,#2668);
#2377=AXIS2_PLACEMENT_3D('',#3293,#2672,#2673);
#2378=AXIS2_PLACEMENT_3D('',#3295,#2675,#2676);
#2379=AXIS2_PLACEMENT_3D('',#3301,#2680,#2681);
#2380=AXIS2_PLACEMENT_3D('',#3309,#2686,#2687);
#2381=AXIS2_PLACEMENT_3D('',#3312,#2690,#2691);
#2382=AXIS2_PLACEMENT_3D('',#3322,#2697,#2698);
#2383=AXIS2_PLACEMENT_3D('',#3326,#2701,#2702);
#2384=AXIS2_PLACEMENT_3D('',#3334,#2708,#2709);
#2385=AXIS2_PLACEMENT_3D('',#3336,#2711,#2712);
#2386=AXIS2_PLACEMENT_3D('',#3338,#2714,#2715);
#2387=AXIS2_PLACEMENT_3D('',#3339,#2716,#2717);
#2388=AXIS2_PLACEMENT_3D('',#3348,#2723,#2724);
#2389=AXIS2_PLACEMENT_3D('',#3353,#2728,#2729);
#2390=AXIS2_PLACEMENT_3D('',#3355,#2731,#2732);
#2391=AXIS2_PLACEMENT_3D('',#3357,#2734,#2735);
#2392=AXIS2_PLACEMENT_3D('',#3361,#2738,#2739);
#2393=AXIS2_PLACEMENT_3D('',#3365,#2742,#2743);
#2394=AXIS2_PLACEMENT_3D('',#3367,#2745,#2746);
#2395=AXIS2_PLACEMENT_3D('',#3369,#2748,#2749);
#2396=AXIS2_PLACEMENT_3D('',#3370,#2750,#2751);
#2397=AXIS2_PLACEMENT_3D('',#3372,#2753,#2754);
#2398=AXIS2_PLACEMENT_3D('',#3373,#2755,#2756);
#2399=AXIS2_PLACEMENT_3D('',#3376,#2759,#2760);
#2400=AXIS2_PLACEMENT_3D('',#3378,#2762,#2763);
#2401=AXIS2_PLACEMENT_3D('',#3379,#2764,#2765);
#2402=AXIS2_PLACEMENT_3D('',#3380,#2766,#2767);
#2403=AXIS2_PLACEMENT_3D('',#3386,#2771,#2772);
#2404=AXIS2_PLACEMENT_3D('',#3390,#2775,#2776);
#2405=AXIS2_PLACEMENT_3D('',#3394,#2779,#2780);
#2406=AXIS2_PLACEMENT_3D('',#3396,#2782,#2783);
#2407=AXIS2_PLACEMENT_3D('',#3402,#2787,#2788);
#2408=AXIS2_PLACEMENT_3D('',#3406,#2791,#2792);
#2409=AXIS2_PLACEMENT_3D('',#3410,#2795,#2796);
#2410=AXIS2_PLACEMENT_3D('',#3412,#2798,#2799);
#2411=AXIS2_PLACEMENT_3D('',#3421,#2804,#2805);
#2412=AXIS2_PLACEMENT_3D('',#3430,#2810,#2811);
#2413=AXIS2_PLACEMENT_3D('',#3432,#2813,#2814);
#2414=AXIS2_PLACEMENT_3D('',#3433,#2815,#2816);
#2415=AXIS2_PLACEMENT_3D('',#3439,#2820,#2821);
#2416=AXIS2_PLACEMENT_3D('',#3443,#2824,#2825);
#2417=AXIS2_PLACEMENT_3D('',#3447,#2828,#2829);
#2418=AXIS2_PLACEMENT_3D('',#3449,#2831,#2832);
#2419=AXIS2_PLACEMENT_3D('',#3455,#2836,#2837);
#2420=AXIS2_PLACEMENT_3D('',#3459,#2840,#2841);
#2421=AXIS2_PLACEMENT_3D('',#3463,#2844,#2845);
#2422=AXIS2_PLACEMENT_3D('',#3465,#2847,#2848);
#2423=AXIS2_PLACEMENT_3D('',#3469,#2850,#2851);
#2424=AXIS2_PLACEMENT_3D('',#3485,#2859,#2860);
#2425=AXIS2_PLACEMENT_3D('',#3487,#2862,#2863);
#2426=AXIS2_PLACEMENT_3D('',#3491,#2866,#2867);
#2427=AXIS2_PLACEMENT_3D('',#3493,#2868,#2869);
#2428=AXIS2_PLACEMENT_3D('',#3509,#2877,#2878);
#2429=AXIS2_PLACEMENT_3D('',#3511,#2880,#2881);
#2430=AXIS2_PLACEMENT_3D('',#3513,#2883,#2884);
#2431=AXIS2_PLACEMENT_3D('',#3517,#2886,#2887);
#2432=AXIS2_PLACEMENT_3D('',#3533,#2895,#2896);
#2433=AXIS2_PLACEMENT_3D('',#3535,#2898,#2899);
#2434=AXIS2_PLACEMENT_3D('',#3539,#2902,#2903);
#2435=AXIS2_PLACEMENT_3D('',#3541,#2904,#2905);
#2436=AXIS2_PLACEMENT_3D('',#3557,#2913,#2914);
#2437=AXIS2_PLACEMENT_3D('',#3559,#2916,#2917);
#2438=AXIS2_PLACEMENT_3D('',#3561,#2919,#2920);
#2439=AXIS2_PLACEMENT_3D('',#3562,#2921,#2922);
#2440=AXIS2_PLACEMENT_3D('',#3563,#2923,#2924);
#2441=AXIS2_PLACEMENT_3D('',#3565,#2926,#2927);
#2442=AXIS2_PLACEMENT_3D('',#3567,#2929,#2930);
#2443=AXIS2_PLACEMENT_3D('',#3569,#2932,#2933);
#2444=AXIS2_PLACEMENT_3D('',#3575,#2937,#2938);
#2445=AXIS2_PLACEMENT_3D('',#3583,#2943,#2944);
#2446=AXIS2_PLACEMENT_3D('',#3588,#2948,#2949);
#2447=AXIS2_PLACEMENT_3D('',#3590,#2951,#2952);
#2448=AXIS2_PLACEMENT_3D('',#3592,#2954,#2955);
#2449=AXIS2_PLACEMENT_3D('',#3593,#2956,#2957);
#2450=AXIS2_PLACEMENT_3D('',#3599,#2961,#2962);
#2451=AXIS2_PLACEMENT_3D('',#3601,#2964,#2965);
#2452=AXIS2_PLACEMENT_3D('',#3603,#2967,#2968);
#2453=AXIS2_PLACEMENT_3D('',#3605,#2970,#2971);
#2454=AXIS2_PLACEMENT_3D('',#3611,#2975,#2976);
#2455=AXIS2_PLACEMENT_3D('',#3619,#2981,#2982);
#2456=AXIS2_PLACEMENT_3D('',#3624,#2986,#2987);
#2457=AXIS2_PLACEMENT_3D('',#3626,#2989,#2990);
#2458=AXIS2_PLACEMENT_3D('',#3628,#2992,#2993);
#2459=AXIS2_PLACEMENT_3D('',#3629,#2994,#2995);
#2460=AXIS2_PLACEMENT_3D('',#3635,#2999,#3000);
#2461=AXIS2_PLACEMENT_3D('',#3637,#3002,#3003);
#2462=AXIS2_PLACEMENT_3D('',#3639,#3005,#3006);
#2463=AXIS2_PLACEMENT_3D('',#3640,#3007,#3008);
#2464=AXIS2_PLACEMENT_3D('',#3642,#3010,#3011);
#2465=AXIS2_PLACEMENT_3D('',#3644,#3013,#3014);
#2466=AXIS2_PLACEMENT_3D('',#3645,#3015,#3016);
#2467=DIRECTION('axis',(0.,0.,1.));
#2468=DIRECTION('refdir',(1.,0.,0.));
#2469=DIRECTION('axis',(0.,0.,1.));
#2470=DIRECTION('refdir',(1.,0.,0.));
#2471=DIRECTION('center_axis',(1.359631073447E-32,1.110223024625E-16,1.));
#2472=DIRECTION('ref_axis',(-1.224646799147E-16,-1.,1.110223024625E-16));
#2473=DIRECTION('',(-1.224646799147E-16,-1.,1.110223024625E-16));
#2474=DIRECTION('',(-1.,1.224646799147E-16,0.));
#2475=DIRECTION('',(-1.224646799147E-16,-1.,1.110223024625E-16));
#2476=DIRECTION('',(-1.,1.224646799147E-16,0.));
#2477=DIRECTION('center_axis',(1.,-1.224646799147E-16,-3.096025220137E-32));
#2478=DIRECTION('ref_axis',(-3.096025220137E-32,3.79153737592E-48,-1.));
#2479=DIRECTION('',(1.359631073447E-32,1.110223024625E-16,1.));
#2480=DIRECTION('',(-1.224646799147E-16,-1.,0.));
#2481=DIRECTION('',(0.,0.,-1.));
#2482=DIRECTION('',(1.06737219175428E-16,0.871575537124229,-0.490261239633129));
#2483=DIRECTION('',(1.359631073447E-32,1.110223024625E-16,1.));
#2484=DIRECTION('',(-1.224646799147E-16,-1.,1.110223024625E-16));
#2485=DIRECTION('',(1.359631073447E-32,1.110223024625E-16,1.));
#2486=DIRECTION('',(1.224646799147E-16,1.,-1.110223024625E-16));
#2487=DIRECTION('center_axis',(-1.,1.224646799147E-16,0.));
#2488=DIRECTION('ref_axis',(1.35963107344631E-32,1.110223024625E-16,1.));
#2489=DIRECTION('center_axis',(-1.224646799147E-16,-1.,-4.111705995194E-31));
#2490=DIRECTION('ref_axis',(-5.03538758605E-47,-4.111705995194E-31,1.));
#2491=DIRECTION('',(1.,-1.224646799147E-16,0.));
#2492=DIRECTION('',(0.,0.,1.));
#2493=DIRECTION('',(-1.,1.224646799147E-16,0.));
#2494=DIRECTION('',(1.359631073447E-32,1.110223024625E-16,1.));
#2495=DIRECTION('',(1.,-1.224646799147E-16,0.));
#2496=DIRECTION('',(-1.359631073447E-32,-1.110223024625E-16,-1.));
#2497=DIRECTION('',(-1.,1.224646799147E-16,0.));
#2498=DIRECTION('',(-1.359631073447E-32,-1.110223024625E-16,-1.));
#2499=DIRECTION('',(-1.,1.224646799147E-16,0.));
#2500=DIRECTION('',(0.,0.,1.));
#2501=DIRECTION('center_axis',(1.,-1.224646799147E-16,0.));
#2502=DIRECTION('ref_axis',(1.35963107344631E-32,1.110223024625E-16,1.));
#2503=DIRECTION('center_axis',(1.,-1.224646799147E-16,0.));
#2504=DIRECTION('ref_axis',(1.35963107344631E-32,1.110223024625E-16,1.));
#2505=DIRECTION('',(1.224646799147E-16,1.,-1.110223024625E-16));
#2506=DIRECTION('',(1.359631073447E-32,1.110223024625E-16,1.));
#2507=DIRECTION('',(1.224646799147E-16,1.,-1.110223024625E-16));
#2508=DIRECTION('',(1.359631073447E-32,1.110223024625E-16,1.));
#2509=DIRECTION('',(1.224646799147E-16,1.,-1.110223024625E-16));
#2510=DIRECTION('center_axis',(1.,-1.224646799147E-16,0.));
#2511=DIRECTION('ref_axis',(1.35963107344631E-32,1.110223024625E-16,1.));
#2512=DIRECTION('',(-1.,1.224646799147E-16,0.));
#2513=DIRECTION('center_axis',(0.,0.,1.));
#2514=DIRECTION('ref_axis',(-1.224646799147E-16,-1.,0.));
#2515=DIRECTION('',(-1.,1.224646799147E-16,0.));
#2516=DIRECTION('',(-1.224646799147E-16,-1.,0.));
#2517=DIRECTION('center_axis',(-1.224646799147E-16,-1.,0.));
#2518=DIRECTION('ref_axis',(0.,0.,-1.));
#2519=DIRECTION('',(-1.,1.224646799147E-16,0.));
#2520=DIRECTION('',(0.,0.,-1.));
#2521=DIRECTION('center_axis',(-6.00396857861758E-17,-0.490261239633129,
-0.871575537124229));
#2522=DIRECTION('ref_axis',(1.06737219175428E-16,0.871575537124229,-0.490261239633129));
#2523=DIRECTION('',(-1.,1.224646799147E-16,0.));
#2524=DIRECTION('',(1.06737219175428E-16,0.871575537124229,-0.490261239633129));
#2525=DIRECTION('center_axis',(-1.224646799147E-16,-1.,1.110223024625E-16));
#2526=DIRECTION('ref_axis',(-1.,1.224646799147E-16,0.));
#2527=DIRECTION('',(1.359631073447E-32,1.110223024625E-16,1.));
#2528=DIRECTION('',(-1.,1.224646799147E-16,0.));
#2529=DIRECTION('',(-1.359631073447E-32,-1.110223024625E-16,-1.));
#2530=DIRECTION('',(-1.,1.224646799147E-16,0.));
#2531=DIRECTION('',(0.,0.,1.));
#2532=DIRECTION('',(1.,-1.224646799147E-16,0.));
#2533=DIRECTION('center_axis',(-1.359631073447E-32,-1.110223024625E-16,
-1.));
#2534=DIRECTION('ref_axis',(-1.,1.224646799147E-16,6.92712190079319E-45));
#2535=DIRECTION('',(1.224646799147E-16,1.,-1.110223024625E-16));
#2536=DIRECTION('',(1.,-1.224646799147E-16,0.));
#2537=DIRECTION('',(-1.224646799147E-16,-1.,1.110223024625E-16));
#2538=DIRECTION('',(-1.,1.224646799147E-16,0.));
#2539=DIRECTION('',(-1.224646799147E-16,-1.,1.110223024625E-16));
#2540=DIRECTION('',(-1.,1.224646799147E-16,0.));
#2541=DIRECTION('',(-1.224646799147E-16,-1.,1.110223024625E-16));
#2542=DIRECTION('',(-1.,1.224646799147E-16,0.));
#2543=DIRECTION('',(-1.224646799147E-16,-1.,1.110223024625E-16));
#2544=DIRECTION('',(-1.,1.224646799147E-16,0.));
#2545=DIRECTION('',(-1.224646799147E-16,-1.,1.110223024625E-16));
#2546=DIRECTION('',(-1.,1.224646799147E-16,0.));
#2547=DIRECTION('',(-1.224646799147E-16,-1.,1.110223024625E-16));
#2548=DIRECTION('',(-1.,1.224646799147E-16,0.));
#2549=DIRECTION('',(1.224646799147E-16,1.,-1.110223024625E-16));
#2550=DIRECTION('',(-1.,1.224646799147E-16,0.));
#2551=DIRECTION('center_axis',(-1.224646799147E-16,-1.,1.110223024625E-16));
#2552=DIRECTION('ref_axis',(-1.,1.224646799147E-16,0.));
#2553=DIRECTION('',(-1.,1.224646799147E-16,0.));
#2554=DIRECTION('',(-1.359631073447E-32,-1.110223024625E-16,-1.));
#2555=DIRECTION('',(-1.,1.224646799147E-16,0.));
#2556=DIRECTION('center_axis',(-1.359631073447E-32,-1.110223024625E-16,
-1.));
#2557=DIRECTION('ref_axis',(1.224646799147E-16,1.,-1.110223024625E-16));
#2558=DIRECTION('center_axis',(1.359631073447E-32,1.110223024625E-16,1.));
#2559=DIRECTION('ref_axis',(1.,-1.224646799147E-16,-6.92712190079319E-45));
#2560=DIRECTION('',(1.,-1.224646799147E-16,0.));
#2561=DIRECTION('',(1.224646799147E-16,1.,-1.110223024625E-16));
#2562=DIRECTION('',(-1.,1.224646799147E-16,0.));
#2563=DIRECTION('',(1.224646799147E-16,1.,-1.110223024625E-16));
#2564=DIRECTION('',(1.,-1.224646799147E-16,0.));
#2565=DIRECTION('',(1.224646799147E-16,1.,-1.110223024625E-16));
#2566=DIRECTION('',(-1.,1.224646799147E-16,0.));
#2567=DIRECTION('',(1.224646799147E-16,1.,-1.110223024625E-16));
#2568=DIRECTION('',(1.224646799147E-16,1.,0.));
#2569=DIRECTION('',(1.224646799147E-16,1.,0.));
#2570=DIRECTION('center_axis',(-1.,1.224646799147E-16,0.));
#2571=DIRECTION('ref_axis',(0.,0.,1.));
#2572=DIRECTION('center_axis',(-1.359631073447E-32,-1.110223024625E-16,
-1.));
#2573=DIRECTION('ref_axis',(1.,-1.224646799147E-16,-6.92712190079319E-45));
#2574=DIRECTION('',(1.,-1.224646799147E-16,0.));
#2575=DIRECTION('',(-1.224646799147E-16,-1.,1.110223024625E-16));
#2576=DIRECTION('',(1.,-1.224646799147E-16,0.));
#2577=DIRECTION('',(-1.224646799147E-16,-1.,1.110223024625E-16));
#2578=DIRECTION('',(1.,-1.224646799147E-16,0.));
#2579=DIRECTION('',(1.224646799147E-16,1.,-1.110223024625E-16));
#2580=DIRECTION('center_axis',(-1.,1.224646799147E-16,0.));
#2581=DIRECTION('ref_axis',(-1.35963107344631E-32,-1.110223024625E-16,-1.));
#2582=DIRECTION('',(-1.359631073447E-32,-1.110223024625E-16,-1.));
#2583=DIRECTION('',(-1.224646799147E-16,-1.,1.110223024625E-16));
#2584=DIRECTION('center_axis',(1.,-1.224646799147E-16,0.));
#2585=DIRECTION('ref_axis',(1.35963107344631E-32,1.110223024625E-16,1.));
#2586=DIRECTION('',(1.224646799147E-16,1.,-1.110223024625E-16));
#2587=DIRECTION('',(-1.359631073447E-32,-1.110223024625E-16,-1.));
#2588=DIRECTION('',(1.224646799147E-16,1.,-1.110223024625E-16));
#2589=DIRECTION('center_axis',(1.359631073447E-32,1.110223024625E-16,1.));
#2590=DIRECTION('ref_axis',(-1.224646799147E-16,-1.,1.110223024625E-16));
#2591=DIRECTION('',(-1.,1.224646799147E-16,0.));
#2592=DIRECTION('',(-1.224646799147E-16,-1.,1.110223024625E-16));
#2593=DIRECTION('center_axis',(-1.,1.224646799147E-16,-3.525915016947E-32));
#2594=DIRECTION('ref_axis',(-3.525915016947E-32,4.31800053957E-48,1.));
#2595=DIRECTION('',(-1.359631073447E-32,-1.110223024625E-16,-1.));
#2596=DIRECTION('',(1.06737219175428E-16,0.871575537124229,-0.490261239633129));
#2597=DIRECTION('',(0.,0.,-1.));
#2598=DIRECTION('',(-1.224646799147E-16,-1.,0.));
#2599=DIRECTION('center_axis',(1.,-1.224646799147E-16,0.));
#2600=DIRECTION('ref_axis',(1.35963107344631E-32,1.110223024625E-16,1.));
#2601=DIRECTION('',(1.224646799147E-16,1.,-1.110223024625E-16));
#2602=DIRECTION('',(-1.359631073447E-32,-1.110223024625E-16,-1.));
#2603=DIRECTION('',(-1.224646799147E-16,-1.,1.110223024625E-16));
#2604=DIRECTION('center_axis',(0.,0.,1.));
#2605=DIRECTION('ref_axis',(-1.224646799147E-16,-1.,0.));
#2606=DIRECTION('',(-1.,1.224646799147E-16,0.));
#2607=DIRECTION('',(-1.224646799147E-16,-1.,0.));
#2608=DIRECTION('center_axis',(-1.,1.224646799147E-16,0.));
#2609=DIRECTION('ref_axis',(0.,0.,1.));
#2610=DIRECTION('',(0.,0.,1.));
#2611=DIRECTION('',(0.,0.,-1.));
#2612=DIRECTION('',(1.06737219175428E-16,0.871575537124229,-0.490261239633129));
#2613=DIRECTION('center_axis',(1.359631073447E-32,1.110223024625E-16,1.));
#2614=DIRECTION('ref_axis',(-1.,1.224646799147E-16,6.92712190079319E-45));
#2615=DIRECTION('',(1.224646799147E-16,1.,-1.110223024625E-16));
#2616=DIRECTION('',(-1.,1.224646799147E-16,0.));
#2617=DIRECTION('',(-1.224646799147E-16,-1.,1.110223024625E-16));
#2618=DIRECTION('',(-1.,1.224646799147E-16,0.));
#2619=DIRECTION('',(-1.,1.224646799147E-16,0.));
#2620=DIRECTION('',(1.224646799147E-16,1.,-1.110223024625E-16));
#2621=DIRECTION('',(-1.,1.224646799147E-16,0.));
#2622=DIRECTION('',(-1.224646799147E-16,-1.,1.110223024625E-16));
#2623=DIRECTION('',(-1.,1.224646799147E-16,0.));
#2624=DIRECTION('',(-1.224646799147E-16,-1.,1.110223024625E-16));
#2625=DIRECTION('',(1.,-1.224646799147E-16,0.));
#2626=DIRECTION('',(1.224646799147E-16,1.,-1.110223024625E-16));
#2627=DIRECTION('',(-1.,1.224646799147E-16,0.));
#2628=DIRECTION('center_axis',(-1.224646799147E-16,-1.,1.110223024625E-16));
#2629=DIRECTION('ref_axis',(-1.,1.224646799147E-16,0.));
#2630=DIRECTION('',(-1.,1.224646799147E-16,0.));
#2631=DIRECTION('',(-1.,1.224646799147E-16,0.));
#2632=DIRECTION('',(-1.359631073447E-32,-1.110223024625E-16,-1.));
#2633=DIRECTION('',(-1.,1.224646799147E-16,0.));
#2634=DIRECTION('',(1.359631073447E-32,1.110223024625E-16,1.));
#2635=DIRECTION('',(-1.359631073447E-32,-1.110223024625E-16,-1.));
#2636=DIRECTION('',(-1.,1.224646799147E-16,0.));
#2637=DIRECTION('',(-1.359631073447E-32,-1.110223024625E-16,-1.));
#2638=DIRECTION('',(1.,-1.224646799147E-16,0.));
#2639=DIRECTION('',(-1.359631073447E-32,-1.110223024625E-16,-1.));
#2640=DIRECTION('',(-1.,1.224646799147E-16,0.));
#2641=DIRECTION('',(-1.359631073447E-32,-1.110223024625E-16,-1.));
#2642=DIRECTION('',(1.,-1.224646799147E-16,0.));
#2643=DIRECTION('center_axis',(1.,-1.224646799147E-16,0.));
#2644=DIRECTION('ref_axis',(1.224646799147E-16,1.,-1.110223024625E-16));
#2645=DIRECTION('',(-5.31952576738332E-18,-0.0434372242763126,-0.999056158355059));
#2646=DIRECTION('',(-1.359631073447E-32,-1.110223024625E-16,-1.));
#2647=DIRECTION('',(1.01701381086488E-17,0.0830454798537201,-0.996545758244881));
#2648=DIRECTION('',(-1.224646799147E-16,-1.,1.110223024625E-16));
#2649=DIRECTION('center_axis',(1.359631073447E-32,1.110223024625E-16,1.));
#2650=DIRECTION('ref_axis',(1.224646799147E-16,1.,-1.110223024625E-16));
#2651=DIRECTION('',(1.224646799147E-16,1.,-1.110223024625E-16));
#2652=DIRECTION('',(-1.,1.224646799147E-16,0.));
#2653=DIRECTION('',(-1.224646799147E-16,-1.,1.110223024625E-16));
#2654=DIRECTION('center_axis',(1.,-1.224646799147E-16,0.));
#2655=DIRECTION('ref_axis',(1.224646799147E-16,1.,-1.110223024625E-16));
#2656=DIRECTION('',(-1.359631073447E-32,-1.110223024625E-16,-1.));
#2657=DIRECTION('center_axis',(-1.224646799147E-16,-1.,1.110223024625E-16));
#2658=DIRECTION('ref_axis',(1.,-1.224646799147E-16,0.));
#2659=DIRECTION('',(-1.359631073447E-32,-1.110223024625E-16,-1.));
#2660=DIRECTION('center_axis',(-1.,1.224646799147E-16,0.));
#2661=DIRECTION('ref_axis',(-1.224646799147E-16,-1.,1.110223024625E-16));
#2662=DIRECTION('',(1.01701381086488E-17,0.0830454798537201,-0.996545758244881));
#2663=DIRECTION('center_axis',(-1.22041657303785E-16,-0.996545758244881,
-0.0830454798537201));
#2664=DIRECTION('ref_axis',(1.01701381086488E-17,0.0830454798537201,-0.996545758244881));
#2665=DIRECTION('',(-1.,1.224646799147E-16,0.));
#2666=DIRECTION('',(1.01701381086488E-17,0.0830454798537201,-0.996545758244881));
#2667=DIRECTION('center_axis',(1.,-1.224646799147E-16,0.));
#2668=DIRECTION('ref_axis',(1.224646799147E-16,1.,-1.110223024625E-16));
#2669=DIRECTION('',(-1.359631073447E-32,-1.110223024625E-16,-1.));
#2670=DIRECTION('',(-5.31952576738332E-18,-0.0434372242763126,-0.999056158355059));
#2671=DIRECTION('',(1.359631073447E-32,1.110223024625E-16,1.));
#2672=DIRECTION('center_axis',(-1.224646799147E-16,-1.,1.110223024625E-16));
#2673=DIRECTION('ref_axis',(-1.,1.224646799147E-16,0.));
#2674=DIRECTION('',(1.359631073447E-32,1.110223024625E-16,1.));
#2675=DIRECTION('center_axis',(1.,-1.224646799147E-16,0.));
#2676=DIRECTION('ref_axis',(1.224646799147E-16,1.,-1.110223024625E-16));
#2677=DIRECTION('',(-5.31952576738332E-18,-0.0434372242763126,-0.999056158355059));
#2678=DIRECTION('',(-1.359631073447E-32,-1.110223024625E-16,-1.));
#2679=DIRECTION('',(1.01701381086488E-17,0.0830454798537201,-0.996545758244881));
#2680=DIRECTION('center_axis',(-1.22041657303785E-16,-0.996545758244881,
-0.0830454798537201));
#2681=DIRECTION('ref_axis',(1.01701381086488E-17,0.0830454798537201,-0.996545758244881));
#2682=DIRECTION('',(-1.,1.224646799147E-16,0.));
#2683=DIRECTION('',(1.01701381086488E-17,0.0830454798537201,-0.996545758244881));
#2684=DIRECTION('',(1.,-1.224646799147E-16,0.));
#2685=DIRECTION('',(1.01701381086488E-17,0.0830454798537201,-0.996545758244881));
#2686=DIRECTION('center_axis',(-1.,1.224646799147E-16,0.));
#2687=DIRECTION('ref_axis',(-1.224646799147E-16,-1.,1.110223024625E-16));
#2688=DIRECTION('',(-1.224646799147E-16,-1.,1.110223024625E-16));
#2689=DIRECTION('',(-1.359631073447E-32,-1.110223024625E-16,-1.));
#2690=DIRECTION('center_axis',(1.224646799147E-16,1.,-1.110223024625E-16));
#2691=DIRECTION('ref_axis',(1.,-1.224646799147E-16,-2.87375661629113E-46));
#2692=DIRECTION('',(-1.359631073447E-32,-1.110223024625E-16,-1.));
#2693=DIRECTION('',(-1.,1.224646799147E-16,0.));
#2694=DIRECTION('',(-1.359631073447E-32,-1.110223024625E-16,-1.));
#2695=DIRECTION('',(-1.,1.224646799147E-16,0.));
#2696=DIRECTION('',(1.359631073447E-32,1.110223024625E-16,1.));
#2697=DIRECTION('center_axis',(-1.,1.224646799147E-16,0.));
#2698=DIRECTION('ref_axis',(1.35963107344631E-32,1.110223024625E-16,1.));
#2699=DIRECTION('',(-1.224646799147E-16,-1.,1.110223024625E-16));
#2700=DIRECTION('',(1.359631073447E-32,1.110223024625E-16,1.));
#2701=DIRECTION('center_axis',(-1.224646799147E-16,-1.,1.110223024625E-16));
#2702=DIRECTION('ref_axis',(-1.,1.224646799147E-16,0.));
#2703=DIRECTION('',(-1.359631073447E-32,-1.110223024625E-16,-1.));
#2704=DIRECTION('',(-1.,1.224646799147E-16,0.));
#2705=DIRECTION('',(-1.359631073447E-32,-1.110223024625E-16,-1.));
#2706=DIRECTION('',(-1.,1.224646799147E-16,0.));
#2707=DIRECTION('',(-1.,1.224646799147E-16,0.));
#2708=DIRECTION('center_axis',(-1.,1.224646799147E-16,0.));
#2709=DIRECTION('ref_axis',(-1.224646799147E-16,-1.,1.110223024625E-16));
#2710=DIRECTION('',(-1.359631073447E-32,-1.110223024625E-16,-1.));
#2711=DIRECTION('center_axis',(1.224646799147E-16,1.,-1.110223024625E-16));
#2712=DIRECTION('ref_axis',(-1.,1.224646799147E-16,0.));
#2713=DIRECTION('',(-1.359631073447E-32,-1.110223024625E-16,-1.));
#2714=DIRECTION('center_axis',(1.,-1.224646799147E-16,0.));
#2715=DIRECTION('ref_axis',(1.224646799147E-16,1.,-1.110223024625E-16));
#2716=DIRECTION('center_axis',(-1.224646799147E-16,-1.,1.110223024625E-16));
#2717=DIRECTION('ref_axis',(-1.,1.224646799147E-16,0.));
#2718=DIRECTION('',(-1.,1.224646799147E-16,0.));
#2719=DIRECTION('',(-1.359631073447E-32,-1.110223024625E-16,-1.));
#2720=DIRECTION('',(1.,-1.224646799147E-16,0.));
#2721=DIRECTION('',(1.359631073447E-32,1.110223024625E-16,1.));
#2722=DIRECTION('',(-1.,1.224646799147E-16,0.));
#2723=DIRECTION('center_axis',(1.,-1.224646799147E-16,0.));
#2724=DIRECTION('ref_axis',(1.224646799147E-16,1.,-1.110223024625E-16));
#2725=DIRECTION('',(1.224646799147E-16,1.,-1.110223024625E-16));
#2726=DIRECTION('',(-1.359631073447E-32,-1.110223024625E-16,-1.));
#2727=DIRECTION('',(-5.31952576738332E-18,-0.0434372242763126,-0.999056158355059));
#2728=DIRECTION('center_axis',(-1.22349092649807E-16,-0.999056158355059,
0.0434372242763126));
#2729=DIRECTION('ref_axis',(-5.31952576738332E-18,-0.0434372242763126,-0.999056158355059));
#2730=DIRECTION('',(-1.,1.224646799147E-16,0.));
#2731=DIRECTION('center_axis',(-1.22349092649807E-16,-0.999056158355059,
0.0434372242763126));
#2732=DIRECTION('ref_axis',(-5.31952576738332E-18,-0.0434372242763126,-0.999056158355059));
#2733=DIRECTION('',(-1.,1.224646799147E-16,0.));
#2734=DIRECTION('center_axis',(-1.,1.224646799147E-16,0.));
#2735=DIRECTION('ref_axis',(1.35963107344631E-32,1.110223024625E-16,1.));
#2736=DIRECTION('',(-1.224646799147E-16,-1.,1.110223024625E-16));
#2737=DIRECTION('',(1.359631073447E-32,1.110223024625E-16,1.));
#2738=DIRECTION('center_axis',(-1.224646799147E-16,-1.,1.110223024625E-16));
#2739=DIRECTION('ref_axis',(-1.,1.224646799147E-16,0.));
#2740=DIRECTION('',(-1.,1.224646799147E-16,0.));
#2741=DIRECTION('',(-1.359631073447E-32,-1.110223024625E-16,-1.));
#2742=DIRECTION('center_axis',(1.,-1.224646799147E-16,0.));
#2743=DIRECTION('ref_axis',(-1.35963107344631E-32,-1.110223024625E-16,-1.));
#2744=DIRECTION('',(-1.224646799147E-16,-1.,1.110223024625E-16));
#2745=DIRECTION('center_axis',(-1.359631073447E-32,-1.110223024625E-16,
-1.));
#2746=DIRECTION('ref_axis',(1.224646799147E-16,1.,-1.110223024625E-16));
#2747=DIRECTION('',(-1.,1.224646799147E-16,0.));
#2748=DIRECTION('center_axis',(1.,-1.224646799147E-16,0.));
#2749=DIRECTION('ref_axis',(1.35963107344631E-32,1.110223024625E-16,1.));
#2750=DIRECTION('center_axis',(-6.00396857861758E-17,-0.490261239633129,
-0.871575537124229));
#2751=DIRECTION('ref_axis',(1.06737219175428E-16,0.871575537124229,-0.490261239633129));
#2752=DIRECTION('',(-1.,1.224646799147E-16,0.));
#2753=DIRECTION('center_axis',(-1.224646799147E-16,-1.,0.));
#2754=DIRECTION('ref_axis',(0.,0.,-1.));
#2755=DIRECTION('center_axis',(-1.359631073447E-32,-1.110223024625E-16,
-1.));
#2756=DIRECTION('ref_axis',(-1.,1.224646799147E-16,6.92712190079319E-45));
#2757=DIRECTION('',(-1.224646799147E-16,-1.,1.110223024625E-16));
#2758=DIRECTION('',(1.224646799147E-16,1.,-1.110223024625E-16));
#2759=DIRECTION('center_axis',(1.,-1.224646799147E-16,0.));
#2760=DIRECTION('ref_axis',(1.224646799147E-16,1.,-1.110223024625E-16));
#2761=DIRECTION('',(1.224646799147E-16,1.,-1.110223024625E-16));
#2762=DIRECTION('center_axis',(-1.359631073447E-32,-1.110223024625E-16,
-1.));
#2763=DIRECTION('ref_axis',(-1.,1.224646799147E-16,6.92712190079319E-45));
#2764=DIRECTION('center_axis',(-1.359631073447E-32,-1.110223024625E-16,
-1.));
#2765=DIRECTION('ref_axis',(-1.224646799147E-16,-1.,1.110223024625E-16));
#2766=DIRECTION('center_axis',(-1.,1.224646799147E-16,0.));
#2767=DIRECTION('ref_axis',(0.,0.,1.));
#2768=DIRECTION('',(0.,0.,1.));
#2769=DIRECTION('',(-1.224646799147E-16,-1.,0.));
#2770=DIRECTION('',(1.224646799147E-16,1.,0.));
#2771=DIRECTION('center_axis',(0.,0.,-1.));
#2772=DIRECTION('ref_axis',(1.224646799147E-16,1.,0.));
#2773=DIRECTION('',(1.224646799147E-16,1.,0.));
#2774=DIRECTION('',(-1.,1.224646799147E-16,0.));
#2775=DIRECTION('center_axis',(-1.,1.224646799147E-16,0.));
#2776=DIRECTION('ref_axis',(0.,0.,1.));
#2777=DIRECTION('',(0.,0.,1.));
#2778=DIRECTION('',(-1.224646799147E-16,-1.,0.));
#2779=DIRECTION('center_axis',(0.,0.,1.));
#2780=DIRECTION('ref_axis',(-1.224646799147E-16,-1.,0.));
#2781=DIRECTION('',(-1.,1.224646799147E-16,0.));
#2782=DIRECTION('center_axis',(-1.,1.224646799147E-16,0.));
#2783=DIRECTION('ref_axis',(0.,0.,1.));
#2784=DIRECTION('',(0.,0.,1.));
#2785=DIRECTION('',(-1.224646799147E-16,-1.,0.));
#2786=DIRECTION('',(1.224646799147E-16,1.,0.));
#2787=DIRECTION('center_axis',(0.,0.,-1.));
#2788=DIRECTION('ref_axis',(1.224646799147E-16,1.,0.));
#2789=DIRECTION('',(1.224646799147E-16,1.,0.));
#2790=DIRECTION('',(-1.,1.224646799147E-16,0.));
#2791=DIRECTION('center_axis',(-1.,1.224646799147E-16,0.));
#2792=DIRECTION('ref_axis',(0.,0.,1.));
#2793=DIRECTION('',(0.,0.,1.));
#2794=DIRECTION('',(-1.224646799147E-16,-1.,0.));
#2795=DIRECTION('center_axis',(0.,0.,1.));
#2796=DIRECTION('ref_axis',(-1.224646799147E-16,-1.,0.));
#2797=DIRECTION('',(-1.,1.224646799147E-16,0.));
#2798=DIRECTION('center_axis',(-1.224646799147E-16,-1.,1.110223024625E-16));
#2799=DIRECTION('ref_axis',(-1.359631073447E-32,-1.110223024625E-16,-1.));
#2800=DIRECTION('',(-1.359631073447E-32,-1.110223024625E-16,-1.));
#2801=DIRECTION('',(1.,-1.224646799147E-16,0.));
#2802=DIRECTION('',(-1.359631073447E-32,-1.110223024625E-16,-1.));
#2803=DIRECTION('',(-1.,1.224646799147E-16,0.));
#2804=DIRECTION('center_axis',(-1.224646799147E-16,-1.,1.110223024625E-16));
#2805=DIRECTION('ref_axis',(-1.359631073447E-32,-1.110223024625E-16,-1.));
#2806=DIRECTION('',(-1.359631073447E-32,-1.110223024625E-16,-1.));
#2807=DIRECTION('',(1.,-1.224646799147E-16,0.));
#2808=DIRECTION('',(-1.359631073447E-32,-1.110223024625E-16,-1.));
#2809=DIRECTION('',(-1.,1.224646799147E-16,0.));
#2810=DIRECTION('center_axis',(1.,-1.224646799147E-16,0.));
#2811=DIRECTION('ref_axis',(-1.35963107344631E-32,-1.110223024625E-16,-1.));
#2812=DIRECTION('',(-1.224646799147E-16,-1.,1.110223024625E-16));
#2813=DIRECTION('center_axis',(-1.359631073447E-32,-1.110223024625E-16,
-1.));
#2814=DIRECTION('ref_axis',(-1.,1.224646799147E-16,6.92712190079319E-45));
#2815=DIRECTION('center_axis',(0.707106781186548,-0.707106781186548,-1.73541722664289E-18));
#2816=DIRECTION('ref_axis',(1.22712528914714E-18,-1.22712528914714E-18,
1.));
#2817=DIRECTION('',(-0.577350269189626,-0.577350269189626,0.577350269189626));
#2818=DIRECTION('',(0.577350269189626,0.577350269189626,0.577350269189626));
#2819=DIRECTION('',(0.,0.,1.));
#2820=DIRECTION('center_axis',(-8.65956056234346E-17,-0.707106781186548,
0.707106781186548));
#2821=DIRECTION('ref_axis',(1.,-1.22464679914647E-16,-7.39926877194021E-29));
#2822=DIRECTION('',(0.577350269189626,-0.577350269189626,-0.577350269189626));
#2823=DIRECTION('',(-1.,1.224646799147E-16,0.));
#2824=DIRECTION('center_axis',(0.707106781186548,0.707106781186548,1.73541722664289E-18));
#2825=DIRECTION('ref_axis',(-1.22712528914714E-18,-1.22712528914714E-18,
1.));
#2826=DIRECTION('',(0.577350269189626,-0.577350269189626,0.577350269189626));
#2827=DIRECTION('',(0.,0.,1.));
#2828=DIRECTION('center_axis',(-8.65956056234346E-17,-0.707106781186548,
-0.707106781186548));
#2829=DIRECTION('ref_axis',(1.,-1.22464679914647E-16,7.39926877194021E-29));
#2830=DIRECTION('',(-1.,1.224646799147E-16,0.));
#2831=DIRECTION('center_axis',(0.707106781186548,-0.707106781186548,-1.73541722664289E-18));
#2832=DIRECTION('ref_axis',(1.22712528914714E-18,-1.22712528914714E-18,
1.));
#2833=DIRECTION('',(-0.577350269189626,-0.577350269189626,0.577350269189626));
#2834=DIRECTION('',(0.577350269189626,0.577350269189626,0.577350269189626));
#2835=DIRECTION('',(0.,0.,1.));
#2836=DIRECTION('center_axis',(-8.65956056234346E-17,-0.707106781186548,
0.707106781186548));
#2837=DIRECTION('ref_axis',(1.,-1.22464679914647E-16,-7.39926877194021E-29));
#2838=DIRECTION('',(0.577350269189626,-0.577350269189626,-0.577350269189626));
#2839=DIRECTION('',(-1.,1.224646799147E-16,0.));
#2840=DIRECTION('center_axis',(0.707106781186548,0.707106781186548,1.73541722664289E-18));
#2841=DIRECTION('ref_axis',(-1.22712528914714E-18,-1.22712528914714E-18,
1.));
#2842=DIRECTION('',(0.577350269189626,-0.577350269189626,0.577350269189626));
#2843=DIRECTION('',(0.,0.,1.));
#2844=DIRECTION('center_axis',(-8.65956056234346E-17,-0.707106781186548,
-0.707106781186548));
#2845=DIRECTION('ref_axis',(1.,-1.22464679914647E-16,7.39926877194021E-29));
#2846=DIRECTION('',(-1.,1.224646799147E-16,0.));
#2847=DIRECTION('center_axis',(-1.,1.224646799147E-16,0.));
#2848=DIRECTION('ref_axis',(0.,0.,1.));
#2849=DIRECTION('',(-1.224646799147E-16,-1.,0.));
#2850=DIRECTION('center_axis',(-1.,1.224646799147E-16,0.));
#2851=DIRECTION('ref_axis',(0.,0.,1.));
#2852=DIRECTION('',(0.,0.,1.));
#2853=DIRECTION('',(5.47678698264048E-17,0.447213595499958,0.894427190999916));
#2854=DIRECTION('',(-1.90999066390513E-17,-0.155962573473011,0.987762965329069));
#2855=DIRECTION('',(-1.224646799147E-16,-1.,0.));
#2856=DIRECTION('',(1.90999066390513E-17,0.155962573473011,-0.987762965329069));
#2857=DIRECTION('',(-5.47678698264048E-17,-0.447213595499958,-0.894427190999916));
#2858=DIRECTION('',(0.,0.,-1.));
#2859=DIRECTION('center_axis',(-1.,1.224646799147E-16,0.));
#2860=DIRECTION('ref_axis',(0.,0.,1.));
#2861=DIRECTION('',(1.224646799147E-16,1.,0.));
#2862=DIRECTION('center_axis',(0.,0.,-1.));
#2863=DIRECTION('ref_axis',(1.224646799147E-16,1.,0.));
#2864=DIRECTION('',(-1.,1.224646799147E-16,0.));
#2865=DIRECTION('',(1.224646799147E-16,1.,0.));
#2866=DIRECTION('center_axis',(-1.,1.224646799147E-16,0.));
#2867=DIRECTION('ref_axis',(0.,0.,1.));
#2868=DIRECTION('center_axis',(-1.,1.224646799147E-16,0.));
#2869=DIRECTION('ref_axis',(0.,0.,1.));
#2870=DIRECTION('',(0.,0.,-1.));
#2871=DIRECTION('',(-5.47678698264048E-17,-0.447213595499958,-0.894427190999916));
#2872=DIRECTION('',(1.90999066390513E-17,0.155962573473011,-0.987762965329069));
#2873=DIRECTION('',(-1.224646799147E-16,-1.,0.));
#2874=DIRECTION('',(-1.90999066390513E-17,-0.155962573473011,0.987762965329069));
#2875=DIRECTION('',(5.47678698264048E-17,0.447213595499958,0.894427190999916));
#2876=DIRECTION('',(0.,0.,1.));
#2877=DIRECTION('center_axis',(-1.,1.224646799147E-16,0.));
#2878=DIRECTION('ref_axis',(0.,0.,1.));
#2879=DIRECTION('',(-1.224646799147E-16,-1.,0.));
#2880=DIRECTION('center_axis',(0.,0.,1.));
#2881=DIRECTION('ref_axis',(-1.224646799147E-16,-1.,0.));
#2882=DIRECTION('',(-1.,1.224646799147E-16,0.));
#2883=DIRECTION('center_axis',(-1.,1.224646799147E-16,0.));
#2884=DIRECTION('ref_axis',(0.,0.,1.));
#2885=DIRECTION('',(-1.224646799147E-16,-1.,0.));
#2886=DIRECTION('center_axis',(-1.,1.224646799147E-16,0.));
#2887=DIRECTION('ref_axis',(0.,0.,1.));
#2888=DIRECTION('',(0.,0.,1.));
#2889=DIRECTION('',(5.47678698264048E-17,0.447213595499958,0.894427190999916));
#2890=DIRECTION('',(-1.90999066390513E-17,-0.155962573473011,0.987762965329069));
#2891=DIRECTION('',(-1.224646799147E-16,-1.,0.));
#2892=DIRECTION('',(1.90999066390513E-17,0.155962573473011,-0.987762965329069));
#2893=DIRECTION('',(-5.47678698264048E-17,-0.447213595499958,-0.894427190999916));
#2894=DIRECTION('',(0.,0.,-1.));
#2895=DIRECTION('center_axis',(-1.,1.224646799147E-16,0.));
#2896=DIRECTION('ref_axis',(0.,0.,1.));
#2897=DIRECTION('',(1.224646799147E-16,1.,0.));
#2898=DIRECTION('center_axis',(0.,0.,-1.));
#2899=DIRECTION('ref_axis',(1.224646799147E-16,1.,0.));
#2900=DIRECTION('',(-1.,1.224646799147E-16,0.));
#2901=DIRECTION('',(1.224646799147E-16,1.,0.));
#2902=DIRECTION('center_axis',(-1.,1.224646799147E-16,0.));
#2903=DIRECTION('ref_axis',(0.,0.,1.));
#2904=DIRECTION('center_axis',(-1.,1.224646799147E-16,0.));
#2905=DIRECTION('ref_axis',(0.,0.,1.));
#2906=DIRECTION('',(0.,0.,-1.));
#2907=DIRECTION('',(-5.47678698264048E-17,-0.447213595499958,-0.894427190999916));
#2908=DIRECTION('',(1.90999066390513E-17,0.155962573473011,-0.987762965329069));
#2909=DIRECTION('',(-1.224646799147E-16,-1.,0.));
#2910=DIRECTION('',(-1.90999066390513E-17,-0.155962573473011,0.987762965329069));
#2911=DIRECTION('',(5.47678698264048E-17,0.447213595499958,0.894427190999916));
#2912=DIRECTION('',(0.,0.,1.));
#2913=DIRECTION('center_axis',(-1.,1.224646799147E-16,0.));
#2914=DIRECTION('ref_axis',(0.,0.,1.));
#2915=DIRECTION('',(-1.224646799147E-16,-1.,0.));
#2916=DIRECTION('center_axis',(0.,0.,1.));
#2917=DIRECTION('ref_axis',(-1.224646799147E-16,-1.,0.));
#2918=DIRECTION('',(-1.,1.224646799147E-16,0.));
#2919=DIRECTION('center_axis',(1.224646799147E-16,1.,0.));
#2920=DIRECTION('ref_axis',(0.,0.,1.));
#2921=DIRECTION('center_axis',(1.224646799147E-16,1.,0.));
#2922=DIRECTION('ref_axis',(0.,0.,1.));
#2923=DIRECTION('center_axis',(-1.,1.224646799147E-16,0.));
#2924=DIRECTION('ref_axis',(0.,0.,1.));
#2925=DIRECTION('',(-1.,1.224646799147E-16,0.));
#2926=DIRECTION('center_axis',(1.224646799147E-16,1.,0.));
#2927=DIRECTION('ref_axis',(0.,0.,1.));
#2928=DIRECTION('',(-1.,1.224646799147E-16,0.));
#2929=DIRECTION('center_axis',(1.0953573965279E-16,0.894427190999916,-0.447213595499958));
#2930=DIRECTION('ref_axis',(5.47678698264049E-17,0.447213595499958,0.894427190999916));
#2931=DIRECTION('',(-1.,1.224646799147E-16,0.));
#2932=DIRECTION('center_axis',(1.20966075380708E-16,0.987762965329069,0.155962573473011));
#2933=DIRECTION('ref_axis',(-1.90999066390513E-17,-0.155962573473011,0.987762965329069));
#2934=DIRECTION('',(-0.702740385382572,-0.110959008217933,0.702740385382572));
#2935=DIRECTION('',(-1.,1.224646799147E-16,0.));
#2936=DIRECTION('',(0.702740385382572,-0.110959008217933,0.702740385382572));
#2937=DIRECTION('center_axis',(0.707106781186548,-8.48601883967957E-17,
-0.707106781186548));
#2938=DIRECTION('ref_axis',(1.2123755462554E-16,1.,1.22712528925579E-18));
#2939=DIRECTION('',(0.544770019248702,-0.637535294909652,0.544770019248702));
#2940=DIRECTION('',(-1.224646799147E-16,-1.,0.));
#2941=DIRECTION('',(0.605209817606649,0.5171480961437,0.605209817606649));
#2942=DIRECTION('',(0.702740385382572,-0.110959008217933,0.702740385382572));
#2943=DIRECTION('center_axis',(-1.20966075380708E-16,-0.987762965329069,
-0.155962573473011));
#2944=DIRECTION('ref_axis',(1.90999066390513E-17,0.155962573473011,-0.987762965329069));
#2945=DIRECTION('',(-1.,1.224646799147E-16,0.));
#2946=DIRECTION('',(-0.702740385382572,-0.110959008217933,0.702740385382572));
#2947=DIRECTION('',(-1.,1.224646799147E-16,0.));
#2948=DIRECTION('center_axis',(-1.0953573965279E-16,-0.894427190999916,
0.447213595499958));
#2949=DIRECTION('ref_axis',(-5.47678698264049E-17,-0.447213595499958,-0.894427190999916));
#2950=DIRECTION('',(-1.,1.224646799147E-16,0.));
#2951=DIRECTION('center_axis',(-1.224646799147E-16,-1.,0.));
#2952=DIRECTION('ref_axis',(0.,0.,-1.));
#2953=DIRECTION('',(-1.,1.224646799147E-16,0.));
#2954=DIRECTION('center_axis',(-1.,1.224646799147E-16,0.));
#2955=DIRECTION('ref_axis',(0.,0.,1.));
#2956=DIRECTION('center_axis',(0.707106781186548,-8.83310228500735E-17,
0.707106781186548));
#2957=DIRECTION('ref_axis',(1.23691805203782E-16,1.,1.22712528907932E-18));
#2958=DIRECTION('',(-0.544770019248702,-0.637535294909652,0.544770019248702));
#2959=DIRECTION('',(-0.605209817606649,0.5171480961437,0.605209817606649));
#2960=DIRECTION('',(-1.224646799147E-16,-1.,0.));
#2961=DIRECTION('center_axis',(-1.,1.224646799147E-16,0.));
#2962=DIRECTION('ref_axis',(0.,0.,1.));
#2963=DIRECTION('',(-1.,1.224646799147E-16,0.));
#2964=DIRECTION('center_axis',(1.224646799147E-16,1.,0.));
#2965=DIRECTION('ref_axis',(0.,0.,1.));
#2966=DIRECTION('',(-1.,1.224646799147E-16,0.));
#2967=DIRECTION('center_axis',(1.0953573965279E-16,0.894427190999916,-0.447213595499958));
#2968=DIRECTION('ref_axis',(5.47678698264049E-17,0.447213595499958,0.894427190999916));
#2969=DIRECTION('',(-1.,1.224646799147E-16,0.));
#2970=DIRECTION('center_axis',(1.20966075380708E-16,0.987762965329069,0.155962573473011));
#2971=DIRECTION('ref_axis',(-1.90999066390513E-17,-0.155962573473011,0.987762965329069));
#2972=DIRECTION('',(-0.702740385382572,-0.110959008217933,0.702740385382572));
#2973=DIRECTION('',(-1.,1.224646799147E-16,0.));
#2974=DIRECTION('',(0.702740385382572,-0.110959008217933,0.702740385382572));
#2975=DIRECTION('center_axis',(0.707106781186548,-8.48601883967957E-17,
-0.707106781186548));
#2976=DIRECTION('ref_axis',(1.2123755462554E-16,1.,1.22712528925579E-18));
#2977=DIRECTION('',(0.544770019248702,-0.637535294909652,0.544770019248702));
#2978=DIRECTION('',(-1.224646799147E-16,-1.,0.));
#2979=DIRECTION('',(0.605209817606649,0.5171480961437,0.605209817606649));
#2980=DIRECTION('',(0.702740385382572,-0.110959008217933,0.702740385382572));
#2981=DIRECTION('center_axis',(-1.20966075380708E-16,-0.987762965329069,
-0.155962573473011));
#2982=DIRECTION('ref_axis',(1.90999066390513E-17,0.155962573473011,-0.987762965329069));
#2983=DIRECTION('',(-1.,1.224646799147E-16,0.));
#2984=DIRECTION('',(-0.702740385382572,-0.110959008217933,0.702740385382572));
#2985=DIRECTION('',(-1.,1.224646799147E-16,0.));
#2986=DIRECTION('center_axis',(-1.0953573965279E-16,-0.894427190999916,
0.447213595499958));
#2987=DIRECTION('ref_axis',(-5.47678698264049E-17,-0.447213595499958,-0.894427190999916));
#2988=DIRECTION('',(-1.,1.224646799147E-16,0.));
#2989=DIRECTION('center_axis',(-1.224646799147E-16,-1.,0.));
#2990=DIRECTION('ref_axis',(0.,0.,-1.));
#2991=DIRECTION('',(-1.,1.224646799147E-16,0.));
#2992=DIRECTION('center_axis',(-1.,1.224646799147E-16,0.));
#2993=DIRECTION('ref_axis',(0.,0.,1.));
#2994=DIRECTION('center_axis',(0.707106781186548,-8.83310228500735E-17,
0.707106781186548));
#2995=DIRECTION('ref_axis',(1.23691805203782E-16,1.,1.22712528907932E-18));
#2996=DIRECTION('',(-0.544770019248702,-0.637535294909652,0.544770019248702));
#2997=DIRECTION('',(-0.605209817606649,0.5171480961437,0.605209817606649));
#2998=DIRECTION('',(-1.224646799147E-16,-1.,0.));
#2999=DIRECTION('center_axis',(-8.30277408838242E-17,-0.649629673940268,
-0.760250805153313));
#3000=DIRECTION('ref_axis',(1.,-1.24719577515221E-16,-2.63886916665404E-18));
#3001=DIRECTION('',(-1.,1.224646799147E-16,0.));
#3002=DIRECTION('center_axis',(0.,0.,1.));
#3003=DIRECTION('ref_axis',(-1.224646799147E-16,-1.,0.));
#3004=DIRECTION('',(-1.,1.224646799147E-16,0.));
#3005=DIRECTION('center_axis',(9.13685624623577E-17,0.760250805153313,-0.649629673940268));
#3006=DIRECTION('ref_axis',(-1.,1.21145409815558E-16,1.12730824949274E-18));
#3007=DIRECTION('center_axis',(-8.30277408838242E-17,-0.649629673940268,
-0.760250805153313));
#3008=DIRECTION('ref_axis',(1.,-1.24719577515221E-16,-2.63886916665404E-18));
#3009=DIRECTION('',(-1.,1.224646799147E-16,0.));
#3010=DIRECTION('center_axis',(0.,0.,1.));
#3011=DIRECTION('ref_axis',(-1.224646799147E-16,-1.,0.));
#3012=DIRECTION('',(-1.,1.224646799147E-16,0.));
#3013=DIRECTION('center_axis',(9.13685624623577E-17,0.760250805153313,-0.649629673940268));
#3014=DIRECTION('ref_axis',(-1.,1.21145409815558E-16,1.12730824949274E-18));
#3015=DIRECTION('',(0.,0.,1.));
#3016=DIRECTION('',(1.,0.,0.));
#3017=CARTESIAN_POINT('',(0.,0.,0.));
#3018=CARTESIAN_POINT('',(0.,0.,0.));
#3019=CARTESIAN_POINT('Origin',(3.95,-4.65,2.5));
#3020=CARTESIAN_POINT('',(3.95,-4.65,2.5));
#3021=CARTESIAN_POINT('',(3.95,-6.25,2.5));
#3022=CARTESIAN_POINT('',(3.95,-4.65,2.5));
#3023=CARTESIAN_POINT('',(3.45,-4.65,2.5));
#3024=CARTESIAN_POINT('',(3.95,-4.65,2.5));
#3025=CARTESIAN_POINT('',(3.45,-6.25,2.5));
#3026=CARTESIAN_POINT('',(3.45,-5.45,2.5));
#3027=CARTESIAN_POINT('',(3.95,-6.25,2.5));
#3028=CARTESIAN_POINT('Origin',(3.95,-2.909897467985,2.368621550033));
#3029=CARTESIAN_POINT('',(3.95,-6.25,0.));
#3030=CARTESIAN_POINT('',(3.95,-6.25,0.3));
#3031=CARTESIAN_POINT('',(3.95,1.35,0.));
#3032=CARTESIAN_POINT('',(3.95,1.35,0.));
#3033=CARTESIAN_POINT('',(3.95,1.35,3.2));
#3034=CARTESIAN_POINT('',(3.95,1.35,3.2));
#3035=CARTESIAN_POINT('',(3.95,-0.25,4.1));
#3036=CARTESIAN_POINT('',(3.95,-0.25,4.1));
#3037=CARTESIAN_POINT('',(3.95,-0.25,4.8));
#3038=CARTESIAN_POINT('',(3.95,-0.25,0.3));
#3039=CARTESIAN_POINT('',(3.95,-6.25,4.8));
#3040=CARTESIAN_POINT('',(3.95,-0.25,4.8));
#3041=CARTESIAN_POINT('',(3.95,-6.25,3.3));
#3042=CARTESIAN_POINT('',(3.95,-6.25,0.3));
#3043=CARTESIAN_POINT('',(3.95,-4.65,3.3));
#3044=CARTESIAN_POINT('',(3.95,-6.25,3.3));
#3045=CARTESIAN_POINT('Origin',(3.95,-4.65,2.9));
#3046=CARTESIAN_POINT('Origin',(1.,-6.25,0.939423076923));
#3047=CARTESIAN_POINT('',(-0.95,-6.25,0.3));
#3048=CARTESIAN_POINT('',(2.95,-6.25,0.3));
#3049=CARTESIAN_POINT('',(-1.95,-6.25,0.3));
#3050=CARTESIAN_POINT('',(2.95,-6.25,0.));
#3051=CARTESIAN_POINT('',(2.95,-6.25,0.));
#3052=CARTESIAN_POINT('',(3.95,-6.25,0.));
#3053=CARTESIAN_POINT('',(3.45,-6.25,0.8));
#3054=CARTESIAN_POINT('',(3.45,-6.25,0.8));
#3055=CARTESIAN_POINT('',(-1.45,-6.25,0.8));
#3056=CARTESIAN_POINT('',(-1.45,-6.25,0.8));
#3057=CARTESIAN_POINT('',(-1.45,-6.25,2.5));
#3058=CARTESIAN_POINT('',(-1.45,-6.25,4.2));
#3059=CARTESIAN_POINT('',(-1.95,-6.25,2.5));
#3060=CARTESIAN_POINT('',(3.95,-6.25,2.5));
#3061=CARTESIAN_POINT('',(-1.95,-6.25,0.));
#3062=CARTESIAN_POINT('',(-1.95,-6.25,4.8));
#3063=CARTESIAN_POINT('',(-0.95,-6.25,0.));
#3064=CARTESIAN_POINT('',(-0.95,-6.25,0.));
#3065=CARTESIAN_POINT('',(-0.95,-6.25,0.));
#3066=CARTESIAN_POINT('Origin',(3.45,-6.25,0.8));
#3067=CARTESIAN_POINT('',(3.45,-4.65,3.3));
#3068=CARTESIAN_POINT('Origin',(3.45,-4.65,2.9));
#3069=CARTESIAN_POINT('',(3.45,-6.25,3.3));
#3070=CARTESIAN_POINT('',(3.45,-6.25,3.3));
#3071=CARTESIAN_POINT('',(3.45,-6.25,4.2));
#3072=CARTESIAN_POINT('',(3.45,-6.25,0.8));
#3073=CARTESIAN_POINT('',(3.45,-2.05,4.2));
#3074=CARTESIAN_POINT('',(3.45,-6.25,4.2));
#3075=CARTESIAN_POINT('',(3.45,-2.05,0.8));
#3076=CARTESIAN_POINT('',(3.45,-2.05,0.8));
#3077=CARTESIAN_POINT('',(3.45,-6.25,0.8));
#3078=CARTESIAN_POINT('Origin',(3.95,-4.65,2.9));
#3079=CARTESIAN_POINT('',(3.95,-4.65,3.3));
#3080=CARTESIAN_POINT('Origin',(3.95,1.35,0.));
#3081=CARTESIAN_POINT('',(2.95,1.35,0.));
#3082=CARTESIAN_POINT('',(3.95,1.35,0.));
#3083=CARTESIAN_POINT('',(2.95,1.35,0.));
#3084=CARTESIAN_POINT('Origin',(3.95,1.35,3.2));
#3085=CARTESIAN_POINT('',(2.95,1.35,3.2));
#3086=CARTESIAN_POINT('',(3.95,1.35,3.2));
#3087=CARTESIAN_POINT('',(2.95,1.35,3.2));
#3088=CARTESIAN_POINT('Origin',(3.95,-0.25,4.1));
#3089=CARTESIAN_POINT('',(2.95,-0.25,4.1));
#3090=CARTESIAN_POINT('',(3.95,-0.25,4.1));
#3091=CARTESIAN_POINT('',(2.95,-0.25,4.1));
#3092=CARTESIAN_POINT('Origin',(1.,-0.25,2.55));
#3093=CARTESIAN_POINT('',(2.75,-0.25,0.3));
#3094=CARTESIAN_POINT('',(2.75,-0.25,4.2));
#3095=CARTESIAN_POINT('',(2.75,-0.25,0.3));
#3096=CARTESIAN_POINT('',(3.4,-0.25,4.2));
#3097=CARTESIAN_POINT('',(3.4,-0.25,4.2));
#3098=CARTESIAN_POINT('',(3.4,-0.25,4.8));
#3099=CARTESIAN_POINT('',(3.4,-0.25,4.8));
#3100=CARTESIAN_POINT('',(3.95,-0.25,4.8));
#3101=CARTESIAN_POINT('',(2.95,-0.25,0.3));
#3102=CARTESIAN_POINT('',(2.95,-0.25,0.3));
#3103=CARTESIAN_POINT('',(-1.95,-0.25,0.3));
#3104=CARTESIAN_POINT('Origin',(3.95,-0.25,4.8));
#3105=CARTESIAN_POINT('',(3.4,-4.45,4.8));
#3106=CARTESIAN_POINT('',(3.4,-4.45,4.8));
#3107=CARTESIAN_POINT('',(2.4,-4.45,4.8));
#3108=CARTESIAN_POINT('',(2.4,-4.45,4.8));
#3109=CARTESIAN_POINT('',(2.4,-0.45,4.8));
#3110=CARTESIAN_POINT('',(2.4,-0.25,4.8));
#3111=CARTESIAN_POINT('',(1.25,-0.45,4.8));
#3112=CARTESIAN_POINT('',(2.75,-0.45,4.8));
#3113=CARTESIAN_POINT('',(1.25,-0.25,4.8));
#3114=CARTESIAN_POINT('',(1.25,-0.25,4.8));
#3115=CARTESIAN_POINT('',(0.75,-0.25,4.8));
#3116=CARTESIAN_POINT('',(3.95,-0.25,4.8));
#3117=CARTESIAN_POINT('',(0.75,-0.45,4.8));
#3118=CARTESIAN_POINT('',(0.75,-0.25,4.8));
#3119=CARTESIAN_POINT('',(-0.4,-0.45,4.8));
#3120=CARTESIAN_POINT('',(0.75,-0.45,4.8));
#3121=CARTESIAN_POINT('',(-0.4,-4.45,4.8));
#3122=CARTESIAN_POINT('',(-0.4,-0.25,4.8));
#3123=CARTESIAN_POINT('',(-0.45,-4.45,4.8));
#3124=CARTESIAN_POINT('',(-0.4,-4.45,4.8));
#3125=CARTESIAN_POINT('',(-0.45,-6.25,4.8));
#3126=CARTESIAN_POINT('',(-0.45,-4.45,4.8));
#3127=CARTESIAN_POINT('',(0.55,-6.25,4.8));
#3128=CARTESIAN_POINT('',(3.95,-6.25,4.8));
#3129=CARTESIAN_POINT('',(0.55,-2.35,4.8));
#3130=CARTESIAN_POINT('',(0.55,-2.35,4.8));
#3131=CARTESIAN_POINT('',(1.45,-2.35,4.8));
#3132=CARTESIAN_POINT('',(1.45,-2.35,4.8));
#3133=CARTESIAN_POINT('',(1.45,-6.25,4.8));
#3134=CARTESIAN_POINT('',(1.45,-6.25,4.8));
#3135=CARTESIAN_POINT('',(3.95,-6.25,4.8));
#3136=CARTESIAN_POINT('Origin',(1.,-6.25,2.55));
#3137=CARTESIAN_POINT('',(3.95,-6.25,3.3));
#3138=CARTESIAN_POINT('',(1.45,-6.25,4.2));
#3139=CARTESIAN_POINT('',(1.45,-6.25,4.8));
#3140=CARTESIAN_POINT('',(3.45,-6.25,4.2));
#3141=CARTESIAN_POINT('Origin',(3.95,-6.25,3.3));
#3142=CARTESIAN_POINT('Origin',(-1.95,-0.25,0.3));
#3143=CARTESIAN_POINT('',(-0.95,-0.25,0.3));
#3144=CARTESIAN_POINT('',(-0.75,-0.25,0.3));
#3145=CARTESIAN_POINT('',(-1.95,-0.25,0.3));
#3146=CARTESIAN_POINT('',(-0.75,-0.45,0.3));
#3147=CARTESIAN_POINT('',(-0.75,-0.45,0.3));
#3148=CARTESIAN_POINT('',(0.75,-0.45,0.3));
#3149=CARTESIAN_POINT('',(0.75,-0.45,0.3));
#3150=CARTESIAN_POINT('',(0.75,-0.25,0.3));
#3151=CARTESIAN_POINT('',(0.75,-0.45,0.3));
#3152=CARTESIAN_POINT('',(1.25,-0.25,0.3));
#3153=CARTESIAN_POINT('',(-1.95,-0.25,0.3));
#3154=CARTESIAN_POINT('',(1.25,-0.45,0.3));
#3155=CARTESIAN_POINT('',(1.25,-0.45,0.3));
#3156=CARTESIAN_POINT('',(2.75,-0.45,0.3));
#3157=CARTESIAN_POINT('',(2.75,-0.45,0.3));
#3158=CARTESIAN_POINT('',(2.75,-0.45,0.3));
#3159=CARTESIAN_POINT('',(2.95,-6.25,0.3));
#3160=CARTESIAN_POINT('',(-0.95,-6.25,0.3));
#3161=CARTESIAN_POINT('Origin',(2.95,-1.566489992801,0.968760807125));
#3162=CARTESIAN_POINT('Origin',(-1.45,-6.25,0.8));
#3163=CARTESIAN_POINT('',(1.2,-2.05,0.8));
#3164=CARTESIAN_POINT('',(-1.45,-2.05,0.8));
#3165=CARTESIAN_POINT('',(1.2,-3.95,0.8));
#3166=CARTESIAN_POINT('',(1.2,-2.05,0.8));
#3167=CARTESIAN_POINT('',(0.8,-3.95,0.8));
#3168=CARTESIAN_POINT('',(0.8,-3.95,0.8));
#3169=CARTESIAN_POINT('',(0.8,-2.05,0.8));
#3170=CARTESIAN_POINT('',(0.8,-2.05,0.8));
#3171=CARTESIAN_POINT('',(-1.45,-2.05,0.8));
#3172=CARTESIAN_POINT('',(-1.45,-2.05,0.8));
#3173=CARTESIAN_POINT('',(-1.45,-6.25,0.8));
#3174=CARTESIAN_POINT('Origin',(-1.45,-6.25,4.2));
#3175=CARTESIAN_POINT('',(-1.45,-6.25,4.2));
#3176=CARTESIAN_POINT('',(-1.45,-6.25,3.3));
#3177=CARTESIAN_POINT('',(-1.45,-6.25,4.2));
#3178=CARTESIAN_POINT('',(-1.45,-4.65,3.3));
#3179=CARTESIAN_POINT('',(-1.45,-6.25,3.3));
#3180=CARTESIAN_POINT('',(-1.45,-4.65,2.5));
#3181=CARTESIAN_POINT('Origin',(-1.45,-4.65,2.9));
#3182=CARTESIAN_POINT('',(-1.45,-5.45,2.5));
#3183=CARTESIAN_POINT('',(-1.45,-2.05,4.2));
#3184=CARTESIAN_POINT('',(-1.45,-2.05,4.2));
#3185=CARTESIAN_POINT('',(-1.45,-6.25,4.2));
#3186=CARTESIAN_POINT('Origin',(3.95,-4.65,2.5));
#3187=CARTESIAN_POINT('',(-1.95,-4.65,2.5));
#3188=CARTESIAN_POINT('',(3.95,-4.65,2.5));
#3189=CARTESIAN_POINT('',(-1.95,-2.45,2.5));
#3190=CARTESIAN_POINT('Origin',(-1.95,-2.909897467985,2.368621550033));
#3191=CARTESIAN_POINT('',(-1.95,-0.25,4.8));
#3192=CARTESIAN_POINT('',(-1.95,-0.25,4.1));
#3193=CARTESIAN_POINT('',(-1.95,-0.25,4.8));
#3194=CARTESIAN_POINT('',(-1.95,1.35,3.2));
#3195=CARTESIAN_POINT('',(-1.95,-0.25,4.1));
#3196=CARTESIAN_POINT('',(-1.95,1.35,0.));
#3197=CARTESIAN_POINT('',(-1.95,1.35,3.2));
#3198=CARTESIAN_POINT('',(-1.95,1.35,0.));
#3199=CARTESIAN_POINT('',(-1.95,-4.65,3.3));
#3200=CARTESIAN_POINT('Origin',(-1.95,-4.65,2.9));
#3201=CARTESIAN_POINT('',(-1.95,-6.25,3.3));
#3202=CARTESIAN_POINT('',(-1.95,-3.25,3.3));
#3203=CARTESIAN_POINT('',(-1.95,-6.25,4.8));
#3204=CARTESIAN_POINT('',(-1.95,-6.25,4.8));
#3205=CARTESIAN_POINT('',(-1.95,-0.25,4.8));
#3206=CARTESIAN_POINT('Origin',(-0.95,1.35,0.));
#3207=CARTESIAN_POINT('',(-0.95,1.35,0.));
#3208=CARTESIAN_POINT('',(-0.95,1.35,0.));
#3209=CARTESIAN_POINT('',(-0.95,1.35,0.));
#3210=CARTESIAN_POINT('Origin',(-0.95,-1.566489992801,0.968760807125));
#3211=CARTESIAN_POINT('',(-0.95,-0.25,4.1));
#3212=CARTESIAN_POINT('',(-0.95,-0.25,0.3));
#3213=CARTESIAN_POINT('',(-0.95,1.35,3.2));
#3214=CARTESIAN_POINT('',(-0.95,1.35,3.2));
#3215=CARTESIAN_POINT('',(-0.95,-0.25,4.1));
#3216=CARTESIAN_POINT('Origin',(3.45,-6.25,4.2));
#3217=CARTESIAN_POINT('',(1.45,-2.35,4.2));
#3218=CARTESIAN_POINT('',(1.45,-6.25,4.2));
#3219=CARTESIAN_POINT('',(0.55,-2.35,4.2));
#3220=CARTESIAN_POINT('',(2.45,-2.35,4.2));
#3221=CARTESIAN_POINT('',(0.55,-6.25,4.2));
#3222=CARTESIAN_POINT('',(0.55,-4.3,4.2));
#3223=CARTESIAN_POINT('',(3.45,-6.25,4.2));
#3224=CARTESIAN_POINT('',(-1.4,-2.05,4.2));
#3225=CARTESIAN_POINT('',(3.45,-2.05,4.2));
#3226=CARTESIAN_POINT('',(-1.4,-4.45,4.2));
#3227=CARTESIAN_POINT('',(-1.4,-4.45,4.2));
#3228=CARTESIAN_POINT('',(-0.4,-4.45,4.2));
#3229=CARTESIAN_POINT('',(-0.4,-4.45,4.2));
#3230=CARTESIAN_POINT('',(-0.4,-2.05,4.2));
#3231=CARTESIAN_POINT('',(-0.4,-0.25,4.2));
#3232=CARTESIAN_POINT('',(2.4,-2.05,4.2));
#3233=CARTESIAN_POINT('',(3.45,-2.05,4.2));
#3234=CARTESIAN_POINT('',(2.4,-4.45,4.2));
#3235=CARTESIAN_POINT('',(2.4,-0.25,4.2));
#3236=CARTESIAN_POINT('',(3.4,-4.45,4.2));
#3237=CARTESIAN_POINT('',(2.4,-4.45,4.2));
#3238=CARTESIAN_POINT('',(3.4,-2.05,4.2));
#3239=CARTESIAN_POINT('',(3.4,-4.45,4.2));
#3240=CARTESIAN_POINT('',(3.45,-2.05,4.2));
#3241=CARTESIAN_POINT('Origin',(1.,-2.05,2.5));
#3242=CARTESIAN_POINT('',(3.45,-2.05,4.2));
#3243=CARTESIAN_POINT('',(3.45,-2.05,4.2));
#3244=CARTESIAN_POINT('',(0.8,-2.05,1.1));
#3245=CARTESIAN_POINT('',(0.8,-2.05,1.1));
#3246=CARTESIAN_POINT('',(1.2,-2.05,1.1));
#3247=CARTESIAN_POINT('',(1.2,-2.05,1.1));
#3248=CARTESIAN_POINT('',(1.2,-2.05,0.8));
#3249=CARTESIAN_POINT('',(0.25,-2.05,3.35));
#3250=CARTESIAN_POINT('',(0.25,-2.05,2.85));
#3251=CARTESIAN_POINT('',(0.25,-2.05,1.901106711288));
#3252=CARTESIAN_POINT('',(-0.25,-2.05,2.85));
#3253=CARTESIAN_POINT('',(0.625,-2.05,2.85));
#3254=CARTESIAN_POINT('',(-0.25,-2.05,3.35));
#3255=CARTESIAN_POINT('',(-0.25,-2.05,1.901106711288));
#3256=CARTESIAN_POINT('',(0.625,-2.05,3.35));
#3257=CARTESIAN_POINT('',(2.25,-2.05,3.35));
#3258=CARTESIAN_POINT('',(2.25,-2.05,2.85));
#3259=CARTESIAN_POINT('',(2.25,-2.05,1.901106711288));
#3260=CARTESIAN_POINT('',(1.75,-2.05,2.85));
#3261=CARTESIAN_POINT('',(1.625,-2.05,2.85));
#3262=CARTESIAN_POINT('',(1.75,-2.05,3.35));
#3263=CARTESIAN_POINT('',(1.75,-2.05,1.901106711288));
#3264=CARTESIAN_POINT('',(1.625,-2.05,3.35));
#3265=CARTESIAN_POINT('Origin',(2.75,-0.320798035545,2.550475523299));
#3266=CARTESIAN_POINT('',(2.75,-0.35,2.6));
#3267=CARTESIAN_POINT('',(2.75,-0.35,2.6));
#3268=CARTESIAN_POINT('',(2.75,-0.35,3.6));
#3269=CARTESIAN_POINT('',(2.75,-0.35,3.6));
#3270=CARTESIAN_POINT('',(2.75,-0.4,4.2));
#3271=CARTESIAN_POINT('',(2.75,-0.45,4.8));
#3272=CARTESIAN_POINT('',(2.75,-1.335399017773,4.2));
#3273=CARTESIAN_POINT('Origin',(2.9,-2.35,4.2));
#3274=CARTESIAN_POINT('',(3.4,-4.45,4.2));
#3275=CARTESIAN_POINT('',(2.4,-0.4,4.2));
#3276=CARTESIAN_POINT('',(2.825,-0.4,4.2));
#3277=CARTESIAN_POINT('',(2.4,-0.25,4.2));
#3278=CARTESIAN_POINT('Origin',(3.4,-4.45,4.8));
#3279=CARTESIAN_POINT('',(3.4,-4.45,4.8));
#3280=CARTESIAN_POINT('Origin',(2.4,-4.45,4.8));
#3281=CARTESIAN_POINT('',(2.4,-4.45,4.8));
#3282=CARTESIAN_POINT('Origin',(2.4,-0.25,4.8));
#3283=CARTESIAN_POINT('',(2.4,-0.449310344828,4.791724137931));
#3284=CARTESIAN_POINT('Origin',(2.75,-0.45,4.8));
#3285=CARTESIAN_POINT('',(1.25,-0.35,3.6));
#3286=CARTESIAN_POINT('',(2.75,-0.35,3.6));
#3287=CARTESIAN_POINT('',(1.25,-0.45,4.8));
#3288=CARTESIAN_POINT('Origin',(1.25,-0.320798035545,2.550475523299));
#3289=CARTESIAN_POINT('',(1.25,-0.35,2.6));
#3290=CARTESIAN_POINT('',(1.25,-0.35,3.6));
#3291=CARTESIAN_POINT('',(1.25,-0.35,2.6));
#3292=CARTESIAN_POINT('',(1.25,-0.25,0.3));
#3293=CARTESIAN_POINT('Origin',(1.,-0.25,2.55));
#3294=CARTESIAN_POINT('',(0.75,-0.25,0.3));
#3295=CARTESIAN_POINT('Origin',(0.75,-0.320798035545,2.550475523299));
#3296=CARTESIAN_POINT('',(0.75,-0.35,2.6));
#3297=CARTESIAN_POINT('',(0.75,-0.35,2.6));
#3298=CARTESIAN_POINT('',(0.75,-0.35,3.6));
#3299=CARTESIAN_POINT('',(0.75,-0.35,3.6));
#3300=CARTESIAN_POINT('',(0.75,-0.45,4.8));
#3301=CARTESIAN_POINT('Origin',(0.75,-0.45,4.8));
#3302=CARTESIAN_POINT('',(-0.75,-0.35,3.6));
#3303=CARTESIAN_POINT('',(0.75,-0.35,3.6));
#3304=CARTESIAN_POINT('',(-0.75,-0.4,4.2));
#3305=CARTESIAN_POINT('',(-0.75,-0.45,4.8));
#3306=CARTESIAN_POINT('',(-0.4,-0.4,4.2));
#3307=CARTESIAN_POINT('',(-0.075,-0.4,4.2));
#3308=CARTESIAN_POINT('',(-0.4,-0.449310344828,4.791724137931));
#3309=CARTESIAN_POINT('Origin',(-0.4,-0.25,4.8));
#3310=CARTESIAN_POINT('',(-0.4,-0.25,4.2));
#3311=CARTESIAN_POINT('',(-0.4,-4.45,4.8));
#3312=CARTESIAN_POINT('Origin',(-0.893939393939,-4.45,4.517424242424));
#3313=CARTESIAN_POINT('',(-1.4,-4.45,4.8));
#3314=CARTESIAN_POINT('',(-1.4,-4.45,4.8));
#3315=CARTESIAN_POINT('',(-0.95,-4.45,4.8));
#3316=CARTESIAN_POINT('',(-0.4,-4.45,4.8));
#3317=CARTESIAN_POINT('',(-0.95,-4.45,4.85));
#3318=CARTESIAN_POINT('',(-0.95,-4.45,4.85));
#3319=CARTESIAN_POINT('',(-0.45,-4.45,4.85));
#3320=CARTESIAN_POINT('',(-0.45,-4.45,4.85));
#3321=CARTESIAN_POINT('',(-0.45,-4.45,4.8));
#3322=CARTESIAN_POINT('Origin',(-0.45,-4.45,4.8));
#3323=CARTESIAN_POINT('',(-0.45,-6.25,4.85));
#3324=CARTESIAN_POINT('',(-0.45,-4.45,4.85));
#3325=CARTESIAN_POINT('',(-0.45,-6.25,4.8));
#3326=CARTESIAN_POINT('Origin',(-0.922222222222,-6.25,4.28487654321));
#3327=CARTESIAN_POINT('',(0.55,-6.25,4.8));
#3328=CARTESIAN_POINT('',(-0.95,-6.25,4.85));
#3329=CARTESIAN_POINT('',(-0.45,-6.25,4.85));
#3330=CARTESIAN_POINT('',(-0.95,-6.25,4.8));
#3331=CARTESIAN_POINT('',(-0.95,-6.25,4.85));
#3332=CARTESIAN_POINT('',(3.95,-6.25,4.8));
#3333=CARTESIAN_POINT('',(3.95,-6.25,3.3));
#3334=CARTESIAN_POINT('Origin',(0.55,-2.35,4.8));
#3335=CARTESIAN_POINT('',(0.55,-2.35,4.8));
#3336=CARTESIAN_POINT('Origin',(1.45,-2.35,4.8));
#3337=CARTESIAN_POINT('',(1.45,-2.35,4.8));
#3338=CARTESIAN_POINT('Origin',(1.45,-6.25,4.8));
#3339=CARTESIAN_POINT('Origin',(1.,-0.25,2.55));
#3340=CARTESIAN_POINT('',(-1.4,-0.25,4.8));
#3341=CARTESIAN_POINT('',(3.95,-0.25,4.8));
#3342=CARTESIAN_POINT('',(-1.4,-0.25,4.2));
#3343=CARTESIAN_POINT('',(-1.4,-0.25,4.8));
#3344=CARTESIAN_POINT('',(-0.75,-0.25,4.2));
#3345=CARTESIAN_POINT('',(-1.4,-0.25,4.2));
#3346=CARTESIAN_POINT('',(-0.75,-0.25,0.3));
#3347=CARTESIAN_POINT('',(-0.95,-0.25,4.1));
#3348=CARTESIAN_POINT('Origin',(-0.75,-0.320798035545,2.550475523299));
#3349=CARTESIAN_POINT('',(-0.75,-1.335399017773,4.2));
#3350=CARTESIAN_POINT('',(-0.75,-0.35,2.6));
#3351=CARTESIAN_POINT('',(-0.75,-0.35,3.6));
#3352=CARTESIAN_POINT('',(-0.75,-0.35,2.6));
#3353=CARTESIAN_POINT('Origin',(0.75,-0.35,2.6));
#3354=CARTESIAN_POINT('',(0.75,-0.35,2.6));
#3355=CARTESIAN_POINT('Origin',(2.75,-0.35,2.6));
#3356=CARTESIAN_POINT('',(2.75,-0.35,2.6));
#3357=CARTESIAN_POINT('Origin',(1.2,-2.05,0.8));
#3358=CARTESIAN_POINT('',(1.2,-3.95,1.1));
#3359=CARTESIAN_POINT('',(1.2,-2.05,1.1));
#3360=CARTESIAN_POINT('',(1.2,-3.95,0.8));
#3361=CARTESIAN_POINT('Origin',(1.,-3.95,0.95));
#3362=CARTESIAN_POINT('',(0.8,-3.95,1.1));
#3363=CARTESIAN_POINT('',(1.2,-3.95,1.1));
#3364=CARTESIAN_POINT('',(0.8,-3.95,1.1));
#3365=CARTESIAN_POINT('Origin',(0.8,-2.05,1.1));
#3366=CARTESIAN_POINT('',(0.8,-2.05,1.1));
#3367=CARTESIAN_POINT('Origin',(3.95,-6.25,3.3));
#3368=CARTESIAN_POINT('',(3.95,-4.65,3.3));
#3369=CARTESIAN_POINT('Origin',(3.95,-4.65,2.9));
#3370=CARTESIAN_POINT('Origin',(-0.95,-0.25,4.1));
#3371=CARTESIAN_POINT('',(-0.95,1.35,3.2));
#3372=CARTESIAN_POINT('Origin',(-0.95,1.35,3.2));
#3373=CARTESIAN_POINT('Origin',(3.95,-0.25,4.8));
#3374=CARTESIAN_POINT('',(-0.95,-4.45,4.8));
#3375=CARTESIAN_POINT('',(-1.4,-4.45,4.8));
#3376=CARTESIAN_POINT('Origin',(-1.4,-4.45,4.8));
#3377=CARTESIAN_POINT('',(-1.4,-4.45,4.2));
#3378=CARTESIAN_POINT('Origin',(1.2,-2.05,1.1));
#3379=CARTESIAN_POINT('Origin',(-0.9,-2.35,4.2));
#3380=CARTESIAN_POINT('Origin',(0.25,-1.421959173294,1.302213422577));
#3381=CARTESIAN_POINT('',(0.25,-5.55,2.85));
#3382=CARTESIAN_POINT('',(0.25,-5.55,3.35));
#3383=CARTESIAN_POINT('',(0.25,-5.55,2.85));
#3384=CARTESIAN_POINT('',(0.25,-0.25,2.85));
#3385=CARTESIAN_POINT('',(0.25,-5.75,3.35));
#3386=CARTESIAN_POINT('Origin',(0.25,-5.75,3.35));
#3387=CARTESIAN_POINT('',(-0.25,-5.55,3.35));
#3388=CARTESIAN_POINT('',(-0.25,-5.75,3.35));
#3389=CARTESIAN_POINT('',(0.25,-5.55,3.35));
#3390=CARTESIAN_POINT('Origin',(-0.25,-1.421959173294,1.302213422577));
#3391=CARTESIAN_POINT('',(-0.25,-5.55,2.85));
#3392=CARTESIAN_POINT('',(-0.25,-5.55,2.85));
#3393=CARTESIAN_POINT('',(-0.25,-0.25,2.85));
#3394=CARTESIAN_POINT('Origin',(0.25,-0.25,2.85));
#3395=CARTESIAN_POINT('',(0.25,-5.55,2.85));
#3396=CARTESIAN_POINT('Origin',(2.25,-1.421959173294,1.302213422577));
#3397=CARTESIAN_POINT('',(2.25,-5.55,2.85));
#3398=CARTESIAN_POINT('',(2.25,-5.55,3.35));
#3399=CARTESIAN_POINT('',(2.25,-5.55,2.85));
#3400=CARTESIAN_POINT('',(2.25,-0.25,2.85));
#3401=CARTESIAN_POINT('',(2.25,-5.75,3.35));
#3402=CARTESIAN_POINT('Origin',(2.25,-5.75,3.35));
#3403=CARTESIAN_POINT('',(1.75,-5.55,3.35));
#3404=CARTESIAN_POINT('',(1.75,-5.75,3.35));
#3405=CARTESIAN_POINT('',(2.25,-5.55,3.35));
#3406=CARTESIAN_POINT('Origin',(1.75,-1.421959173294,1.302213422577));
#3407=CARTESIAN_POINT('',(1.75,-5.55,2.85));
#3408=CARTESIAN_POINT('',(1.75,-5.55,2.85));
#3409=CARTESIAN_POINT('',(1.75,-0.25,2.85));
#3410=CARTESIAN_POINT('Origin',(2.25,-0.25,2.85));
#3411=CARTESIAN_POINT('',(2.25,-5.55,2.85));
#3412=CARTESIAN_POINT('Origin',(2.75,-0.35,3.6));
#3413=CARTESIAN_POINT('',(2.25,-0.35,3.35));
#3414=CARTESIAN_POINT('',(2.25,-0.35,2.85));
#3415=CARTESIAN_POINT('',(2.25,-0.35,2.451106711288));
#3416=CARTESIAN_POINT('',(1.75,-0.35,3.35));
#3417=CARTESIAN_POINT('',(2.5,-0.35,3.35));
#3418=CARTESIAN_POINT('',(1.75,-0.35,2.85));
#3419=CARTESIAN_POINT('',(1.75,-0.35,2.451106711288));
#3420=CARTESIAN_POINT('',(2.5,-0.35,2.85));
#3421=CARTESIAN_POINT('Origin',(0.75,-0.35,3.6));
#3422=CARTESIAN_POINT('',(0.25,-0.35,3.35));
#3423=CARTESIAN_POINT('',(0.25,-0.35,2.85));
#3424=CARTESIAN_POINT('',(0.25,-0.35,2.451106711288));
#3425=CARTESIAN_POINT('',(-0.25,-0.35,3.35));
#3426=CARTESIAN_POINT('',(0.5,-0.35,3.35));
#3427=CARTESIAN_POINT('',(-0.25,-0.35,2.85));
#3428=CARTESIAN_POINT('',(-0.25,-0.35,2.451106711288));
#3429=CARTESIAN_POINT('',(0.5,-0.35,2.85));
#3430=CARTESIAN_POINT('Origin',(-0.95,-4.45,4.85));
#3431=CARTESIAN_POINT('',(-0.95,-4.45,4.85));
#3432=CARTESIAN_POINT('Origin',(-0.45,-4.45,4.85));
#3433=CARTESIAN_POINT('Origin',(0.15,-5.65,2.85));
#3434=CARTESIAN_POINT('',(0.05,-5.75,3.05));
#3435=CARTESIAN_POINT('',(0.183333333333,-5.616666666667,2.916666666667));
#3436=CARTESIAN_POINT('',(0.05,-5.75,3.15));
#3437=CARTESIAN_POINT('',(0.1,-5.7,3.2));
#3438=CARTESIAN_POINT('',(0.05,-5.75,2.85));
#3439=CARTESIAN_POINT('Origin',(0.25,-5.65,3.25));
#3440=CARTESIAN_POINT('',(-0.05,-5.75,3.15));
#3441=CARTESIAN_POINT('',(-0.01666666666667,-5.783333333333,3.116666666667));
#3442=CARTESIAN_POINT('',(0.25,-5.75,3.15));
#3443=CARTESIAN_POINT('Origin',(-0.15,-5.65,2.85));
#3444=CARTESIAN_POINT('',(-0.05,-5.75,3.05));
#3445=CARTESIAN_POINT('',(-0.1,-5.7,3.));
#3446=CARTESIAN_POINT('',(-0.05,-5.75,2.85));
#3447=CARTESIAN_POINT('Origin',(0.25,-5.65,2.95));
#3448=CARTESIAN_POINT('',(0.25,-5.75,3.05));
#3449=CARTESIAN_POINT('Origin',(2.15,-5.65,2.85));
#3450=CARTESIAN_POINT('',(2.05,-5.75,3.05));
#3451=CARTESIAN_POINT('',(2.183333333333,-5.616666666667,2.916666666667));
#3452=CARTESIAN_POINT('',(2.05,-5.75,3.15));
#3453=CARTESIAN_POINT('',(2.1,-5.7,3.2));
#3454=CARTESIAN_POINT('',(2.05,-5.75,2.85));
#3455=CARTESIAN_POINT('Origin',(2.25,-5.65,3.25));
#3456=CARTESIAN_POINT('',(1.95,-5.75,3.15));
#3457=CARTESIAN_POINT('',(1.983333333333,-5.783333333333,3.116666666667));
#3458=CARTESIAN_POINT('',(2.25,-5.75,3.15));
#3459=CARTESIAN_POINT('Origin',(1.85,-5.65,2.85));
#3460=CARTESIAN_POINT('',(1.95,-5.75,3.05));
#3461=CARTESIAN_POINT('',(1.9,-5.7,3.));
#3462=CARTESIAN_POINT('',(1.95,-5.75,2.85));
#3463=CARTESIAN_POINT('Origin',(2.25,-5.65,2.95));
#3464=CARTESIAN_POINT('',(2.25,-5.75,3.05));
#3465=CARTESIAN_POINT('Origin',(2.25,-1.421959173294,1.302213422577));
#3466=CARTESIAN_POINT('',(2.25,-0.3,2.85));
#3467=CARTESIAN_POINT('',(2.25,-0.25,2.85));
#3468=CARTESIAN_POINT('',(2.25,-0.25,2.8));
#3469=CARTESIAN_POINT('Origin',(2.25,-0.3,2.8));
#3470=CARTESIAN_POINT('',(2.25,-0.25,-0.9));
#3471=CARTESIAN_POINT('',(2.25,-0.25,-0.9));
#3472=CARTESIAN_POINT('',(2.25,-0.55,-1.5));
#3473=CARTESIAN_POINT('',(2.25,-0.55,-1.5));
#3474=CARTESIAN_POINT('',(2.25,-0.281578947368,-3.2));
#3475=CARTESIAN_POINT('',(2.25,-0.25,-3.4));
#3476=CARTESIAN_POINT('',(2.25,0.218421052632,-3.2));
#3477=CARTESIAN_POINT('',(2.25,0.25,-3.2));
#3478=CARTESIAN_POINT('',(2.25,-0.05,-1.5));
#3479=CARTESIAN_POINT('',(2.25,-0.05,-1.5));
#3480=CARTESIAN_POINT('',(2.25,0.25,-0.9));
#3481=CARTESIAN_POINT('',(2.25,0.25,-0.9));
#3482=CARTESIAN_POINT('',(2.25,0.25,2.8));
#3483=CARTESIAN_POINT('',(2.25,0.25,3.35));
#3484=CARTESIAN_POINT('',(2.25,-0.3,3.35));
#3485=CARTESIAN_POINT('Origin',(2.25,-0.3,2.8));
#3486=CARTESIAN_POINT('',(2.25,-5.75,3.35));
#3487=CARTESIAN_POINT('Origin',(2.25,-5.75,3.35));
#3488=CARTESIAN_POINT('',(1.75,-0.3,3.35));
#3489=CARTESIAN_POINT('',(2.25,-0.3,3.35));
#3490=CARTESIAN_POINT('',(1.75,-5.75,3.35));
#3491=CARTESIAN_POINT('Origin',(1.75,-1.421959173294,1.302213422577));
#3492=CARTESIAN_POINT('',(1.75,0.25,2.8));
#3493=CARTESIAN_POINT('Origin',(1.75,-0.3,2.8));
#3494=CARTESIAN_POINT('',(1.75,0.25,-0.9));
#3495=CARTESIAN_POINT('',(1.75,0.25,3.35));
#3496=CARTESIAN_POINT('',(1.75,-0.05,-1.5));
#3497=CARTESIAN_POINT('',(1.75,0.25,-0.9));
#3498=CARTESIAN_POINT('',(1.75,0.218421052632,-3.2));
#3499=CARTESIAN_POINT('',(1.75,-0.05,-1.5));
#3500=CARTESIAN_POINT('',(1.75,-0.281578947368,-3.2));
#3501=CARTESIAN_POINT('',(1.75,0.25,-3.2));
#3502=CARTESIAN_POINT('',(1.75,-0.55,-1.5));
#3503=CARTESIAN_POINT('',(1.75,-0.25,-3.4));
#3504=CARTESIAN_POINT('',(1.75,-0.25,-0.9));
#3505=CARTESIAN_POINT('',(1.75,-0.55,-1.5));
#3506=CARTESIAN_POINT('',(1.75,-0.25,2.8));
#3507=CARTESIAN_POINT('',(1.75,-0.25,-0.9));
#3508=CARTESIAN_POINT('',(1.75,-0.3,2.85));
#3509=CARTESIAN_POINT('Origin',(1.75,-0.3,2.8));
#3510=CARTESIAN_POINT('',(1.75,-0.25,2.85));
#3511=CARTESIAN_POINT('Origin',(2.25,-0.25,2.85));
#3512=CARTESIAN_POINT('',(2.25,-0.3,2.85));
#3513=CARTESIAN_POINT('Origin',(0.25,-1.421959173294,1.302213422577));
#3514=CARTESIAN_POINT('',(0.25,-0.3,2.85));
#3515=CARTESIAN_POINT('',(0.25,-0.25,2.85));
#3516=CARTESIAN_POINT('',(0.25,-0.25,2.8));
#3517=CARTESIAN_POINT('Origin',(0.25,-0.3,2.8));
#3518=CARTESIAN_POINT('',(0.25,-0.25,-0.9));
#3519=CARTESIAN_POINT('',(0.25,-0.25,-0.9));
#3520=CARTESIAN_POINT('',(0.25,-0.55,-1.5));
#3521=CARTESIAN_POINT('',(0.25,-0.55,-1.5));
#3522=CARTESIAN_POINT('',(0.25,-0.281578947368,-3.2));
#3523=CARTESIAN_POINT('',(0.25,-0.25,-3.4));
#3524=CARTESIAN_POINT('',(0.25,0.218421052632,-3.2));
#3525=CARTESIAN_POINT('',(0.25,0.25,-3.2));
#3526=CARTESIAN_POINT('',(0.25,-0.05,-1.5));
#3527=CARTESIAN_POINT('',(0.25,-0.05,-1.5));
#3528=CARTESIAN_POINT('',(0.25,0.25,-0.9));
#3529=CARTESIAN_POINT('',(0.25,0.25,-0.9));
#3530=CARTESIAN_POINT('',(0.25,0.25,2.8));
#3531=CARTESIAN_POINT('',(0.25,0.25,3.35));
#3532=CARTESIAN_POINT('',(0.25,-0.3,3.35));
#3533=CARTESIAN_POINT('Origin',(0.25,-0.3,2.8));
#3534=CARTESIAN_POINT('',(0.25,-5.75,3.35));
#3535=CARTESIAN_POINT('Origin',(0.25,-5.75,3.35));
#3536=CARTESIAN_POINT('',(-0.25,-0.3,3.35));
#3537=CARTESIAN_POINT('',(0.25,-0.3,3.35));
#3538=CARTESIAN_POINT('',(-0.25,-5.75,3.35));
#3539=CARTESIAN_POINT('Origin',(-0.25,-1.421959173294,1.302213422577));
#3540=CARTESIAN_POINT('',(-0.25,0.25,2.8));
#3541=CARTESIAN_POINT('Origin',(-0.25,-0.3,2.8));
#3542=CARTESIAN_POINT('',(-0.25,0.25,-0.9));
#3543=CARTESIAN_POINT('',(-0.25,0.25,3.35));
#3544=CARTESIAN_POINT('',(-0.25,-0.05,-1.5));
#3545=CARTESIAN_POINT('',(-0.25,0.25,-0.9));
#3546=CARTESIAN_POINT('',(-0.25,0.218421052632,-3.2));
#3547=CARTESIAN_POINT('',(-0.25,-0.05,-1.5));
#3548=CARTESIAN_POINT('',(-0.25,-0.281578947368,-3.2));
#3549=CARTESIAN_POINT('',(-0.25,0.25,-3.2));
#3550=CARTESIAN_POINT('',(-0.25,-0.55,-1.5));
#3551=CARTESIAN_POINT('',(-0.25,-0.25,-3.4));
#3552=CARTESIAN_POINT('',(-0.25,-0.25,-0.9));
#3553=CARTESIAN_POINT('',(-0.25,-0.55,-1.5));
#3554=CARTESIAN_POINT('',(-0.25,-0.25,2.8));
#3555=CARTESIAN_POINT('',(-0.25,-0.25,-0.9));
#3556=CARTESIAN_POINT('',(-0.25,-0.3,2.85));
#3557=CARTESIAN_POINT('Origin',(-0.25,-0.3,2.8));
#3558=CARTESIAN_POINT('',(-0.25,-0.25,2.85));
#3559=CARTESIAN_POINT('Origin',(0.25,-0.25,2.85));
#3560=CARTESIAN_POINT('',(0.25,-0.3,2.85));
#3561=CARTESIAN_POINT('Origin',(0.25,-5.75,2.85));
#3562=CARTESIAN_POINT('Origin',(2.25,-5.75,2.85));
#3563=CARTESIAN_POINT('Origin',(2.25,-0.3,2.8));
#3564=CARTESIAN_POINT('',(2.25,-0.25,2.8));
#3565=CARTESIAN_POINT('Origin',(2.25,-0.25,-0.9));
#3566=CARTESIAN_POINT('',(2.25,-0.25,-0.9));
#3567=CARTESIAN_POINT('Origin',(2.25,-0.55,-1.5));
#3568=CARTESIAN_POINT('',(2.25,-0.55,-1.5));
#3569=CARTESIAN_POINT('Origin',(2.25,-0.25,-3.4));
#3570=CARTESIAN_POINT('',(1.752447406934,-0.281192514695,-3.202447406934));
#3571=CARTESIAN_POINT('',(1.994186046512,-0.243023255814,-3.444186046512));
#3572=CARTESIAN_POINT('',(2.247552593066,-0.281192514695,-3.202447406934));
#3573=CARTESIAN_POINT('',(2.25,-0.281192514695,-3.202447406934));
#3574=CARTESIAN_POINT('',(2.1292749658,-0.262517099863,-3.3207250342));
#3575=CARTESIAN_POINT('Origin',(2.15,0.25,-3.3));
#3576=CARTESIAN_POINT('',(2.05,-0.05,-3.4));
#3577=CARTESIAN_POINT('',(2.09198936903,-0.09913946036316,-3.35801063097));
#3578=CARTESIAN_POINT('',(2.05,0.05,-3.4));
#3579=CARTESIAN_POINT('',(2.05,0.25,-3.4));
#3580=CARTESIAN_POINT('',(2.247552593066,0.218807485305,-3.202447406934));
#3581=CARTESIAN_POINT('',(2.185852405654,0.166085051658,-3.264147594346));
#3582=CARTESIAN_POINT('',(2.629616963064,0.158481532148,-2.820383036936));
#3583=CARTESIAN_POINT('Origin',(2.25,-0.05,-1.5));
#3584=CARTESIAN_POINT('',(1.752447406934,0.218807485305,-3.202447406934));
#3585=CARTESIAN_POINT('',(2.25,0.218807485305,-3.202447406934));
#3586=CARTESIAN_POINT('',(1.493844049248,0.177975376197,-2.943844049248));
#3587=CARTESIAN_POINT('',(2.25,-0.05,-1.5));
#3588=CARTESIAN_POINT('Origin',(2.25,0.25,-0.9));
#3589=CARTESIAN_POINT('',(2.25,0.25,-0.9));
#3590=CARTESIAN_POINT('Origin',(2.25,0.25,3.35));
#3591=CARTESIAN_POINT('',(2.25,0.25,2.8));
#3592=CARTESIAN_POINT('Origin',(2.25,-0.3,2.8));
#3593=CARTESIAN_POINT('Origin',(1.85,0.25,-3.3));
#3594=CARTESIAN_POINT('',(1.95,-0.05,-3.4));
#3595=CARTESIAN_POINT('',(1.982204224438,-0.01231193164325,-3.432204224438));
#3596=CARTESIAN_POINT('',(1.95,0.05,-3.4));
#3597=CARTESIAN_POINT('',(1.905717325178,0.08783927542193,-3.355717325178));
#3598=CARTESIAN_POINT('',(1.95,0.25,-3.4));
#3599=CARTESIAN_POINT('Origin',(0.25,-0.3,2.8));
#3600=CARTESIAN_POINT('',(0.25,-0.25,2.8));
#3601=CARTESIAN_POINT('Origin',(0.25,-0.25,-0.9));
#3602=CARTESIAN_POINT('',(0.25,-0.25,-0.9));
#3603=CARTESIAN_POINT('Origin',(0.25,-0.55,-1.5));
#3604=CARTESIAN_POINT('',(0.25,-0.55,-1.5));
#3605=CARTESIAN_POINT('Origin',(0.25,-0.25,-3.4));
#3606=CARTESIAN_POINT('',(-0.247552593066,-0.281192514695,-3.202447406934));
#3607=CARTESIAN_POINT('',(-0.005813953488372,-0.243023255814,-3.444186046512));
#3608=CARTESIAN_POINT('',(0.247552593066,-0.281192514695,-3.202447406934));
#3609=CARTESIAN_POINT('',(0.25,-0.281192514695,-3.202447406934));
#3610=CARTESIAN_POINT('',(0.1292749658,-0.262517099863,-3.3207250342));
#3611=CARTESIAN_POINT('Origin',(0.15,0.25,-3.3));
#3612=CARTESIAN_POINT('',(0.05,-0.05,-3.4));
#3613=CARTESIAN_POINT('',(0.09198936903048,-0.09913946036316,-3.35801063097));
#3614=CARTESIAN_POINT('',(0.05,0.05,-3.4));
#3615=CARTESIAN_POINT('',(0.05,0.25,-3.4));
#3616=CARTESIAN_POINT('',(0.247552593066,0.218807485305,-3.202447406934));
#3617=CARTESIAN_POINT('',(0.185852405654,0.166085051658,-3.264147594346));
#3618=CARTESIAN_POINT('',(0.629616963064,0.158481532148,-2.820383036936));
#3619=CARTESIAN_POINT('Origin',(0.25,-0.05,-1.5));
#3620=CARTESIAN_POINT('',(-0.247552593066,0.218807485305,-3.202447406934));
#3621=CARTESIAN_POINT('',(0.25,0.218807485305,-3.202447406934));
#3622=CARTESIAN_POINT('',(-0.506155950752,0.177975376197,-2.943844049248));
#3623=CARTESIAN_POINT('',(0.25,-0.05,-1.5));
#3624=CARTESIAN_POINT('Origin',(0.25,0.25,-0.9));
#3625=CARTESIAN_POINT('',(0.25,0.25,-0.9));
#3626=CARTESIAN_POINT('Origin',(0.25,0.25,3.35));
#3627=CARTESIAN_POINT('',(0.25,0.25,2.8));
#3628=CARTESIAN_POINT('Origin',(0.25,-0.3,2.8));
#3629=CARTESIAN_POINT('Origin',(-0.15,0.25,-3.3));
#3630=CARTESIAN_POINT('',(-0.05,-0.05,-3.4));
#3631=CARTESIAN_POINT('',(-0.0177957755624,-0.01231193164325,-3.432204224438));
#3632=CARTESIAN_POINT('',(-0.05,0.05,-3.4));
#3633=CARTESIAN_POINT('',(-0.09428267482221,0.08783927542193,-3.355717325178));
#3634=CARTESIAN_POINT('',(-0.05,0.25,-3.4));
#3635=CARTESIAN_POINT('Origin',(2.25,-0.165596257347,-3.301223703467));
#3636=CARTESIAN_POINT('',(2.25,-0.05,-3.4));
#3637=CARTESIAN_POINT('Origin',(2.25,0.25,-3.4));
#3638=CARTESIAN_POINT('',(2.25,0.05,-3.4));
#3639=CARTESIAN_POINT('Origin',(2.25,0.134403742653,-3.301223703467));
#3640=CARTESIAN_POINT('Origin',(0.25,-0.165596257347,-3.301223703467));
#3641=CARTESIAN_POINT('',(0.25,-0.05,-3.4));
#3642=CARTESIAN_POINT('Origin',(0.25,0.25,-3.4));
#3643=CARTESIAN_POINT('',(0.25,0.05,-3.4));
#3644=CARTESIAN_POINT('Origin',(0.25,0.134403742653,-3.301223703467));
#3645=CARTESIAN_POINT('',(0.,0.,0.));
#3646=UNCERTAINTY_MEASURE_WITH_UNIT(LENGTH_MEASURE(0.01),#3652,
'DISTANCE_ACCURACY_VALUE',
'Maximum model space distance between geometric entities at asserted c
onnectivities');
#3647=UNCERTAINTY_MEASURE_WITH_UNIT(LENGTH_MEASURE(0.01),#3652,
'DISTANCE_ACCURACY_VALUE',
'Maximum model space distance between geometric entities at asserted c
onnectivities');
#3648=UNCERTAINTY_MEASURE_WITH_UNIT(LENGTH_MEASURE(0.01),#3652,
'DISTANCE_ACCURACY_VALUE',
'Maximum model space distance between geometric entities at asserted c
onnectivities');
#3649=(
GEOMETRIC_REPRESENTATION_CONTEXT(3)
GLOBAL_UNCERTAINTY_ASSIGNED_CONTEXT((#3646))
GLOBAL_UNIT_ASSIGNED_CONTEXT((#3652,#3654,#3655))
REPRESENTATION_CONTEXT('','3D')
);
#3650=(
GEOMETRIC_REPRESENTATION_CONTEXT(3)
GLOBAL_UNCERTAINTY_ASSIGNED_CONTEXT((#3647))
GLOBAL_UNIT_ASSIGNED_CONTEXT((#3652,#3654,#3655))
REPRESENTATION_CONTEXT('','3D')
);
#3651=(
GEOMETRIC_REPRESENTATION_CONTEXT(3)
GLOBAL_UNCERTAINTY_ASSIGNED_CONTEXT((#3648))
GLOBAL_UNIT_ASSIGNED_CONTEXT((#3652,#3654,#3655))
REPRESENTATION_CONTEXT('','3D')
);
#3652=(
LENGTH_UNIT()
NAMED_UNIT(*)
SI_UNIT(.MILLI.,.METRE.)
);
#3653=(
LENGTH_UNIT()
NAMED_UNIT(*)
SI_UNIT($,.METRE.)
);
#3654=(
NAMED_UNIT(*)
PLANE_ANGLE_UNIT()
SI_UNIT($,.RADIAN.)
);
#3655=(
NAMED_UNIT(*)
SI_UNIT($,.STERADIAN.)
SOLID_ANGLE_UNIT()
);
#3656=SHAPE_DEFINITION_REPRESENTATION(#3658,#3661);
#3657=SHAPE_DEFINITION_REPRESENTATION(#3659,#3662);
#3658=PRODUCT_DEFINITION_SHAPE('',$,#3664);
#3659=PRODUCT_DEFINITION_SHAPE('',$,#3665);
#3660=PRODUCT_DEFINITION_SHAPE($,$,#14);
#3661=SHAPE_REPRESENTATION('',(#2342,#2466),#3649);
#3662=SHAPE_REPRESENTATION('',(#2343),#3650);
#3663=PRODUCT_DEFINITION_CONTEXT('part definition',#3671,'design');
#3664=PRODUCT_DEFINITION('2026-09-16-09-39-33-705',
'JST_PH_S2B-PH-K_1x02_P2.00mm_Horizontal',#3666,#3663);
#3665=PRODUCT_DEFINITION('2026-09-16-09-39-33-705_1','JST_S2B_PH_K',#3667,
#3663);
#3666=PRODUCT_DEFINITION_FORMATION('',$,#3673);
#3667=PRODUCT_DEFINITION_FORMATION('',$,#3674);
#3668=PRODUCT_RELATED_PRODUCT_CATEGORY(
'JST_PH_S2B-PH-K_1x02_P2.00mm_Horizontal',
'JST_PH_S2B-PH-K_1x02_P2.00mm_Horizontal',(#3673));
#3669=PRODUCT_RELATED_PRODUCT_CATEGORY('JST_S2B_PH_K','JST_S2B_PH_K',(#3674));
#3670=APPLICATION_PROTOCOL_DEFINITION('international standard',
'automotive_design',2009,#3671);
#3671=APPLICATION_CONTEXT(
'Core Data for Automotive Mechanical Design Process');
#3672=PRODUCT_CONTEXT('part definition',#3671,'mechanical');
#3673=PRODUCT('2026-09-16-09-39-33-705',
'JST_PH_S2B-PH-K_1x02_P2.00mm_Horizontal',$,(#3672));
#3674=PRODUCT('2026-09-16-09-39-33-705_1','JST_S2B_PH_K',$,(#3672));
#3675=PRESENTATION_STYLE_ASSIGNMENT((#3678));
#3676=PRESENTATION_STYLE_ASSIGNMENT((#3679));
#3677=PRESENTATION_STYLE_ASSIGNMENT((#3680));
#3678=SURFACE_STYLE_USAGE(.BOTH.,#3681);
#3679=SURFACE_STYLE_USAGE(.BOTH.,#3682);
#3680=SURFACE_STYLE_USAGE(.BOTH.,#3683);
#3681=SURFACE_SIDE_STYLE('',(#3684));
#3682=SURFACE_SIDE_STYLE('',(#3685));
#3683=SURFACE_SIDE_STYLE('',(#3686));
#3684=SURFACE_STYLE_FILL_AREA(#3687);
#3685=SURFACE_STYLE_FILL_AREA(#3688);
#3686=SURFACE_STYLE_FILL_AREA(#3689);
#3687=FILL_AREA_STYLE('Steel - Satin',(#3690));
#3688=FILL_AREA_STYLE('Opaque(228,227,207)',(#3691));
#3689=FILL_AREA_STYLE('Opaque(210,209,199)',(#3692));
#3690=FILL_AREA_STYLE_COLOUR('Steel - Satin',#3693);
#3691=FILL_AREA_STYLE_COLOUR('Opaque(228,227,207)',#3694);
#3692=FILL_AREA_STYLE_COLOUR('Opaque(210,209,199)',#3695);
#3693=COLOUR_RGB('Steel - Satin',0.627450980392157,0.627450980392157,0.627450980392157);
#3694=COLOUR_RGB('Opaque(228,227,207)',0.894117647058824,0.890196078431372,
0.811764705882353);
#3695=COLOUR_RGB('Opaque(210,209,199)',0.823529411764706,0.819607843137255,
0.780392156862745);
ENDSEC;
END-ISO-10303-21;
