ISO-10303-21;
HEADER;
/* Generated by software containing ST-Developer
 * from STEP Tools, Inc. (www.steptools.com) 
 */

FILE_DESCRIPTION(
/* description */ (''),
/* implementation_level */ '2;1');

FILE_NAME(
/* name */ 'SOT-223.step',
/* time_stamp */ '2026-09-16T09:39:46+05:45',
/* author */ (''),
/* organization */ (''),
/* preprocessor_version */ 'ST-DEVELOPER v20.2',
/* originating_system */ 'Autodesk Translation Framework v15.15.0.0',
/* authorisation */ '');

FILE_SCHEMA (('AUTOMOTIVE_DESIGN { 1 0 10303 214 3 1 1 }'));
ENDSEC;

DATA;
#10=MECHANICAL_DESIGN_GEOMETRIC_PRESENTATION_REPRESENTATION('',(#1322,#1323,
#1324,#1325,#1326,#1327,#1328,#1329,#1330,#1331,#1332,#1333,#1334,#1335,
#1336,#1337,#1338,#1339,#1340,#1341,#1342,#1343,#1344,#1345,#1346,#1347,
#1348,#1349,#1350,#1351,#1352,#1353,#1354,#1355,#1356,#1357,#1358,#1359,
#1360,#1361,#1362,#1363,#1364,#1365,#1366,#1367,#1368,#1369,#1370,#1371,
#1372,#1373,#1374,#1375,#1376,#1377,#1378,#1379,#1380,#1381,#1382,#1383,
#1384,#1385,#1386,#1387,#1388,#1389,#1390,#1391,#1392,#1393,#1394,#1395,
#1396,#1397),#2388);
#11=ITEM_DEFINED_TRANSFORMATION($,$,#1487,#1596);
#12=(
REPRESENTATION_RELATIONSHIP($,$,#2399,#2398)
REPRESENTATION_RELATIONSHIP_WITH_TRANSFORMATION(#11)
SHAPE_REPRESENTATION_RELATIONSHIP()
);
#13=CONTEXT_DEPENDENT_SHAPE_REPRESENTATION(#12,#2397);
#14=NEXT_ASSEMBLY_USAGE_OCCURRENCE('SOT-223:1','SOT-223:1','SOT-223:1',
#2401,#2402,'SOT-223:1');
#15=SHAPE_REPRESENTATION_RELATIONSHIP('SRR','None',#2399,#16);
#16=ADVANCED_BREP_SHAPE_REPRESENTATION('',(#17),#2387);
#17=MANIFOLD_SOLID_BREP('Body1',#1473);
#18=FACE_BOUND('',#210,.T.);
#19=CYLINDRICAL_SURFACE('',#1513,0.2);
#20=CYLINDRICAL_SURFACE('',#1525,0.2);
#21=CYLINDRICAL_SURFACE('',#1537,0.2);
#22=CYLINDRICAL_SURFACE('',#1547,0.47);
#23=CYLINDRICAL_SURFACE('',#1549,0.2);
#24=CYLINDRICAL_SURFACE('',#1553,0.47);
#25=CYLINDRICAL_SURFACE('',#1556,0.47);
#26=CYLINDRICAL_SURFACE('',#1558,0.2);
#27=CYLINDRICAL_SURFACE('',#1562,0.47);
#28=CYLINDRICAL_SURFACE('',#1565,0.47);
#29=CYLINDRICAL_SURFACE('',#1567,0.2);
#30=CYLINDRICAL_SURFACE('',#1571,0.47);
#31=CYLINDRICAL_SURFACE('',#1584,0.2);
#32=CYLINDRICAL_SURFACE('',#1585,0.47);
#33=CYLINDRICAL_SURFACE('',#1589,0.2);
#34=CYLINDRICAL_SURFACE('',#1593,0.47);
#35=CIRCLE('',#1504,0.2);
#36=CIRCLE('',#1505,0.47);
#37=CIRCLE('',#1506,0.2);
#38=CIRCLE('',#1507,0.47);
#39=CIRCLE('',#1509,0.47);
#40=CIRCLE('',#1510,0.2);
#41=CIRCLE('',#1511,0.47);
#42=CIRCLE('',#1512,0.2);
#43=CIRCLE('',#1516,0.2);
#44=CIRCLE('',#1517,0.47);
#45=CIRCLE('',#1518,0.2);
#46=CIRCLE('',#1519,0.47);
#47=CIRCLE('',#1521,0.47);
#48=CIRCLE('',#1522,0.2);
#49=CIRCLE('',#1523,0.47);
#50=CIRCLE('',#1524,0.2);
#51=CIRCLE('',#1528,0.2);
#52=CIRCLE('',#1529,0.47);
#53=CIRCLE('',#1530,0.2);
#54=CIRCLE('',#1531,0.47);
#55=CIRCLE('',#1533,0.47);
#56=CIRCLE('',#1534,0.2);
#57=CIRCLE('',#1535,0.47);
#58=CIRCLE('',#1536,0.2);
#59=CIRCLE('',#1575,0.2);
#60=CIRCLE('',#1576,0.47);
#61=CIRCLE('',#1577,0.2);
#62=CIRCLE('',#1578,0.47);
#63=CIRCLE('',#1580,0.47);
#64=CIRCLE('',#1581,0.2);
#65=CIRCLE('',#1582,0.47);
#66=CIRCLE('',#1583,0.2);
#67=CIRCLE('',#1587,0.05);
#68=FACE_OUTER_BOUND('',#143,.T.);
#69=FACE_OUTER_BOUND('',#144,.T.);
#70=FACE_OUTER_BOUND('',#145,.T.);
#71=FACE_OUTER_BOUND('',#146,.T.);
#72=FACE_OUTER_BOUND('',#147,.T.);
#73=FACE_OUTER_BOUND('',#148,.T.);
#74=FACE_OUTER_BOUND('',#149,.T.);
#75=FACE_OUTER_BOUND('',#150,.T.);
#76=FACE_OUTER_BOUND('',#151,.T.);
#77=FACE_OUTER_BOUND('',#152,.T.);
#78=FACE_OUTER_BOUND('',#153,.T.);
#79=FACE_OUTER_BOUND('',#154,.T.);
#80=FACE_OUTER_BOUND('',#155,.T.);
#81=FACE_OUTER_BOUND('',#156,.T.);
#82=FACE_OUTER_BOUND('',#157,.T.);
#83=FACE_OUTER_BOUND('',#158,.T.);
#84=FACE_OUTER_BOUND('',#159,.T.);
#85=FACE_OUTER_BOUND('',#160,.T.);
#86=FACE_OUTER_BOUND('',#161,.T.);
#87=FACE_OUTER_BOUND('',#162,.T.);
#88=FACE_OUTER_BOUND('',#163,.T.);
#89=FACE_OUTER_BOUND('',#164,.T.);
#90=FACE_OUTER_BOUND('',#165,.T.);
#91=FACE_OUTER_BOUND('',#166,.T.);
#92=FACE_OUTER_BOUND('',#167,.T.);
#93=FACE_OUTER_BOUND('',#168,.T.);
#94=FACE_OUTER_BOUND('',#169,.T.);
#95=FACE_OUTER_BOUND('',#170,.T.);
#96=FACE_OUTER_BOUND('',#171,.T.);
#97=FACE_OUTER_BOUND('',#172,.T.);
#98=FACE_OUTER_BOUND('',#173,.T.);
#99=FACE_OUTER_BOUND('',#174,.T.);
#100=FACE_OUTER_BOUND('',#175,.T.);
#101=FACE_OUTER_BOUND('',#176,.T.);
#102=FACE_OUTER_BOUND('',#177,.T.);
#103=FACE_OUTER_BOUND('',#178,.T.);
#104=FACE_OUTER_BOUND('',#179,.T.);
#105=FACE_OUTER_BOUND('',#180,.T.);
#106=FACE_OUTER_BOUND('',#181,.T.);
#107=FACE_OUTER_BOUND('',#182,.T.);
#108=FACE_OUTER_BOUND('',#183,.T.);
#109=FACE_OUTER_BOUND('',#184,.T.);
#110=FACE_OUTER_BOUND('',#185,.T.);
#111=FACE_OUTER_BOUND('',#186,.T.);
#112=FACE_OUTER_BOUND('',#187,.T.);
#113=FACE_OUTER_BOUND('',#188,.T.);
#114=FACE_OUTER_BOUND('',#189,.T.);
#115=FACE_OUTER_BOUND('',#190,.T.);
#116=FACE_OUTER_BOUND('',#191,.T.);
#117=FACE_OUTER_BOUND('',#192,.T.);
#118=FACE_OUTER_BOUND('',#193,.T.);
#119=FACE_OUTER_BOUND('',#194,.T.);
#120=FACE_OUTER_BOUND('',#195,.T.);
#121=FACE_OUTER_BOUND('',#196,.T.);
#122=FACE_OUTER_BOUND('',#197,.T.);
#123=FACE_OUTER_BOUND('',#198,.T.);
#124=FACE_OUTER_BOUND('',#199,.T.);
#125=FACE_OUTER_BOUND('',#200,.T.);
#126=FACE_OUTER_BOUND('',#201,.T.);
#127=FACE_OUTER_BOUND('',#202,.T.);
#128=FACE_OUTER_BOUND('',#203,.T.);
#129=FACE_OUTER_BOUND('',#204,.T.);
#130=FACE_OUTER_BOUND('',#205,.T.);
#131=FACE_OUTER_BOUND('',#206,.T.);
#132=FACE_OUTER_BOUND('',#207,.T.);
#133=FACE_OUTER_BOUND('',#208,.T.);
#134=FACE_OUTER_BOUND('',#209,.T.);
#135=FACE_OUTER_BOUND('',#211,.T.);
#136=FACE_OUTER_BOUND('',#212,.T.);
#137=FACE_OUTER_BOUND('',#213,.T.);
#138=FACE_OUTER_BOUND('',#214,.T.);
#139=FACE_OUTER_BOUND('',#215,.T.);
#140=FACE_OUTER_BOUND('',#216,.T.);
#141=FACE_OUTER_BOUND('',#217,.T.);
#142=FACE_OUTER_BOUND('',#218,.T.);
#143=EDGE_LOOP('',(#869,#870,#871,#872,#873,#874,#875,#876,#877,#878));
#144=EDGE_LOOP('',(#879,#880,#881,#882));
#145=EDGE_LOOP('',(#883,#884,#885,#886));
#146=EDGE_LOOP('',(#887,#888,#889,#890));
#147=EDGE_LOOP('',(#891,#892,#893,#894));
#148=EDGE_LOOP('',(#895,#896,#897,#898));
#149=EDGE_LOOP('',(#899,#900,#901,#902));
#150=EDGE_LOOP('',(#903,#904,#905,#906));
#151=EDGE_LOOP('',(#907,#908,#909,#910));
#152=EDGE_LOOP('',(#911,#912,#913,#914));
#153=EDGE_LOOP('',(#915,#916,#917,#918));
#154=EDGE_LOOP('',(#919,#920,#921,#922,#923,#924));
#155=EDGE_LOOP('',(#925,#926,#927,#928));
#156=EDGE_LOOP('',(#929,#930,#931,#932));
#157=EDGE_LOOP('',(#933,#934,#935,#936,#937,#938,#939,#940));
#158=EDGE_LOOP('',(#941,#942,#943,#944,#945,#946,#947,#948,#949,#950,#951,
#952));
#159=EDGE_LOOP('',(#953,#954,#955,#956,#957,#958,#959,#960,#961,#962,#963,
#964));
#160=EDGE_LOOP('',(#965,#966,#967,#968));
#161=EDGE_LOOP('',(#969,#970,#971,#972));
#162=EDGE_LOOP('',(#973,#974,#975,#976,#977,#978,#979,#980,#981,#982,#983,
#984));
#163=EDGE_LOOP('',(#985,#986,#987,#988,#989,#990,#991,#992,#993,#994,#995,
#996));
#164=EDGE_LOOP('',(#997,#998,#999,#1000));
#165=EDGE_LOOP('',(#1001,#1002,#1003,#1004));
#166=EDGE_LOOP('',(#1005,#1006,#1007,#1008,#1009,#1010,#1011,#1012,#1013,
#1014,#1015,#1016));
#167=EDGE_LOOP('',(#1017,#1018,#1019,#1020,#1021,#1022,#1023,#1024,#1025,
#1026,#1027,#1028));
#168=EDGE_LOOP('',(#1029,#1030,#1031,#1032));
#169=EDGE_LOOP('',(#1033,#1034,#1035,#1036,#1037,#1038,#1039,#1040));
#170=EDGE_LOOP('',(#1041,#1042,#1043,#1044));
#171=EDGE_LOOP('',(#1045,#1046,#1047,#1048));
#172=EDGE_LOOP('',(#1049,#1050,#1051,#1052));
#173=EDGE_LOOP('',(#1053,#1054,#1055,#1056,#1057,#1058));
#174=EDGE_LOOP('',(#1059,#1060,#1061,#1062,#1063,#1064));
#175=EDGE_LOOP('',(#1065,#1066,#1067,#1068));
#176=EDGE_LOOP('',(#1069,#1070,#1071,#1072,#1073,#1074,#1075,#1076,#1077,
#1078));
#177=EDGE_LOOP('',(#1079,#1080,#1081,#1082,#1083,#1084));
#178=EDGE_LOOP('',(#1085,#1086,#1087,#1088));
#179=EDGE_LOOP('',(#1089,#1090,#1091,#1092));
#180=EDGE_LOOP('',(#1093,#1094,#1095,#1096));
#181=EDGE_LOOP('',(#1097,#1098,#1099,#1100));
#182=EDGE_LOOP('',(#1101,#1102,#1103,#1104));
#183=EDGE_LOOP('',(#1105,#1106,#1107,#1108));
#184=EDGE_LOOP('',(#1109,#1110,#1111,#1112));
#185=EDGE_LOOP('',(#1113,#1114,#1115,#1116));
#186=EDGE_LOOP('',(#1117,#1118,#1119,#1120,#1121,#1122));
#187=EDGE_LOOP('',(#1123,#1124,#1125,#1126));
#188=EDGE_LOOP('',(#1127,#1128,#1129,#1130));
#189=EDGE_LOOP('',(#1131,#1132,#1133,#1134));
#190=EDGE_LOOP('',(#1135,#1136,#1137,#1138));
#191=EDGE_LOOP('',(#1139,#1140,#1141,#1142));
#192=EDGE_LOOP('',(#1143,#1144,#1145,#1146));
#193=EDGE_LOOP('',(#1147,#1148,#1149,#1150));
#194=EDGE_LOOP('',(#1151,#1152,#1153,#1154));
#195=EDGE_LOOP('',(#1155,#1156,#1157,#1158,#1159,#1160));
#196=EDGE_LOOP('',(#1161,#1162,#1163,#1164));
#197=EDGE_LOOP('',(#1165,#1166,#1167,#1168));
#198=EDGE_LOOP('',(#1169,#1170,#1171,#1172));
#199=EDGE_LOOP('',(#1173,#1174,#1175,#1176));
#200=EDGE_LOOP('',(#1177,#1178,#1179,#1180));
#201=EDGE_LOOP('',(#1181,#1182,#1183,#1184));
#202=EDGE_LOOP('',(#1185,#1186,#1187,#1188));
#203=EDGE_LOOP('',(#1189,#1190,#1191,#1192));
#204=EDGE_LOOP('',(#1193,#1194,#1195,#1196));
#205=EDGE_LOOP('',(#1197,#1198,#1199,#1200,#1201,#1202,#1203,#1204,#1205,
#1206,#1207,#1208));
#206=EDGE_LOOP('',(#1209,#1210,#1211,#1212,#1213,#1214,#1215,#1216,#1217,
#1218,#1219,#1220));
#207=EDGE_LOOP('',(#1221,#1222,#1223,#1224));
#208=EDGE_LOOP('',(#1225,#1226,#1227,#1228));
#209=EDGE_LOOP('',(#1229,#1230,#1231,#1232));
#210=EDGE_LOOP('',(#1233));
#211=EDGE_LOOP('',(#1234,#1235,#1236,#1237));
#212=EDGE_LOOP('',(#1238,#1239,#1240,#1241));
#213=EDGE_LOOP('',(#1242,#1243,#1244,#1245));
#214=EDGE_LOOP('',(#1246,#1247,#1248,#1249));
#215=EDGE_LOOP('',(#1250,#1251,#1252,#1253));
#216=EDGE_LOOP('',(#1254,#1255,#1256,#1257));
#217=EDGE_LOOP('',(#1258,#1259,#1260,#1261));
#218=EDGE_LOOP('',(#1262));
#219=LINE('',#1988,#383);
#220=LINE('',#1990,#384);
#221=LINE('',#1992,#385);
#222=LINE('',#1994,#386);
#223=LINE('',#1996,#387);
#224=LINE('',#1998,#388);
#225=LINE('',#2000,#389);
#226=LINE('',#2002,#390);
#227=LINE('',#2004,#391);
#228=LINE('',#2005,#392);
#229=LINE('',#2008,#393);
#230=LINE('',#2010,#394);
#231=LINE('',#2011,#395);
#232=LINE('',#2014,#396);
#233=LINE('',#2015,#397);
#234=LINE('',#2018,#398);
#235=LINE('',#2020,#399);
#236=LINE('',#2021,#400);
#237=LINE('',#2024,#401);
#238=LINE('',#2026,#402);
#239=LINE('',#2027,#403);
#240=LINE('',#2030,#404);
#241=LINE('',#2032,#405);
#242=LINE('',#2033,#406);
#243=LINE('',#2036,#407);
#244=LINE('',#2038,#408);
#245=LINE('',#2039,#409);
#246=LINE('',#2042,#410);
#247=LINE('',#2044,#411);
#248=LINE('',#2045,#412);
#249=LINE('',#2048,#413);
#250=LINE('',#2050,#414);
#251=LINE('',#2051,#415);
#252=LINE('',#2054,#416);
#253=LINE('',#2056,#417);
#254=LINE('',#2057,#418);
#255=LINE('',#2060,#419);
#256=LINE('',#2061,#420);
#257=LINE('',#2064,#421);
#258=LINE('',#2066,#422);
#259=LINE('',#2067,#423);
#260=LINE('',#2070,#424);
#261=LINE('',#2071,#425);
#262=LINE('',#2074,#426);
#263=LINE('',#2075,#427);
#264=LINE('',#2078,#428);
#265=LINE('',#2080,#429);
#266=LINE('',#2082,#430);
#267=LINE('',#2084,#431);
#268=LINE('',#2086,#432);
#269=LINE('',#2087,#433);
#270=LINE('',#2092,#434);
#271=LINE('',#2096,#435);
#272=LINE('',#2098,#436);
#273=LINE('',#2100,#437);
#274=LINE('',#2104,#438);
#275=LINE('',#2107,#439);
#276=LINE('',#2110,#440);
#277=LINE('',#2114,#441);
#278=LINE('',#2118,#442);
#279=LINE('',#2120,#443);
#280=LINE('',#2122,#444);
#281=LINE('',#2126,#445);
#282=LINE('',#2129,#446);
#283=LINE('',#2132,#447);
#284=LINE('',#2134,#448);
#285=LINE('',#2135,#449);
#286=LINE('',#2140,#450);
#287=LINE('',#2144,#451);
#288=LINE('',#2146,#452);
#289=LINE('',#2148,#453);
#290=LINE('',#2152,#454);
#291=LINE('',#2155,#455);
#292=LINE('',#2158,#456);
#293=LINE('',#2162,#457);
#294=LINE('',#2166,#458);
#295=LINE('',#2168,#459);
#296=LINE('',#2170,#460);
#297=LINE('',#2174,#461);
#298=LINE('',#2177,#462);
#299=LINE('',#2180,#463);
#300=LINE('',#2182,#464);
#301=LINE('',#2183,#465);
#302=LINE('',#2188,#466);
#303=LINE('',#2192,#467);
#304=LINE('',#2194,#468);
#305=LINE('',#2196,#469);
#306=LINE('',#2200,#470);
#307=LINE('',#2203,#471);
#308=LINE('',#2206,#472);
#309=LINE('',#2210,#473);
#310=LINE('',#2214,#474);
#311=LINE('',#2216,#475);
#312=LINE('',#2218,#476);
#313=LINE('',#2222,#477);
#314=LINE('',#2225,#478);
#315=LINE('',#2228,#479);
#316=LINE('',#2230,#480);
#317=LINE('',#2232,#481);
#318=LINE('',#2234,#482);
#319=LINE('',#2236,#483);
#320=LINE('',#2237,#484);
#321=LINE('',#2239,#485);
#322=LINE('',#2242,#486);
#323=LINE('',#2244,#487);
#324=LINE('',#2245,#488);
#325=LINE('',#2247,#489);
#326=LINE('',#2251,#490);
#327=LINE('',#2252,#491);
#328=LINE('',#2253,#492);
#329=LINE('',#2254,#493);
#330=LINE('',#2257,#494);
#331=LINE('',#2259,#495);
#332=LINE('',#2260,#496);
#333=LINE('',#2263,#497);
#334=LINE('',#2264,#498);
#335=LINE('',#2266,#499);
#336=LINE('',#2267,#500);
#337=LINE('',#2268,#501);
#338=LINE('',#2270,#502);
#339=LINE('',#2271,#503);
#340=LINE('',#2273,#504);
#341=LINE('',#2275,#505);
#342=LINE('',#2277,#506);
#343=LINE('',#2279,#507);
#344=LINE('',#2281,#508);
#345=LINE('',#2283,#509);
#346=LINE('',#2285,#510);
#347=LINE('',#2287,#511);
#348=LINE('',#2290,#512);
#349=LINE('',#2292,#513);
#350=LINE('',#2294,#514);
#351=LINE('',#2296,#515);
#352=LINE('',#2298,#516);
#353=LINE('',#2300,#517);
#354=LINE('',#2302,#518);
#355=LINE('',#2304,#519);
#356=LINE('',#2307,#520);
#357=LINE('',#2309,#521);
#358=LINE('',#2311,#522);
#359=LINE('',#2313,#523);
#360=LINE('',#2315,#524);
#361=LINE('',#2317,#525);
#362=LINE('',#2319,#526);
#363=LINE('',#2321,#527);
#364=LINE('',#2324,#528);
#365=LINE('',#2329,#529);
#366=LINE('',#2333,#530);
#367=LINE('',#2335,#531);
#368=LINE('',#2337,#532);
#369=LINE('',#2341,#533);
#370=LINE('',#2347,#534);
#371=LINE('',#2351,#535);
#372=LINE('',#2353,#536);
#373=LINE('',#2355,#537);
#374=LINE('',#2359,#538);
#375=LINE('',#2362,#539);
#376=LINE('',#2364,#540);
#377=LINE('',#2369,#541);
#378=LINE('',#2371,#542);
#379=LINE('',#2373,#543);
#380=LINE('',#2375,#544);
#381=LINE('',#2377,#545);
#382=LINE('',#2379,#546);
#383=VECTOR('',#1603,1.);
#384=VECTOR('',#1604,10.);
#385=VECTOR('',#1605,1.);
#386=VECTOR('',#1606,1.);
#387=VECTOR('',#1607,1.);
#388=VECTOR('',#1608,1.);
#389=VECTOR('',#1609,1.);
#390=VECTOR('',#1610,1.);
#391=VECTOR('',#1611,1.);
#392=VECTOR('',#1612,10.);
#393=VECTOR('',#1615,1.);
#394=VECTOR('',#1616,1.);
#395=VECTOR('',#1617,1.);
#396=VECTOR('',#1620,10.);
#397=VECTOR('',#1621,1.);
#398=VECTOR('',#1624,10.);
#399=VECTOR('',#1625,1.);
#400=VECTOR('',#1626,1.);
#401=VECTOR('',#1629,1.);
#402=VECTOR('',#1630,1.);
#403=VECTOR('',#1631,1.);
#404=VECTOR('',#1634,1.);
#405=VECTOR('',#1635,1.);
#406=VECTOR('',#1636,1.);
#407=VECTOR('',#1639,1.);
#408=VECTOR('',#1640,1.);
#409=VECTOR('',#1641,1.);
#410=VECTOR('',#1644,1.);
#411=VECTOR('',#1645,1.);
#412=VECTOR('',#1646,1.);
#413=VECTOR('',#1649,1.);
#414=VECTOR('',#1650,1.);
#415=VECTOR('',#1651,1.);
#416=VECTOR('',#1654,1.);
#417=VECTOR('',#1655,10.);
#418=VECTOR('',#1656,1.);
#419=VECTOR('',#1659,1.);
#420=VECTOR('',#1660,10.);
#421=VECTOR('',#1663,1.);
#422=VECTOR('',#1664,1.);
#423=VECTOR('',#1665,1.);
#424=VECTOR('',#1668,10.);
#425=VECTOR('',#1669,1.);
#426=VECTOR('',#1672,1.);
#427=VECTOR('',#1673,10.);
#428=VECTOR('',#1676,1.);
#429=VECTOR('',#1677,1.);
#430=VECTOR('',#1678,1.);
#431=VECTOR('',#1679,1.);
#432=VECTOR('',#1680,1.);
#433=VECTOR('',#1681,1.);
#434=VECTOR('',#1686,0.999999999999577);
#435=VECTOR('',#1689,1.);
#436=VECTOR('',#1690,1.);
#437=VECTOR('',#1691,1.);
#438=VECTOR('',#1694,0.999999999999577);
#439=VECTOR('',#1697,1.);
#440=VECTOR('',#1700,1.);
#441=VECTOR('',#1703,0.999999999999577);
#442=VECTOR('',#1706,1.);
#443=VECTOR('',#1707,1.);
#444=VECTOR('',#1708,1.);
#445=VECTOR('',#1711,0.999999999999577);
#446=VECTOR('',#1716,1.);
#447=VECTOR('',#1719,1.);
#448=VECTOR('',#1720,1.);
#449=VECTOR('',#1721,1.);
#450=VECTOR('',#1726,0.999999999999577);
#451=VECTOR('',#1729,1.);
#452=VECTOR('',#1730,1.);
#453=VECTOR('',#1731,1.);
#454=VECTOR('',#1734,0.999999999999577);
#455=VECTOR('',#1737,1.);
#456=VECTOR('',#1740,1.);
#457=VECTOR('',#1743,0.999999999999577);
#458=VECTOR('',#1746,1.);
#459=VECTOR('',#1747,1.);
#460=VECTOR('',#1748,1.);
#461=VECTOR('',#1751,0.999999999999577);
#462=VECTOR('',#1756,1.);
#463=VECTOR('',#1759,1.);
#464=VECTOR('',#1760,1.);
#465=VECTOR('',#1761,1.);
#466=VECTOR('',#1766,0.999999999999577);
#467=VECTOR('',#1769,1.);
#468=VECTOR('',#1770,1.);
#469=VECTOR('',#1771,1.);
#470=VECTOR('',#1774,0.999999999999577);
#471=VECTOR('',#1777,1.);
#472=VECTOR('',#1780,1.);
#473=VECTOR('',#1783,0.999999999999577);
#474=VECTOR('',#1786,1.);
#475=VECTOR('',#1787,1.);
#476=VECTOR('',#1788,1.);
#477=VECTOR('',#1791,0.999999999999577);
#478=VECTOR('',#1796,1.);
#479=VECTOR('',#1799,1.);
#480=VECTOR('',#1800,1.);
#481=VECTOR('',#1801,1.);
#482=VECTOR('',#1802,1.);
#483=VECTOR('',#1803,1.);
#484=VECTOR('',#1804,1.);
#485=VECTOR('',#1807,1.);
#486=VECTOR('',#1810,1.);
#487=VECTOR('',#1811,1.);
#488=VECTOR('',#1812,1.);
#489=VECTOR('',#1815,1.);
#490=VECTOR('',#1818,1.);
#491=VECTOR('',#1819,1.);
#492=VECTOR('',#1820,1.);
#493=VECTOR('',#1821,1.);
#494=VECTOR('',#1824,10.);
#495=VECTOR('',#1825,1.);
#496=VECTOR('',#1826,10.);
#497=VECTOR('',#1829,10.);
#498=VECTOR('',#1830,1.);
#499=VECTOR('',#1833,1.);
#500=VECTOR('',#1834,1.);
#501=VECTOR('',#1835,1.);
#502=VECTOR('',#1836,10.);
#503=VECTOR('',#1837,1.);
#504=VECTOR('',#1840,1.);
#505=VECTOR('',#1843,1.);
#506=VECTOR('',#1846,1.);
#507=VECTOR('',#1849,1.);
#508=VECTOR('',#1852,1.);
#509=VECTOR('',#1855,1.);
#510=VECTOR('',#1858,1.);
#511=VECTOR('',#1861,1.);
#512=VECTOR('',#1866,1.);
#513=VECTOR('',#1869,1.);
#514=VECTOR('',#1872,1.);
#515=VECTOR('',#1875,1.);
#516=VECTOR('',#1878,1.);
#517=VECTOR('',#1881,1.);
#518=VECTOR('',#1884,1.);
#519=VECTOR('',#1887,1.);
#520=VECTOR('',#1892,1.);
#521=VECTOR('',#1895,1.);
#522=VECTOR('',#1898,1.);
#523=VECTOR('',#1901,1.);
#524=VECTOR('',#1904,1.);
#525=VECTOR('',#1907,1.);
#526=VECTOR('',#1910,1.);
#527=VECTOR('',#1913,1.);
#528=VECTOR('',#1918,1.);
#529=VECTOR('',#1923,0.999999999999577);
#530=VECTOR('',#1926,1.);
#531=VECTOR('',#1927,1.);
#532=VECTOR('',#1928,1.);
#533=VECTOR('',#1931,0.999999999999577);
#534=VECTOR('',#1938,0.999999999999577);
#535=VECTOR('',#1941,1.);
#536=VECTOR('',#1942,1.);
#537=VECTOR('',#1943,1.);
#538=VECTOR('',#1946,0.999999999999577);
#539=VECTOR('',#1951,1.);
#540=VECTOR('',#1954,1.);
#541=VECTOR('',#1961,1.);
#542=VECTOR('',#1964,1.);
#543=VECTOR('',#1967,1.);
#544=VECTOR('',#1970,1.);
#545=VECTOR('',#1973,1.);
#546=VECTOR('',#1976,1.);
#547=VERTEX_POINT('',#1986);
#548=VERTEX_POINT('',#1987);
#549=VERTEX_POINT('',#1989);
#550=VERTEX_POINT('',#1991);
#551=VERTEX_POINT('',#1993);
#552=VERTEX_POINT('',#1995);
#553=VERTEX_POINT('',#1997);
#554=VERTEX_POINT('',#1999);
#555=VERTEX_POINT('',#2001);
#556=VERTEX_POINT('',#2003);
#557=VERTEX_POINT('',#2007);
#558=VERTEX_POINT('',#2009);
#559=VERTEX_POINT('',#2013);
#560=VERTEX_POINT('',#2017);
#561=VERTEX_POINT('',#2019);
#562=VERTEX_POINT('',#2023);
#563=VERTEX_POINT('',#2025);
#564=VERTEX_POINT('',#2029);
#565=VERTEX_POINT('',#2031);
#566=VERTEX_POINT('',#2035);
#567=VERTEX_POINT('',#2037);
#568=VERTEX_POINT('',#2041);
#569=VERTEX_POINT('',#2043);
#570=VERTEX_POINT('',#2047);
#571=VERTEX_POINT('',#2049);
#572=VERTEX_POINT('',#2053);
#573=VERTEX_POINT('',#2055);
#574=VERTEX_POINT('',#2059);
#575=VERTEX_POINT('',#2063);
#576=VERTEX_POINT('',#2065);
#577=VERTEX_POINT('',#2069);
#578=VERTEX_POINT('',#2073);
#579=VERTEX_POINT('',#2077);
#580=VERTEX_POINT('',#2079);
#581=VERTEX_POINT('',#2081);
#582=VERTEX_POINT('',#2083);
#583=VERTEX_POINT('',#2085);
#584=VERTEX_POINT('',#2089);
#585=VERTEX_POINT('',#2091);
#586=VERTEX_POINT('',#2093);
#587=VERTEX_POINT('',#2095);
#588=VERTEX_POINT('',#2097);
#589=VERTEX_POINT('',#2099);
#590=VERTEX_POINT('',#2101);
#591=VERTEX_POINT('',#2103);
#592=VERTEX_POINT('',#2105);
#593=VERTEX_POINT('',#2109);
#594=VERTEX_POINT('',#2111);
#595=VERTEX_POINT('',#2113);
#596=VERTEX_POINT('',#2115);
#597=VERTEX_POINT('',#2117);
#598=VERTEX_POINT('',#2119);
#599=VERTEX_POINT('',#2121);
#600=VERTEX_POINT('',#2123);
#601=VERTEX_POINT('',#2125);
#602=VERTEX_POINT('',#2131);
#603=VERTEX_POINT('',#2133);
#604=VERTEX_POINT('',#2137);
#605=VERTEX_POINT('',#2139);
#606=VERTEX_POINT('',#2141);
#607=VERTEX_POINT('',#2143);
#608=VERTEX_POINT('',#2145);
#609=VERTEX_POINT('',#2147);
#610=VERTEX_POINT('',#2149);
#611=VERTEX_POINT('',#2151);
#612=VERTEX_POINT('',#2153);
#613=VERTEX_POINT('',#2157);
#614=VERTEX_POINT('',#2159);
#615=VERTEX_POINT('',#2161);
#616=VERTEX_POINT('',#2163);
#617=VERTEX_POINT('',#2165);
#618=VERTEX_POINT('',#2167);
#619=VERTEX_POINT('',#2169);
#620=VERTEX_POINT('',#2171);
#621=VERTEX_POINT('',#2173);
#622=VERTEX_POINT('',#2179);
#623=VERTEX_POINT('',#2181);
#624=VERTEX_POINT('',#2185);
#625=VERTEX_POINT('',#2187);
#626=VERTEX_POINT('',#2189);
#627=VERTEX_POINT('',#2191);
#628=VERTEX_POINT('',#2193);
#629=VERTEX_POINT('',#2195);
#630=VERTEX_POINT('',#2197);
#631=VERTEX_POINT('',#2199);
#632=VERTEX_POINT('',#2201);
#633=VERTEX_POINT('',#2205);
#634=VERTEX_POINT('',#2207);
#635=VERTEX_POINT('',#2209);
#636=VERTEX_POINT('',#2211);
#637=VERTEX_POINT('',#2213);
#638=VERTEX_POINT('',#2215);
#639=VERTEX_POINT('',#2217);
#640=VERTEX_POINT('',#2219);
#641=VERTEX_POINT('',#2221);
#642=VERTEX_POINT('',#2227);
#643=VERTEX_POINT('',#2229);
#644=VERTEX_POINT('',#2231);
#645=VERTEX_POINT('',#2233);
#646=VERTEX_POINT('',#2235);
#647=VERTEX_POINT('',#2241);
#648=VERTEX_POINT('',#2243);
#649=VERTEX_POINT('',#2249);
#650=VERTEX_POINT('',#2250);
#651=VERTEX_POINT('',#2256);
#652=VERTEX_POINT('',#2258);
#653=VERTEX_POINT('',#2262);
#654=VERTEX_POINT('',#2269);
#655=VERTEX_POINT('',#2326);
#656=VERTEX_POINT('',#2328);
#657=VERTEX_POINT('',#2330);
#658=VERTEX_POINT('',#2332);
#659=VERTEX_POINT('',#2334);
#660=VERTEX_POINT('',#2336);
#661=VERTEX_POINT('',#2338);
#662=VERTEX_POINT('',#2340);
#663=VERTEX_POINT('',#2344);
#664=VERTEX_POINT('',#2346);
#665=VERTEX_POINT('',#2348);
#666=VERTEX_POINT('',#2350);
#667=VERTEX_POINT('',#2352);
#668=VERTEX_POINT('',#2354);
#669=VERTEX_POINT('',#2356);
#670=VERTEX_POINT('',#2358);
#671=VERTEX_POINT('',#2366);
#672=EDGE_CURVE('',#547,#548,#219,.T.);
#673=EDGE_CURVE('',#548,#549,#220,.T.);
#674=EDGE_CURVE('',#550,#549,#221,.T.);
#675=EDGE_CURVE('',#551,#550,#222,.T.);
#676=EDGE_CURVE('',#552,#551,#223,.T.);
#677=EDGE_CURVE('',#553,#552,#224,.T.);
#678=EDGE_CURVE('',#554,#553,#225,.T.);
#679=EDGE_CURVE('',#555,#554,#226,.T.);
#680=EDGE_CURVE('',#556,#555,#227,.T.);
#681=EDGE_CURVE('',#547,#556,#228,.T.);
#682=EDGE_CURVE('',#557,#547,#229,.T.);
#683=EDGE_CURVE('',#558,#557,#230,.T.);
#684=EDGE_CURVE('',#548,#558,#231,.T.);
#685=EDGE_CURVE('',#558,#559,#232,.T.);
#686=EDGE_CURVE('',#549,#559,#233,.T.);
#687=EDGE_CURVE('',#556,#560,#234,.T.);
#688=EDGE_CURVE('',#561,#555,#235,.T.);
#689=EDGE_CURVE('',#560,#561,#236,.T.);
#690=EDGE_CURVE('',#554,#562,#237,.T.);
#691=EDGE_CURVE('',#562,#563,#238,.T.);
#692=EDGE_CURVE('',#555,#563,#239,.T.);
#693=EDGE_CURVE('',#564,#554,#240,.T.);
#694=EDGE_CURVE('',#565,#553,#241,.T.);
#695=EDGE_CURVE('',#564,#565,#242,.T.);
#696=EDGE_CURVE('',#552,#566,#243,.T.);
#697=EDGE_CURVE('',#566,#567,#244,.T.);
#698=EDGE_CURVE('',#553,#567,#245,.T.);
#699=EDGE_CURVE('',#568,#552,#246,.T.);
#700=EDGE_CURVE('',#569,#551,#247,.T.);
#701=EDGE_CURVE('',#568,#569,#248,.T.);
#702=EDGE_CURVE('',#550,#570,#249,.T.);
#703=EDGE_CURVE('',#570,#571,#250,.T.);
#704=EDGE_CURVE('',#551,#571,#251,.T.);
#705=EDGE_CURVE('',#572,#550,#252,.T.);
#706=EDGE_CURVE('',#549,#573,#253,.T.);
#707=EDGE_CURVE('',#572,#573,#254,.T.);
#708=EDGE_CURVE('',#574,#556,#255,.T.);
#709=EDGE_CURVE('',#557,#574,#256,.T.);
#710=EDGE_CURVE('',#575,#574,#257,.T.);
#711=EDGE_CURVE('',#576,#575,#258,.T.);
#712=EDGE_CURVE('',#559,#576,#259,.T.);
#713=EDGE_CURVE('',#559,#577,#260,.T.);
#714=EDGE_CURVE('',#573,#577,#261,.T.);
#715=EDGE_CURVE('',#578,#560,#262,.T.);
#716=EDGE_CURVE('',#574,#578,#263,.T.);
#717=EDGE_CURVE('',#561,#579,#264,.T.);
#718=EDGE_CURVE('',#580,#579,#265,.T.);
#719=EDGE_CURVE('',#581,#580,#266,.T.);
#720=EDGE_CURVE('',#582,#581,#267,.T.);
#721=EDGE_CURVE('',#583,#582,#268,.T.);
#722=EDGE_CURVE('',#583,#578,#269,.T.);
#723=EDGE_CURVE('',#563,#584,#35,.T.);
#724=EDGE_CURVE('',#584,#585,#270,.T.);
#725=EDGE_CURVE('',#585,#586,#36,.T.);
#726=EDGE_CURVE('',#586,#587,#271,.T.);
#727=EDGE_CURVE('',#587,#588,#272,.T.);
#728=EDGE_CURVE('',#588,#589,#273,.T.);
#729=EDGE_CURVE('',#589,#590,#37,.T.);
#730=EDGE_CURVE('',#590,#591,#274,.T.);
#731=EDGE_CURVE('',#591,#592,#38,.T.);
#732=EDGE_CURVE('',#592,#561,#275,.T.);
#733=EDGE_CURVE('',#593,#564,#276,.T.);
#734=EDGE_CURVE('',#594,#593,#39,.T.);
#735=EDGE_CURVE('',#595,#594,#277,.T.);
#736=EDGE_CURVE('',#596,#595,#40,.T.);
#737=EDGE_CURVE('',#597,#596,#278,.T.);
#738=EDGE_CURVE('',#598,#597,#279,.T.);
#739=EDGE_CURVE('',#599,#598,#280,.T.);
#740=EDGE_CURVE('',#600,#599,#41,.T.);
#741=EDGE_CURVE('',#601,#600,#281,.T.);
#742=EDGE_CURVE('',#562,#601,#42,.T.);
#743=EDGE_CURVE('',#601,#584,#282,.T.);
#744=EDGE_CURVE('',#564,#602,#283,.T.);
#745=EDGE_CURVE('',#565,#603,#284,.T.);
#746=EDGE_CURVE('',#602,#603,#285,.T.);
#747=EDGE_CURVE('',#567,#604,#43,.T.);
#748=EDGE_CURVE('',#604,#605,#286,.T.);
#749=EDGE_CURVE('',#605,#606,#44,.T.);
#750=EDGE_CURVE('',#606,#607,#287,.T.);
#751=EDGE_CURVE('',#607,#608,#288,.T.);
#752=EDGE_CURVE('',#608,#609,#289,.T.);
#753=EDGE_CURVE('',#609,#610,#45,.T.);
#754=EDGE_CURVE('',#610,#611,#290,.T.);
#755=EDGE_CURVE('',#611,#612,#46,.T.);
#756=EDGE_CURVE('',#612,#565,#291,.T.);
#757=EDGE_CURVE('',#613,#568,#292,.T.);
#758=EDGE_CURVE('',#614,#613,#47,.T.);
#759=EDGE_CURVE('',#615,#614,#293,.T.);
#760=EDGE_CURVE('',#616,#615,#48,.T.);
#761=EDGE_CURVE('',#617,#616,#294,.T.);
#762=EDGE_CURVE('',#618,#617,#295,.T.);
#763=EDGE_CURVE('',#619,#618,#296,.T.);
#764=EDGE_CURVE('',#620,#619,#49,.T.);
#765=EDGE_CURVE('',#621,#620,#297,.T.);
#766=EDGE_CURVE('',#566,#621,#50,.T.);
#767=EDGE_CURVE('',#621,#604,#298,.T.);
#768=EDGE_CURVE('',#568,#622,#299,.T.);
#769=EDGE_CURVE('',#569,#623,#300,.T.);
#770=EDGE_CURVE('',#622,#623,#301,.T.);
#771=EDGE_CURVE('',#571,#624,#51,.T.);
#772=EDGE_CURVE('',#624,#625,#302,.T.);
#773=EDGE_CURVE('',#625,#626,#52,.T.);
#774=EDGE_CURVE('',#626,#627,#303,.T.);
#775=EDGE_CURVE('',#627,#628,#304,.T.);
#776=EDGE_CURVE('',#628,#629,#305,.T.);
#777=EDGE_CURVE('',#629,#630,#53,.T.);
#778=EDGE_CURVE('',#630,#631,#306,.T.);
#779=EDGE_CURVE('',#631,#632,#54,.T.);
#780=EDGE_CURVE('',#632,#569,#307,.T.);
#781=EDGE_CURVE('',#633,#572,#308,.T.);
#782=EDGE_CURVE('',#634,#633,#55,.T.);
#783=EDGE_CURVE('',#635,#634,#309,.T.);
#784=EDGE_CURVE('',#636,#635,#56,.T.);
#785=EDGE_CURVE('',#637,#636,#310,.T.);
#786=EDGE_CURVE('',#638,#637,#311,.T.);
#787=EDGE_CURVE('',#639,#638,#312,.T.);
#788=EDGE_CURVE('',#640,#639,#57,.T.);
#789=EDGE_CURVE('',#641,#640,#313,.T.);
#790=EDGE_CURVE('',#570,#641,#58,.T.);
#791=EDGE_CURVE('',#641,#624,#314,.T.);
#792=EDGE_CURVE('',#577,#642,#315,.T.);
#793=EDGE_CURVE('',#642,#643,#316,.T.);
#794=EDGE_CURVE('',#644,#643,#317,.T.);
#795=EDGE_CURVE('',#645,#644,#318,.T.);
#796=EDGE_CURVE('',#646,#645,#319,.T.);
#797=EDGE_CURVE('',#572,#646,#320,.T.);
#798=EDGE_CURVE('',#642,#576,#321,.T.);
#799=EDGE_CURVE('',#575,#647,#322,.T.);
#800=EDGE_CURVE('',#647,#648,#323,.T.);
#801=EDGE_CURVE('',#576,#648,#324,.T.);
#802=EDGE_CURVE('',#583,#575,#325,.T.);
#803=EDGE_CURVE('',#649,#650,#326,.T.);
#804=EDGE_CURVE('',#650,#583,#327,.T.);
#805=EDGE_CURVE('',#643,#582,#328,.T.);
#806=EDGE_CURVE('',#649,#642,#329,.T.);
#807=EDGE_CURVE('',#581,#651,#330,.T.);
#808=EDGE_CURVE('',#652,#651,#331,.T.);
#809=EDGE_CURVE('',#644,#652,#332,.T.);
#810=EDGE_CURVE('',#580,#653,#333,.T.);
#811=EDGE_CURVE('',#651,#653,#334,.T.);
#812=EDGE_CURVE('',#579,#602,#335,.T.);
#813=EDGE_CURVE('',#603,#622,#336,.T.);
#814=EDGE_CURVE('',#623,#646,#337,.T.);
#815=EDGE_CURVE('',#645,#654,#338,.T.);
#816=EDGE_CURVE('',#653,#654,#339,.T.);
#817=EDGE_CURVE('',#593,#592,#340,.T.);
#818=EDGE_CURVE('',#594,#591,#341,.T.);
#819=EDGE_CURVE('',#595,#590,#342,.T.);
#820=EDGE_CURVE('',#596,#589,#343,.T.);
#821=EDGE_CURVE('',#597,#588,#344,.T.);
#822=EDGE_CURVE('',#598,#587,#345,.T.);
#823=EDGE_CURVE('',#599,#586,#346,.T.);
#824=EDGE_CURVE('',#600,#585,#347,.T.);
#825=EDGE_CURVE('',#613,#612,#348,.T.);
#826=EDGE_CURVE('',#614,#611,#349,.T.);
#827=EDGE_CURVE('',#615,#610,#350,.T.);
#828=EDGE_CURVE('',#616,#609,#351,.T.);
#829=EDGE_CURVE('',#617,#608,#352,.T.);
#830=EDGE_CURVE('',#618,#607,#353,.T.);
#831=EDGE_CURVE('',#619,#606,#354,.T.);
#832=EDGE_CURVE('',#620,#605,#355,.T.);
#833=EDGE_CURVE('',#633,#632,#356,.T.);
#834=EDGE_CURVE('',#634,#631,#357,.T.);
#835=EDGE_CURVE('',#635,#630,#358,.T.);
#836=EDGE_CURVE('',#636,#629,#359,.T.);
#837=EDGE_CURVE('',#637,#628,#360,.T.);
#838=EDGE_CURVE('',#638,#627,#361,.T.);
#839=EDGE_CURVE('',#639,#626,#362,.T.);
#840=EDGE_CURVE('',#640,#625,#363,.T.);
#841=EDGE_CURVE('',#654,#652,#364,.T.);
#842=EDGE_CURVE('',#648,#655,#59,.T.);
#843=EDGE_CURVE('',#655,#656,#365,.T.);
#844=EDGE_CURVE('',#656,#657,#60,.T.);
#845=EDGE_CURVE('',#657,#658,#366,.T.);
#846=EDGE_CURVE('',#658,#659,#367,.T.);
#847=EDGE_CURVE('',#659,#660,#368,.T.);
#848=EDGE_CURVE('',#660,#661,#61,.T.);
#849=EDGE_CURVE('',#661,#662,#369,.T.);
#850=EDGE_CURVE('',#662,#649,#62,.T.);
#851=EDGE_CURVE('',#663,#650,#63,.T.);
#852=EDGE_CURVE('',#664,#663,#370,.T.);
#853=EDGE_CURVE('',#665,#664,#64,.T.);
#854=EDGE_CURVE('',#666,#665,#371,.T.);
#855=EDGE_CURVE('',#667,#666,#372,.T.);
#856=EDGE_CURVE('',#668,#667,#373,.T.);
#857=EDGE_CURVE('',#669,#668,#65,.T.);
#858=EDGE_CURVE('',#670,#669,#374,.T.);
#859=EDGE_CURVE('',#647,#670,#66,.T.);
#860=EDGE_CURVE('',#670,#655,#375,.T.);
#861=EDGE_CURVE('',#663,#662,#376,.T.);
#862=EDGE_CURVE('',#671,#671,#67,.T.);
#863=EDGE_CURVE('',#664,#661,#377,.T.);
#864=EDGE_CURVE('',#665,#660,#378,.T.);
#865=EDGE_CURVE('',#666,#659,#379,.T.);
#866=EDGE_CURVE('',#667,#658,#380,.T.);
#867=EDGE_CURVE('',#668,#657,#381,.T.);
#868=EDGE_CURVE('',#669,#656,#382,.T.);
#869=ORIENTED_EDGE('',*,*,#672,.T.);
#870=ORIENTED_EDGE('',*,*,#673,.T.);
#871=ORIENTED_EDGE('',*,*,#674,.F.);
#872=ORIENTED_EDGE('',*,*,#675,.F.);
#873=ORIENTED_EDGE('',*,*,#676,.F.);
#874=ORIENTED_EDGE('',*,*,#677,.F.);
#875=ORIENTED_EDGE('',*,*,#678,.F.);
#876=ORIENTED_EDGE('',*,*,#679,.F.);
#877=ORIENTED_EDGE('',*,*,#680,.F.);
#878=ORIENTED_EDGE('',*,*,#681,.F.);
#879=ORIENTED_EDGE('',*,*,#672,.F.);
#880=ORIENTED_EDGE('',*,*,#682,.F.);
#881=ORIENTED_EDGE('',*,*,#683,.F.);
#882=ORIENTED_EDGE('',*,*,#684,.F.);
#883=ORIENTED_EDGE('',*,*,#684,.T.);
#884=ORIENTED_EDGE('',*,*,#685,.T.);
#885=ORIENTED_EDGE('',*,*,#686,.F.);
#886=ORIENTED_EDGE('',*,*,#673,.F.);
#887=ORIENTED_EDGE('',*,*,#687,.F.);
#888=ORIENTED_EDGE('',*,*,#680,.T.);
#889=ORIENTED_EDGE('',*,*,#688,.F.);
#890=ORIENTED_EDGE('',*,*,#689,.F.);
#891=ORIENTED_EDGE('',*,*,#690,.T.);
#892=ORIENTED_EDGE('',*,*,#691,.T.);
#893=ORIENTED_EDGE('',*,*,#692,.F.);
#894=ORIENTED_EDGE('',*,*,#679,.T.);
#895=ORIENTED_EDGE('',*,*,#693,.T.);
#896=ORIENTED_EDGE('',*,*,#678,.T.);
#897=ORIENTED_EDGE('',*,*,#694,.F.);
#898=ORIENTED_EDGE('',*,*,#695,.F.);
#899=ORIENTED_EDGE('',*,*,#696,.T.);
#900=ORIENTED_EDGE('',*,*,#697,.T.);
#901=ORIENTED_EDGE('',*,*,#698,.F.);
#902=ORIENTED_EDGE('',*,*,#677,.T.);
#903=ORIENTED_EDGE('',*,*,#699,.T.);
#904=ORIENTED_EDGE('',*,*,#676,.T.);
#905=ORIENTED_EDGE('',*,*,#700,.F.);
#906=ORIENTED_EDGE('',*,*,#701,.F.);
#907=ORIENTED_EDGE('',*,*,#702,.T.);
#908=ORIENTED_EDGE('',*,*,#703,.T.);
#909=ORIENTED_EDGE('',*,*,#704,.F.);
#910=ORIENTED_EDGE('',*,*,#675,.T.);
#911=ORIENTED_EDGE('',*,*,#705,.T.);
#912=ORIENTED_EDGE('',*,*,#674,.T.);
#913=ORIENTED_EDGE('',*,*,#706,.T.);
#914=ORIENTED_EDGE('',*,*,#707,.F.);
#915=ORIENTED_EDGE('',*,*,#682,.T.);
#916=ORIENTED_EDGE('',*,*,#681,.T.);
#917=ORIENTED_EDGE('',*,*,#708,.F.);
#918=ORIENTED_EDGE('',*,*,#709,.F.);
#919=ORIENTED_EDGE('',*,*,#683,.T.);
#920=ORIENTED_EDGE('',*,*,#709,.T.);
#921=ORIENTED_EDGE('',*,*,#710,.F.);
#922=ORIENTED_EDGE('',*,*,#711,.F.);
#923=ORIENTED_EDGE('',*,*,#712,.F.);
#924=ORIENTED_EDGE('',*,*,#685,.F.);
#925=ORIENTED_EDGE('',*,*,#686,.T.);
#926=ORIENTED_EDGE('',*,*,#713,.T.);
#927=ORIENTED_EDGE('',*,*,#714,.F.);
#928=ORIENTED_EDGE('',*,*,#706,.F.);
#929=ORIENTED_EDGE('',*,*,#708,.T.);
#930=ORIENTED_EDGE('',*,*,#687,.T.);
#931=ORIENTED_EDGE('',*,*,#715,.F.);
#932=ORIENTED_EDGE('',*,*,#716,.F.);
#933=ORIENTED_EDGE('',*,*,#715,.T.);
#934=ORIENTED_EDGE('',*,*,#689,.T.);
#935=ORIENTED_EDGE('',*,*,#717,.T.);
#936=ORIENTED_EDGE('',*,*,#718,.F.);
#937=ORIENTED_EDGE('',*,*,#719,.F.);
#938=ORIENTED_EDGE('',*,*,#720,.F.);
#939=ORIENTED_EDGE('',*,*,#721,.F.);
#940=ORIENTED_EDGE('',*,*,#722,.T.);
#941=ORIENTED_EDGE('',*,*,#688,.T.);
#942=ORIENTED_EDGE('',*,*,#692,.T.);
#943=ORIENTED_EDGE('',*,*,#723,.T.);
#944=ORIENTED_EDGE('',*,*,#724,.T.);
#945=ORIENTED_EDGE('',*,*,#725,.T.);
#946=ORIENTED_EDGE('',*,*,#726,.T.);
#947=ORIENTED_EDGE('',*,*,#727,.T.);
#948=ORIENTED_EDGE('',*,*,#728,.T.);
#949=ORIENTED_EDGE('',*,*,#729,.T.);
#950=ORIENTED_EDGE('',*,*,#730,.T.);
#951=ORIENTED_EDGE('',*,*,#731,.T.);
#952=ORIENTED_EDGE('',*,*,#732,.T.);
#953=ORIENTED_EDGE('',*,*,#693,.F.);
#954=ORIENTED_EDGE('',*,*,#733,.F.);
#955=ORIENTED_EDGE('',*,*,#734,.F.);
#956=ORIENTED_EDGE('',*,*,#735,.F.);
#957=ORIENTED_EDGE('',*,*,#736,.F.);
#958=ORIENTED_EDGE('',*,*,#737,.F.);
#959=ORIENTED_EDGE('',*,*,#738,.F.);
#960=ORIENTED_EDGE('',*,*,#739,.F.);
#961=ORIENTED_EDGE('',*,*,#740,.F.);
#962=ORIENTED_EDGE('',*,*,#741,.F.);
#963=ORIENTED_EDGE('',*,*,#742,.F.);
#964=ORIENTED_EDGE('',*,*,#690,.F.);
#965=ORIENTED_EDGE('',*,*,#691,.F.);
#966=ORIENTED_EDGE('',*,*,#742,.T.);
#967=ORIENTED_EDGE('',*,*,#743,.T.);
#968=ORIENTED_EDGE('',*,*,#723,.F.);
#969=ORIENTED_EDGE('',*,*,#744,.F.);
#970=ORIENTED_EDGE('',*,*,#695,.T.);
#971=ORIENTED_EDGE('',*,*,#745,.T.);
#972=ORIENTED_EDGE('',*,*,#746,.F.);
#973=ORIENTED_EDGE('',*,*,#694,.T.);
#974=ORIENTED_EDGE('',*,*,#698,.T.);
#975=ORIENTED_EDGE('',*,*,#747,.T.);
#976=ORIENTED_EDGE('',*,*,#748,.T.);
#977=ORIENTED_EDGE('',*,*,#749,.T.);
#978=ORIENTED_EDGE('',*,*,#750,.T.);
#979=ORIENTED_EDGE('',*,*,#751,.T.);
#980=ORIENTED_EDGE('',*,*,#752,.T.);
#981=ORIENTED_EDGE('',*,*,#753,.T.);
#982=ORIENTED_EDGE('',*,*,#754,.T.);
#983=ORIENTED_EDGE('',*,*,#755,.T.);
#984=ORIENTED_EDGE('',*,*,#756,.T.);
#985=ORIENTED_EDGE('',*,*,#699,.F.);
#986=ORIENTED_EDGE('',*,*,#757,.F.);
#987=ORIENTED_EDGE('',*,*,#758,.F.);
#988=ORIENTED_EDGE('',*,*,#759,.F.);
#989=ORIENTED_EDGE('',*,*,#760,.F.);
#990=ORIENTED_EDGE('',*,*,#761,.F.);
#991=ORIENTED_EDGE('',*,*,#762,.F.);
#992=ORIENTED_EDGE('',*,*,#763,.F.);
#993=ORIENTED_EDGE('',*,*,#764,.F.);
#994=ORIENTED_EDGE('',*,*,#765,.F.);
#995=ORIENTED_EDGE('',*,*,#766,.F.);
#996=ORIENTED_EDGE('',*,*,#696,.F.);
#997=ORIENTED_EDGE('',*,*,#697,.F.);
#998=ORIENTED_EDGE('',*,*,#766,.T.);
#999=ORIENTED_EDGE('',*,*,#767,.T.);
#1000=ORIENTED_EDGE('',*,*,#747,.F.);
#1001=ORIENTED_EDGE('',*,*,#768,.F.);
#1002=ORIENTED_EDGE('',*,*,#701,.T.);
#1003=ORIENTED_EDGE('',*,*,#769,.T.);
#1004=ORIENTED_EDGE('',*,*,#770,.F.);
#1005=ORIENTED_EDGE('',*,*,#700,.T.);
#1006=ORIENTED_EDGE('',*,*,#704,.T.);
#1007=ORIENTED_EDGE('',*,*,#771,.T.);
#1008=ORIENTED_EDGE('',*,*,#772,.T.);
#1009=ORIENTED_EDGE('',*,*,#773,.T.);
#1010=ORIENTED_EDGE('',*,*,#774,.T.);
#1011=ORIENTED_EDGE('',*,*,#775,.T.);
#1012=ORIENTED_EDGE('',*,*,#776,.T.);
#1013=ORIENTED_EDGE('',*,*,#777,.T.);
#1014=ORIENTED_EDGE('',*,*,#778,.T.);
#1015=ORIENTED_EDGE('',*,*,#779,.T.);
#1016=ORIENTED_EDGE('',*,*,#780,.T.);
#1017=ORIENTED_EDGE('',*,*,#705,.F.);
#1018=ORIENTED_EDGE('',*,*,#781,.F.);
#1019=ORIENTED_EDGE('',*,*,#782,.F.);
#1020=ORIENTED_EDGE('',*,*,#783,.F.);
#1021=ORIENTED_EDGE('',*,*,#784,.F.);
#1022=ORIENTED_EDGE('',*,*,#785,.F.);
#1023=ORIENTED_EDGE('',*,*,#786,.F.);
#1024=ORIENTED_EDGE('',*,*,#787,.F.);
#1025=ORIENTED_EDGE('',*,*,#788,.F.);
#1026=ORIENTED_EDGE('',*,*,#789,.F.);
#1027=ORIENTED_EDGE('',*,*,#790,.F.);
#1028=ORIENTED_EDGE('',*,*,#702,.F.);
#1029=ORIENTED_EDGE('',*,*,#703,.F.);
#1030=ORIENTED_EDGE('',*,*,#790,.T.);
#1031=ORIENTED_EDGE('',*,*,#791,.T.);
#1032=ORIENTED_EDGE('',*,*,#771,.F.);
#1033=ORIENTED_EDGE('',*,*,#792,.T.);
#1034=ORIENTED_EDGE('',*,*,#793,.T.);
#1035=ORIENTED_EDGE('',*,*,#794,.F.);
#1036=ORIENTED_EDGE('',*,*,#795,.F.);
#1037=ORIENTED_EDGE('',*,*,#796,.F.);
#1038=ORIENTED_EDGE('',*,*,#797,.F.);
#1039=ORIENTED_EDGE('',*,*,#707,.T.);
#1040=ORIENTED_EDGE('',*,*,#714,.T.);
#1041=ORIENTED_EDGE('',*,*,#713,.F.);
#1042=ORIENTED_EDGE('',*,*,#712,.T.);
#1043=ORIENTED_EDGE('',*,*,#798,.F.);
#1044=ORIENTED_EDGE('',*,*,#792,.F.);
#1045=ORIENTED_EDGE('',*,*,#711,.T.);
#1046=ORIENTED_EDGE('',*,*,#799,.T.);
#1047=ORIENTED_EDGE('',*,*,#800,.T.);
#1048=ORIENTED_EDGE('',*,*,#801,.F.);
#1049=ORIENTED_EDGE('',*,*,#802,.T.);
#1050=ORIENTED_EDGE('',*,*,#710,.T.);
#1051=ORIENTED_EDGE('',*,*,#716,.T.);
#1052=ORIENTED_EDGE('',*,*,#722,.F.);
#1053=ORIENTED_EDGE('',*,*,#803,.T.);
#1054=ORIENTED_EDGE('',*,*,#804,.T.);
#1055=ORIENTED_EDGE('',*,*,#721,.T.);
#1056=ORIENTED_EDGE('',*,*,#805,.F.);
#1057=ORIENTED_EDGE('',*,*,#793,.F.);
#1058=ORIENTED_EDGE('',*,*,#806,.F.);
#1059=ORIENTED_EDGE('',*,*,#794,.T.);
#1060=ORIENTED_EDGE('',*,*,#805,.T.);
#1061=ORIENTED_EDGE('',*,*,#720,.T.);
#1062=ORIENTED_EDGE('',*,*,#807,.T.);
#1063=ORIENTED_EDGE('',*,*,#808,.F.);
#1064=ORIENTED_EDGE('',*,*,#809,.F.);
#1065=ORIENTED_EDGE('',*,*,#719,.T.);
#1066=ORIENTED_EDGE('',*,*,#810,.T.);
#1067=ORIENTED_EDGE('',*,*,#811,.F.);
#1068=ORIENTED_EDGE('',*,*,#807,.F.);
#1069=ORIENTED_EDGE('',*,*,#718,.T.);
#1070=ORIENTED_EDGE('',*,*,#812,.T.);
#1071=ORIENTED_EDGE('',*,*,#746,.T.);
#1072=ORIENTED_EDGE('',*,*,#813,.T.);
#1073=ORIENTED_EDGE('',*,*,#770,.T.);
#1074=ORIENTED_EDGE('',*,*,#814,.T.);
#1075=ORIENTED_EDGE('',*,*,#796,.T.);
#1076=ORIENTED_EDGE('',*,*,#815,.T.);
#1077=ORIENTED_EDGE('',*,*,#816,.F.);
#1078=ORIENTED_EDGE('',*,*,#810,.F.);
#1079=ORIENTED_EDGE('',*,*,#733,.T.);
#1080=ORIENTED_EDGE('',*,*,#744,.T.);
#1081=ORIENTED_EDGE('',*,*,#812,.F.);
#1082=ORIENTED_EDGE('',*,*,#717,.F.);
#1083=ORIENTED_EDGE('',*,*,#732,.F.);
#1084=ORIENTED_EDGE('',*,*,#817,.F.);
#1085=ORIENTED_EDGE('',*,*,#734,.T.);
#1086=ORIENTED_EDGE('',*,*,#817,.T.);
#1087=ORIENTED_EDGE('',*,*,#731,.F.);
#1088=ORIENTED_EDGE('',*,*,#818,.F.);
#1089=ORIENTED_EDGE('',*,*,#819,.F.);
#1090=ORIENTED_EDGE('',*,*,#735,.T.);
#1091=ORIENTED_EDGE('',*,*,#818,.T.);
#1092=ORIENTED_EDGE('',*,*,#730,.F.);
#1093=ORIENTED_EDGE('',*,*,#820,.F.);
#1094=ORIENTED_EDGE('',*,*,#736,.T.);
#1095=ORIENTED_EDGE('',*,*,#819,.T.);
#1096=ORIENTED_EDGE('',*,*,#729,.F.);
#1097=ORIENTED_EDGE('',*,*,#821,.F.);
#1098=ORIENTED_EDGE('',*,*,#737,.T.);
#1099=ORIENTED_EDGE('',*,*,#820,.T.);
#1100=ORIENTED_EDGE('',*,*,#728,.F.);
#1101=ORIENTED_EDGE('',*,*,#822,.F.);
#1102=ORIENTED_EDGE('',*,*,#738,.T.);
#1103=ORIENTED_EDGE('',*,*,#821,.T.);
#1104=ORIENTED_EDGE('',*,*,#727,.F.);
#1105=ORIENTED_EDGE('',*,*,#823,.F.);
#1106=ORIENTED_EDGE('',*,*,#739,.T.);
#1107=ORIENTED_EDGE('',*,*,#822,.T.);
#1108=ORIENTED_EDGE('',*,*,#726,.F.);
#1109=ORIENTED_EDGE('',*,*,#740,.T.);
#1110=ORIENTED_EDGE('',*,*,#823,.T.);
#1111=ORIENTED_EDGE('',*,*,#725,.F.);
#1112=ORIENTED_EDGE('',*,*,#824,.F.);
#1113=ORIENTED_EDGE('',*,*,#743,.F.);
#1114=ORIENTED_EDGE('',*,*,#741,.T.);
#1115=ORIENTED_EDGE('',*,*,#824,.T.);
#1116=ORIENTED_EDGE('',*,*,#724,.F.);
#1117=ORIENTED_EDGE('',*,*,#757,.T.);
#1118=ORIENTED_EDGE('',*,*,#768,.T.);
#1119=ORIENTED_EDGE('',*,*,#813,.F.);
#1120=ORIENTED_EDGE('',*,*,#745,.F.);
#1121=ORIENTED_EDGE('',*,*,#756,.F.);
#1122=ORIENTED_EDGE('',*,*,#825,.F.);
#1123=ORIENTED_EDGE('',*,*,#758,.T.);
#1124=ORIENTED_EDGE('',*,*,#825,.T.);
#1125=ORIENTED_EDGE('',*,*,#755,.F.);
#1126=ORIENTED_EDGE('',*,*,#826,.F.);
#1127=ORIENTED_EDGE('',*,*,#827,.F.);
#1128=ORIENTED_EDGE('',*,*,#759,.T.);
#1129=ORIENTED_EDGE('',*,*,#826,.T.);
#1130=ORIENTED_EDGE('',*,*,#754,.F.);
#1131=ORIENTED_EDGE('',*,*,#828,.F.);
#1132=ORIENTED_EDGE('',*,*,#760,.T.);
#1133=ORIENTED_EDGE('',*,*,#827,.T.);
#1134=ORIENTED_EDGE('',*,*,#753,.F.);
#1135=ORIENTED_EDGE('',*,*,#829,.F.);
#1136=ORIENTED_EDGE('',*,*,#761,.T.);
#1137=ORIENTED_EDGE('',*,*,#828,.T.);
#1138=ORIENTED_EDGE('',*,*,#752,.F.);
#1139=ORIENTED_EDGE('',*,*,#830,.F.);
#1140=ORIENTED_EDGE('',*,*,#762,.T.);
#1141=ORIENTED_EDGE('',*,*,#829,.T.);
#1142=ORIENTED_EDGE('',*,*,#751,.F.);
#1143=ORIENTED_EDGE('',*,*,#831,.F.);
#1144=ORIENTED_EDGE('',*,*,#763,.T.);
#1145=ORIENTED_EDGE('',*,*,#830,.T.);
#1146=ORIENTED_EDGE('',*,*,#750,.F.);
#1147=ORIENTED_EDGE('',*,*,#764,.T.);
#1148=ORIENTED_EDGE('',*,*,#831,.T.);
#1149=ORIENTED_EDGE('',*,*,#749,.F.);
#1150=ORIENTED_EDGE('',*,*,#832,.F.);
#1151=ORIENTED_EDGE('',*,*,#767,.F.);
#1152=ORIENTED_EDGE('',*,*,#765,.T.);
#1153=ORIENTED_EDGE('',*,*,#832,.T.);
#1154=ORIENTED_EDGE('',*,*,#748,.F.);
#1155=ORIENTED_EDGE('',*,*,#781,.T.);
#1156=ORIENTED_EDGE('',*,*,#797,.T.);
#1157=ORIENTED_EDGE('',*,*,#814,.F.);
#1158=ORIENTED_EDGE('',*,*,#769,.F.);
#1159=ORIENTED_EDGE('',*,*,#780,.F.);
#1160=ORIENTED_EDGE('',*,*,#833,.F.);
#1161=ORIENTED_EDGE('',*,*,#782,.T.);
#1162=ORIENTED_EDGE('',*,*,#833,.T.);
#1163=ORIENTED_EDGE('',*,*,#779,.F.);
#1164=ORIENTED_EDGE('',*,*,#834,.F.);
#1165=ORIENTED_EDGE('',*,*,#835,.F.);
#1166=ORIENTED_EDGE('',*,*,#783,.T.);
#1167=ORIENTED_EDGE('',*,*,#834,.T.);
#1168=ORIENTED_EDGE('',*,*,#778,.F.);
#1169=ORIENTED_EDGE('',*,*,#836,.F.);
#1170=ORIENTED_EDGE('',*,*,#784,.T.);
#1171=ORIENTED_EDGE('',*,*,#835,.T.);
#1172=ORIENTED_EDGE('',*,*,#777,.F.);
#1173=ORIENTED_EDGE('',*,*,#837,.F.);
#1174=ORIENTED_EDGE('',*,*,#785,.T.);
#1175=ORIENTED_EDGE('',*,*,#836,.T.);
#1176=ORIENTED_EDGE('',*,*,#776,.F.);
#1177=ORIENTED_EDGE('',*,*,#838,.F.);
#1178=ORIENTED_EDGE('',*,*,#786,.T.);
#1179=ORIENTED_EDGE('',*,*,#837,.T.);
#1180=ORIENTED_EDGE('',*,*,#775,.F.);
#1181=ORIENTED_EDGE('',*,*,#839,.F.);
#1182=ORIENTED_EDGE('',*,*,#787,.T.);
#1183=ORIENTED_EDGE('',*,*,#838,.T.);
#1184=ORIENTED_EDGE('',*,*,#774,.F.);
#1185=ORIENTED_EDGE('',*,*,#788,.T.);
#1186=ORIENTED_EDGE('',*,*,#839,.T.);
#1187=ORIENTED_EDGE('',*,*,#773,.F.);
#1188=ORIENTED_EDGE('',*,*,#840,.F.);
#1189=ORIENTED_EDGE('',*,*,#791,.F.);
#1190=ORIENTED_EDGE('',*,*,#789,.T.);
#1191=ORIENTED_EDGE('',*,*,#840,.T.);
#1192=ORIENTED_EDGE('',*,*,#772,.F.);
#1193=ORIENTED_EDGE('',*,*,#795,.T.);
#1194=ORIENTED_EDGE('',*,*,#809,.T.);
#1195=ORIENTED_EDGE('',*,*,#841,.F.);
#1196=ORIENTED_EDGE('',*,*,#815,.F.);
#1197=ORIENTED_EDGE('',*,*,#798,.T.);
#1198=ORIENTED_EDGE('',*,*,#801,.T.);
#1199=ORIENTED_EDGE('',*,*,#842,.T.);
#1200=ORIENTED_EDGE('',*,*,#843,.T.);
#1201=ORIENTED_EDGE('',*,*,#844,.T.);
#1202=ORIENTED_EDGE('',*,*,#845,.T.);
#1203=ORIENTED_EDGE('',*,*,#846,.T.);
#1204=ORIENTED_EDGE('',*,*,#847,.T.);
#1205=ORIENTED_EDGE('',*,*,#848,.T.);
#1206=ORIENTED_EDGE('',*,*,#849,.T.);
#1207=ORIENTED_EDGE('',*,*,#850,.T.);
#1208=ORIENTED_EDGE('',*,*,#806,.T.);
#1209=ORIENTED_EDGE('',*,*,#802,.F.);
#1210=ORIENTED_EDGE('',*,*,#804,.F.);
#1211=ORIENTED_EDGE('',*,*,#851,.F.);
#1212=ORIENTED_EDGE('',*,*,#852,.F.);
#1213=ORIENTED_EDGE('',*,*,#853,.F.);
#1214=ORIENTED_EDGE('',*,*,#854,.F.);
#1215=ORIENTED_EDGE('',*,*,#855,.F.);
#1216=ORIENTED_EDGE('',*,*,#856,.F.);
#1217=ORIENTED_EDGE('',*,*,#857,.F.);
#1218=ORIENTED_EDGE('',*,*,#858,.F.);
#1219=ORIENTED_EDGE('',*,*,#859,.F.);
#1220=ORIENTED_EDGE('',*,*,#799,.F.);
#1221=ORIENTED_EDGE('',*,*,#842,.F.);
#1222=ORIENTED_EDGE('',*,*,#800,.F.);
#1223=ORIENTED_EDGE('',*,*,#859,.T.);
#1224=ORIENTED_EDGE('',*,*,#860,.T.);
#1225=ORIENTED_EDGE('',*,*,#861,.F.);
#1226=ORIENTED_EDGE('',*,*,#851,.T.);
#1227=ORIENTED_EDGE('',*,*,#803,.F.);
#1228=ORIENTED_EDGE('',*,*,#850,.F.);
#1229=ORIENTED_EDGE('',*,*,#816,.T.);
#1230=ORIENTED_EDGE('',*,*,#841,.T.);
#1231=ORIENTED_EDGE('',*,*,#808,.T.);
#1232=ORIENTED_EDGE('',*,*,#811,.T.);
#1233=ORIENTED_EDGE('',*,*,#862,.T.);
#1234=ORIENTED_EDGE('',*,*,#849,.F.);
#1235=ORIENTED_EDGE('',*,*,#863,.F.);
#1236=ORIENTED_EDGE('',*,*,#852,.T.);
#1237=ORIENTED_EDGE('',*,*,#861,.T.);
#1238=ORIENTED_EDGE('',*,*,#848,.F.);
#1239=ORIENTED_EDGE('',*,*,#864,.F.);
#1240=ORIENTED_EDGE('',*,*,#853,.T.);
#1241=ORIENTED_EDGE('',*,*,#863,.T.);
#1242=ORIENTED_EDGE('',*,*,#847,.F.);
#1243=ORIENTED_EDGE('',*,*,#865,.F.);
#1244=ORIENTED_EDGE('',*,*,#854,.T.);
#1245=ORIENTED_EDGE('',*,*,#864,.T.);
#1246=ORIENTED_EDGE('',*,*,#846,.F.);
#1247=ORIENTED_EDGE('',*,*,#866,.F.);
#1248=ORIENTED_EDGE('',*,*,#855,.T.);
#1249=ORIENTED_EDGE('',*,*,#865,.T.);
#1250=ORIENTED_EDGE('',*,*,#845,.F.);
#1251=ORIENTED_EDGE('',*,*,#867,.F.);
#1252=ORIENTED_EDGE('',*,*,#856,.T.);
#1253=ORIENTED_EDGE('',*,*,#866,.T.);
#1254=ORIENTED_EDGE('',*,*,#868,.F.);
#1255=ORIENTED_EDGE('',*,*,#857,.T.);
#1256=ORIENTED_EDGE('',*,*,#867,.T.);
#1257=ORIENTED_EDGE('',*,*,#844,.F.);
#1258=ORIENTED_EDGE('',*,*,#843,.F.);
#1259=ORIENTED_EDGE('',*,*,#860,.F.);
#1260=ORIENTED_EDGE('',*,*,#858,.T.);
#1261=ORIENTED_EDGE('',*,*,#868,.T.);
#1262=ORIENTED_EDGE('',*,*,#862,.F.);
#1263=PLANE('',#1488);
#1264=PLANE('',#1489);
#1265=PLANE('',#1490);
#1266=PLANE('',#1491);
#1267=PLANE('',#1492);
#1268=PLANE('',#1493);
#1269=PLANE('',#1494);
#1270=PLANE('',#1495);
#1271=PLANE('',#1496);
#1272=PLANE('',#1497);
#1273=PLANE('',#1498);
#1274=PLANE('',#1499);
#1275=PLANE('',#1500);
#1276=PLANE('',#1501);
#1277=PLANE('',#1502);
#1278=PLANE('',#1503);
#1279=PLANE('',#1508);
#1280=PLANE('',#1514);
#1281=PLANE('',#1515);
#1282=PLANE('',#1520);
#1283=PLANE('',#1526);
#1284=PLANE('',#1527);
#1285=PLANE('',#1532);
#1286=PLANE('',#1538);
#1287=PLANE('',#1539);
#1288=PLANE('',#1540);
#1289=PLANE('',#1541);
#1290=PLANE('',#1542);
#1291=PLANE('',#1543);
#1292=PLANE('',#1544);
#1293=PLANE('',#1545);
#1294=PLANE('',#1546);
#1295=PLANE('',#1548);
#1296=PLANE('',#1550);
#1297=PLANE('',#1551);
#1298=PLANE('',#1552);
#1299=PLANE('',#1554);
#1300=PLANE('',#1555);
#1301=PLANE('',#1557);
#1302=PLANE('',#1559);
#1303=PLANE('',#1560);
#1304=PLANE('',#1561);
#1305=PLANE('',#1563);
#1306=PLANE('',#1564);
#1307=PLANE('',#1566);
#1308=PLANE('',#1568);
#1309=PLANE('',#1569);
#1310=PLANE('',#1570);
#1311=PLANE('',#1572);
#1312=PLANE('',#1573);
#1313=PLANE('',#1574);
#1314=PLANE('',#1579);
#1315=PLANE('',#1586);
#1316=PLANE('',#1588);
#1317=PLANE('',#1590);
#1318=PLANE('',#1591);
#1319=PLANE('',#1592);
#1320=PLANE('',#1594);
#1321=PLANE('',#1595);
#1322=STYLED_ITEM('',(#2413),#1398);
#1323=STYLED_ITEM('',(#2413),#1399);
#1324=STYLED_ITEM('',(#2413),#1400);
#1325=STYLED_ITEM('',(#2413),#1401);
#1326=STYLED_ITEM('',(#2414),#1402);
#1327=STYLED_ITEM('',(#2413),#1403);
#1328=STYLED_ITEM('',(#2414),#1404);
#1329=STYLED_ITEM('',(#2413),#1405);
#1330=STYLED_ITEM('',(#2414),#1406);
#1331=STYLED_ITEM('',(#2413),#1407);
#1332=STYLED_ITEM('',(#2413),#1408);
#1333=STYLED_ITEM('',(#2413),#1409);
#1334=STYLED_ITEM('',(#2413),#1410);
#1335=STYLED_ITEM('',(#2413),#1411);
#1336=STYLED_ITEM('',(#2413),#1412);
#1337=STYLED_ITEM('',(#2414),#1413);
#1338=STYLED_ITEM('',(#2414),#1414);
#1339=STYLED_ITEM('',(#2414),#1415);
#1340=STYLED_ITEM('',(#2413),#1416);
#1341=STYLED_ITEM('',(#2414),#1417);
#1342=STYLED_ITEM('',(#2414),#1418);
#1343=STYLED_ITEM('',(#2414),#1419);
#1344=STYLED_ITEM('',(#2413),#1420);
#1345=STYLED_ITEM('',(#2414),#1421);
#1346=STYLED_ITEM('',(#2414),#1422);
#1347=STYLED_ITEM('',(#2414),#1423);
#1348=STYLED_ITEM('',(#2413),#1424);
#1349=STYLED_ITEM('',(#2413),#1425);
#1350=STYLED_ITEM('',(#2414),#1426);
#1351=STYLED_ITEM('',(#2413),#1427);
#1352=STYLED_ITEM('',(#2414),#1428);
#1353=STYLED_ITEM('',(#2413),#1429);
#1354=STYLED_ITEM('',(#2413),#1430);
#1355=STYLED_ITEM('',(#2413),#1431);
#1356=STYLED_ITEM('',(#2414),#1432);
#1357=STYLED_ITEM('',(#2414),#1433);
#1358=STYLED_ITEM('',(#2414),#1434);
#1359=STYLED_ITEM('',(#2414),#1435);
#1360=STYLED_ITEM('',(#2414),#1436);
#1361=STYLED_ITEM('',(#2414),#1437);
#1362=STYLED_ITEM('',(#2414),#1438);
#1363=STYLED_ITEM('',(#2414),#1439);
#1364=STYLED_ITEM('',(#2414),#1440);
#1365=STYLED_ITEM('',(#2414),#1441);
#1366=STYLED_ITEM('',(#2414),#1442);
#1367=STYLED_ITEM('',(#2414),#1443);
#1368=STYLED_ITEM('',(#2414),#1444);
#1369=STYLED_ITEM('',(#2414),#1445);
#1370=STYLED_ITEM('',(#2414),#1446);
#1371=STYLED_ITEM('',(#2414),#1447);
#1372=STYLED_ITEM('',(#2414),#1448);
#1373=STYLED_ITEM('',(#2414),#1449);
#1374=STYLED_ITEM('',(#2414),#1450);
#1375=STYLED_ITEM('',(#2414),#1451);
#1376=STYLED_ITEM('',(#2414),#1452);
#1377=STYLED_ITEM('',(#2414),#1453);
#1378=STYLED_ITEM('',(#2414),#1454);
#1379=STYLED_ITEM('',(#2414),#1455);
#1380=STYLED_ITEM('',(#2414),#1456);
#1381=STYLED_ITEM('',(#2414),#1457);
#1382=STYLED_ITEM('',(#2414),#1458);
#1383=STYLED_ITEM('',(#2413),#1459);
#1384=STYLED_ITEM('',(#2414),#1460);
#1385=STYLED_ITEM('',(#2414),#1461);
#1386=STYLED_ITEM('',(#2414),#1462);
#1387=STYLED_ITEM('',(#2414),#1463);
#1388=STYLED_ITEM('',(#2413),#1464);
#1389=STYLED_ITEM('',(#2414),#1465);
#1390=STYLED_ITEM('',(#2414),#1466);
#1391=STYLED_ITEM('',(#2414),#1467);
#1392=STYLED_ITEM('',(#2414),#1468);
#1393=STYLED_ITEM('',(#2414),#1469);
#1394=STYLED_ITEM('',(#2414),#1470);
#1395=STYLED_ITEM('',(#2414),#1471);
#1396=STYLED_ITEM('',(#2415),#1472);
#1397=STYLED_ITEM('',(#2412),#17);
#1398=ADVANCED_FACE('',(#68),#1263,.T.);
#1399=ADVANCED_FACE('',(#69),#1264,.T.);
#1400=ADVANCED_FACE('',(#70),#1265,.T.);
#1401=ADVANCED_FACE('',(#71),#1266,.T.);
#1402=ADVANCED_FACE('',(#72),#1267,.F.);
#1403=ADVANCED_FACE('',(#73),#1268,.T.);
#1404=ADVANCED_FACE('',(#74),#1269,.F.);
#1405=ADVANCED_FACE('',(#75),#1270,.T.);
#1406=ADVANCED_FACE('',(#76),#1271,.F.);
#1407=ADVANCED_FACE('',(#77),#1272,.T.);
#1408=ADVANCED_FACE('',(#78),#1273,.T.);
#1409=ADVANCED_FACE('',(#79),#1274,.T.);
#1410=ADVANCED_FACE('',(#80),#1275,.T.);
#1411=ADVANCED_FACE('',(#81),#1276,.T.);
#1412=ADVANCED_FACE('',(#82),#1277,.T.);
#1413=ADVANCED_FACE('',(#83),#1278,.T.);
#1414=ADVANCED_FACE('',(#84),#1279,.F.);
#1415=ADVANCED_FACE('',(#85),#19,.F.);
#1416=ADVANCED_FACE('',(#86),#1280,.T.);
#1417=ADVANCED_FACE('',(#87),#1281,.T.);
#1418=ADVANCED_FACE('',(#88),#1282,.F.);
#1419=ADVANCED_FACE('',(#89),#20,.F.);
#1420=ADVANCED_FACE('',(#90),#1283,.T.);
#1421=ADVANCED_FACE('',(#91),#1284,.T.);
#1422=ADVANCED_FACE('',(#92),#1285,.F.);
#1423=ADVANCED_FACE('',(#93),#21,.F.);
#1424=ADVANCED_FACE('',(#94),#1286,.T.);
#1425=ADVANCED_FACE('',(#95),#1287,.T.);
#1426=ADVANCED_FACE('',(#96),#1288,.F.);
#1427=ADVANCED_FACE('',(#97),#1289,.T.);
#1428=ADVANCED_FACE('',(#98),#1290,.F.);
#1429=ADVANCED_FACE('',(#99),#1291,.T.);
#1430=ADVANCED_FACE('',(#100),#1292,.T.);
#1431=ADVANCED_FACE('',(#101),#1293,.T.);
#1432=ADVANCED_FACE('',(#102),#1294,.F.);
#1433=ADVANCED_FACE('',(#103),#22,.T.);
#1434=ADVANCED_FACE('',(#104),#1295,.F.);
#1435=ADVANCED_FACE('',(#105),#23,.F.);
#1436=ADVANCED_FACE('',(#106),#1296,.F.);
#1437=ADVANCED_FACE('',(#107),#1297,.F.);
#1438=ADVANCED_FACE('',(#108),#1298,.F.);
#1439=ADVANCED_FACE('',(#109),#24,.T.);
#1440=ADVANCED_FACE('',(#110),#1299,.F.);
#1441=ADVANCED_FACE('',(#111),#1300,.F.);
#1442=ADVANCED_FACE('',(#112),#25,.T.);
#1443=ADVANCED_FACE('',(#113),#1301,.F.);
#1444=ADVANCED_FACE('',(#114),#26,.F.);
#1445=ADVANCED_FACE('',(#115),#1302,.F.);
#1446=ADVANCED_FACE('',(#116),#1303,.F.);
#1447=ADVANCED_FACE('',(#117),#1304,.F.);
#1448=ADVANCED_FACE('',(#118),#27,.T.);
#1449=ADVANCED_FACE('',(#119),#1305,.F.);
#1450=ADVANCED_FACE('',(#120),#1306,.F.);
#1451=ADVANCED_FACE('',(#121),#28,.T.);
#1452=ADVANCED_FACE('',(#122),#1307,.F.);
#1453=ADVANCED_FACE('',(#123),#29,.F.);
#1454=ADVANCED_FACE('',(#124),#1308,.F.);
#1455=ADVANCED_FACE('',(#125),#1309,.F.);
#1456=ADVANCED_FACE('',(#126),#1310,.F.);
#1457=ADVANCED_FACE('',(#127),#30,.T.);
#1458=ADVANCED_FACE('',(#128),#1311,.F.);
#1459=ADVANCED_FACE('',(#129),#1312,.T.);
#1460=ADVANCED_FACE('',(#130),#1313,.T.);
#1461=ADVANCED_FACE('',(#131),#1314,.F.);
#1462=ADVANCED_FACE('',(#132),#31,.F.);
#1463=ADVANCED_FACE('',(#133),#32,.T.);
#1464=ADVANCED_FACE('',(#134,#18),#1315,.F.);
#1465=ADVANCED_FACE('',(#135),#1316,.F.);
#1466=ADVANCED_FACE('',(#136),#33,.F.);
#1467=ADVANCED_FACE('',(#137),#1317,.F.);
#1468=ADVANCED_FACE('',(#138),#1318,.F.);
#1469=ADVANCED_FACE('',(#139),#1319,.F.);
#1470=ADVANCED_FACE('',(#140),#34,.T.);
#1471=ADVANCED_FACE('',(#141),#1320,.F.);
#1472=ADVANCED_FACE('',(#142),#1321,.F.);
#1473=CLOSED_SHELL('',(#1398,#1399,#1400,#1401,#1402,#1403,#1404,#1405,
#1406,#1407,#1408,#1409,#1410,#1411,#1412,#1413,#1414,#1415,#1416,#1417,
#1418,#1419,#1420,#1421,#1422,#1423,#1424,#1425,#1426,#1427,#1428,#1429,
#1430,#1431,#1432,#1433,#1434,#1435,#1436,#1437,#1438,#1439,#1440,#1441,
#1442,#1443,#1444,#1445,#1446,#1447,#1448,#1449,#1450,#1451,#1452,#1453,
#1454,#1455,#1456,#1457,#1458,#1459,#1460,#1461,#1462,#1463,#1464,#1465,
#1466,#1467,#1468,#1469,#1470,#1471,#1472));
#1474=DERIVED_UNIT_ELEMENT(#1476,1.);
#1475=DERIVED_UNIT_ELEMENT(#2390,-3.);
#1476=(
MASS_UNIT()
NAMED_UNIT(*)
SI_UNIT(.KILO.,.GRAM.)
);
#1477=DERIVED_UNIT((#1474,#1475));
#1478=MEASURE_REPRESENTATION_ITEM('density measure',
POSITIVE_RATIO_MEASURE(7850.),#1477);
#1479=PROPERTY_DEFINITION_REPRESENTATION(#1484,#1481);
#1480=PROPERTY_DEFINITION_REPRESENTATION(#1485,#1482);
#1481=REPRESENTATION('material name',(#1483),#2387);
#1482=REPRESENTATION('density',(#1478),#2387);
#1483=DESCRIPTIVE_REPRESENTATION_ITEM('Steel','Steel');
#1484=PROPERTY_DEFINITION('material property','material name',#2402);
#1485=PROPERTY_DEFINITION('material property','density of part',#2402);
#1486=AXIS2_PLACEMENT_3D('',#1983,#1597,#1598);
#1487=AXIS2_PLACEMENT_3D('',#1984,#1599,#1600);
#1488=AXIS2_PLACEMENT_3D('',#1985,#1601,#1602);
#1489=AXIS2_PLACEMENT_3D('',#2006,#1613,#1614);
#1490=AXIS2_PLACEMENT_3D('',#2012,#1618,#1619);
#1491=AXIS2_PLACEMENT_3D('',#2016,#1622,#1623);
#1492=AXIS2_PLACEMENT_3D('',#2022,#1627,#1628);
#1493=AXIS2_PLACEMENT_3D('',#2028,#1632,#1633);
#1494=AXIS2_PLACEMENT_3D('',#2034,#1637,#1638);
#1495=AXIS2_PLACEMENT_3D('',#2040,#1642,#1643);
#1496=AXIS2_PLACEMENT_3D('',#2046,#1647,#1648);
#1497=AXIS2_PLACEMENT_3D('',#2052,#1652,#1653);
#1498=AXIS2_PLACEMENT_3D('',#2058,#1657,#1658);
#1499=AXIS2_PLACEMENT_3D('',#2062,#1661,#1662);
#1500=AXIS2_PLACEMENT_3D('',#2068,#1666,#1667);
#1501=AXIS2_PLACEMENT_3D('',#2072,#1670,#1671);
#1502=AXIS2_PLACEMENT_3D('',#2076,#1674,#1675);
#1503=AXIS2_PLACEMENT_3D('',#2088,#1682,#1683);
#1504=AXIS2_PLACEMENT_3D('',#2090,#1684,#1685);
#1505=AXIS2_PLACEMENT_3D('',#2094,#1687,#1688);
#1506=AXIS2_PLACEMENT_3D('',#2102,#1692,#1693);
#1507=AXIS2_PLACEMENT_3D('',#2106,#1695,#1696);
#1508=AXIS2_PLACEMENT_3D('',#2108,#1698,#1699);
#1509=AXIS2_PLACEMENT_3D('',#2112,#1701,#1702);
#1510=AXIS2_PLACEMENT_3D('',#2116,#1704,#1705);
#1511=AXIS2_PLACEMENT_3D('',#2124,#1709,#1710);
#1512=AXIS2_PLACEMENT_3D('',#2127,#1712,#1713);
#1513=AXIS2_PLACEMENT_3D('',#2128,#1714,#1715);
#1514=AXIS2_PLACEMENT_3D('',#2130,#1717,#1718);
#1515=AXIS2_PLACEMENT_3D('',#2136,#1722,#1723);
#1516=AXIS2_PLACEMENT_3D('',#2138,#1724,#1725);
#1517=AXIS2_PLACEMENT_3D('',#2142,#1727,#1728);
#1518=AXIS2_PLACEMENT_3D('',#2150,#1732,#1733);
#1519=AXIS2_PLACEMENT_3D('',#2154,#1735,#1736);
#1520=AXIS2_PLACEMENT_3D('',#2156,#1738,#1739);
#1521=AXIS2_PLACEMENT_3D('',#2160,#1741,#1742);
#1522=AXIS2_PLACEMENT_3D('',#2164,#1744,#1745);
#1523=AXIS2_PLACEMENT_3D('',#2172,#1749,#1750);
#1524=AXIS2_PLACEMENT_3D('',#2175,#1752,#1753);
#1525=AXIS2_PLACEMENT_3D('',#2176,#1754,#1755);
#1526=AXIS2_PLACEMENT_3D('',#2178,#1757,#1758);
#1527=AXIS2_PLACEMENT_3D('',#2184,#1762,#1763);
#1528=AXIS2_PLACEMENT_3D('',#2186,#1764,#1765);
#1529=AXIS2_PLACEMENT_3D('',#2190,#1767,#1768);
#1530=AXIS2_PLACEMENT_3D('',#2198,#1772,#1773);
#1531=AXIS2_PLACEMENT_3D('',#2202,#1775,#1776);
#1532=AXIS2_PLACEMENT_3D('',#2204,#1778,#1779);
#1533=AXIS2_PLACEMENT_3D('',#2208,#1781,#1782);
#1534=AXIS2_PLACEMENT_3D('',#2212,#1784,#1785);
#1535=AXIS2_PLACEMENT_3D('',#2220,#1789,#1790);
#1536=AXIS2_PLACEMENT_3D('',#2223,#1792,#1793);
#1537=AXIS2_PLACEMENT_3D('',#2224,#1794,#1795);
#1538=AXIS2_PLACEMENT_3D('',#2226,#1797,#1798);
#1539=AXIS2_PLACEMENT_3D('',#2238,#1805,#1806);
#1540=AXIS2_PLACEMENT_3D('',#2240,#1808,#1809);
#1541=AXIS2_PLACEMENT_3D('',#2246,#1813,#1814);
#1542=AXIS2_PLACEMENT_3D('',#2248,#1816,#1817);
#1543=AXIS2_PLACEMENT_3D('',#2255,#1822,#1823);
#1544=AXIS2_PLACEMENT_3D('',#2261,#1827,#1828);
#1545=AXIS2_PLACEMENT_3D('',#2265,#1831,#1832);
#1546=AXIS2_PLACEMENT_3D('',#2272,#1838,#1839);
#1547=AXIS2_PLACEMENT_3D('',#2274,#1841,#1842);
#1548=AXIS2_PLACEMENT_3D('',#2276,#1844,#1845);
#1549=AXIS2_PLACEMENT_3D('',#2278,#1847,#1848);
#1550=AXIS2_PLACEMENT_3D('',#2280,#1850,#1851);
#1551=AXIS2_PLACEMENT_3D('',#2282,#1853,#1854);
#1552=AXIS2_PLACEMENT_3D('',#2284,#1856,#1857);
#1553=AXIS2_PLACEMENT_3D('',#2286,#1859,#1860);
#1554=AXIS2_PLACEMENT_3D('',#2288,#1862,#1863);
#1555=AXIS2_PLACEMENT_3D('',#2289,#1864,#1865);
#1556=AXIS2_PLACEMENT_3D('',#2291,#1867,#1868);
#1557=AXIS2_PLACEMENT_3D('',#2293,#1870,#1871);
#1558=AXIS2_PLACEMENT_3D('',#2295,#1873,#1874);
#1559=AXIS2_PLACEMENT_3D('',#2297,#1876,#1877);
#1560=AXIS2_PLACEMENT_3D('',#2299,#1879,#1880);
#1561=AXIS2_PLACEMENT_3D('',#2301,#1882,#1883);
#1562=AXIS2_PLACEMENT_3D('',#2303,#1885,#1886);
#1563=AXIS2_PLACEMENT_3D('',#2305,#1888,#1889);
#1564=AXIS2_PLACEMENT_3D('',#2306,#1890,#1891);
#1565=AXIS2_PLACEMENT_3D('',#2308,#1893,#1894);
#1566=AXIS2_PLACEMENT_3D('',#2310,#1896,#1897);
#1567=AXIS2_PLACEMENT_3D('',#2312,#1899,#1900);
#1568=AXIS2_PLACEMENT_3D('',#2314,#1902,#1903);
#1569=AXIS2_PLACEMENT_3D('',#2316,#1905,#1906);
#1570=AXIS2_PLACEMENT_3D('',#2318,#1908,#1909);
#1571=AXIS2_PLACEMENT_3D('',#2320,#1911,#1912);
#1572=AXIS2_PLACEMENT_3D('',#2322,#1914,#1915);
#1573=AXIS2_PLACEMENT_3D('',#2323,#1916,#1917);
#1574=AXIS2_PLACEMENT_3D('',#2325,#1919,#1920);
#1575=AXIS2_PLACEMENT_3D('',#2327,#1921,#1922);
#1576=AXIS2_PLACEMENT_3D('',#2331,#1924,#1925);
#1577=AXIS2_PLACEMENT_3D('',#2339,#1929,#1930);
#1578=AXIS2_PLACEMENT_3D('',#2342,#1932,#1933);
#1579=AXIS2_PLACEMENT_3D('',#2343,#1934,#1935);
#1580=AXIS2_PLACEMENT_3D('',#2345,#1936,#1937);
#1581=AXIS2_PLACEMENT_3D('',#2349,#1939,#1940);
#1582=AXIS2_PLACEMENT_3D('',#2357,#1944,#1945);
#1583=AXIS2_PLACEMENT_3D('',#2360,#1947,#1948);
#1584=AXIS2_PLACEMENT_3D('',#2361,#1949,#1950);
#1585=AXIS2_PLACEMENT_3D('',#2363,#1952,#1953);
#1586=AXIS2_PLACEMENT_3D('',#2365,#1955,#1956);
#1587=AXIS2_PLACEMENT_3D('',#2367,#1957,#1958);
#1588=AXIS2_PLACEMENT_3D('',#2368,#1959,#1960);
#1589=AXIS2_PLACEMENT_3D('',#2370,#1962,#1963);
#1590=AXIS2_PLACEMENT_3D('',#2372,#1965,#1966);
#1591=AXIS2_PLACEMENT_3D('',#2374,#1968,#1969);
#1592=AXIS2_PLACEMENT_3D('',#2376,#1971,#1972);
#1593=AXIS2_PLACEMENT_3D('',#2378,#1974,#1975);
#1594=AXIS2_PLACEMENT_3D('',#2380,#1977,#1978);
#1595=AXIS2_PLACEMENT_3D('',#2381,#1979,#1980);
#1596=AXIS2_PLACEMENT_3D('',#2382,#1981,#1982);
#1597=DIRECTION('axis',(0.,0.,1.));
#1598=DIRECTION('refdir',(1.,0.,0.));
#1599=DIRECTION('axis',(0.,0.,1.));
#1600=DIRECTION('refdir',(1.,0.,0.));
#1601=DIRECTION('center_axis',(-0.990268068741589,0.,-0.139173100959934));
#1602=DIRECTION('ref_axis',(-0.139173100959934,0.,0.990268068741589));
#1603=DIRECTION('',(1.110223024625E-16,-1.,0.));
#1604=DIRECTION('',(-0.137844537491501,-0.137844537491501,0.980814848464025));
#1605=DIRECTION('',(1.110223024625E-16,-1.,0.));
#1606=DIRECTION('',(1.110223024625E-16,-1.,0.));
#1607=DIRECTION('',(1.110223024625E-16,-1.,0.));
#1608=DIRECTION('',(1.110223024625E-16,-1.,0.));
#1609=DIRECTION('',(1.110223024625E-16,-1.,0.));
#1610=DIRECTION('',(1.110223024625E-16,-1.,0.));
#1611=DIRECTION('',(1.110223024625E-16,-1.,0.));
#1612=DIRECTION('',(-0.137844537491501,0.137844537491501,0.980814848464025));
#1613=DIRECTION('center_axis',(0.,0.,-1.));
#1614=DIRECTION('ref_axis',(0.464692418444138,-0.885472165706262,0.));
#1615=DIRECTION('',(-1.,-1.110223024625E-16,0.));
#1616=DIRECTION('',(-1.110223024625E-16,1.,0.));
#1617=DIRECTION('',(1.,1.110223024625E-16,0.));
#1618=DIRECTION('center_axis',(0.,-0.990268068741589,-0.139173100959934));
#1619=DIRECTION('ref_axis',(0.,0.139173100959934,-0.990268068741589));
#1620=DIRECTION('',(0.137844537491501,-0.137844537491501,0.980814848464025));
#1621=DIRECTION('',(1.,1.110223024625E-16,0.));
#1622=DIRECTION('center_axis',(-1.,-1.110223024625E-16,0.));
#1623=DIRECTION('ref_axis',(1.110223024625E-16,-1.,0.));
#1624=DIRECTION('',(0.,0.,1.));
#1625=DIRECTION('',(0.,0.,-1.));
#1626=DIRECTION('',(1.110223024625E-16,-1.,0.));
#1627=DIRECTION('center_axis',(0.,0.,1.));
#1628=DIRECTION('ref_axis',(-1.,1.144237745222E-17,0.));
#1629=DIRECTION('',(-1.,1.144237745222E-17,0.));
#1630=DIRECTION('',(1.144237745222E-17,1.,0.));
#1631=DIRECTION('',(-1.,1.144237745222E-17,0.));
#1632=DIRECTION('center_axis',(-1.,-1.110223024625E-16,0.));
#1633=DIRECTION('ref_axis',(1.110223024625E-16,-1.,0.));
#1634=DIRECTION('',(0.,0.,-1.));
#1635=DIRECTION('',(0.,0.,-1.));
#1636=DIRECTION('',(1.110223024625E-16,-1.,0.));
#1637=DIRECTION('center_axis',(0.,0.,1.));
#1638=DIRECTION('ref_axis',(-1.,1.144237745222E-17,0.));
#1639=DIRECTION('',(-1.,1.144237745222E-17,0.));
#1640=DIRECTION('',(1.144237745222E-17,1.,0.));
#1641=DIRECTION('',(-1.,1.144237745222E-17,0.));
#1642=DIRECTION('center_axis',(-1.,-1.110223024625E-16,0.));
#1643=DIRECTION('ref_axis',(1.110223024625E-16,-1.,0.));
#1644=DIRECTION('',(0.,0.,-1.));
#1645=DIRECTION('',(0.,0.,-1.));
#1646=DIRECTION('',(1.110223024625E-16,-1.,0.));
#1647=DIRECTION('center_axis',(0.,0.,1.));
#1648=DIRECTION('ref_axis',(-1.,1.144237745222E-17,0.));
#1649=DIRECTION('',(-1.,1.144237745222E-17,0.));
#1650=DIRECTION('',(1.144237745222E-17,1.,0.));
#1651=DIRECTION('',(-1.,1.144237745222E-17,0.));
#1652=DIRECTION('center_axis',(-1.,-1.110223024625E-16,0.));
#1653=DIRECTION('ref_axis',(1.110223024625E-16,-1.,0.));
#1654=DIRECTION('',(0.,0.,-1.));
#1655=DIRECTION('',(0.,0.,1.));
#1656=DIRECTION('',(1.110223024625E-16,-1.,0.));
#1657=DIRECTION('center_axis',(0.,0.990268068741589,-0.139173100959934));
#1658=DIRECTION('ref_axis',(0.,0.139173100959934,0.990268068741589));
#1659=DIRECTION('',(-1.,-1.110223024625E-16,0.));
#1660=DIRECTION('',(0.137844537491501,0.137844537491501,0.980814848464025));
#1661=DIRECTION('center_axis',(0.990268068741589,0.,-0.139173100959934));
#1662=DIRECTION('ref_axis',(-0.139173100959934,0.,-0.990268068741589));
#1663=DIRECTION('',(-1.110223024625E-16,1.,0.));
#1664=DIRECTION('',(-1.110223024625E-16,1.,0.));
#1665=DIRECTION('',(-1.110223024625E-16,1.,0.));
#1666=DIRECTION('center_axis',(1.110223024625E-16,-1.,0.));
#1667=DIRECTION('ref_axis',(1.,1.110223024625E-16,0.));
#1668=DIRECTION('',(0.,0.,1.));
#1669=DIRECTION('',(1.,1.110223024625E-16,0.));
#1670=DIRECTION('center_axis',(-1.110223024625E-16,1.,0.));
#1671=DIRECTION('ref_axis',(-1.,-1.110223024625E-16,0.));
#1672=DIRECTION('',(-1.,-1.110223024625E-16,0.));
#1673=DIRECTION('',(0.,0.,1.));
#1674=DIRECTION('center_axis',(-2.496972947931E-25,-3.410490578954E-32,
1.));
#1675=DIRECTION('ref_axis',(1.025679957475E-16,-1.,-3.41049057639291E-32));
#1676=DIRECTION('',(1.,-1.144237745222E-17,0.));
#1677=DIRECTION('',(1.110223024625E-16,-1.,0.));
#1678=DIRECTION('',(-1.,-1.110223024625E-16,0.));
#1679=DIRECTION('',(-1.110223024625E-16,1.,0.));
#1680=DIRECTION('',(-1.,-1.110223024625E-16,0.));
#1681=DIRECTION('',(-1.110223024625E-16,1.,0.));
#1682=DIRECTION('center_axis',(1.144237745222E-17,1.,0.));
#1683=DIRECTION('ref_axis',(0.,0.,1.));
#1684=DIRECTION('center_axis',(-1.144237745222E-17,-1.,0.));
#1685=DIRECTION('ref_axis',(0.,0.,1.));
#1686=DIRECTION('',(-0.126399799104053,1.44631421123361E-18,-0.991979380222419));
#1687=DIRECTION('center_axis',(1.144237745222E-17,1.,-1.028753938099E-33));
#1688=DIRECTION('ref_axis',(0.98480775301219,-1.12685420278381E-17,-0.173648177667033));
#1689=DIRECTION('',(-1.,1.144237745222E-17,0.));
#1690=DIRECTION('',(0.,0.,1.));
#1691=DIRECTION('',(1.,-1.144237745222E-17,0.));
#1692=DIRECTION('center_axis',(-1.144237745222E-17,-1.,1.855131475086E-48));
#1693=DIRECTION('ref_axis',(-2.22044604925E-15,2.54071818078092E-32,-1.));
#1694=DIRECTION('',(0.126399799104053,-1.44631421123361E-18,0.991979380222419));
#1695=DIRECTION('center_axis',(1.144237745222E-17,1.,-2.166756382694E-33));
#1696=DIRECTION('ref_axis',(-0.98480775301219,1.12685420278381E-17,0.173648177667033));
#1697=DIRECTION('',(1.,-1.144237745222E-17,0.));
#1698=DIRECTION('center_axis',(1.144237745222E-17,1.,0.));
#1699=DIRECTION('ref_axis',(0.,0.,1.));
#1700=DIRECTION('',(1.,-1.144237745222E-17,0.));
#1701=DIRECTION('center_axis',(1.144237745222E-17,1.,-2.166756382694E-33));
#1702=DIRECTION('ref_axis',(-0.98480775301219,1.12685420278381E-17,0.173648177667033));
#1703=DIRECTION('',(0.126399799104053,-1.44631421123361E-18,0.991979380222419));
#1704=DIRECTION('center_axis',(-1.144237745222E-17,-1.,1.855131475086E-48));
#1705=DIRECTION('ref_axis',(-2.22044604925E-15,2.54071818078092E-32,-1.));
#1706=DIRECTION('',(1.,-1.144237745222E-17,0.));
#1707=DIRECTION('',(0.,0.,1.));
#1708=DIRECTION('',(-1.,1.144237745222E-17,0.));
#1709=DIRECTION('center_axis',(1.144237745222E-17,1.,-1.028753938099E-33));
#1710=DIRECTION('ref_axis',(0.98480775301219,-1.12685420278381E-17,-0.173648177667033));
#1711=DIRECTION('',(-0.126399799104053,1.44631421123361E-18,-0.991979380222419));
#1712=DIRECTION('center_axis',(-1.144237745222E-17,-1.,0.));
#1713=DIRECTION('ref_axis',(0.,0.,1.));
#1714=DIRECTION('center_axis',(-1.144237745222E-17,-1.,0.));
#1715=DIRECTION('ref_axis',(0.,0.,1.));
#1716=DIRECTION('',(1.144237745222E-17,1.,0.));
#1717=DIRECTION('center_axis',(-2.496972947931E-25,-3.410490578954E-32,
1.));
#1718=DIRECTION('ref_axis',(1.025679957475E-16,-1.,-3.41049057639291E-32));
#1719=DIRECTION('',(1.,-1.144237745222E-17,0.));
#1720=DIRECTION('',(1.,-1.144237745222E-17,0.));
#1721=DIRECTION('',(1.110223024625E-16,-1.,0.));
#1722=DIRECTION('center_axis',(1.144237745222E-17,1.,0.));
#1723=DIRECTION('ref_axis',(0.,0.,1.));
#1724=DIRECTION('center_axis',(-1.144237745222E-17,-1.,0.));
#1725=DIRECTION('ref_axis',(0.,0.,1.));
#1726=DIRECTION('',(-0.126399799104053,1.44631421123361E-18,-0.991979380222419));
#1727=DIRECTION('center_axis',(1.144237745222E-17,1.,-1.028753938099E-33));
#1728=DIRECTION('ref_axis',(0.98480775301219,-1.12685420278381E-17,-0.173648177667033));
#1729=DIRECTION('',(-1.,1.144237745222E-17,0.));
#1730=DIRECTION('',(0.,0.,1.));
#1731=DIRECTION('',(1.,-1.144237745222E-17,0.));
#1732=DIRECTION('center_axis',(-1.144237745222E-17,-1.,1.855131475086E-48));
#1733=DIRECTION('ref_axis',(-2.22044604925E-15,2.54071818078092E-32,-1.));
#1734=DIRECTION('',(0.126399799104053,-1.44631421123361E-18,0.991979380222419));
#1735=DIRECTION('center_axis',(1.144237745222E-17,1.,-2.166756382694E-33));
#1736=DIRECTION('ref_axis',(-0.98480775301219,1.12685420278381E-17,0.173648177667033));
#1737=DIRECTION('',(1.,-1.144237745222E-17,0.));
#1738=DIRECTION('center_axis',(1.144237745222E-17,1.,0.));
#1739=DIRECTION('ref_axis',(0.,0.,1.));
#1740=DIRECTION('',(1.,-1.144237745222E-17,0.));
#1741=DIRECTION('center_axis',(1.144237745222E-17,1.,-2.166756382694E-33));
#1742=DIRECTION('ref_axis',(-0.98480775301219,1.12685420278381E-17,0.173648177667033));
#1743=DIRECTION('',(0.126399799104053,-1.44631421123361E-18,0.991979380222419));
#1744=DIRECTION('center_axis',(-1.144237745222E-17,-1.,1.855131475086E-48));
#1745=DIRECTION('ref_axis',(-2.22044604925E-15,2.54071818078092E-32,-1.));
#1746=DIRECTION('',(1.,-1.144237745222E-17,0.));
#1747=DIRECTION('',(0.,0.,1.));
#1748=DIRECTION('',(-1.,1.144237745222E-17,0.));
#1749=DIRECTION('center_axis',(1.144237745222E-17,1.,-1.028753938099E-33));
#1750=DIRECTION('ref_axis',(0.98480775301219,-1.12685420278381E-17,-0.173648177667033));
#1751=DIRECTION('',(-0.126399799104053,1.44631421123361E-18,-0.991979380222419));
#1752=DIRECTION('center_axis',(-1.144237745222E-17,-1.,0.));
#1753=DIRECTION('ref_axis',(0.,0.,1.));
#1754=DIRECTION('center_axis',(-1.144237745222E-17,-1.,0.));
#1755=DIRECTION('ref_axis',(0.,0.,1.));
#1756=DIRECTION('',(1.144237745222E-17,1.,0.));
#1757=DIRECTION('center_axis',(-2.496972947931E-25,-3.410490578954E-32,
1.));
#1758=DIRECTION('ref_axis',(1.025679957475E-16,-1.,-3.41049057639291E-32));
#1759=DIRECTION('',(1.,-1.144237745222E-17,0.));
#1760=DIRECTION('',(1.,-1.144237745222E-17,0.));
#1761=DIRECTION('',(1.110223024625E-16,-1.,0.));
#1762=DIRECTION('center_axis',(1.144237745222E-17,1.,0.));
#1763=DIRECTION('ref_axis',(0.,0.,1.));
#1764=DIRECTION('center_axis',(-1.144237745222E-17,-1.,0.));
#1765=DIRECTION('ref_axis',(0.,0.,1.));
#1766=DIRECTION('',(-0.126399799104053,1.44631421123361E-18,-0.991979380222419));
#1767=DIRECTION('center_axis',(1.144237745222E-17,1.,-1.028753938099E-33));
#1768=DIRECTION('ref_axis',(0.98480775301219,-1.12685420278381E-17,-0.173648177667033));
#1769=DIRECTION('',(-1.,1.144237745222E-17,0.));
#1770=DIRECTION('',(0.,0.,1.));
#1771=DIRECTION('',(1.,-1.144237745222E-17,0.));
#1772=DIRECTION('center_axis',(-1.144237745222E-17,-1.,1.855131475086E-48));
#1773=DIRECTION('ref_axis',(-2.22044604925E-15,2.54071818078092E-32,-1.));
#1774=DIRECTION('',(0.126399799104053,-1.44631421123361E-18,0.991979380222419));
#1775=DIRECTION('center_axis',(1.144237745222E-17,1.,-2.166756382694E-33));
#1776=DIRECTION('ref_axis',(-0.98480775301219,1.12685420278381E-17,0.173648177667033));
#1777=DIRECTION('',(1.,-1.144237745222E-17,0.));
#1778=DIRECTION('center_axis',(1.144237745222E-17,1.,0.));
#1779=DIRECTION('ref_axis',(0.,0.,1.));
#1780=DIRECTION('',(1.,-1.144237745222E-17,0.));
#1781=DIRECTION('center_axis',(1.144237745222E-17,1.,-2.166756382694E-33));
#1782=DIRECTION('ref_axis',(-0.98480775301219,1.12685420278381E-17,0.173648177667033));
#1783=DIRECTION('',(0.126399799104053,-1.44631421123361E-18,0.991979380222419));
#1784=DIRECTION('center_axis',(-1.144237745222E-17,-1.,1.855131475086E-48));
#1785=DIRECTION('ref_axis',(-2.22044604925E-15,2.54071818078092E-32,-1.));
#1786=DIRECTION('',(1.,-1.144237745222E-17,0.));
#1787=DIRECTION('',(0.,0.,1.));
#1788=DIRECTION('',(-1.,1.144237745222E-17,0.));
#1789=DIRECTION('center_axis',(1.144237745222E-17,1.,-1.028753938099E-33));
#1790=DIRECTION('ref_axis',(0.98480775301219,-1.12685420278381E-17,-0.173648177667033));
#1791=DIRECTION('',(-0.126399799104053,1.44631421123361E-18,-0.991979380222419));
#1792=DIRECTION('center_axis',(-1.144237745222E-17,-1.,0.));
#1793=DIRECTION('ref_axis',(0.,0.,1.));
#1794=DIRECTION('center_axis',(-1.144237745222E-17,-1.,0.));
#1795=DIRECTION('ref_axis',(0.,0.,1.));
#1796=DIRECTION('',(1.144237745222E-17,1.,0.));
#1797=DIRECTION('center_axis',(-2.496972947931E-25,-3.410490578954E-32,
1.));
#1798=DIRECTION('ref_axis',(1.025679957475E-16,-1.,-3.41049057639291E-32));
#1799=DIRECTION('',(-1.110223024625E-16,1.,0.));
#1800=DIRECTION('',(-1.,-1.110223024625E-16,0.));
#1801=DIRECTION('',(-1.110223024625E-16,1.,0.));
#1802=DIRECTION('',(1.,1.110223024625E-16,0.));
#1803=DIRECTION('',(1.110223024625E-16,-1.,0.));
#1804=DIRECTION('',(1.,-1.144237745222E-17,0.));
#1805=DIRECTION('center_axis',(1.,1.110223024625E-16,0.));
#1806=DIRECTION('ref_axis',(-1.110223024625E-16,1.,0.));
#1807=DIRECTION('',(0.,0.,-1.));
#1808=DIRECTION('center_axis',(0.,0.,1.));
#1809=DIRECTION('ref_axis',(1.,1.110223024625E-16,0.));
#1810=DIRECTION('',(1.,1.110223024625E-16,0.));
#1811=DIRECTION('',(1.110223024625E-16,-1.,0.));
#1812=DIRECTION('',(1.,1.110223024625E-16,0.));
#1813=DIRECTION('center_axis',(1.,1.110223024625E-16,0.));
#1814=DIRECTION('ref_axis',(-1.110223024625E-16,1.,0.));
#1815=DIRECTION('',(0.,0.,-1.));
#1816=DIRECTION('center_axis',(0.,0.,-1.));
#1817=DIRECTION('ref_axis',(-1.,-1.110223024625E-16,0.));
#1818=DIRECTION('',(-1.110223024625E-16,1.,0.));
#1819=DIRECTION('',(-1.,-1.110223024625E-16,0.));
#1820=DIRECTION('',(-1.110223024625E-16,1.,0.));
#1821=DIRECTION('',(-1.,-1.110223024625E-16,0.));
#1822=DIRECTION('center_axis',(0.990268068741589,0.,0.139173100959934));
#1823=DIRECTION('ref_axis',(0.139173100959934,0.,-0.990268068741589));
#1824=DIRECTION('',(-0.137844537491501,-0.137844537491501,0.980814848464025));
#1825=DIRECTION('',(-1.110223024625E-16,1.,0.));
#1826=DIRECTION('',(-0.137844537491501,0.137844537491501,0.980814848464025));
#1827=DIRECTION('center_axis',(0.,0.990268068741589,0.139173100959934));
#1828=DIRECTION('ref_axis',(0.,-0.139173100959934,0.990268068741589));
#1829=DIRECTION('',(0.137844537491501,-0.137844537491501,0.980814848464025));
#1830=DIRECTION('',(-1.,-1.110223024625E-16,0.));
#1831=DIRECTION('center_axis',(-0.990268068741589,0.,0.139173100959934));
#1832=DIRECTION('ref_axis',(0.139173100959934,0.,0.990268068741589));
#1833=DIRECTION('',(1.110223024625E-16,-1.,0.));
#1834=DIRECTION('',(1.110223024625E-16,-1.,0.));
#1835=DIRECTION('',(1.110223024625E-16,-1.,0.));
#1836=DIRECTION('',(0.137844537491501,0.137844537491501,0.980814848464025));
#1837=DIRECTION('',(1.110223024625E-16,-1.,0.));
#1838=DIRECTION('center_axis',(0.,0.,-1.));
#1839=DIRECTION('ref_axis',(1.,-1.144237745222E-17,0.));
#1840=DIRECTION('',(1.144237745222E-17,1.,0.));
#1841=DIRECTION('center_axis',(-1.144237745222E-17,-1.,0.));
#1842=DIRECTION('ref_axis',(-0.98480775301219,1.12685420278381E-17,0.173648177667033));
#1843=DIRECTION('',(1.144237745222E-17,1.,0.));
#1844=DIRECTION('center_axis',(0.991979380222419,-1.13506024933248E-17,
-0.126399799104053));
#1845=DIRECTION('ref_axis',(0.126399799104053,-1.44631421123361E-18,0.991979380222419));
#1846=DIRECTION('',(1.144237745222E-17,1.,0.));
#1847=DIRECTION('center_axis',(-1.144237745222E-17,-1.,0.));
#1848=DIRECTION('ref_axis',(-2.22044604925E-15,2.54071818078092E-32,-1.));
#1849=DIRECTION('',(1.144237745222E-17,1.,0.));
#1850=DIRECTION('center_axis',(0.,0.,-1.));
#1851=DIRECTION('ref_axis',(1.,-1.144237745222E-17,0.));
#1852=DIRECTION('',(1.144237745222E-17,1.,0.));
#1853=DIRECTION('center_axis',(1.,-1.144237745222E-17,0.));
#1854=DIRECTION('ref_axis',(0.,0.,1.));
#1855=DIRECTION('',(1.144237745222E-17,1.,0.));
#1856=DIRECTION('center_axis',(0.,0.,1.));
#1857=DIRECTION('ref_axis',(-1.,1.144237745222E-17,0.));
#1858=DIRECTION('',(1.144237745222E-17,1.,0.));
#1859=DIRECTION('center_axis',(-1.144237745222E-17,-1.,0.));
#1860=DIRECTION('ref_axis',(0.98480775301219,-1.12685420278381E-17,-0.173648177667033));
#1861=DIRECTION('',(1.144237745222E-17,1.,0.));
#1862=DIRECTION('center_axis',(-0.991979380222419,1.13506024933248E-17,
0.126399799104053));
#1863=DIRECTION('ref_axis',(-0.126399799104053,1.44631421123361E-18,-0.991979380222419));
#1864=DIRECTION('center_axis',(0.,0.,-1.));
#1865=DIRECTION('ref_axis',(1.,-1.144237745222E-17,0.));
#1866=DIRECTION('',(1.144237745222E-17,1.,0.));
#1867=DIRECTION('center_axis',(-1.144237745222E-17,-1.,0.));
#1868=DIRECTION('ref_axis',(-0.98480775301219,1.12685420278381E-17,0.173648177667033));
#1869=DIRECTION('',(1.144237745222E-17,1.,0.));
#1870=DIRECTION('center_axis',(0.991979380222419,-1.13506024933248E-17,
-0.126399799104053));
#1871=DIRECTION('ref_axis',(0.126399799104053,-1.44631421123361E-18,0.991979380222419));
#1872=DIRECTION('',(1.144237745222E-17,1.,0.));
#1873=DIRECTION('center_axis',(-1.144237745222E-17,-1.,0.));
#1874=DIRECTION('ref_axis',(-2.22044604925E-15,2.54071818078092E-32,-1.));
#1875=DIRECTION('',(1.144237745222E-17,1.,0.));
#1876=DIRECTION('center_axis',(0.,0.,-1.));
#1877=DIRECTION('ref_axis',(1.,-1.144237745222E-17,0.));
#1878=DIRECTION('',(1.144237745222E-17,1.,0.));
#1879=DIRECTION('center_axis',(1.,-1.144237745222E-17,0.));
#1880=DIRECTION('ref_axis',(0.,0.,1.));
#1881=DIRECTION('',(1.144237745222E-17,1.,0.));
#1882=DIRECTION('center_axis',(0.,0.,1.));
#1883=DIRECTION('ref_axis',(-1.,1.144237745222E-17,0.));
#1884=DIRECTION('',(1.144237745222E-17,1.,0.));
#1885=DIRECTION('center_axis',(-1.144237745222E-17,-1.,0.));
#1886=DIRECTION('ref_axis',(0.98480775301219,-1.12685420278381E-17,-0.173648177667033));
#1887=DIRECTION('',(1.144237745222E-17,1.,0.));
#1888=DIRECTION('center_axis',(-0.991979380222419,1.13506024933248E-17,
0.126399799104053));
#1889=DIRECTION('ref_axis',(-0.126399799104053,1.44631421123361E-18,-0.991979380222419));
#1890=DIRECTION('center_axis',(0.,0.,-1.));
#1891=DIRECTION('ref_axis',(1.,-1.144237745222E-17,0.));
#1892=DIRECTION('',(1.144237745222E-17,1.,0.));
#1893=DIRECTION('center_axis',(-1.144237745222E-17,-1.,0.));
#1894=DIRECTION('ref_axis',(-0.98480775301219,1.12685420278381E-17,0.173648177667033));
#1895=DIRECTION('',(1.144237745222E-17,1.,0.));
#1896=DIRECTION('center_axis',(0.991979380222419,-1.13506024933248E-17,
-0.126399799104053));
#1897=DIRECTION('ref_axis',(0.126399799104053,-1.44631421123361E-18,0.991979380222419));
#1898=DIRECTION('',(1.144237745222E-17,1.,0.));
#1899=DIRECTION('center_axis',(-1.144237745222E-17,-1.,0.));
#1900=DIRECTION('ref_axis',(-2.22044604925E-15,2.54071818078092E-32,-1.));
#1901=DIRECTION('',(1.144237745222E-17,1.,0.));
#1902=DIRECTION('center_axis',(0.,0.,-1.));
#1903=DIRECTION('ref_axis',(1.,-1.144237745222E-17,0.));
#1904=DIRECTION('',(1.144237745222E-17,1.,0.));
#1905=DIRECTION('center_axis',(1.,-1.144237745222E-17,0.));
#1906=DIRECTION('ref_axis',(0.,0.,1.));
#1907=DIRECTION('',(1.144237745222E-17,1.,0.));
#1908=DIRECTION('center_axis',(0.,0.,1.));
#1909=DIRECTION('ref_axis',(-1.,1.144237745222E-17,0.));
#1910=DIRECTION('',(1.144237745222E-17,1.,0.));
#1911=DIRECTION('center_axis',(-1.144237745222E-17,-1.,0.));
#1912=DIRECTION('ref_axis',(0.98480775301219,-1.12685420278381E-17,-0.173648177667033));
#1913=DIRECTION('',(1.144237745222E-17,1.,0.));
#1914=DIRECTION('center_axis',(-0.991979380222419,1.13506024933248E-17,
0.126399799104053));
#1915=DIRECTION('ref_axis',(-0.126399799104053,1.44631421123361E-18,-0.991979380222419));
#1916=DIRECTION('center_axis',(0.,-0.990268068741589,0.139173100959934));
#1917=DIRECTION('ref_axis',(0.,-0.139173100959934,-0.990268068741589));
#1918=DIRECTION('',(1.,1.110223024625E-16,0.));
#1919=DIRECTION('center_axis',(1.110223024625E-16,-1.,0.));
#1920=DIRECTION('ref_axis',(0.,0.,1.));
#1921=DIRECTION('center_axis',(-1.110223024625E-16,1.,0.));
#1922=DIRECTION('ref_axis',(0.,0.,1.));
#1923=DIRECTION('',(0.126399799104053,1.40331967273359E-17,-0.991979380222419));
#1924=DIRECTION('center_axis',(1.110223024625E-16,-1.,-6.255634725081E-34));
#1925=DIRECTION('ref_axis',(-0.98480775301219,-1.09335624222334E-16,-0.173648177667033));
#1926=DIRECTION('',(1.,1.110223024625E-16,0.));
#1927=DIRECTION('',(0.,0.,1.));
#1928=DIRECTION('',(-1.,-1.110223024625E-16,0.));
#1929=DIRECTION('center_axis',(-1.110223024625E-16,1.,-1.094764425744E-47));
#1930=DIRECTION('ref_axis',(2.22044604925E-15,2.46519032881497E-31,-1.));
#1931=DIRECTION('',(-0.126399799104053,-1.40331967273359E-17,0.991979380222419));
#1932=DIRECTION('center_axis',(1.110223024625E-16,-1.,-6.255634725081E-34));
#1933=DIRECTION('ref_axis',(0.98480775301219,1.09335624222334E-16,0.173648177667033));
#1934=DIRECTION('center_axis',(1.110223024625E-16,-1.,0.));
#1935=DIRECTION('ref_axis',(0.,0.,1.));
#1936=DIRECTION('center_axis',(1.110223024625E-16,-1.,-6.255634725081E-34));
#1937=DIRECTION('ref_axis',(0.98480775301219,1.09335624222334E-16,0.173648177667033));
#1938=DIRECTION('',(-0.126399799104053,-1.40331967273359E-17,0.991979380222419));
#1939=DIRECTION('center_axis',(-1.110223024625E-16,1.,-1.094764425744E-47));
#1940=DIRECTION('ref_axis',(2.22044604925E-15,2.46519032881497E-31,-1.));
#1941=DIRECTION('',(-1.,-1.110223024625E-16,0.));
#1942=DIRECTION('',(0.,0.,1.));
#1943=DIRECTION('',(1.,1.110223024625E-16,0.));
#1944=DIRECTION('center_axis',(1.110223024625E-16,-1.,-6.255634725081E-34));
#1945=DIRECTION('ref_axis',(-0.98480775301219,-1.09335624222334E-16,-0.173648177667033));
#1946=DIRECTION('',(0.126399799104053,1.40331967273359E-17,-0.991979380222419));
#1947=DIRECTION('center_axis',(-1.110223024625E-16,1.,0.));
#1948=DIRECTION('ref_axis',(0.,0.,1.));
#1949=DIRECTION('center_axis',(-1.110223024625E-16,1.,0.));
#1950=DIRECTION('ref_axis',(0.,0.,1.));
#1951=DIRECTION('',(1.110223024625E-16,-1.,0.));
#1952=DIRECTION('center_axis',(-1.110223024625E-16,1.,0.));
#1953=DIRECTION('ref_axis',(0.98480775301219,1.09335624222334E-16,0.173648177667033));
#1954=DIRECTION('',(1.110223024625E-16,-1.,0.));
#1955=DIRECTION('center_axis',(0.,0.,-1.));
#1956=DIRECTION('ref_axis',(0.46311494842412,-0.886298225512229,0.));
#1957=DIRECTION('center_axis',(0.,0.,-1.));
#1958=DIRECTION('ref_axis',(1.110223024625E-16,-1.,0.));
#1959=DIRECTION('center_axis',(-0.991979380222419,-1.10131834787647E-16,
-0.126399799104053));
#1960=DIRECTION('ref_axis',(-0.126399799104053,-1.40331967273359E-17,0.991979380222419));
#1961=DIRECTION('',(1.110223024625E-16,-1.,0.));
#1962=DIRECTION('center_axis',(-1.110223024625E-16,1.,0.));
#1963=DIRECTION('ref_axis',(2.22044604925E-15,2.46519032881497E-31,-1.));
#1964=DIRECTION('',(1.110223024625E-16,-1.,0.));
#1965=DIRECTION('center_axis',(0.,0.,-1.));
#1966=DIRECTION('ref_axis',(-1.,-1.110223024625E-16,0.));
#1967=DIRECTION('',(1.110223024625E-16,-1.,0.));
#1968=DIRECTION('center_axis',(-1.,-1.110223024625E-16,0.));
#1969=DIRECTION('ref_axis',(0.,0.,1.));
#1970=DIRECTION('',(1.110223024625E-16,-1.,0.));
#1971=DIRECTION('center_axis',(0.,0.,1.));
#1972=DIRECTION('ref_axis',(1.,1.110223024625E-16,0.));
#1973=DIRECTION('',(1.110223024625E-16,-1.,0.));
#1974=DIRECTION('center_axis',(-1.110223024625E-16,1.,0.));
#1975=DIRECTION('ref_axis',(-0.98480775301219,-1.09335624222334E-16,-0.173648177667033));
#1976=DIRECTION('',(1.110223024625E-16,-1.,0.));
#1977=DIRECTION('center_axis',(0.991979380222419,1.10131834787647E-16,0.126399799104053));
#1978=DIRECTION('ref_axis',(0.126399799104053,1.40331967273359E-17,-0.991979380222419));
#1979=DIRECTION('center_axis',(0.,0.,-1.));
#1980=DIRECTION('ref_axis',(1.110223024625E-16,-1.,0.));
#1981=DIRECTION('',(0.,0.,1.));
#1982=DIRECTION('',(1.,0.,0.));
#1983=CARTESIAN_POINT('',(0.,0.,0.));
#1984=CARTESIAN_POINT('',(0.,0.,0.));
#1985=CARTESIAN_POINT('Origin',(-1.656540344923,0.,0.1));
#1986=CARTESIAN_POINT('',(-1.656540344923,3.156540344923,0.1));
#1987=CARTESIAN_POINT('',(-1.656540344923,-3.156540344923,0.1));
#1988=CARTESIAN_POINT('',(-1.656540344923,3.156540344923,0.1));
#1989=CARTESIAN_POINT('',(-1.75,-3.25,0.765));
#1990=CARTESIAN_POINT('',(-1.656540344923,-3.156540344923,0.1));
#1991=CARTESIAN_POINT('',(-1.75,-2.68345,0.765));
#1992=CARTESIAN_POINT('',(-1.75,3.25,0.765));
#1993=CARTESIAN_POINT('',(-1.75,-1.91675,0.765));
#1994=CARTESIAN_POINT('',(-1.75,3.25,0.765));
#1995=CARTESIAN_POINT('',(-1.75,-0.38335,0.765));
#1996=CARTESIAN_POINT('',(-1.75,3.25,0.765));
#1997=CARTESIAN_POINT('',(-1.75,0.38335,0.765));
#1998=CARTESIAN_POINT('',(-1.75,3.25,0.765));
#1999=CARTESIAN_POINT('',(-1.75,1.91675,0.765));
#2000=CARTESIAN_POINT('',(-1.75,3.25,0.765));
#2001=CARTESIAN_POINT('',(-1.75,2.68345,0.765));
#2002=CARTESIAN_POINT('',(-1.75,3.25,0.765));
#2003=CARTESIAN_POINT('',(-1.75,3.25,0.765));
#2004=CARTESIAN_POINT('',(-1.75,3.25,0.765));
#2005=CARTESIAN_POINT('',(-1.656540344923,3.156540344923,0.1));
#2006=CARTESIAN_POINT('Origin',(-1.656540344923,3.156540344923,0.1));
#2007=CARTESIAN_POINT('',(1.656540344923,3.156540344923,0.1));
#2008=CARTESIAN_POINT('',(1.656540344923,3.156540344923,0.1));
#2009=CARTESIAN_POINT('',(1.656540344923,-3.156540344923,0.1));
#2010=CARTESIAN_POINT('',(1.656540344923,-3.156540344923,0.1));
#2011=CARTESIAN_POINT('',(-1.656540344923,-3.156540344923,0.1));
#2012=CARTESIAN_POINT('Origin',(0.,-3.156540344923,0.1));
#2013=CARTESIAN_POINT('',(1.75,-3.25,0.765));
#2014=CARTESIAN_POINT('',(1.656540344923,-3.156540344923,0.1));
#2015=CARTESIAN_POINT('',(-1.75,-3.25,0.765));
#2016=CARTESIAN_POINT('Origin',(-1.75,3.25,1.035));
#2017=CARTESIAN_POINT('',(-1.75,3.25,1.035));
#2018=CARTESIAN_POINT('',(-1.75,3.25,0.765));
#2019=CARTESIAN_POINT('',(-1.75,2.68345,1.035));
#2020=CARTESIAN_POINT('',(-1.75,2.68345,0.773709888363));
#2021=CARTESIAN_POINT('',(-1.75,3.25,1.035));
#2022=CARTESIAN_POINT('Origin',(-1.72,1.91675,0.765));
#2023=CARTESIAN_POINT('',(-2.25,1.91675,0.765));
#2024=CARTESIAN_POINT('',(-1.72,1.91675,0.765));
#2025=CARTESIAN_POINT('',(-2.25,2.68345,0.765));
#2026=CARTESIAN_POINT('',(-2.25,1.91675,0.765));
#2027=CARTESIAN_POINT('',(-1.72,2.68345,0.765));
#2028=CARTESIAN_POINT('Origin',(-1.75,3.25,1.035));
#2029=CARTESIAN_POINT('',(-1.75,1.91675,1.035));
#2030=CARTESIAN_POINT('',(-1.75,1.91675,0.773709888363));
#2031=CARTESIAN_POINT('',(-1.75,0.38335,1.035));
#2032=CARTESIAN_POINT('',(-1.75,0.38335,0.773709888363));
#2033=CARTESIAN_POINT('',(-1.75,3.25,1.035));
#2034=CARTESIAN_POINT('Origin',(-1.72,-0.38335,0.765));
#2035=CARTESIAN_POINT('',(-2.25,-0.38335,0.765));
#2036=CARTESIAN_POINT('',(-1.72,-0.38335,0.765));
#2037=CARTESIAN_POINT('',(-2.25,0.38335,0.765));
#2038=CARTESIAN_POINT('',(-2.25,-0.38335,0.765));
#2039=CARTESIAN_POINT('',(-1.72,0.38335,0.765));
#2040=CARTESIAN_POINT('Origin',(-1.75,3.25,1.035));
#2041=CARTESIAN_POINT('',(-1.75,-0.38335,1.035));
#2042=CARTESIAN_POINT('',(-1.75,-0.38335,0.773709888363));
#2043=CARTESIAN_POINT('',(-1.75,-1.91675,1.035));
#2044=CARTESIAN_POINT('',(-1.75,-1.91675,0.773709888363));
#2045=CARTESIAN_POINT('',(-1.75,3.25,1.035));
#2046=CARTESIAN_POINT('Origin',(-1.72,-2.68345,0.765));
#2047=CARTESIAN_POINT('',(-2.25,-2.68345,0.765));
#2048=CARTESIAN_POINT('',(-1.72,-2.68345,0.765));
#2049=CARTESIAN_POINT('',(-2.25,-1.91675,0.765));
#2050=CARTESIAN_POINT('',(-2.25,-2.68345,0.765));
#2051=CARTESIAN_POINT('',(-1.72,-1.91675,0.765));
#2052=CARTESIAN_POINT('Origin',(-1.75,3.25,1.035));
#2053=CARTESIAN_POINT('',(-1.75,-2.68345,1.035));
#2054=CARTESIAN_POINT('',(-1.75,-2.68345,0.773709888363));
#2055=CARTESIAN_POINT('',(-1.75,-3.25,1.035));
#2056=CARTESIAN_POINT('',(-1.75,-3.25,0.765));
#2057=CARTESIAN_POINT('',(-1.75,3.25,1.035));
#2058=CARTESIAN_POINT('Origin',(0.,3.156540344923,0.1));
#2059=CARTESIAN_POINT('',(1.75,3.25,0.765));
#2060=CARTESIAN_POINT('',(1.75,3.25,0.765));
#2061=CARTESIAN_POINT('',(1.656540344923,3.156540344923,0.1));
#2062=CARTESIAN_POINT('Origin',(1.656540344923,0.,0.1));
#2063=CARTESIAN_POINT('',(1.75,1.15005,0.765));
#2064=CARTESIAN_POINT('',(1.75,-3.25,0.765));
#2065=CARTESIAN_POINT('',(1.75,-1.15005,0.765));
#2066=CARTESIAN_POINT('',(1.75,-3.25,0.765));
#2067=CARTESIAN_POINT('',(1.75,-3.25,0.765));
#2068=CARTESIAN_POINT('Origin',(-1.75,-3.25,1.035));
#2069=CARTESIAN_POINT('',(1.75,-3.25,1.035));
#2070=CARTESIAN_POINT('',(1.75,-3.25,0.765));
#2071=CARTESIAN_POINT('',(-1.75,-3.25,1.035));
#2072=CARTESIAN_POINT('Origin',(1.75,3.25,1.035));
#2073=CARTESIAN_POINT('',(1.75,3.25,1.035));
#2074=CARTESIAN_POINT('',(1.75,3.25,1.035));
#2075=CARTESIAN_POINT('',(1.75,3.25,0.765));
#2076=CARTESIAN_POINT('Origin',(-1.7425,-3.732941412364E-16,1.035));
#2077=CARTESIAN_POINT('',(-1.735,2.68345,1.035));
#2078=CARTESIAN_POINT('',(-2.25,2.68345,1.035));
#2079=CARTESIAN_POINT('',(-1.735,3.235,1.035));
#2080=CARTESIAN_POINT('',(-1.735,3.235,1.035));
#2081=CARTESIAN_POINT('',(1.735,3.235,1.035));
#2082=CARTESIAN_POINT('',(1.735,3.235,1.035));
#2083=CARTESIAN_POINT('',(1.735,1.15005,1.035));
#2084=CARTESIAN_POINT('',(1.735,-3.235,1.035));
#2085=CARTESIAN_POINT('',(1.75,1.15005,1.035));
#2086=CARTESIAN_POINT('',(2.25,1.15005,1.035));
#2087=CARTESIAN_POINT('',(1.75,-3.25,1.035));
#2088=CARTESIAN_POINT('Origin',(-2.606989201797,2.68345,0.512419776725));
#2089=CARTESIAN_POINT('',(-2.446961550602,2.68345,0.599729635533));
#2090=CARTESIAN_POINT('Origin',(-2.25,2.68345,0.565));
#2091=CARTESIAN_POINT('',(-2.473891419252,2.68345,0.388385356497));
#2092=CARTESIAN_POINT('',(-2.446961550602,2.68345,0.599729635533));
#2093=CARTESIAN_POINT('',(-2.936751063167,2.68345,-1.665334536938E-16));
#2094=CARTESIAN_POINT('Origin',(-2.936751063167,2.68345,0.47));
#2095=CARTESIAN_POINT('',(-3.5,2.68345,-1.665334536938E-16));
#2096=CARTESIAN_POINT('',(-2.936751063167,2.68345,-1.665334536938E-16));
#2097=CARTESIAN_POINT('',(-3.5,2.68345,0.27));
#2098=CARTESIAN_POINT('',(-3.5,2.68345,-1.665334536938E-16));
#2099=CARTESIAN_POINT('',(-2.936751063167,2.68345,0.27));
#2100=CARTESIAN_POINT('',(-3.5,2.68345,0.27));
#2101=CARTESIAN_POINT('',(-2.739789512565,2.68345,0.435270364467));
#2102=CARTESIAN_POINT('Origin',(-2.936751063167,2.68345,0.47));
#2103=CARTESIAN_POINT('',(-2.712859643916,2.68345,0.646614643503));
#2104=CARTESIAN_POINT('',(-2.739789512565,2.68345,0.435270364467));
#2105=CARTESIAN_POINT('',(-2.25,2.68345,1.035));
#2106=CARTESIAN_POINT('Origin',(-2.25,2.68345,0.565));
#2107=CARTESIAN_POINT('',(-2.25,2.68345,1.035));
#2108=CARTESIAN_POINT('Origin',(-2.606989201797,1.91675,0.512419776725));
#2109=CARTESIAN_POINT('',(-2.25,1.91675,1.035));
#2110=CARTESIAN_POINT('',(-2.25,1.91675,1.035));
#2111=CARTESIAN_POINT('',(-2.712859643916,1.91675,0.646614643503));
#2112=CARTESIAN_POINT('Origin',(-2.25,1.91675,0.565));
#2113=CARTESIAN_POINT('',(-2.739789512565,1.91675,0.435270364467));
#2114=CARTESIAN_POINT('',(-2.739789512565,1.91675,0.435270364467));
#2115=CARTESIAN_POINT('',(-2.936751063167,1.91675,0.27));
#2116=CARTESIAN_POINT('Origin',(-2.936751063167,1.91675,0.47));
#2117=CARTESIAN_POINT('',(-3.5,1.91675,0.27));
#2118=CARTESIAN_POINT('',(-3.5,1.91675,0.27));
#2119=CARTESIAN_POINT('',(-3.5,1.91675,-1.665334536938E-16));
#2120=CARTESIAN_POINT('',(-3.5,1.91675,-1.665334536938E-16));
#2121=CARTESIAN_POINT('',(-2.936751063167,1.91675,-1.665334536938E-16));
#2122=CARTESIAN_POINT('',(-2.936751063167,1.91675,-1.665334536938E-16));
#2123=CARTESIAN_POINT('',(-2.473891419252,1.91675,0.388385356497));
#2124=CARTESIAN_POINT('Origin',(-2.936751063167,1.91675,0.47));
#2125=CARTESIAN_POINT('',(-2.446961550602,1.91675,0.599729635533));
#2126=CARTESIAN_POINT('',(-2.446961550602,1.91675,0.599729635533));
#2127=CARTESIAN_POINT('Origin',(-2.25,1.91675,0.565));
#2128=CARTESIAN_POINT('Origin',(-2.25,1.91675,0.565));
#2129=CARTESIAN_POINT('',(-2.446961550602,1.91675,0.599729635533));
#2130=CARTESIAN_POINT('Origin',(-1.7425,-3.732941412364E-16,1.035));
#2131=CARTESIAN_POINT('',(-1.735,1.91675,1.035));
#2132=CARTESIAN_POINT('',(-2.25,1.91675,1.035));
#2133=CARTESIAN_POINT('',(-1.735,0.38335,1.035));
#2134=CARTESIAN_POINT('',(-2.25,0.38335,1.035));
#2135=CARTESIAN_POINT('',(-1.735,3.235,1.035));
#2136=CARTESIAN_POINT('Origin',(-2.606989201797,0.38335,0.512419776725));
#2137=CARTESIAN_POINT('',(-2.446961550602,0.38335,0.599729635533));
#2138=CARTESIAN_POINT('Origin',(-2.25,0.38335,0.565));
#2139=CARTESIAN_POINT('',(-2.473891419252,0.38335,0.388385356497));
#2140=CARTESIAN_POINT('',(-2.446961550602,0.38335,0.599729635533));
#2141=CARTESIAN_POINT('',(-2.936751063167,0.38335,-1.665334536938E-16));
#2142=CARTESIAN_POINT('Origin',(-2.936751063167,0.38335,0.47));
#2143=CARTESIAN_POINT('',(-3.5,0.38335,-1.665334536938E-16));
#2144=CARTESIAN_POINT('',(-2.936751063167,0.38335,-1.665334536938E-16));
#2145=CARTESIAN_POINT('',(-3.5,0.38335,0.27));
#2146=CARTESIAN_POINT('',(-3.5,0.38335,-1.665334536938E-16));
#2147=CARTESIAN_POINT('',(-2.936751063167,0.38335,0.27));
#2148=CARTESIAN_POINT('',(-3.5,0.38335,0.27));
#2149=CARTESIAN_POINT('',(-2.739789512565,0.38335,0.435270364467));
#2150=CARTESIAN_POINT('Origin',(-2.936751063167,0.38335,0.47));
#2151=CARTESIAN_POINT('',(-2.712859643916,0.38335,0.646614643503));
#2152=CARTESIAN_POINT('',(-2.739789512565,0.38335,0.435270364467));
#2153=CARTESIAN_POINT('',(-2.25,0.38335,1.035));
#2154=CARTESIAN_POINT('Origin',(-2.25,0.38335,0.565));
#2155=CARTESIAN_POINT('',(-2.25,0.38335,1.035));
#2156=CARTESIAN_POINT('Origin',(-2.606989201797,-0.38335,0.512419776725));
#2157=CARTESIAN_POINT('',(-2.25,-0.38335,1.035));
#2158=CARTESIAN_POINT('',(-2.25,-0.38335,1.035));
#2159=CARTESIAN_POINT('',(-2.712859643916,-0.38335,0.646614643503));
#2160=CARTESIAN_POINT('Origin',(-2.25,-0.38335,0.565));
#2161=CARTESIAN_POINT('',(-2.739789512565,-0.38335,0.435270364467));
#2162=CARTESIAN_POINT('',(-2.739789512565,-0.38335,0.435270364467));
#2163=CARTESIAN_POINT('',(-2.936751063167,-0.38335,0.27));
#2164=CARTESIAN_POINT('Origin',(-2.936751063167,-0.38335,0.47));
#2165=CARTESIAN_POINT('',(-3.5,-0.38335,0.27));
#2166=CARTESIAN_POINT('',(-3.5,-0.38335,0.27));
#2167=CARTESIAN_POINT('',(-3.5,-0.38335,-1.665334536938E-16));
#2168=CARTESIAN_POINT('',(-3.5,-0.38335,-1.665334536938E-16));
#2169=CARTESIAN_POINT('',(-2.936751063167,-0.38335,-1.665334536938E-16));
#2170=CARTESIAN_POINT('',(-2.936751063167,-0.38335,-1.665334536938E-16));
#2171=CARTESIAN_POINT('',(-2.473891419252,-0.38335,0.388385356497));
#2172=CARTESIAN_POINT('Origin',(-2.936751063167,-0.38335,0.47));
#2173=CARTESIAN_POINT('',(-2.446961550602,-0.38335,0.599729635533));
#2174=CARTESIAN_POINT('',(-2.446961550602,-0.38335,0.599729635533));
#2175=CARTESIAN_POINT('Origin',(-2.25,-0.38335,0.565));
#2176=CARTESIAN_POINT('Origin',(-2.25,-0.38335,0.565));
#2177=CARTESIAN_POINT('',(-2.446961550602,-0.38335,0.599729635533));
#2178=CARTESIAN_POINT('Origin',(-1.7425,-3.732941412364E-16,1.035));
#2179=CARTESIAN_POINT('',(-1.735,-0.38335,1.035));
#2180=CARTESIAN_POINT('',(-2.25,-0.38335,1.035));
#2181=CARTESIAN_POINT('',(-1.735,-1.91675,1.035));
#2182=CARTESIAN_POINT('',(-2.25,-1.91675,1.035));
#2183=CARTESIAN_POINT('',(-1.735,3.235,1.035));
#2184=CARTESIAN_POINT('Origin',(-2.606989201797,-1.91675,0.512419776725));
#2185=CARTESIAN_POINT('',(-2.446961550602,-1.91675,0.599729635533));
#2186=CARTESIAN_POINT('Origin',(-2.25,-1.91675,0.565));
#2187=CARTESIAN_POINT('',(-2.473891419252,-1.91675,0.388385356497));
#2188=CARTESIAN_POINT('',(-2.446961550602,-1.91675,0.599729635533));
#2189=CARTESIAN_POINT('',(-2.936751063167,-1.91675,-1.665334536938E-16));
#2190=CARTESIAN_POINT('Origin',(-2.936751063167,-1.91675,0.47));
#2191=CARTESIAN_POINT('',(-3.5,-1.91675,-1.665334536938E-16));
#2192=CARTESIAN_POINT('',(-2.936751063167,-1.91675,-1.665334536938E-16));
#2193=CARTESIAN_POINT('',(-3.5,-1.91675,0.27));
#2194=CARTESIAN_POINT('',(-3.5,-1.91675,-1.665334536938E-16));
#2195=CARTESIAN_POINT('',(-2.936751063167,-1.91675,0.27));
#2196=CARTESIAN_POINT('',(-3.5,-1.91675,0.27));
#2197=CARTESIAN_POINT('',(-2.739789512565,-1.91675,0.435270364467));
#2198=CARTESIAN_POINT('Origin',(-2.936751063167,-1.91675,0.47));
#2199=CARTESIAN_POINT('',(-2.712859643916,-1.91675,0.646614643503));
#2200=CARTESIAN_POINT('',(-2.739789512565,-1.91675,0.435270364467));
#2201=CARTESIAN_POINT('',(-2.25,-1.91675,1.035));
#2202=CARTESIAN_POINT('Origin',(-2.25,-1.91675,0.565));
#2203=CARTESIAN_POINT('',(-2.25,-1.91675,1.035));
#2204=CARTESIAN_POINT('Origin',(-2.606989201797,-2.68345,0.512419776725));
#2205=CARTESIAN_POINT('',(-2.25,-2.68345,1.035));
#2206=CARTESIAN_POINT('',(-2.25,-2.68345,1.035));
#2207=CARTESIAN_POINT('',(-2.712859643916,-2.68345,0.646614643503));
#2208=CARTESIAN_POINT('Origin',(-2.25,-2.68345,0.565));
#2209=CARTESIAN_POINT('',(-2.739789512565,-2.68345,0.435270364467));
#2210=CARTESIAN_POINT('',(-2.739789512565,-2.68345,0.435270364467));
#2211=CARTESIAN_POINT('',(-2.936751063167,-2.68345,0.27));
#2212=CARTESIAN_POINT('Origin',(-2.936751063167,-2.68345,0.47));
#2213=CARTESIAN_POINT('',(-3.5,-2.68345,0.27));
#2214=CARTESIAN_POINT('',(-3.5,-2.68345,0.27));
#2215=CARTESIAN_POINT('',(-3.5,-2.68345,-1.665334536938E-16));
#2216=CARTESIAN_POINT('',(-3.5,-2.68345,-1.665334536938E-16));
#2217=CARTESIAN_POINT('',(-2.936751063167,-2.68345,-1.665334536938E-16));
#2218=CARTESIAN_POINT('',(-2.936751063167,-2.68345,-1.665334536938E-16));
#2219=CARTESIAN_POINT('',(-2.473891419252,-2.68345,0.388385356497));
#2220=CARTESIAN_POINT('Origin',(-2.936751063167,-2.68345,0.47));
#2221=CARTESIAN_POINT('',(-2.446961550602,-2.68345,0.599729635533));
#2222=CARTESIAN_POINT('',(-2.446961550602,-2.68345,0.599729635533));
#2223=CARTESIAN_POINT('Origin',(-2.25,-2.68345,0.565));
#2224=CARTESIAN_POINT('Origin',(-2.25,-2.68345,0.565));
#2225=CARTESIAN_POINT('',(-2.446961550602,-2.68345,0.599729635533));
#2226=CARTESIAN_POINT('Origin',(-1.7425,-3.732941412364E-16,1.035));
#2227=CARTESIAN_POINT('',(1.75,-1.15005,1.035));
#2228=CARTESIAN_POINT('',(1.75,-3.25,1.035));
#2229=CARTESIAN_POINT('',(1.735,-1.15005,1.035));
#2230=CARTESIAN_POINT('',(2.25,-1.15005,1.035));
#2231=CARTESIAN_POINT('',(1.735,-3.235,1.035));
#2232=CARTESIAN_POINT('',(1.735,-3.235,1.035));
#2233=CARTESIAN_POINT('',(-1.735,-3.235,1.035));
#2234=CARTESIAN_POINT('',(-1.735,-3.235,1.035));
#2235=CARTESIAN_POINT('',(-1.735,-2.68345,1.035));
#2236=CARTESIAN_POINT('',(-1.735,3.235,1.035));
#2237=CARTESIAN_POINT('',(-2.25,-2.68345,1.035));
#2238=CARTESIAN_POINT('Origin',(1.75,-3.25,1.035));
#2239=CARTESIAN_POINT('',(1.75,-1.15005,0.773709888363));
#2240=CARTESIAN_POINT('Origin',(1.72,-0.38335,0.765));
#2241=CARTESIAN_POINT('',(2.25,1.15005,0.765));
#2242=CARTESIAN_POINT('',(1.72,1.15005,0.765));
#2243=CARTESIAN_POINT('',(2.25,-1.15005,0.765));
#2244=CARTESIAN_POINT('',(2.25,1.15005,0.765));
#2245=CARTESIAN_POINT('',(1.72,-1.15005,0.765));
#2246=CARTESIAN_POINT('Origin',(1.75,-3.25,1.035));
#2247=CARTESIAN_POINT('',(1.75,1.15005,0.773709888363));
#2248=CARTESIAN_POINT('Origin',(2.25,-0.38335,1.035));
#2249=CARTESIAN_POINT('',(2.25,-1.15005,1.035));
#2250=CARTESIAN_POINT('',(2.25,1.15005,1.035));
#2251=CARTESIAN_POINT('',(2.25,-1.15005,1.035));
#2252=CARTESIAN_POINT('',(2.25,1.15005,1.035));
#2253=CARTESIAN_POINT('',(1.735,-3.235,1.035));
#2254=CARTESIAN_POINT('',(2.25,-1.15005,1.035));
#2255=CARTESIAN_POINT('Origin',(1.735,0.,1.035));
#2256=CARTESIAN_POINT('',(1.641540344923,3.141540344923,1.7));
#2257=CARTESIAN_POINT('',(1.735,3.235,1.035));
#2258=CARTESIAN_POINT('',(1.641540344923,-3.141540344923,1.7));
#2259=CARTESIAN_POINT('',(1.641540344923,-3.141540344923,1.7));
#2260=CARTESIAN_POINT('',(1.735,-3.235,1.035));
#2261=CARTESIAN_POINT('Origin',(0.,3.235,1.035));
#2262=CARTESIAN_POINT('',(-1.641540344923,3.141540344923,1.7));
#2263=CARTESIAN_POINT('',(-1.735,3.235,1.035));
#2264=CARTESIAN_POINT('',(1.641540344923,3.141540344923,1.7));
#2265=CARTESIAN_POINT('Origin',(-1.735,0.,1.035));
#2266=CARTESIAN_POINT('',(-1.735,3.235,1.035));
#2267=CARTESIAN_POINT('',(-1.735,3.235,1.035));
#2268=CARTESIAN_POINT('',(-1.735,3.235,1.035));
#2269=CARTESIAN_POINT('',(-1.641540344923,-3.141540344923,1.7));
#2270=CARTESIAN_POINT('',(-1.735,-3.235,1.035));
#2271=CARTESIAN_POINT('',(-1.641540344923,3.141540344923,1.7));
#2272=CARTESIAN_POINT('Origin',(-2.25,1.91675,1.035));
#2273=CARTESIAN_POINT('',(-2.25,1.91675,1.035));
#2274=CARTESIAN_POINT('Origin',(-2.25,1.91675,0.565));
#2275=CARTESIAN_POINT('',(-2.712859643916,1.91675,0.646614643503));
#2276=CARTESIAN_POINT('Origin',(-2.739789512565,1.91675,0.435270364467));
#2277=CARTESIAN_POINT('',(-2.739789512565,1.91675,0.435270364467));
#2278=CARTESIAN_POINT('Origin',(-2.936751063167,1.91675,0.47));
#2279=CARTESIAN_POINT('',(-2.936751063167,1.91675,0.27));
#2280=CARTESIAN_POINT('Origin',(-3.5,1.91675,0.27));
#2281=CARTESIAN_POINT('',(-3.5,1.91675,0.27));
#2282=CARTESIAN_POINT('Origin',(-3.5,1.91675,-1.665334536938E-16));
#2283=CARTESIAN_POINT('',(-3.5,1.91675,-1.665334536938E-16));
#2284=CARTESIAN_POINT('Origin',(-2.936751063167,1.91675,-1.665334536938E-16));
#2285=CARTESIAN_POINT('',(-2.936751063167,1.91675,-1.665334536938E-16));
#2286=CARTESIAN_POINT('Origin',(-2.936751063167,1.91675,0.47));
#2287=CARTESIAN_POINT('',(-2.473891419252,1.91675,0.388385356497));
#2288=CARTESIAN_POINT('Origin',(-2.446961550602,1.91675,0.599729635533));
#2289=CARTESIAN_POINT('Origin',(-2.25,-0.38335,1.035));
#2290=CARTESIAN_POINT('',(-2.25,-0.38335,1.035));
#2291=CARTESIAN_POINT('Origin',(-2.25,-0.38335,0.565));
#2292=CARTESIAN_POINT('',(-2.712859643916,-0.38335,0.646614643503));
#2293=CARTESIAN_POINT('Origin',(-2.739789512565,-0.38335,0.435270364467));
#2294=CARTESIAN_POINT('',(-2.739789512565,-0.38335,0.435270364467));
#2295=CARTESIAN_POINT('Origin',(-2.936751063167,-0.38335,0.47));
#2296=CARTESIAN_POINT('',(-2.936751063167,-0.38335,0.27));
#2297=CARTESIAN_POINT('Origin',(-3.5,-0.38335,0.27));
#2298=CARTESIAN_POINT('',(-3.5,-0.38335,0.27));
#2299=CARTESIAN_POINT('Origin',(-3.5,-0.38335,-1.665334536938E-16));
#2300=CARTESIAN_POINT('',(-3.5,-0.38335,-1.665334536938E-16));
#2301=CARTESIAN_POINT('Origin',(-2.936751063167,-0.38335,-1.665334536938E-16));
#2302=CARTESIAN_POINT('',(-2.936751063167,-0.38335,-1.665334536938E-16));
#2303=CARTESIAN_POINT('Origin',(-2.936751063167,-0.38335,0.47));
#2304=CARTESIAN_POINT('',(-2.473891419252,-0.38335,0.388385356497));
#2305=CARTESIAN_POINT('Origin',(-2.446961550602,-0.38335,0.599729635533));
#2306=CARTESIAN_POINT('Origin',(-2.25,-2.68345,1.035));
#2307=CARTESIAN_POINT('',(-2.25,-2.68345,1.035));
#2308=CARTESIAN_POINT('Origin',(-2.25,-2.68345,0.565));
#2309=CARTESIAN_POINT('',(-2.712859643916,-2.68345,0.646614643503));
#2310=CARTESIAN_POINT('Origin',(-2.739789512565,-2.68345,0.435270364467));
#2311=CARTESIAN_POINT('',(-2.739789512565,-2.68345,0.435270364467));
#2312=CARTESIAN_POINT('Origin',(-2.936751063167,-2.68345,0.47));
#2313=CARTESIAN_POINT('',(-2.936751063167,-2.68345,0.27));
#2314=CARTESIAN_POINT('Origin',(-3.5,-2.68345,0.27));
#2315=CARTESIAN_POINT('',(-3.5,-2.68345,0.27));
#2316=CARTESIAN_POINT('Origin',(-3.5,-2.68345,-1.665334536938E-16));
#2317=CARTESIAN_POINT('',(-3.5,-2.68345,-1.665334536938E-16));
#2318=CARTESIAN_POINT('Origin',(-2.936751063167,-2.68345,-1.665334536938E-16));
#2319=CARTESIAN_POINT('',(-2.936751063167,-2.68345,-1.665334536938E-16));
#2320=CARTESIAN_POINT('Origin',(-2.936751063167,-2.68345,0.47));
#2321=CARTESIAN_POINT('',(-2.473891419252,-2.68345,0.388385356497));
#2322=CARTESIAN_POINT('Origin',(-2.446961550602,-2.68345,0.599729635533));
#2323=CARTESIAN_POINT('Origin',(0.,-3.235,1.035));
#2324=CARTESIAN_POINT('',(-1.641540344923,-3.141540344923,1.7));
#2325=CARTESIAN_POINT('Origin',(2.606989201797,-1.15005,0.512419776725));
#2326=CARTESIAN_POINT('',(2.446961550602,-1.15005,0.599729635533));
#2327=CARTESIAN_POINT('Origin',(2.25,-1.15005,0.565));
#2328=CARTESIAN_POINT('',(2.473891419252,-1.15005,0.388385356497));
#2329=CARTESIAN_POINT('',(2.446961550602,-1.15005,0.599729635533));
#2330=CARTESIAN_POINT('',(2.936751063167,-1.15005,-1.665334536938E-16));
#2331=CARTESIAN_POINT('Origin',(2.936751063167,-1.15005,0.47));
#2332=CARTESIAN_POINT('',(3.5,-1.15005,-1.665334536938E-16));
#2333=CARTESIAN_POINT('',(2.936751063167,-1.15005,-1.665334536938E-16));
#2334=CARTESIAN_POINT('',(3.5,-1.15005,0.27));
#2335=CARTESIAN_POINT('',(3.5,-1.15005,-1.665334536938E-16));
#2336=CARTESIAN_POINT('',(2.936751063167,-1.15005,0.27));
#2337=CARTESIAN_POINT('',(3.5,-1.15005,0.27));
#2338=CARTESIAN_POINT('',(2.739789512565,-1.15005,0.435270364467));
#2339=CARTESIAN_POINT('Origin',(2.936751063167,-1.15005,0.47));
#2340=CARTESIAN_POINT('',(2.712859643916,-1.15005,0.646614643503));
#2341=CARTESIAN_POINT('',(2.739789512565,-1.15005,0.435270364467));
#2342=CARTESIAN_POINT('Origin',(2.25,-1.15005,0.565));
#2343=CARTESIAN_POINT('Origin',(2.606989201797,1.15005,0.512419776725));
#2344=CARTESIAN_POINT('',(2.712859643916,1.15005,0.646614643503));
#2345=CARTESIAN_POINT('Origin',(2.25,1.15005,0.565));
#2346=CARTESIAN_POINT('',(2.739789512565,1.15005,0.435270364467));
#2347=CARTESIAN_POINT('',(2.739789512565,1.15005,0.435270364467));
#2348=CARTESIAN_POINT('',(2.936751063167,1.15005,0.27));
#2349=CARTESIAN_POINT('Origin',(2.936751063167,1.15005,0.47));
#2350=CARTESIAN_POINT('',(3.5,1.15005,0.27));
#2351=CARTESIAN_POINT('',(3.5,1.15005,0.27));
#2352=CARTESIAN_POINT('',(3.5,1.15005,-1.665334536938E-16));
#2353=CARTESIAN_POINT('',(3.5,1.15005,-1.665334536938E-16));
#2354=CARTESIAN_POINT('',(2.936751063167,1.15005,-1.665334536938E-16));
#2355=CARTESIAN_POINT('',(2.936751063167,1.15005,-1.665334536938E-16));
#2356=CARTESIAN_POINT('',(2.473891419252,1.15005,0.388385356497));
#2357=CARTESIAN_POINT('Origin',(2.936751063167,1.15005,0.47));
#2358=CARTESIAN_POINT('',(2.446961550602,1.15005,0.599729635533));
#2359=CARTESIAN_POINT('',(2.446961550602,1.15005,0.599729635533));
#2360=CARTESIAN_POINT('Origin',(2.25,1.15005,0.565));
#2361=CARTESIAN_POINT('Origin',(2.25,-0.38335,0.565));
#2362=CARTESIAN_POINT('',(2.446961550602,1.15005,0.599729635533));
#2363=CARTESIAN_POINT('Origin',(2.25,-0.38335,0.565));
#2364=CARTESIAN_POINT('',(2.712859643916,1.15005,0.646614643503));
#2365=CARTESIAN_POINT('Origin',(-1.641540344923,3.141540344923,1.7));
#2366=CARTESIAN_POINT('',(-1.441540344923,2.891540344923,1.7));
#2367=CARTESIAN_POINT('Origin',(-1.441540344923,2.941540344923,1.7));
#2368=CARTESIAN_POINT('Origin',(2.739789512565,-0.38335,0.435270364467));
#2369=CARTESIAN_POINT('',(2.739789512565,1.15005,0.435270364467));
#2370=CARTESIAN_POINT('Origin',(2.936751063167,-0.38335,0.47));
#2371=CARTESIAN_POINT('',(2.936751063167,1.15005,0.27));
#2372=CARTESIAN_POINT('Origin',(3.5,-0.38335,0.27));
#2373=CARTESIAN_POINT('',(3.5,1.15005,0.27));
#2374=CARTESIAN_POINT('Origin',(3.5,-0.38335,-1.665334536938E-16));
#2375=CARTESIAN_POINT('',(3.5,1.15005,-1.665334536938E-16));
#2376=CARTESIAN_POINT('Origin',(2.936751063167,-0.38335,-1.665334536938E-16));
#2377=CARTESIAN_POINT('',(2.936751063167,1.15005,-1.665334536938E-16));
#2378=CARTESIAN_POINT('Origin',(2.936751063167,-0.38335,0.47));
#2379=CARTESIAN_POINT('',(2.473891419252,1.15005,0.388385356497));
#2380=CARTESIAN_POINT('Origin',(2.446961550602,-0.38335,0.599729635533));
#2381=CARTESIAN_POINT('Origin',(-1.441540344923,2.941540344923,1.7));
#2382=CARTESIAN_POINT('',(0.,0.,0.));
#2383=UNCERTAINTY_MEASURE_WITH_UNIT(LENGTH_MEASURE(0.01),#2389,
'DISTANCE_ACCURACY_VALUE',
'Maximum model space distance between geometric entities at asserted c
onnectivities');
#2384=UNCERTAINTY_MEASURE_WITH_UNIT(LENGTH_MEASURE(0.01),#2389,
'DISTANCE_ACCURACY_VALUE',
'Maximum model space distance between geometric entities at asserted c
onnectivities');
#2385=UNCERTAINTY_MEASURE_WITH_UNIT(LENGTH_MEASURE(0.01),#2389,
'DISTANCE_ACCURACY_VALUE',
'Maximum model space distance between geometric entities at asserted c
onnectivities');
#2386=(
GEOMETRIC_REPRESENTATION_CONTEXT(3)
GLOBAL_UNCERTAINTY_ASSIGNED_CONTEXT((#2383))
GLOBAL_UNIT_ASSIGNED_CONTEXT((#2389,#2391,#2392))
REPRESENTATION_CONTEXT('','3D')
);
#2387=(
GEOMETRIC_REPRESENTATION_CONTEXT(3)
GLOBAL_UNCERTAINTY_ASSIGNED_CONTEXT((#2384))
GLOBAL_UNIT_ASSIGNED_CONTEXT((#2389,#2391,#2392))
REPRESENTATION_CONTEXT('','3D')
);
#2388=(
GEOMETRIC_REPRESENTATION_CONTEXT(3)
GLOBAL_UNCERTAINTY_ASSIGNED_CONTEXT((#2385))
GLOBAL_UNIT_ASSIGNED_CONTEXT((#2389,#2391,#2392))
REPRESENTATION_CONTEXT('','3D')
);
#2389=(
LENGTH_UNIT()
NAMED_UNIT(*)
SI_UNIT(.MILLI.,.METRE.)
);
#2390=(
LENGTH_UNIT()
NAMED_UNIT(*)
SI_UNIT($,.METRE.)
);
#2391=(
NAMED_UNIT(*)
PLANE_ANGLE_UNIT()
SI_UNIT($,.RADIAN.)
);
#2392=(
NAMED_UNIT(*)
SI_UNIT($,.STERADIAN.)
SOLID_ANGLE_UNIT()
);
#2393=SHAPE_DEFINITION_REPRESENTATION(#2395,#2398);
#2394=SHAPE_DEFINITION_REPRESENTATION(#2396,#2399);
#2395=PRODUCT_DEFINITION_SHAPE('',$,#2401);
#2396=PRODUCT_DEFINITION_SHAPE('',$,#2402);
#2397=PRODUCT_DEFINITION_SHAPE($,$,#14);
#2398=SHAPE_REPRESENTATION('',(#1486,#1596),#2386);
#2399=SHAPE_REPRESENTATION('',(#1487),#2387);
#2400=PRODUCT_DEFINITION_CONTEXT('part definition',#2408,'design');
#2401=PRODUCT_DEFINITION('2026-09-16-09-39-46-216','SOT-223 (1)',#2403,
#2400);
#2402=PRODUCT_DEFINITION('2026-09-16-09-39-46-215','SOT-223',#2404,#2400);
#2403=PRODUCT_DEFINITION_FORMATION('',$,#2410);
#2404=PRODUCT_DEFINITION_FORMATION('',$,#2411);
#2405=PRODUCT_RELATED_PRODUCT_CATEGORY('SOT-223 (1)','SOT-223 (1)',(#2410));
#2406=PRODUCT_RELATED_PRODUCT_CATEGORY('SOT-223','SOT-223',(#2411));
#2407=APPLICATION_PROTOCOL_DEFINITION('international standard',
'automotive_design',2009,#2408);
#2408=APPLICATION_CONTEXT(
'Core Data for Automotive Mechanical Design Process');
#2409=PRODUCT_CONTEXT('part definition',#2408,'mechanical');
#2410=PRODUCT('2026-09-16-09-39-46-216','SOT-223 (1)',$,(#2409));
#2411=PRODUCT('2026-09-16-09-39-46-215','SOT-223',$,(#2409));
#2412=PRESENTATION_STYLE_ASSIGNMENT((#2416));
#2413=PRESENTATION_STYLE_ASSIGNMENT((#2417));
#2414=PRESENTATION_STYLE_ASSIGNMENT((#2418));
#2415=PRESENTATION_STYLE_ASSIGNMENT((#2419));
#2416=SURFACE_STYLE_USAGE(.BOTH.,#2420);
#2417=SURFACE_STYLE_USAGE(.BOTH.,#2421);
#2418=SURFACE_STYLE_USAGE(.BOTH.,#2422);
#2419=SURFACE_STYLE_USAGE(.BOTH.,#2423);
#2420=SURFACE_SIDE_STYLE('',(#2424));
#2421=SURFACE_SIDE_STYLE('',(#2425));
#2422=SURFACE_SIDE_STYLE('',(#2426));
#2423=SURFACE_SIDE_STYLE('',(#2427));
#2424=SURFACE_STYLE_FILL_AREA(#2428);
#2425=SURFACE_STYLE_FILL_AREA(#2429);
#2426=SURFACE_STYLE_FILL_AREA(#2430);
#2427=SURFACE_STYLE_FILL_AREA(#2431);
#2428=FILL_AREA_STYLE('Steel - Satin',(#2432));
#2429=FILL_AREA_STYLE('Opaque(38,37,37)',(#2433));
#2430=FILL_AREA_STYLE('Opaque(210,209,199)',(#2434));
#2431=FILL_AREA_STYLE('Opaque(176,169,152)',(#2435));
#2432=FILL_AREA_STYLE_COLOUR('Steel - Satin',#2436);
#2433=FILL_AREA_STYLE_COLOUR('Opaque(38,37,37)',#2437);
#2434=FILL_AREA_STYLE_COLOUR('Opaque(210,209,199)',#2438);
#2435=FILL_AREA_STYLE_COLOUR('Opaque(176,169,152)',#2439);
#2436=COLOUR_RGB('Steel - Satin',0.627450980392157,0.627450980392157,0.627450980392157);
#2437=COLOUR_RGB('Opaque(38,37,37)',0.149019607843137,0.145098039215686,
0.145098039215686);
#2438=COLOUR_RGB('Opaque(210,209,199)',0.823529411764706,0.819607843137255,
0.780392156862745);
#2439=COLOUR_RGB('Opaque(176,169,152)',0.690196078431373,0.662745098039216,
0.596078431372549);
ENDSEC;
END-ISO-10303-21;
