ISO-10303-21;
HEADER;
/* Generated by software containing ST-Developer
 * from STEP Tools, Inc. (www.steptools.com) 
 */

FILE_DESCRIPTION(
/* description */ (''),
/* implementation_level */ '2;1');

FILE_NAME(
/* name */ 'SW_Push_1P1T_NO_E-Switch_TL3301NxxxxxG.step',
/* time_stamp */ '2026-09-16T09:39:20+05:45',
/* author */ (''),
/* organization */ (''),
/* preprocessor_version */ 'ST-DEVELOPER v20.2',
/* originating_system */ 'Autodesk Translation Framework v15.15.0.0',
/* authorisation */ '');

FILE_SCHEMA (('AUTOMOTIVE_DESIGN { 1 0 10303 214 3 1 1 }'));
ENDSEC;

DATA;
#10=MECHANICAL_DESIGN_GEOMETRIC_PRESENTATION_REPRESENTATION('',(#1626,#1627,
#1628,#1629,#1630,#1631,#1632,#1633,#1634,#1635,#1636,#1637,#1638,#1639,
#1640,#1641,#1642,#1643,#1644,#1645,#1646,#1647,#1648,#1649,#1650,#1651,
#1652,#1653,#1654,#1655,#1656,#1657,#1658,#1659,#1660,#1661,#1662,#1663,
#1664,#1665,#1666,#1667,#1668,#1669,#1670,#1671,#1672,#1673,#1674,#1675,
#1676,#1677,#1678,#1679,#1680,#1681,#1682,#1683,#1684,#1685,#1686,#1687,
#1688,#1689,#1690,#1691,#1692,#1693,#1694,#1695,#1696,#1697,#1698,#1699,
#1700,#1701,#1702,#1703,#1704,#1705,#1706,#1707,#1708,#1709,#1710,#1711,
#1712,#1713,#1714,#1715,#1716,#1717,#1718,#1719,#1720,#1721),#3208);
#11=ITEM_DEFINED_TRANSFORMATION($,$,#1831,#1977);
#12=(
REPRESENTATION_RELATIONSHIP($,$,#3219,#3218)
REPRESENTATION_RELATIONSHIP_WITH_TRANSFORMATION(#11)
SHAPE_REPRESENTATION_RELATIONSHIP()
);
#13=CONTEXT_DEPENDENT_SHAPE_REPRESENTATION(#12,#3217);
#14=NEXT_ASSEMBLY_USAGE_OCCURRENCE(
'SW_Push_1P1T_NO_E-Switch_TL3301NxxxxxG:1',
'SW_Push_1P1T_NO_E-Switch_TL3301NxxxxxG:1',
'SW_Push_1P1T_NO_E-Switch_TL3301NxxxxxG:1',#3221,#3222,
'SW_Push_1P1T_NO_E-Switch_TL3301NxxxxxG:1');
#15=SHAPE_REPRESENTATION_RELATIONSHIP('SRR','None',#3219,#16);
#16=ADVANCED_BREP_SHAPE_REPRESENTATION('',(#17),#3207);
#17=MANIFOLD_SOLID_BREP('Body1',#1817);
#18=TOROIDAL_SURFACE('',#1973,1.6,0.15);
#19=(
BOUNDED_SURFACE()
B_SPLINE_SURFACE(6,2,((#2922,#2923,#2924,#2925,#2926,#2927,#2928,#2929,
#2930),(#2931,#2932,#2933,#2934,#2935,#2936,#2937,#2938,#2939),(#2940,#2941,
#2942,#2943,#2944,#2945,#2946,#2947,#2948),(#2949,#2950,#2951,#2952,#2953,
#2954,#2955,#2956,#2957),(#2958,#2959,#2960,#2961,#2962,#2963,#2964,#2965,
#2966),(#2967,#2968,#2969,#2970,#2971,#2972,#2973,#2974,#2975),(#2976,#2977,
#2978,#2979,#2980,#2981,#2982,#2983,#2984)),.UNSPECIFIED.,.F.,.T.,.F.)
B_SPLINE_SURFACE_WITH_KNOTS((7,7),(3,2,2,2,3),(0.,1.570796326795),(0.,1.5707963267949,
3.14159265358979,4.71238898038469,6.28318530717959),.UNSPECIFIED.)
GEOMETRIC_REPRESENTATION_ITEM()
RATIONAL_B_SPLINE_SURFACE(((1.,0.707106781186548,1.,0.707106781186548,1.,
0.707106781186548,1.,0.707106781186548,1.),(1.,0.707106781186548,1.,0.707106781186548,
1.,0.707106781186548,1.,0.707106781186548,1.),(1.,0.707106781186548,1.,
0.707106781186548,1.,0.707106781186548,1.,0.707106781186548,1.),(1.,0.707106781186548,
1.,0.707106781186548,1.,0.707106781186548,1.,0.707106781186548,1.),(1.,
0.707106781186548,1.,0.707106781186548,1.,0.707106781186548,1.,0.707106781186548,
1.),(1.,0.707106781186548,1.,0.707106781186548,1.,0.707106781186548,1.,
0.707106781186548,1.),(1.,0.707106781186548,1.,0.707106781186548,1.,0.707106781186548,
1.,0.707106781186548,1.)))
REPRESENTATION_ITEM('')
SURFACE()
);
#20=(
BOUNDED_SURFACE()
B_SPLINE_SURFACE(6,2,((#2988,#2989,#2990,#2991,#2992,#2993,#2994,#2995,
#2996),(#2997,#2998,#2999,#3000,#3001,#3002,#3003,#3004,#3005),(#3006,#3007,
#3008,#3009,#3010,#3011,#3012,#3013,#3014),(#3015,#3016,#3017,#3018,#3019,
#3020,#3021,#3022,#3023),(#3024,#3025,#3026,#3027,#3028,#3029,#3030,#3031,
#3032),(#3033,#3034,#3035,#3036,#3037,#3038,#3039,#3040,#3041),(#3042,#3043,
#3044,#3045,#3046,#3047,#3048,#3049,#3050)),.UNSPECIFIED.,.F.,.T.,.F.)
B_SPLINE_SURFACE_WITH_KNOTS((7,7),(3,2,2,2,3),(0.,1.570796326795),(0.,1.5707963267949,
3.14159265358979,4.71238898038469,6.28318530717959),.UNSPECIFIED.)
GEOMETRIC_REPRESENTATION_ITEM()
RATIONAL_B_SPLINE_SURFACE(((1.,0.707106781186548,1.,0.707106781186548,1.,
0.707106781186548,1.,0.707106781186548,1.),(1.,0.707106781186548,1.,0.707106781186548,
1.,0.707106781186548,1.,0.707106781186548,1.),(1.,0.707106781186548,1.,
0.707106781186548,1.,0.707106781186548,1.,0.707106781186548,1.),(1.,0.707106781186548,
1.,0.707106781186548,1.,0.707106781186548,1.,0.707106781186548,1.),(1.,
0.707106781186548,1.,0.707106781186548,1.,0.707106781186548,1.,0.707106781186548,
1.),(1.,0.707106781186548,1.,0.707106781186548,1.,0.707106781186548,1.,
0.707106781186548,1.),(1.,0.707106781186548,1.,0.707106781186548,1.,0.707106781186548,
1.,0.707106781186548,1.)))
REPRESENTATION_ITEM('')
SURFACE()
);
#21=(
BOUNDED_SURFACE()
B_SPLINE_SURFACE(6,2,((#3054,#3055,#3056,#3057,#3058,#3059,#3060,#3061,
#3062),(#3063,#3064,#3065,#3066,#3067,#3068,#3069,#3070,#3071),(#3072,#3073,
#3074,#3075,#3076,#3077,#3078,#3079,#3080),(#3081,#3082,#3083,#3084,#3085,
#3086,#3087,#3088,#3089),(#3090,#3091,#3092,#3093,#3094,#3095,#3096,#3097,
#3098),(#3099,#3100,#3101,#3102,#3103,#3104,#3105,#3106,#3107),(#3108,#3109,
#3110,#3111,#3112,#3113,#3114,#3115,#3116)),.UNSPECIFIED.,.F.,.T.,.F.)
B_SPLINE_SURFACE_WITH_KNOTS((7,7),(3,2,2,2,3),(0.,1.570796326795),(0.,1.5707963267949,
3.14159265358979,4.71238898038469,6.28318530717959),.UNSPECIFIED.)
GEOMETRIC_REPRESENTATION_ITEM()
RATIONAL_B_SPLINE_SURFACE(((1.,0.707106781186548,1.,0.707106781186548,1.,
0.707106781186548,1.,0.707106781186548,1.),(1.,0.707106781186548,1.,0.707106781186548,
1.,0.707106781186548,1.,0.707106781186548,1.),(1.,0.707106781186548,1.,
0.707106781186548,1.,0.707106781186548,1.,0.707106781186548,1.),(1.,0.707106781186548,
1.,0.707106781186548,1.,0.707106781186548,1.,0.707106781186548,1.),(1.,
0.707106781186548,1.,0.707106781186548,1.,0.707106781186548,1.,0.707106781186548,
1.),(1.,0.707106781186548,1.,0.707106781186548,1.,0.707106781186548,1.,
0.707106781186548,1.),(1.,0.707106781186548,1.,0.707106781186548,1.,0.707106781186548,
1.,0.707106781186548,1.)))
REPRESENTATION_ITEM('')
SURFACE()
);
#22=(
BOUNDED_SURFACE()
B_SPLINE_SURFACE(6,2,((#3123,#3124,#3125,#3126,#3127,#3128,#3129,#3130,
#3131),(#3132,#3133,#3134,#3135,#3136,#3137,#3138,#3139,#3140),(#3141,#3142,
#3143,#3144,#3145,#3146,#3147,#3148,#3149),(#3150,#3151,#3152,#3153,#3154,
#3155,#3156,#3157,#3158),(#3159,#3160,#3161,#3162,#3163,#3164,#3165,#3166,
#3167),(#3168,#3169,#3170,#3171,#3172,#3173,#3174,#3175,#3176),(#3177,#3178,
#3179,#3180,#3181,#3182,#3183,#3184,#3185)),.UNSPECIFIED.,.F.,.T.,.F.)
B_SPLINE_SURFACE_WITH_KNOTS((7,7),(3,2,2,2,3),(0.,1.570796326795),(0.,1.5707963267949,
3.14159265358979,4.71238898038469,6.28318530717959),.UNSPECIFIED.)
GEOMETRIC_REPRESENTATION_ITEM()
RATIONAL_B_SPLINE_SURFACE(((1.,0.707106781186548,1.,0.707106781186548,1.,
0.707106781186548,1.,0.707106781186548,1.),(1.,0.707106781186548,1.,0.707106781186548,
1.,0.707106781186548,1.,0.707106781186548,1.),(1.,0.707106781186548,1.,
0.707106781186548,1.,0.707106781186548,1.,0.707106781186548,1.),(1.,0.707106781186548,
1.,0.707106781186548,1.,0.707106781186548,1.,0.707106781186548,1.),(1.,
0.707106781186548,1.,0.707106781186548,1.,0.707106781186548,1.,0.707106781186548,
1.),(1.,0.707106781186548,1.,0.707106781186548,1.,0.707106781186548,1.,
0.707106781186548,1.),(1.,0.707106781186548,1.,0.707106781186548,1.,0.707106781186548,
1.,0.707106781186548,1.)))
REPRESENTATION_ITEM('')
SURFACE()
);
#23=CYLINDRICAL_SURFACE('',#1846,0.2);
#24=CYLINDRICAL_SURFACE('',#1849,0.2);
#25=CYLINDRICAL_SURFACE('',#1857,0.2);
#26=CYLINDRICAL_SURFACE('',#1860,0.2);
#27=CYLINDRICAL_SURFACE('',#1884,0.2);
#28=CYLINDRICAL_SURFACE('',#1886,0.2);
#29=CYLINDRICAL_SURFACE('',#1896,0.2);
#30=CYLINDRICAL_SURFACE('',#1897,0.2);
#31=CYLINDRICAL_SURFACE('',#1899,0.3);
#32=CYLINDRICAL_SURFACE('',#1901,0.3);
#33=CYLINDRICAL_SURFACE('',#1906,0.3);
#34=CYLINDRICAL_SURFACE('',#1908,0.3);
#35=CYLINDRICAL_SURFACE('',#1929,0.375);
#36=CYLINDRICAL_SURFACE('',#1932,0.375);
#37=CYLINDRICAL_SURFACE('',#1935,0.375);
#38=CYLINDRICAL_SURFACE('',#1938,1.85);
#39=CYLINDRICAL_SURFACE('',#1940,0.375);
#40=CYLINDRICAL_SURFACE('',#1944,0.3);
#41=CYLINDRICAL_SURFACE('',#1946,0.3);
#42=CYLINDRICAL_SURFACE('',#1951,0.3);
#43=CYLINDRICAL_SURFACE('',#1953,0.3);
#44=CYLINDRICAL_SURFACE('',#1970,1.75);
#45=CIRCLE('',#1842,0.2);
#46=CIRCLE('',#1847,0.2);
#47=CIRCLE('',#1850,0.2);
#48=CIRCLE('',#1851,0.2);
#49=CIRCLE('',#1856,0.2);
#50=CIRCLE('',#1858,0.2);
#51=CIRCLE('',#1861,0.2);
#52=CIRCLE('',#1862,0.2);
#53=CIRCLE('',#1866,0.3);
#54=CIRCLE('',#1867,0.3);
#55=CIRCLE('',#1870,0.3);
#56=CIRCLE('',#1871,0.3);
#57=CIRCLE('',#1874,0.3);
#58=CIRCLE('',#1875,0.3);
#59=CIRCLE('',#1878,0.3);
#60=CIRCLE('',#1879,0.3);
#61=CIRCLE('',#1885,0.2);
#62=CIRCLE('',#1887,0.2);
#63=CIRCLE('',#1889,0.2);
#64=CIRCLE('',#1890,0.2);
#65=CIRCLE('',#1891,0.375);
#66=CIRCLE('',#1892,0.375);
#67=CIRCLE('',#1893,0.375);
#68=CIRCLE('',#1894,1.85);
#69=CIRCLE('',#1895,0.375);
#70=CIRCLE('',#1914,0.3);
#71=CIRCLE('',#1915,0.3);
#72=CIRCLE('',#1918,0.3);
#73=CIRCLE('',#1919,0.3);
#74=CIRCLE('',#1922,0.3);
#75=CIRCLE('',#1923,0.3);
#76=CIRCLE('',#1926,0.3);
#77=CIRCLE('',#1927,0.3);
#78=CIRCLE('',#1930,0.375);
#79=CIRCLE('',#1931,0.375);
#80=CIRCLE('',#1933,0.375);
#81=CIRCLE('',#1934,0.375);
#82=CIRCLE('',#1936,0.375);
#83=CIRCLE('',#1937,0.375);
#84=CIRCLE('',#1939,1.85);
#85=CIRCLE('',#1941,0.375);
#86=CIRCLE('',#1942,0.375);
#87=CIRCLE('',#1957,0.35);
#88=CIRCLE('',#1958,0.025);
#89=CIRCLE('',#1959,0.35);
#90=CIRCLE('',#1960,0.025);
#91=CIRCLE('',#1961,0.35);
#92=CIRCLE('',#1962,0.025);
#93=CIRCLE('',#1964,1.75);
#94=CIRCLE('',#1965,0.35);
#95=CIRCLE('',#1966,0.025);
#96=CIRCLE('',#1971,1.75);
#97=CIRCLE('',#1974,1.6);
#98=CIRCLE('',#1975,0.15);
#99=FACE_BOUND('',#213,.T.);
#100=FACE_BOUND('',#214,.T.);
#101=FACE_BOUND('',#241,.T.);
#102=FACE_BOUND('',#242,.T.);
#103=FACE_BOUND('',#247,.T.);
#104=FACE_BOUND('',#248,.T.);
#105=FACE_BOUND('',#249,.T.);
#106=FACE_BOUND('',#250,.T.);
#107=FACE_BOUND('',#251,.T.);
#108=FACE_BOUND('',#300,.T.);
#109=FACE_OUTER_BOUND('',#204,.T.);
#110=FACE_OUTER_BOUND('',#205,.T.);
#111=FACE_OUTER_BOUND('',#206,.T.);
#112=FACE_OUTER_BOUND('',#207,.T.);
#113=FACE_OUTER_BOUND('',#208,.T.);
#114=FACE_OUTER_BOUND('',#209,.T.);
#115=FACE_OUTER_BOUND('',#210,.T.);
#116=FACE_OUTER_BOUND('',#211,.T.);
#117=FACE_OUTER_BOUND('',#212,.T.);
#118=FACE_OUTER_BOUND('',#215,.T.);
#119=FACE_OUTER_BOUND('',#216,.T.);
#120=FACE_OUTER_BOUND('',#217,.T.);
#121=FACE_OUTER_BOUND('',#218,.T.);
#122=FACE_OUTER_BOUND('',#219,.T.);
#123=FACE_OUTER_BOUND('',#220,.T.);
#124=FACE_OUTER_BOUND('',#221,.T.);
#125=FACE_OUTER_BOUND('',#222,.T.);
#126=FACE_OUTER_BOUND('',#223,.T.);
#127=FACE_OUTER_BOUND('',#224,.T.);
#128=FACE_OUTER_BOUND('',#225,.T.);
#129=FACE_OUTER_BOUND('',#226,.T.);
#130=FACE_OUTER_BOUND('',#227,.T.);
#131=FACE_OUTER_BOUND('',#228,.T.);
#132=FACE_OUTER_BOUND('',#229,.T.);
#133=FACE_OUTER_BOUND('',#230,.T.);
#134=FACE_OUTER_BOUND('',#231,.T.);
#135=FACE_OUTER_BOUND('',#232,.T.);
#136=FACE_OUTER_BOUND('',#233,.T.);
#137=FACE_OUTER_BOUND('',#234,.T.);
#138=FACE_OUTER_BOUND('',#235,.T.);
#139=FACE_OUTER_BOUND('',#236,.T.);
#140=FACE_OUTER_BOUND('',#237,.T.);
#141=FACE_OUTER_BOUND('',#238,.T.);
#142=FACE_OUTER_BOUND('',#239,.T.);
#143=FACE_OUTER_BOUND('',#240,.T.);
#144=FACE_OUTER_BOUND('',#243,.T.);
#145=FACE_OUTER_BOUND('',#244,.T.);
#146=FACE_OUTER_BOUND('',#245,.T.);
#147=FACE_OUTER_BOUND('',#246,.T.);
#148=FACE_OUTER_BOUND('',#252,.T.);
#149=FACE_OUTER_BOUND('',#253,.T.);
#150=FACE_OUTER_BOUND('',#254,.T.);
#151=FACE_OUTER_BOUND('',#255,.T.);
#152=FACE_OUTER_BOUND('',#256,.T.);
#153=FACE_OUTER_BOUND('',#257,.T.);
#154=FACE_OUTER_BOUND('',#258,.T.);
#155=FACE_OUTER_BOUND('',#259,.T.);
#156=FACE_OUTER_BOUND('',#260,.T.);
#157=FACE_OUTER_BOUND('',#261,.T.);
#158=FACE_OUTER_BOUND('',#262,.T.);
#159=FACE_OUTER_BOUND('',#263,.T.);
#160=FACE_OUTER_BOUND('',#264,.T.);
#161=FACE_OUTER_BOUND('',#265,.T.);
#162=FACE_OUTER_BOUND('',#266,.T.);
#163=FACE_OUTER_BOUND('',#267,.T.);
#164=FACE_OUTER_BOUND('',#268,.T.);
#165=FACE_OUTER_BOUND('',#269,.T.);
#166=FACE_OUTER_BOUND('',#270,.T.);
#167=FACE_OUTER_BOUND('',#271,.T.);
#168=FACE_OUTER_BOUND('',#272,.T.);
#169=FACE_OUTER_BOUND('',#273,.T.);
#170=FACE_OUTER_BOUND('',#274,.T.);
#171=FACE_OUTER_BOUND('',#275,.T.);
#172=FACE_OUTER_BOUND('',#276,.T.);
#173=FACE_OUTER_BOUND('',#277,.T.);
#174=FACE_OUTER_BOUND('',#278,.T.);
#175=FACE_OUTER_BOUND('',#279,.T.);
#176=FACE_OUTER_BOUND('',#280,.T.);
#177=FACE_OUTER_BOUND('',#281,.T.);
#178=FACE_OUTER_BOUND('',#282,.T.);
#179=FACE_OUTER_BOUND('',#283,.T.);
#180=FACE_OUTER_BOUND('',#284,.T.);
#181=FACE_OUTER_BOUND('',#285,.T.);
#182=FACE_OUTER_BOUND('',#286,.T.);
#183=FACE_OUTER_BOUND('',#287,.T.);
#184=FACE_OUTER_BOUND('',#288,.T.);
#185=FACE_OUTER_BOUND('',#289,.T.);
#186=FACE_OUTER_BOUND('',#290,.T.);
#187=FACE_OUTER_BOUND('',#291,.T.);
#188=FACE_OUTER_BOUND('',#292,.T.);
#189=FACE_OUTER_BOUND('',#293,.T.);
#190=FACE_OUTER_BOUND('',#294,.T.);
#191=FACE_OUTER_BOUND('',#295,.T.);
#192=FACE_OUTER_BOUND('',#296,.T.);
#193=FACE_OUTER_BOUND('',#297,.T.);
#194=FACE_OUTER_BOUND('',#298,.T.);
#195=FACE_OUTER_BOUND('',#299,.T.);
#196=FACE_OUTER_BOUND('',#301,.T.);
#197=FACE_OUTER_BOUND('',#302,.T.);
#198=FACE_OUTER_BOUND('',#303,.T.);
#199=FACE_OUTER_BOUND('',#304,.T.);
#200=FACE_OUTER_BOUND('',#305,.T.);
#201=FACE_OUTER_BOUND('',#306,.T.);
#202=FACE_OUTER_BOUND('',#307,.T.);
#203=FACE_OUTER_BOUND('',#308,.T.);
#204=EDGE_LOOP('',(#1078,#1079,#1080,#1081,#1082,#1083,#1084,#1085));
#205=EDGE_LOOP('',(#1086,#1087,#1088,#1089));
#206=EDGE_LOOP('',(#1090,#1091,#1092,#1093));
#207=EDGE_LOOP('',(#1094,#1095,#1096,#1097,#1098,#1099,#1100,#1101,#1102,
#1103,#1104,#1105));
#208=EDGE_LOOP('',(#1106,#1107,#1108,#1109));
#209=EDGE_LOOP('',(#1110,#1111,#1112,#1113,#1114,#1115,#1116,#1117,#1118,
#1119,#1120,#1121));
#210=EDGE_LOOP('',(#1122,#1123,#1124,#1125));
#211=EDGE_LOOP('',(#1126,#1127,#1128,#1129));
#212=EDGE_LOOP('',(#1130,#1131,#1132,#1133,#1134,#1135,#1136,#1137));
#213=EDGE_LOOP('',(#1138,#1139,#1140,#1141));
#214=EDGE_LOOP('',(#1142,#1143,#1144,#1145));
#215=EDGE_LOOP('',(#1146,#1147,#1148,#1149,#1150));
#216=EDGE_LOOP('',(#1151,#1152,#1153,#1154,#1155,#1156,#1157,#1158));
#217=EDGE_LOOP('',(#1159,#1160,#1161,#1162));
#218=EDGE_LOOP('',(#1163,#1164,#1165,#1166));
#219=EDGE_LOOP('',(#1167,#1168,#1169,#1170));
#220=EDGE_LOOP('',(#1171,#1172,#1173,#1174));
#221=EDGE_LOOP('',(#1175,#1176,#1177,#1178));
#222=EDGE_LOOP('',(#1179,#1180,#1181,#1182,#1183));
#223=EDGE_LOOP('',(#1184,#1185,#1186,#1187));
#224=EDGE_LOOP('',(#1188,#1189,#1190,#1191));
#225=EDGE_LOOP('',(#1192,#1193,#1194,#1195,#1196));
#226=EDGE_LOOP('',(#1197,#1198,#1199,#1200));
#227=EDGE_LOOP('',(#1201,#1202,#1203,#1204));
#228=EDGE_LOOP('',(#1205,#1206,#1207,#1208));
#229=EDGE_LOOP('',(#1209,#1210,#1211,#1212,#1213));
#230=EDGE_LOOP('',(#1214,#1215,#1216,#1217));
#231=EDGE_LOOP('',(#1218,#1219,#1220,#1221,#1222,#1223,#1224,#1225,#1226,
#1227));
#232=EDGE_LOOP('',(#1228,#1229,#1230,#1231));
#233=EDGE_LOOP('',(#1232,#1233,#1234,#1235,#1236,#1237,#1238,#1239,#1240,
#1241));
#234=EDGE_LOOP('',(#1242,#1243,#1244,#1245));
#235=EDGE_LOOP('',(#1246,#1247,#1248,#1249,#1250,#1251,#1252,#1253,#1254,
#1255));
#236=EDGE_LOOP('',(#1256,#1257,#1258,#1259));
#237=EDGE_LOOP('',(#1260,#1261,#1262,#1263,#1264,#1265,#1266,#1267,#1268,
#1269));
#238=EDGE_LOOP('',(#1270,#1271,#1272,#1273));
#239=EDGE_LOOP('',(#1274,#1275,#1276,#1277));
#240=EDGE_LOOP('',(#1278,#1279,#1280,#1281,#1282,#1283,#1284,#1285));
#241=EDGE_LOOP('',(#1286,#1287,#1288,#1289));
#242=EDGE_LOOP('',(#1290,#1291,#1292,#1293));
#243=EDGE_LOOP('',(#1294,#1295,#1296,#1297));
#244=EDGE_LOOP('',(#1298,#1299,#1300,#1301));
#245=EDGE_LOOP('',(#1302,#1303,#1304,#1305));
#246=EDGE_LOOP('',(#1306,#1307,#1308,#1309,#1310,#1311,#1312,#1313));
#247=EDGE_LOOP('',(#1314));
#248=EDGE_LOOP('',(#1315));
#249=EDGE_LOOP('',(#1316));
#250=EDGE_LOOP('',(#1317));
#251=EDGE_LOOP('',(#1318));
#252=EDGE_LOOP('',(#1319,#1320,#1321,#1322));
#253=EDGE_LOOP('',(#1323,#1324,#1325,#1326));
#254=EDGE_LOOP('',(#1327,#1328,#1329,#1330));
#255=EDGE_LOOP('',(#1331,#1332,#1333,#1334));
#256=EDGE_LOOP('',(#1335,#1336,#1337,#1338));
#257=EDGE_LOOP('',(#1339,#1340,#1341,#1342));
#258=EDGE_LOOP('',(#1343,#1344,#1345,#1346));
#259=EDGE_LOOP('',(#1347,#1348,#1349,#1350));
#260=EDGE_LOOP('',(#1351,#1352,#1353,#1354));
#261=EDGE_LOOP('',(#1355,#1356,#1357,#1358));
#262=EDGE_LOOP('',(#1359,#1360,#1361,#1362));
#263=EDGE_LOOP('',(#1363,#1364,#1365,#1366));
#264=EDGE_LOOP('',(#1367,#1368,#1369,#1370));
#265=EDGE_LOOP('',(#1371,#1372,#1373,#1374));
#266=EDGE_LOOP('',(#1375,#1376,#1377,#1378));
#267=EDGE_LOOP('',(#1379,#1380,#1381,#1382));
#268=EDGE_LOOP('',(#1383,#1384,#1385,#1386));
#269=EDGE_LOOP('',(#1387,#1388,#1389,#1390,#1391,#1392,#1393,#1394,#1395,
#1396));
#270=EDGE_LOOP('',(#1397,#1398,#1399,#1400));
#271=EDGE_LOOP('',(#1401,#1402,#1403,#1404,#1405,#1406,#1407,#1408,#1409,
#1410));
#272=EDGE_LOOP('',(#1411,#1412,#1413,#1414));
#273=EDGE_LOOP('',(#1415,#1416,#1417,#1418,#1419,#1420,#1421,#1422,#1423,
#1424));
#274=EDGE_LOOP('',(#1425,#1426,#1427,#1428));
#275=EDGE_LOOP('',(#1429,#1430,#1431,#1432,#1433,#1434,#1435,#1436,#1437,
#1438));
#276=EDGE_LOOP('',(#1439,#1440,#1441,#1442));
#277=EDGE_LOOP('',(#1443,#1444,#1445,#1446,#1447));
#278=EDGE_LOOP('',(#1448,#1449,#1450,#1451,#1452));
#279=EDGE_LOOP('',(#1453,#1454,#1455,#1456,#1457));
#280=EDGE_LOOP('',(#1458,#1459,#1460,#1461));
#281=EDGE_LOOP('',(#1462,#1463,#1464,#1465,#1466));
#282=EDGE_LOOP('',(#1467,#1468,#1469,#1470));
#283=EDGE_LOOP('',(#1471,#1472,#1473,#1474));
#284=EDGE_LOOP('',(#1475,#1476,#1477,#1478));
#285=EDGE_LOOP('',(#1479,#1480,#1481,#1482));
#286=EDGE_LOOP('',(#1483,#1484,#1485,#1486));
#287=EDGE_LOOP('',(#1487,#1488,#1489,#1490));
#288=EDGE_LOOP('',(#1491,#1492,#1493,#1494));
#289=EDGE_LOOP('',(#1495,#1496,#1497,#1498));
#290=EDGE_LOOP('',(#1499,#1500,#1501,#1502));
#291=EDGE_LOOP('',(#1503,#1504,#1505,#1506));
#292=EDGE_LOOP('',(#1507,#1508,#1509,#1510));
#293=EDGE_LOOP('',(#1511,#1512,#1513,#1514));
#294=EDGE_LOOP('',(#1515,#1516,#1517,#1518));
#295=EDGE_LOOP('',(#1519,#1520,#1521,#1522));
#296=EDGE_LOOP('',(#1523,#1524,#1525,#1526,#1527));
#297=EDGE_LOOP('',(#1528,#1529,#1530,#1531,#1532));
#298=EDGE_LOOP('',(#1533,#1534,#1535,#1536,#1537));
#299=EDGE_LOOP('',(#1538));
#300=EDGE_LOOP('',(#1539));
#301=EDGE_LOOP('',(#1540,#1541,#1542,#1543,#1544));
#302=EDGE_LOOP('',(#1545));
#303=EDGE_LOOP('',(#1546));
#304=EDGE_LOOP('',(#1547));
#305=EDGE_LOOP('',(#1548,#1549,#1550,#1551));
#306=EDGE_LOOP('',(#1552));
#307=EDGE_LOOP('',(#1553,#1554,#1555,#1556));
#308=EDGE_LOOP('',(#1557));
#309=LINE('',#2465,#495);
#310=LINE('',#2467,#496);
#311=LINE('',#2469,#497);
#312=LINE('',#2471,#498);
#313=LINE('',#2473,#499);
#314=LINE('',#2475,#500);
#315=LINE('',#2477,#501);
#316=LINE('',#2478,#502);
#317=LINE('',#2481,#503);
#318=LINE('',#2483,#504);
#319=LINE('',#2484,#505);
#320=LINE('',#2487,#506);
#321=LINE('',#2488,#507);
#322=LINE('',#2492,#508);
#323=LINE('',#2494,#509);
#324=LINE('',#2496,#510);
#325=LINE('',#2497,#511);
#326=LINE('',#2499,#512);
#327=LINE('',#2501,#513);
#328=LINE('',#2503,#514);
#329=LINE('',#2505,#515);
#330=LINE('',#2507,#516);
#331=LINE('',#2508,#517);
#332=LINE('',#2511,#518);
#333=LINE('',#2512,#519);
#334=LINE('',#2515,#520);
#335=LINE('',#2517,#521);
#336=LINE('',#2519,#522);
#337=LINE('',#2521,#523);
#338=LINE('',#2523,#524);
#339=LINE('',#2525,#525);
#340=LINE('',#2527,#526);
#341=LINE('',#2529,#527);
#342=LINE('',#2531,#528);
#343=LINE('',#2532,#529);
#344=LINE('',#2535,#530);
#345=LINE('',#2536,#531);
#346=LINE('',#2539,#532);
#347=LINE('',#2540,#533);
#348=LINE('',#2543,#534);
#349=LINE('',#2545,#535);
#350=LINE('',#2547,#536);
#351=LINE('',#2549,#537);
#352=LINE('',#2550,#538);
#353=LINE('',#2553,#539);
#354=LINE('',#2555,#540);
#355=LINE('',#2557,#541);
#356=LINE('',#2558,#542);
#357=LINE('',#2561,#543);
#358=LINE('',#2563,#544);
#359=LINE('',#2565,#545);
#360=LINE('',#2566,#546);
#361=LINE('',#2571,#547);
#362=LINE('',#2573,#548);
#363=LINE('',#2575,#549);
#364=LINE('',#2577,#550);
#365=LINE('',#2578,#551);
#366=LINE('',#2579,#552);
#367=LINE('',#2581,#553);
#368=LINE('',#2587,#554);
#369=LINE('',#2589,#555);
#370=LINE('',#2590,#556);
#371=LINE('',#2594,#557);
#372=LINE('',#2599,#558);
#373=LINE('',#2601,#559);
#374=LINE('',#2602,#560);
#375=LINE('',#2604,#561);
#376=LINE('',#2607,#562);
#377=LINE('',#2608,#563);
#378=LINE('',#2611,#564);
#379=LINE('',#2613,#565);
#380=LINE('',#2617,#566);
#381=LINE('',#2621,#567);
#382=LINE('',#2623,#568);
#383=LINE('',#2624,#569);
#384=LINE('',#2631,#570);
#385=LINE('',#2633,#571);
#386=LINE('',#2634,#572);
#387=LINE('',#2638,#573);
#388=LINE('',#2640,#574);
#389=LINE('',#2642,#575);
#390=LINE('',#2644,#576);
#391=LINE('',#2647,#577);
#392=LINE('',#2649,#578);
#393=LINE('',#2651,#579);
#394=LINE('',#2655,#580);
#395=LINE('',#2656,#581);
#396=LINE('',#2660,#582);
#397=LINE('',#2664,#583);
#398=LINE('',#2665,#584);
#399=LINE('',#2669,#585);
#400=LINE('',#2671,#586);
#401=LINE('',#2672,#587);
#402=LINE('',#2674,#588);
#403=LINE('',#2678,#589);
#404=LINE('',#2680,#590);
#405=LINE('',#2682,#591);
#406=LINE('',#2684,#592);
#407=LINE('',#2687,#593);
#408=LINE('',#2689,#594);
#409=LINE('',#2691,#595);
#410=LINE('',#2695,#596);
#411=LINE('',#2696,#597);
#412=LINE('',#2700,#598);
#413=LINE('',#2704,#599);
#414=LINE('',#2705,#600);
#415=LINE('',#2709,#601);
#416=LINE('',#2711,#602);
#417=LINE('',#2712,#603);
#418=LINE('',#2714,#604);
#419=LINE('',#2716,#605);
#420=LINE('',#2718,#606);
#421=LINE('',#2719,#607);
#422=LINE('',#2722,#608);
#423=LINE('',#2724,#609);
#424=LINE('',#2726,#610);
#425=LINE('',#2727,#611);
#426=LINE('',#2730,#612);
#427=LINE('',#2732,#613);
#428=LINE('',#2734,#614);
#429=LINE('',#2735,#615);
#430=LINE('',#2742,#616);
#431=LINE('',#2746,#617);
#432=LINE('',#2759,#618);
#433=LINE('',#2762,#619);
#434=LINE('',#2763,#620);
#435=LINE('',#2765,#621);
#436=LINE('',#2768,#622);
#437=LINE('',#2770,#623);
#438=LINE('',#2772,#624);
#439=LINE('',#2775,#625);
#440=LINE('',#2776,#626);
#441=LINE('',#2778,#627);
#442=LINE('',#2781,#628);
#443=LINE('',#2783,#629);
#444=LINE('',#2785,#630);
#445=LINE('',#2791,#631);
#446=LINE('',#2793,#632);
#447=LINE('',#2795,#633);
#448=LINE('',#2797,#634);
#449=LINE('',#2800,#635);
#450=LINE('',#2802,#636);
#451=LINE('',#2804,#637);
#452=LINE('',#2808,#638);
#453=LINE('',#2809,#639);
#454=LINE('',#2813,#640);
#455=LINE('',#2817,#641);
#456=LINE('',#2818,#642);
#457=LINE('',#2822,#643);
#458=LINE('',#2824,#644);
#459=LINE('',#2825,#645);
#460=LINE('',#2827,#646);
#461=LINE('',#2831,#647);
#462=LINE('',#2833,#648);
#463=LINE('',#2835,#649);
#464=LINE('',#2837,#650);
#465=LINE('',#2840,#651);
#466=LINE('',#2842,#652);
#467=LINE('',#2844,#653);
#468=LINE('',#2848,#654);
#469=LINE('',#2849,#655);
#470=LINE('',#2853,#656);
#471=LINE('',#2857,#657);
#472=LINE('',#2858,#658);
#473=LINE('',#2862,#659);
#474=LINE('',#2864,#660);
#475=LINE('',#2865,#661);
#476=LINE('',#2867,#662);
#477=LINE('',#2873,#663);
#478=LINE('',#2879,#664);
#479=LINE('',#2885,#665);
#480=LINE('',#2889,#666);
#481=LINE('',#2895,#667);
#482=LINE('',#2897,#668);
#483=LINE('',#2898,#669);
#484=LINE('',#2900,#670);
#485=LINE('',#2903,#671);
#486=LINE('',#2905,#672);
#487=LINE('',#2907,#673);
#488=LINE('',#2910,#674);
#489=LINE('',#2911,#675);
#490=LINE('',#2913,#676);
#491=LINE('',#2916,#677);
#492=LINE('',#2918,#678);
#493=LINE('',#2920,#679);
#494=LINE('',#3195,#680);
#495=VECTOR('',#1984,1.);
#496=VECTOR('',#1985,1.);
#497=VECTOR('',#1986,1.);
#498=VECTOR('',#1987,1.);
#499=VECTOR('',#1988,1.);
#500=VECTOR('',#1989,1.);
#501=VECTOR('',#1990,1.);
#502=VECTOR('',#1991,1.);
#503=VECTOR('',#1994,1.);
#504=VECTOR('',#1995,1.);
#505=VECTOR('',#1996,1.);
#506=VECTOR('',#1999,1.);
#507=VECTOR('',#2000,1.);
#508=VECTOR('',#2003,1.);
#509=VECTOR('',#2004,1.);
#510=VECTOR('',#2005,1.);
#511=VECTOR('',#2006,1.);
#512=VECTOR('',#2007,1.);
#513=VECTOR('',#2008,1.);
#514=VECTOR('',#2009,1.);
#515=VECTOR('',#2010,1.);
#516=VECTOR('',#2011,1.);
#517=VECTOR('',#2012,1.);
#518=VECTOR('',#2015,1.);
#519=VECTOR('',#2016,1.);
#520=VECTOR('',#2019,1.);
#521=VECTOR('',#2020,1.);
#522=VECTOR('',#2021,1.);
#523=VECTOR('',#2022,1.);
#524=VECTOR('',#2023,1.);
#525=VECTOR('',#2024,1.);
#526=VECTOR('',#2025,1.);
#527=VECTOR('',#2026,1.);
#528=VECTOR('',#2027,1.);
#529=VECTOR('',#2028,1.);
#530=VECTOR('',#2031,1.);
#531=VECTOR('',#2032,1.);
#532=VECTOR('',#2035,1.);
#533=VECTOR('',#2036,1.);
#534=VECTOR('',#2039,1.);
#535=VECTOR('',#2040,1.);
#536=VECTOR('',#2041,1.);
#537=VECTOR('',#2042,1.);
#538=VECTOR('',#2043,1.);
#539=VECTOR('',#2044,1.);
#540=VECTOR('',#2045,1.);
#541=VECTOR('',#2046,1.);
#542=VECTOR('',#2047,1.);
#543=VECTOR('',#2048,1.);
#544=VECTOR('',#2049,1.);
#545=VECTOR('',#2050,1.);
#546=VECTOR('',#2051,1.);
#547=VECTOR('',#2058,1.);
#548=VECTOR('',#2059,1.);
#549=VECTOR('',#2060,1.);
#550=VECTOR('',#2061,1.);
#551=VECTOR('',#2062,1.);
#552=VECTOR('',#2063,1.);
#553=VECTOR('',#2066,1.);
#554=VECTOR('',#2075,1.);
#555=VECTOR('',#2076,1.);
#556=VECTOR('',#2077,1.);
#557=VECTOR('',#2080,1.);
#558=VECTOR('',#2087,1.);
#559=VECTOR('',#2088,1.);
#560=VECTOR('',#2089,1.);
#561=VECTOR('',#2092,1.);
#562=VECTOR('',#2095,1.);
#563=VECTOR('',#2096,1.);
#564=VECTOR('',#2099,1.);
#565=VECTOR('',#2100,1.);
#566=VECTOR('',#2105,1.);
#567=VECTOR('',#2110,1.);
#568=VECTOR('',#2111,1.);
#569=VECTOR('',#2112,1.);
#570=VECTOR('',#2123,1.);
#571=VECTOR('',#2124,1.);
#572=VECTOR('',#2125,1.);
#573=VECTOR('',#2128,1.);
#574=VECTOR('',#2129,1.);
#575=VECTOR('',#2130,1.);
#576=VECTOR('',#2131,1.00000000000018);
#577=VECTOR('',#2134,1.);
#578=VECTOR('',#2135,1.);
#579=VECTOR('',#2136,1.00000000000018);
#580=VECTOR('',#2141,1.);
#581=VECTOR('',#2142,1.);
#582=VECTOR('',#2145,1.);
#583=VECTOR('',#2148,1.00000000000018);
#584=VECTOR('',#2149,1.);
#585=VECTOR('',#2152,1.00000000000018);
#586=VECTOR('',#2153,1.);
#587=VECTOR('',#2154,1.);
#588=VECTOR('',#2157,1.);
#589=VECTOR('',#2160,1.);
#590=VECTOR('',#2161,1.);
#591=VECTOR('',#2162,1.);
#592=VECTOR('',#2163,1.00000000000018);
#593=VECTOR('',#2166,1.);
#594=VECTOR('',#2167,1.);
#595=VECTOR('',#2168,1.00000000000018);
#596=VECTOR('',#2173,1.);
#597=VECTOR('',#2174,1.);
#598=VECTOR('',#2177,1.);
#599=VECTOR('',#2180,1.00000000000018);
#600=VECTOR('',#2181,1.);
#601=VECTOR('',#2184,1.00000000000018);
#602=VECTOR('',#2185,1.);
#603=VECTOR('',#2186,1.);
#604=VECTOR('',#2189,1.);
#605=VECTOR('',#2192,1.);
#606=VECTOR('',#2195,1.);
#607=VECTOR('',#2196,1.);
#608=VECTOR('',#2197,1.);
#609=VECTOR('',#2198,1.);
#610=VECTOR('',#2199,1.);
#611=VECTOR('',#2200,1.);
#612=VECTOR('',#2201,1.);
#613=VECTOR('',#2202,1.);
#614=VECTOR('',#2203,1.);
#615=VECTOR('',#2204,1.);
#616=VECTOR('',#2215,1.);
#617=VECTOR('',#2220,1.);
#618=VECTOR('',#2235,1.);
#619=VECTOR('',#2240,1.);
#620=VECTOR('',#2241,1.);
#621=VECTOR('',#2244,1.);
#622=VECTOR('',#2249,1.);
#623=VECTOR('',#2252,1.);
#624=VECTOR('',#2255,1.);
#625=VECTOR('',#2260,1.);
#626=VECTOR('',#2261,1.);
#627=VECTOR('',#2264,1.);
#628=VECTOR('',#2269,1.);
#629=VECTOR('',#2272,1.);
#630=VECTOR('',#2275,1.);
#631=VECTOR('',#2282,1.);
#632=VECTOR('',#2283,1.);
#633=VECTOR('',#2284,1.);
#634=VECTOR('',#2285,1.00000000000018);
#635=VECTOR('',#2288,1.);
#636=VECTOR('',#2289,1.);
#637=VECTOR('',#2290,1.00000000000018);
#638=VECTOR('',#2295,1.);
#639=VECTOR('',#2296,1.);
#640=VECTOR('',#2299,1.);
#641=VECTOR('',#2302,1.00000000000018);
#642=VECTOR('',#2303,1.);
#643=VECTOR('',#2306,1.00000000000018);
#644=VECTOR('',#2307,1.);
#645=VECTOR('',#2308,1.);
#646=VECTOR('',#2311,1.);
#647=VECTOR('',#2314,1.);
#648=VECTOR('',#2315,1.);
#649=VECTOR('',#2316,1.);
#650=VECTOR('',#2317,1.00000000000018);
#651=VECTOR('',#2320,1.);
#652=VECTOR('',#2321,1.);
#653=VECTOR('',#2322,1.00000000000018);
#654=VECTOR('',#2327,1.);
#655=VECTOR('',#2328,1.);
#656=VECTOR('',#2331,1.);
#657=VECTOR('',#2334,1.00000000000018);
#658=VECTOR('',#2335,1.);
#659=VECTOR('',#2338,1.00000000000018);
#660=VECTOR('',#2339,1.);
#661=VECTOR('',#2340,1.);
#662=VECTOR('',#2343,1.);
#663=VECTOR('',#2350,0.375);
#664=VECTOR('',#2357,0.375);
#665=VECTOR('',#2364,0.375);
#666=VECTOR('',#2369,1.85);
#667=VECTOR('',#2376,0.375);
#668=VECTOR('',#2379,1.);
#669=VECTOR('',#2380,1.);
#670=VECTOR('',#2383,1.);
#671=VECTOR('',#2388,1.);
#672=VECTOR('',#2391,1.);
#673=VECTOR('',#2394,1.);
#674=VECTOR('',#2399,1.);
#675=VECTOR('',#2400,1.);
#676=VECTOR('',#2403,1.);
#677=VECTOR('',#2408,1.);
#678=VECTOR('',#2411,1.);
#679=VECTOR('',#2414,1.);
#680=VECTOR('',#2447,1.75);
#681=VERTEX_POINT('',#2463);
#682=VERTEX_POINT('',#2464);
#683=VERTEX_POINT('',#2466);
#684=VERTEX_POINT('',#2468);
#685=VERTEX_POINT('',#2470);
#686=VERTEX_POINT('',#2472);
#687=VERTEX_POINT('',#2474);
#688=VERTEX_POINT('',#2476);
#689=VERTEX_POINT('',#2480);
#690=VERTEX_POINT('',#2482);
#691=VERTEX_POINT('',#2486);
#692=VERTEX_POINT('',#2490);
#693=VERTEX_POINT('',#2491);
#694=VERTEX_POINT('',#2493);
#695=VERTEX_POINT('',#2495);
#696=VERTEX_POINT('',#2498);
#697=VERTEX_POINT('',#2500);
#698=VERTEX_POINT('',#2502);
#699=VERTEX_POINT('',#2504);
#700=VERTEX_POINT('',#2506);
#701=VERTEX_POINT('',#2510);
#702=VERTEX_POINT('',#2514);
#703=VERTEX_POINT('',#2516);
#704=VERTEX_POINT('',#2518);
#705=VERTEX_POINT('',#2520);
#706=VERTEX_POINT('',#2522);
#707=VERTEX_POINT('',#2524);
#708=VERTEX_POINT('',#2526);
#709=VERTEX_POINT('',#2528);
#710=VERTEX_POINT('',#2530);
#711=VERTEX_POINT('',#2534);
#712=VERTEX_POINT('',#2538);
#713=VERTEX_POINT('',#2542);
#714=VERTEX_POINT('',#2544);
#715=VERTEX_POINT('',#2546);
#716=VERTEX_POINT('',#2548);
#717=VERTEX_POINT('',#2551);
#718=VERTEX_POINT('',#2552);
#719=VERTEX_POINT('',#2554);
#720=VERTEX_POINT('',#2556);
#721=VERTEX_POINT('',#2559);
#722=VERTEX_POINT('',#2560);
#723=VERTEX_POINT('',#2562);
#724=VERTEX_POINT('',#2564);
#725=VERTEX_POINT('',#2570);
#726=VERTEX_POINT('',#2572);
#727=VERTEX_POINT('',#2574);
#728=VERTEX_POINT('',#2576);
#729=VERTEX_POINT('',#2586);
#730=VERTEX_POINT('',#2588);
#731=VERTEX_POINT('',#2592);
#732=VERTEX_POINT('',#2593);
#733=VERTEX_POINT('',#2598);
#734=VERTEX_POINT('',#2600);
#735=VERTEX_POINT('',#2606);
#736=VERTEX_POINT('',#2610);
#737=VERTEX_POINT('',#2612);
#738=VERTEX_POINT('',#2616);
#739=VERTEX_POINT('',#2620);
#740=VERTEX_POINT('',#2622);
#741=VERTEX_POINT('',#2630);
#742=VERTEX_POINT('',#2632);
#743=VERTEX_POINT('',#2636);
#744=VERTEX_POINT('',#2637);
#745=VERTEX_POINT('',#2639);
#746=VERTEX_POINT('',#2641);
#747=VERTEX_POINT('',#2643);
#748=VERTEX_POINT('',#2645);
#749=VERTEX_POINT('',#2648);
#750=VERTEX_POINT('',#2650);
#751=VERTEX_POINT('',#2654);
#752=VERTEX_POINT('',#2658);
#753=VERTEX_POINT('',#2659);
#754=VERTEX_POINT('',#2661);
#755=VERTEX_POINT('',#2663);
#756=VERTEX_POINT('',#2666);
#757=VERTEX_POINT('',#2668);
#758=VERTEX_POINT('',#2670);
#759=VERTEX_POINT('',#2676);
#760=VERTEX_POINT('',#2677);
#761=VERTEX_POINT('',#2679);
#762=VERTEX_POINT('',#2681);
#763=VERTEX_POINT('',#2683);
#764=VERTEX_POINT('',#2685);
#765=VERTEX_POINT('',#2688);
#766=VERTEX_POINT('',#2690);
#767=VERTEX_POINT('',#2694);
#768=VERTEX_POINT('',#2698);
#769=VERTEX_POINT('',#2699);
#770=VERTEX_POINT('',#2701);
#771=VERTEX_POINT('',#2703);
#772=VERTEX_POINT('',#2706);
#773=VERTEX_POINT('',#2708);
#774=VERTEX_POINT('',#2710);
#775=VERTEX_POINT('',#2720);
#776=VERTEX_POINT('',#2721);
#777=VERTEX_POINT('',#2723);
#778=VERTEX_POINT('',#2725);
#779=VERTEX_POINT('',#2728);
#780=VERTEX_POINT('',#2729);
#781=VERTEX_POINT('',#2731);
#782=VERTEX_POINT('',#2733);
#783=VERTEX_POINT('',#2740);
#784=VERTEX_POINT('',#2744);
#785=VERTEX_POINT('',#2748);
#786=VERTEX_POINT('',#2750);
#787=VERTEX_POINT('',#2752);
#788=VERTEX_POINT('',#2754);
#789=VERTEX_POINT('',#2756);
#790=VERTEX_POINT('',#2789);
#791=VERTEX_POINT('',#2790);
#792=VERTEX_POINT('',#2792);
#793=VERTEX_POINT('',#2794);
#794=VERTEX_POINT('',#2796);
#795=VERTEX_POINT('',#2798);
#796=VERTEX_POINT('',#2801);
#797=VERTEX_POINT('',#2803);
#798=VERTEX_POINT('',#2807);
#799=VERTEX_POINT('',#2811);
#800=VERTEX_POINT('',#2812);
#801=VERTEX_POINT('',#2814);
#802=VERTEX_POINT('',#2816);
#803=VERTEX_POINT('',#2819);
#804=VERTEX_POINT('',#2821);
#805=VERTEX_POINT('',#2823);
#806=VERTEX_POINT('',#2829);
#807=VERTEX_POINT('',#2830);
#808=VERTEX_POINT('',#2832);
#809=VERTEX_POINT('',#2834);
#810=VERTEX_POINT('',#2836);
#811=VERTEX_POINT('',#2838);
#812=VERTEX_POINT('',#2841);
#813=VERTEX_POINT('',#2843);
#814=VERTEX_POINT('',#2847);
#815=VERTEX_POINT('',#2851);
#816=VERTEX_POINT('',#2852);
#817=VERTEX_POINT('',#2854);
#818=VERTEX_POINT('',#2856);
#819=VERTEX_POINT('',#2859);
#820=VERTEX_POINT('',#2861);
#821=VERTEX_POINT('',#2863);
#822=VERTEX_POINT('',#2869);
#823=VERTEX_POINT('',#2870);
#824=VERTEX_POINT('',#2875);
#825=VERTEX_POINT('',#2876);
#826=VERTEX_POINT('',#2881);
#827=VERTEX_POINT('',#2882);
#828=VERTEX_POINT('',#2887);
#829=VERTEX_POINT('',#2891);
#830=VERTEX_POINT('',#2892);
#831=VERTEX_POINT('',#2985);
#832=VERTEX_POINT('',#3051);
#833=VERTEX_POINT('',#3117);
#834=VERTEX_POINT('',#3121);
#835=VERTEX_POINT('',#3186);
#836=VERTEX_POINT('',#3193);
#837=VERTEX_POINT('',#3198);
#838=EDGE_CURVE('',#681,#682,#309,.T.);
#839=EDGE_CURVE('',#682,#683,#310,.T.);
#840=EDGE_CURVE('',#684,#683,#311,.T.);
#841=EDGE_CURVE('',#685,#684,#312,.T.);
#842=EDGE_CURVE('',#686,#685,#313,.T.);
#843=EDGE_CURVE('',#686,#687,#314,.T.);
#844=EDGE_CURVE('',#688,#687,#315,.T.);
#845=EDGE_CURVE('',#681,#688,#316,.T.);
#846=EDGE_CURVE('',#681,#689,#317,.T.);
#847=EDGE_CURVE('',#689,#690,#318,.T.);
#848=EDGE_CURVE('',#682,#690,#319,.T.);
#849=EDGE_CURVE('',#690,#691,#320,.T.);
#850=EDGE_CURVE('',#683,#691,#321,.T.);
#851=EDGE_CURVE('',#692,#693,#322,.T.);
#852=EDGE_CURVE('',#693,#694,#323,.T.);
#853=EDGE_CURVE('',#695,#694,#324,.T.);
#854=EDGE_CURVE('',#684,#695,#325,.T.);
#855=EDGE_CURVE('',#696,#691,#326,.T.);
#856=EDGE_CURVE('',#696,#697,#327,.T.);
#857=EDGE_CURVE('',#698,#697,#328,.T.);
#858=EDGE_CURVE('',#699,#698,#329,.T.);
#859=EDGE_CURVE('',#700,#699,#330,.T.);
#860=EDGE_CURVE('',#692,#700,#331,.T.);
#861=EDGE_CURVE('',#685,#701,#332,.T.);
#862=EDGE_CURVE('',#701,#695,#333,.T.);
#863=EDGE_CURVE('',#701,#702,#334,.T.);
#864=EDGE_CURVE('',#703,#702,#335,.T.);
#865=EDGE_CURVE('',#703,#704,#336,.T.);
#866=EDGE_CURVE('',#704,#705,#337,.T.);
#867=EDGE_CURVE('',#705,#706,#338,.T.);
#868=EDGE_CURVE('',#706,#707,#339,.T.);
#869=EDGE_CURVE('',#708,#707,#340,.T.);
#870=EDGE_CURVE('',#709,#708,#341,.T.);
#871=EDGE_CURVE('',#709,#710,#342,.T.);
#872=EDGE_CURVE('',#686,#710,#343,.T.);
#873=EDGE_CURVE('',#710,#711,#344,.T.);
#874=EDGE_CURVE('',#687,#711,#345,.T.);
#875=EDGE_CURVE('',#712,#711,#346,.T.);
#876=EDGE_CURVE('',#688,#712,#347,.T.);
#877=EDGE_CURVE('',#713,#712,#348,.T.);
#878=EDGE_CURVE('',#713,#714,#349,.T.);
#879=EDGE_CURVE('',#715,#714,#350,.T.);
#880=EDGE_CURVE('',#716,#715,#351,.T.);
#881=EDGE_CURVE('',#689,#716,#352,.T.);
#882=EDGE_CURVE('',#717,#718,#353,.T.);
#883=EDGE_CURVE('',#718,#719,#354,.T.);
#884=EDGE_CURVE('',#720,#719,#355,.T.);
#885=EDGE_CURVE('',#717,#720,#356,.T.);
#886=EDGE_CURVE('',#721,#722,#357,.T.);
#887=EDGE_CURVE('',#722,#723,#358,.T.);
#888=EDGE_CURVE('',#724,#723,#359,.T.);
#889=EDGE_CURVE('',#721,#724,#360,.T.);
#890=EDGE_CURVE('',#696,#716,#45,.T.);
#891=EDGE_CURVE('',#725,#692,#361,.T.);
#892=EDGE_CURVE('',#725,#726,#362,.T.);
#893=EDGE_CURVE('',#727,#726,#363,.T.);
#894=EDGE_CURVE('',#728,#727,#364,.T.);
#895=EDGE_CURVE('',#704,#728,#365,.T.);
#896=EDGE_CURVE('',#703,#693,#366,.T.);
#897=EDGE_CURVE('',#702,#694,#367,.T.);
#898=EDGE_CURVE('',#697,#715,#46,.T.);
#899=EDGE_CURVE('',#697,#729,#368,.T.);
#900=EDGE_CURVE('',#730,#729,#369,.T.);
#901=EDGE_CURVE('',#698,#730,#370,.T.);
#902=EDGE_CURVE('',#731,#732,#371,.T.);
#903=EDGE_CURVE('',#731,#699,#47,.T.);
#904=EDGE_CURVE('',#732,#698,#48,.T.);
#905=EDGE_CURVE('',#733,#731,#372,.T.);
#906=EDGE_CURVE('',#734,#733,#373,.T.);
#907=EDGE_CURVE('',#734,#700,#374,.T.);
#908=EDGE_CURVE('',#725,#734,#375,.T.);
#909=EDGE_CURVE('',#728,#735,#376,.T.);
#910=EDGE_CURVE('',#705,#735,#377,.T.);
#911=EDGE_CURVE('',#735,#736,#378,.T.);
#912=EDGE_CURVE('',#737,#736,#379,.T.);
#913=EDGE_CURVE('',#706,#737,#49,.T.);
#914=EDGE_CURVE('',#737,#738,#380,.T.);
#915=EDGE_CURVE('',#707,#738,#50,.T.);
#916=EDGE_CURVE('',#707,#739,#381,.T.);
#917=EDGE_CURVE('',#740,#739,#382,.T.);
#918=EDGE_CURVE('',#708,#740,#383,.T.);
#919=EDGE_CURVE('',#713,#709,#51,.T.);
#920=EDGE_CURVE('',#714,#708,#52,.T.);
#921=EDGE_CURVE('',#714,#741,#384,.T.);
#922=EDGE_CURVE('',#742,#741,#385,.T.);
#923=EDGE_CURVE('',#715,#742,#386,.T.);
#924=EDGE_CURVE('',#743,#744,#387,.T.);
#925=EDGE_CURVE('',#745,#743,#388,.T.);
#926=EDGE_CURVE('',#746,#745,#389,.T.);
#927=EDGE_CURVE('',#747,#746,#390,.T.);
#928=EDGE_CURVE('',#748,#747,#53,.T.);
#929=EDGE_CURVE('',#718,#748,#391,.T.);
#930=EDGE_CURVE('',#749,#717,#392,.T.);
#931=EDGE_CURVE('',#750,#749,#393,.T.);
#932=EDGE_CURVE('',#744,#750,#54,.T.);
#933=EDGE_CURVE('',#748,#751,#394,.T.);
#934=EDGE_CURVE('',#719,#751,#395,.T.);
#935=EDGE_CURVE('',#752,#753,#396,.T.);
#936=EDGE_CURVE('',#753,#754,#55,.T.);
#937=EDGE_CURVE('',#754,#755,#397,.T.);
#938=EDGE_CURVE('',#755,#720,#398,.T.);
#939=EDGE_CURVE('',#751,#756,#56,.T.);
#940=EDGE_CURVE('',#756,#757,#399,.T.);
#941=EDGE_CURVE('',#757,#758,#400,.T.);
#942=EDGE_CURVE('',#758,#752,#401,.T.);
#943=EDGE_CURVE('',#749,#755,#402,.T.);
#944=EDGE_CURVE('',#759,#760,#403,.T.);
#945=EDGE_CURVE('',#761,#759,#404,.T.);
#946=EDGE_CURVE('',#762,#761,#405,.T.);
#947=EDGE_CURVE('',#763,#762,#406,.T.);
#948=EDGE_CURVE('',#764,#763,#57,.T.);
#949=EDGE_CURVE('',#722,#764,#407,.T.);
#950=EDGE_CURVE('',#765,#721,#408,.T.);
#951=EDGE_CURVE('',#766,#765,#409,.T.);
#952=EDGE_CURVE('',#760,#766,#58,.T.);
#953=EDGE_CURVE('',#764,#767,#410,.T.);
#954=EDGE_CURVE('',#723,#767,#411,.T.);
#955=EDGE_CURVE('',#768,#769,#412,.T.);
#956=EDGE_CURVE('',#769,#770,#59,.T.);
#957=EDGE_CURVE('',#770,#771,#413,.T.);
#958=EDGE_CURVE('',#771,#724,#414,.T.);
#959=EDGE_CURVE('',#767,#772,#60,.T.);
#960=EDGE_CURVE('',#772,#773,#415,.T.);
#961=EDGE_CURVE('',#773,#774,#416,.T.);
#962=EDGE_CURVE('',#774,#768,#417,.T.);
#963=EDGE_CURVE('',#765,#771,#418,.T.);
#964=EDGE_CURVE('',#726,#733,#419,.T.);
#965=EDGE_CURVE('',#738,#732,#420,.T.);
#966=EDGE_CURVE('',#727,#736,#421,.T.);
#967=EDGE_CURVE('',#775,#776,#422,.T.);
#968=EDGE_CURVE('',#776,#777,#423,.T.);
#969=EDGE_CURVE('',#778,#777,#424,.T.);
#970=EDGE_CURVE('',#775,#778,#425,.T.);
#971=EDGE_CURVE('',#779,#780,#426,.T.);
#972=EDGE_CURVE('',#780,#781,#427,.T.);
#973=EDGE_CURVE('',#782,#781,#428,.T.);
#974=EDGE_CURVE('',#779,#782,#429,.T.);
#975=EDGE_CURVE('',#729,#742,#61,.T.);
#976=EDGE_CURVE('',#783,#730,#62,.T.);
#977=EDGE_CURVE('',#732,#783,#430,.T.);
#978=EDGE_CURVE('',#739,#784,#63,.T.);
#979=EDGE_CURVE('',#784,#783,#431,.T.);
#980=EDGE_CURVE('',#741,#740,#64,.T.);
#981=EDGE_CURVE('',#785,#785,#65,.T.);
#982=EDGE_CURVE('',#786,#786,#66,.T.);
#983=EDGE_CURVE('',#787,#787,#67,.T.);
#984=EDGE_CURVE('',#788,#788,#68,.T.);
#985=EDGE_CURVE('',#789,#789,#69,.T.);
#986=EDGE_CURVE('',#738,#784,#432,.T.);
#987=EDGE_CURVE('',#744,#753,#433,.T.);
#988=EDGE_CURVE('',#752,#743,#434,.T.);
#989=EDGE_CURVE('',#750,#754,#435,.T.);
#990=EDGE_CURVE('',#747,#756,#436,.T.);
#991=EDGE_CURVE('',#757,#746,#437,.T.);
#992=EDGE_CURVE('',#758,#745,#438,.T.);
#993=EDGE_CURVE('',#760,#769,#439,.T.);
#994=EDGE_CURVE('',#768,#759,#440,.T.);
#995=EDGE_CURVE('',#766,#770,#441,.T.);
#996=EDGE_CURVE('',#763,#772,#442,.T.);
#997=EDGE_CURVE('',#773,#762,#443,.T.);
#998=EDGE_CURVE('',#774,#761,#444,.T.);
#999=EDGE_CURVE('',#790,#791,#445,.T.);
#1000=EDGE_CURVE('',#792,#790,#446,.T.);
#1001=EDGE_CURVE('',#793,#792,#447,.T.);
#1002=EDGE_CURVE('',#794,#793,#448,.T.);
#1003=EDGE_CURVE('',#795,#794,#70,.T.);
#1004=EDGE_CURVE('',#776,#795,#449,.T.);
#1005=EDGE_CURVE('',#796,#775,#450,.T.);
#1006=EDGE_CURVE('',#797,#796,#451,.T.);
#1007=EDGE_CURVE('',#791,#797,#71,.T.);
#1008=EDGE_CURVE('',#795,#798,#452,.T.);
#1009=EDGE_CURVE('',#777,#798,#453,.T.);
#1010=EDGE_CURVE('',#799,#800,#454,.T.);
#1011=EDGE_CURVE('',#800,#801,#72,.T.);
#1012=EDGE_CURVE('',#801,#802,#455,.T.);
#1013=EDGE_CURVE('',#802,#778,#456,.T.);
#1014=EDGE_CURVE('',#798,#803,#73,.T.);
#1015=EDGE_CURVE('',#803,#804,#457,.T.);
#1016=EDGE_CURVE('',#804,#805,#458,.T.);
#1017=EDGE_CURVE('',#805,#799,#459,.T.);
#1018=EDGE_CURVE('',#796,#802,#460,.T.);
#1019=EDGE_CURVE('',#806,#807,#461,.T.);
#1020=EDGE_CURVE('',#808,#806,#462,.T.);
#1021=EDGE_CURVE('',#809,#808,#463,.T.);
#1022=EDGE_CURVE('',#810,#809,#464,.T.);
#1023=EDGE_CURVE('',#811,#810,#74,.T.);
#1024=EDGE_CURVE('',#780,#811,#465,.T.);
#1025=EDGE_CURVE('',#812,#779,#466,.T.);
#1026=EDGE_CURVE('',#813,#812,#467,.T.);
#1027=EDGE_CURVE('',#807,#813,#75,.T.);
#1028=EDGE_CURVE('',#811,#814,#468,.T.);
#1029=EDGE_CURVE('',#781,#814,#469,.T.);
#1030=EDGE_CURVE('',#815,#816,#470,.T.);
#1031=EDGE_CURVE('',#816,#817,#76,.T.);
#1032=EDGE_CURVE('',#817,#818,#471,.T.);
#1033=EDGE_CURVE('',#818,#782,#472,.T.);
#1034=EDGE_CURVE('',#814,#819,#77,.T.);
#1035=EDGE_CURVE('',#819,#820,#473,.T.);
#1036=EDGE_CURVE('',#820,#821,#474,.T.);
#1037=EDGE_CURVE('',#821,#815,#475,.T.);
#1038=EDGE_CURVE('',#812,#818,#476,.T.);
#1039=EDGE_CURVE('',#822,#823,#78,.T.);
#1040=EDGE_CURVE('',#823,#822,#79,.T.);
#1041=EDGE_CURVE('',#823,#785,#477,.T.);
#1042=EDGE_CURVE('',#824,#825,#80,.T.);
#1043=EDGE_CURVE('',#825,#824,#81,.T.);
#1044=EDGE_CURVE('',#825,#786,#478,.T.);
#1045=EDGE_CURVE('',#826,#827,#82,.T.);
#1046=EDGE_CURVE('',#827,#826,#83,.T.);
#1047=EDGE_CURVE('',#827,#787,#479,.T.);
#1048=EDGE_CURVE('',#828,#828,#84,.T.);
#1049=EDGE_CURVE('',#828,#788,#480,.T.);
#1050=EDGE_CURVE('',#829,#830,#85,.T.);
#1051=EDGE_CURVE('',#830,#829,#86,.T.);
#1052=EDGE_CURVE('',#830,#789,#481,.T.);
#1053=EDGE_CURVE('',#791,#800,#482,.T.);
#1054=EDGE_CURVE('',#799,#790,#483,.T.);
#1055=EDGE_CURVE('',#797,#801,#484,.T.);
#1056=EDGE_CURVE('',#794,#803,#485,.T.);
#1057=EDGE_CURVE('',#804,#793,#486,.T.);
#1058=EDGE_CURVE('',#805,#792,#487,.T.);
#1059=EDGE_CURVE('',#807,#816,#488,.T.);
#1060=EDGE_CURVE('',#815,#806,#489,.T.);
#1061=EDGE_CURVE('',#813,#817,#490,.T.);
#1062=EDGE_CURVE('',#810,#819,#491,.T.);
#1063=EDGE_CURVE('',#820,#809,#492,.T.);
#1064=EDGE_CURVE('',#821,#808,#493,.T.);
#1065=EDGE_CURVE('',#822,#831,#87,.T.);
#1066=EDGE_CURVE('',#831,#831,#88,.T.);
#1067=EDGE_CURVE('',#824,#832,#89,.T.);
#1068=EDGE_CURVE('',#832,#832,#90,.T.);
#1069=EDGE_CURVE('',#826,#833,#91,.T.);
#1070=EDGE_CURVE('',#833,#833,#92,.T.);
#1071=EDGE_CURVE('',#834,#834,#93,.T.);
#1072=EDGE_CURVE('',#829,#835,#94,.T.);
#1073=EDGE_CURVE('',#835,#835,#95,.T.);
#1074=EDGE_CURVE('',#836,#836,#96,.T.);
#1075=EDGE_CURVE('',#836,#834,#494,.T.);
#1076=EDGE_CURVE('',#837,#837,#97,.T.);
#1077=EDGE_CURVE('',#837,#836,#98,.T.);
#1078=ORIENTED_EDGE('',*,*,#838,.T.);
#1079=ORIENTED_EDGE('',*,*,#839,.T.);
#1080=ORIENTED_EDGE('',*,*,#840,.F.);
#1081=ORIENTED_EDGE('',*,*,#841,.F.);
#1082=ORIENTED_EDGE('',*,*,#842,.F.);
#1083=ORIENTED_EDGE('',*,*,#843,.T.);
#1084=ORIENTED_EDGE('',*,*,#844,.F.);
#1085=ORIENTED_EDGE('',*,*,#845,.F.);
#1086=ORIENTED_EDGE('',*,*,#838,.F.);
#1087=ORIENTED_EDGE('',*,*,#846,.T.);
#1088=ORIENTED_EDGE('',*,*,#847,.T.);
#1089=ORIENTED_EDGE('',*,*,#848,.F.);
#1090=ORIENTED_EDGE('',*,*,#848,.T.);
#1091=ORIENTED_EDGE('',*,*,#849,.T.);
#1092=ORIENTED_EDGE('',*,*,#850,.F.);
#1093=ORIENTED_EDGE('',*,*,#839,.F.);
#1094=ORIENTED_EDGE('',*,*,#851,.T.);
#1095=ORIENTED_EDGE('',*,*,#852,.T.);
#1096=ORIENTED_EDGE('',*,*,#853,.F.);
#1097=ORIENTED_EDGE('',*,*,#854,.F.);
#1098=ORIENTED_EDGE('',*,*,#840,.T.);
#1099=ORIENTED_EDGE('',*,*,#850,.T.);
#1100=ORIENTED_EDGE('',*,*,#855,.F.);
#1101=ORIENTED_EDGE('',*,*,#856,.T.);
#1102=ORIENTED_EDGE('',*,*,#857,.F.);
#1103=ORIENTED_EDGE('',*,*,#858,.F.);
#1104=ORIENTED_EDGE('',*,*,#859,.F.);
#1105=ORIENTED_EDGE('',*,*,#860,.F.);
#1106=ORIENTED_EDGE('',*,*,#861,.F.);
#1107=ORIENTED_EDGE('',*,*,#841,.T.);
#1108=ORIENTED_EDGE('',*,*,#854,.T.);
#1109=ORIENTED_EDGE('',*,*,#862,.F.);
#1110=ORIENTED_EDGE('',*,*,#842,.T.);
#1111=ORIENTED_EDGE('',*,*,#861,.T.);
#1112=ORIENTED_EDGE('',*,*,#863,.T.);
#1113=ORIENTED_EDGE('',*,*,#864,.F.);
#1114=ORIENTED_EDGE('',*,*,#865,.T.);
#1115=ORIENTED_EDGE('',*,*,#866,.T.);
#1116=ORIENTED_EDGE('',*,*,#867,.T.);
#1117=ORIENTED_EDGE('',*,*,#868,.T.);
#1118=ORIENTED_EDGE('',*,*,#869,.F.);
#1119=ORIENTED_EDGE('',*,*,#870,.F.);
#1120=ORIENTED_EDGE('',*,*,#871,.T.);
#1121=ORIENTED_EDGE('',*,*,#872,.F.);
#1122=ORIENTED_EDGE('',*,*,#872,.T.);
#1123=ORIENTED_EDGE('',*,*,#873,.T.);
#1124=ORIENTED_EDGE('',*,*,#874,.F.);
#1125=ORIENTED_EDGE('',*,*,#843,.F.);
#1126=ORIENTED_EDGE('',*,*,#844,.T.);
#1127=ORIENTED_EDGE('',*,*,#874,.T.);
#1128=ORIENTED_EDGE('',*,*,#875,.F.);
#1129=ORIENTED_EDGE('',*,*,#876,.F.);
#1130=ORIENTED_EDGE('',*,*,#845,.T.);
#1131=ORIENTED_EDGE('',*,*,#876,.T.);
#1132=ORIENTED_EDGE('',*,*,#877,.F.);
#1133=ORIENTED_EDGE('',*,*,#878,.T.);
#1134=ORIENTED_EDGE('',*,*,#879,.F.);
#1135=ORIENTED_EDGE('',*,*,#880,.F.);
#1136=ORIENTED_EDGE('',*,*,#881,.F.);
#1137=ORIENTED_EDGE('',*,*,#846,.F.);
#1138=ORIENTED_EDGE('',*,*,#882,.T.);
#1139=ORIENTED_EDGE('',*,*,#883,.T.);
#1140=ORIENTED_EDGE('',*,*,#884,.F.);
#1141=ORIENTED_EDGE('',*,*,#885,.F.);
#1142=ORIENTED_EDGE('',*,*,#886,.T.);
#1143=ORIENTED_EDGE('',*,*,#887,.T.);
#1144=ORIENTED_EDGE('',*,*,#888,.F.);
#1145=ORIENTED_EDGE('',*,*,#889,.F.);
#1146=ORIENTED_EDGE('',*,*,#881,.T.);
#1147=ORIENTED_EDGE('',*,*,#890,.F.);
#1148=ORIENTED_EDGE('',*,*,#855,.T.);
#1149=ORIENTED_EDGE('',*,*,#849,.F.);
#1150=ORIENTED_EDGE('',*,*,#847,.F.);
#1151=ORIENTED_EDGE('',*,*,#891,.F.);
#1152=ORIENTED_EDGE('',*,*,#892,.T.);
#1153=ORIENTED_EDGE('',*,*,#893,.F.);
#1154=ORIENTED_EDGE('',*,*,#894,.F.);
#1155=ORIENTED_EDGE('',*,*,#895,.F.);
#1156=ORIENTED_EDGE('',*,*,#865,.F.);
#1157=ORIENTED_EDGE('',*,*,#896,.T.);
#1158=ORIENTED_EDGE('',*,*,#851,.F.);
#1159=ORIENTED_EDGE('',*,*,#864,.T.);
#1160=ORIENTED_EDGE('',*,*,#897,.T.);
#1161=ORIENTED_EDGE('',*,*,#852,.F.);
#1162=ORIENTED_EDGE('',*,*,#896,.F.);
#1163=ORIENTED_EDGE('',*,*,#862,.T.);
#1164=ORIENTED_EDGE('',*,*,#853,.T.);
#1165=ORIENTED_EDGE('',*,*,#897,.F.);
#1166=ORIENTED_EDGE('',*,*,#863,.F.);
#1167=ORIENTED_EDGE('',*,*,#856,.F.);
#1168=ORIENTED_EDGE('',*,*,#890,.T.);
#1169=ORIENTED_EDGE('',*,*,#880,.T.);
#1170=ORIENTED_EDGE('',*,*,#898,.F.);
#1171=ORIENTED_EDGE('',*,*,#857,.T.);
#1172=ORIENTED_EDGE('',*,*,#899,.T.);
#1173=ORIENTED_EDGE('',*,*,#900,.F.);
#1174=ORIENTED_EDGE('',*,*,#901,.F.);
#1175=ORIENTED_EDGE('',*,*,#902,.F.);
#1176=ORIENTED_EDGE('',*,*,#903,.T.);
#1177=ORIENTED_EDGE('',*,*,#858,.T.);
#1178=ORIENTED_EDGE('',*,*,#904,.F.);
#1179=ORIENTED_EDGE('',*,*,#859,.T.);
#1180=ORIENTED_EDGE('',*,*,#903,.F.);
#1181=ORIENTED_EDGE('',*,*,#905,.F.);
#1182=ORIENTED_EDGE('',*,*,#906,.F.);
#1183=ORIENTED_EDGE('',*,*,#907,.T.);
#1184=ORIENTED_EDGE('',*,*,#908,.F.);
#1185=ORIENTED_EDGE('',*,*,#891,.T.);
#1186=ORIENTED_EDGE('',*,*,#860,.T.);
#1187=ORIENTED_EDGE('',*,*,#907,.F.);
#1188=ORIENTED_EDGE('',*,*,#866,.F.);
#1189=ORIENTED_EDGE('',*,*,#895,.T.);
#1190=ORIENTED_EDGE('',*,*,#909,.T.);
#1191=ORIENTED_EDGE('',*,*,#910,.F.);
#1192=ORIENTED_EDGE('',*,*,#911,.T.);
#1193=ORIENTED_EDGE('',*,*,#912,.F.);
#1194=ORIENTED_EDGE('',*,*,#913,.F.);
#1195=ORIENTED_EDGE('',*,*,#867,.F.);
#1196=ORIENTED_EDGE('',*,*,#910,.T.);
#1197=ORIENTED_EDGE('',*,*,#868,.F.);
#1198=ORIENTED_EDGE('',*,*,#913,.T.);
#1199=ORIENTED_EDGE('',*,*,#914,.T.);
#1200=ORIENTED_EDGE('',*,*,#915,.F.);
#1201=ORIENTED_EDGE('',*,*,#869,.T.);
#1202=ORIENTED_EDGE('',*,*,#916,.T.);
#1203=ORIENTED_EDGE('',*,*,#917,.F.);
#1204=ORIENTED_EDGE('',*,*,#918,.F.);
#1205=ORIENTED_EDGE('',*,*,#878,.F.);
#1206=ORIENTED_EDGE('',*,*,#919,.T.);
#1207=ORIENTED_EDGE('',*,*,#870,.T.);
#1208=ORIENTED_EDGE('',*,*,#920,.F.);
#1209=ORIENTED_EDGE('',*,*,#877,.T.);
#1210=ORIENTED_EDGE('',*,*,#875,.T.);
#1211=ORIENTED_EDGE('',*,*,#873,.F.);
#1212=ORIENTED_EDGE('',*,*,#871,.F.);
#1213=ORIENTED_EDGE('',*,*,#919,.F.);
#1214=ORIENTED_EDGE('',*,*,#879,.T.);
#1215=ORIENTED_EDGE('',*,*,#921,.T.);
#1216=ORIENTED_EDGE('',*,*,#922,.F.);
#1217=ORIENTED_EDGE('',*,*,#923,.F.);
#1218=ORIENTED_EDGE('',*,*,#924,.F.);
#1219=ORIENTED_EDGE('',*,*,#925,.F.);
#1220=ORIENTED_EDGE('',*,*,#926,.F.);
#1221=ORIENTED_EDGE('',*,*,#927,.F.);
#1222=ORIENTED_EDGE('',*,*,#928,.F.);
#1223=ORIENTED_EDGE('',*,*,#929,.F.);
#1224=ORIENTED_EDGE('',*,*,#882,.F.);
#1225=ORIENTED_EDGE('',*,*,#930,.F.);
#1226=ORIENTED_EDGE('',*,*,#931,.F.);
#1227=ORIENTED_EDGE('',*,*,#932,.F.);
#1228=ORIENTED_EDGE('',*,*,#883,.F.);
#1229=ORIENTED_EDGE('',*,*,#929,.T.);
#1230=ORIENTED_EDGE('',*,*,#933,.T.);
#1231=ORIENTED_EDGE('',*,*,#934,.F.);
#1232=ORIENTED_EDGE('',*,*,#935,.T.);
#1233=ORIENTED_EDGE('',*,*,#936,.T.);
#1234=ORIENTED_EDGE('',*,*,#937,.T.);
#1235=ORIENTED_EDGE('',*,*,#938,.T.);
#1236=ORIENTED_EDGE('',*,*,#884,.T.);
#1237=ORIENTED_EDGE('',*,*,#934,.T.);
#1238=ORIENTED_EDGE('',*,*,#939,.T.);
#1239=ORIENTED_EDGE('',*,*,#940,.T.);
#1240=ORIENTED_EDGE('',*,*,#941,.T.);
#1241=ORIENTED_EDGE('',*,*,#942,.T.);
#1242=ORIENTED_EDGE('',*,*,#943,.F.);
#1243=ORIENTED_EDGE('',*,*,#930,.T.);
#1244=ORIENTED_EDGE('',*,*,#885,.T.);
#1245=ORIENTED_EDGE('',*,*,#938,.F.);
#1246=ORIENTED_EDGE('',*,*,#944,.F.);
#1247=ORIENTED_EDGE('',*,*,#945,.F.);
#1248=ORIENTED_EDGE('',*,*,#946,.F.);
#1249=ORIENTED_EDGE('',*,*,#947,.F.);
#1250=ORIENTED_EDGE('',*,*,#948,.F.);
#1251=ORIENTED_EDGE('',*,*,#949,.F.);
#1252=ORIENTED_EDGE('',*,*,#886,.F.);
#1253=ORIENTED_EDGE('',*,*,#950,.F.);
#1254=ORIENTED_EDGE('',*,*,#951,.F.);
#1255=ORIENTED_EDGE('',*,*,#952,.F.);
#1256=ORIENTED_EDGE('',*,*,#887,.F.);
#1257=ORIENTED_EDGE('',*,*,#949,.T.);
#1258=ORIENTED_EDGE('',*,*,#953,.T.);
#1259=ORIENTED_EDGE('',*,*,#954,.F.);
#1260=ORIENTED_EDGE('',*,*,#955,.T.);
#1261=ORIENTED_EDGE('',*,*,#956,.T.);
#1262=ORIENTED_EDGE('',*,*,#957,.T.);
#1263=ORIENTED_EDGE('',*,*,#958,.T.);
#1264=ORIENTED_EDGE('',*,*,#888,.T.);
#1265=ORIENTED_EDGE('',*,*,#954,.T.);
#1266=ORIENTED_EDGE('',*,*,#959,.T.);
#1267=ORIENTED_EDGE('',*,*,#960,.T.);
#1268=ORIENTED_EDGE('',*,*,#961,.T.);
#1269=ORIENTED_EDGE('',*,*,#962,.T.);
#1270=ORIENTED_EDGE('',*,*,#963,.F.);
#1271=ORIENTED_EDGE('',*,*,#950,.T.);
#1272=ORIENTED_EDGE('',*,*,#889,.T.);
#1273=ORIENTED_EDGE('',*,*,#958,.F.);
#1274=ORIENTED_EDGE('',*,*,#892,.F.);
#1275=ORIENTED_EDGE('',*,*,#908,.T.);
#1276=ORIENTED_EDGE('',*,*,#906,.T.);
#1277=ORIENTED_EDGE('',*,*,#964,.F.);
#1278=ORIENTED_EDGE('',*,*,#893,.T.);
#1279=ORIENTED_EDGE('',*,*,#964,.T.);
#1280=ORIENTED_EDGE('',*,*,#905,.T.);
#1281=ORIENTED_EDGE('',*,*,#902,.T.);
#1282=ORIENTED_EDGE('',*,*,#965,.F.);
#1283=ORIENTED_EDGE('',*,*,#914,.F.);
#1284=ORIENTED_EDGE('',*,*,#912,.T.);
#1285=ORIENTED_EDGE('',*,*,#966,.F.);
#1286=ORIENTED_EDGE('',*,*,#967,.T.);
#1287=ORIENTED_EDGE('',*,*,#968,.T.);
#1288=ORIENTED_EDGE('',*,*,#969,.F.);
#1289=ORIENTED_EDGE('',*,*,#970,.F.);
#1290=ORIENTED_EDGE('',*,*,#971,.T.);
#1291=ORIENTED_EDGE('',*,*,#972,.T.);
#1292=ORIENTED_EDGE('',*,*,#973,.F.);
#1293=ORIENTED_EDGE('',*,*,#974,.F.);
#1294=ORIENTED_EDGE('',*,*,#894,.T.);
#1295=ORIENTED_EDGE('',*,*,#966,.T.);
#1296=ORIENTED_EDGE('',*,*,#911,.F.);
#1297=ORIENTED_EDGE('',*,*,#909,.F.);
#1298=ORIENTED_EDGE('',*,*,#898,.T.);
#1299=ORIENTED_EDGE('',*,*,#923,.T.);
#1300=ORIENTED_EDGE('',*,*,#975,.F.);
#1301=ORIENTED_EDGE('',*,*,#899,.F.);
#1302=ORIENTED_EDGE('',*,*,#904,.T.);
#1303=ORIENTED_EDGE('',*,*,#901,.T.);
#1304=ORIENTED_EDGE('',*,*,#976,.F.);
#1305=ORIENTED_EDGE('',*,*,#977,.F.);
#1306=ORIENTED_EDGE('',*,*,#917,.T.);
#1307=ORIENTED_EDGE('',*,*,#978,.T.);
#1308=ORIENTED_EDGE('',*,*,#979,.T.);
#1309=ORIENTED_EDGE('',*,*,#976,.T.);
#1310=ORIENTED_EDGE('',*,*,#900,.T.);
#1311=ORIENTED_EDGE('',*,*,#975,.T.);
#1312=ORIENTED_EDGE('',*,*,#922,.T.);
#1313=ORIENTED_EDGE('',*,*,#980,.T.);
#1314=ORIENTED_EDGE('',*,*,#981,.F.);
#1315=ORIENTED_EDGE('',*,*,#982,.F.);
#1316=ORIENTED_EDGE('',*,*,#983,.F.);
#1317=ORIENTED_EDGE('',*,*,#984,.F.);
#1318=ORIENTED_EDGE('',*,*,#985,.F.);
#1319=ORIENTED_EDGE('',*,*,#915,.T.);
#1320=ORIENTED_EDGE('',*,*,#986,.T.);
#1321=ORIENTED_EDGE('',*,*,#978,.F.);
#1322=ORIENTED_EDGE('',*,*,#916,.F.);
#1323=ORIENTED_EDGE('',*,*,#920,.T.);
#1324=ORIENTED_EDGE('',*,*,#918,.T.);
#1325=ORIENTED_EDGE('',*,*,#980,.F.);
#1326=ORIENTED_EDGE('',*,*,#921,.F.);
#1327=ORIENTED_EDGE('',*,*,#924,.T.);
#1328=ORIENTED_EDGE('',*,*,#987,.T.);
#1329=ORIENTED_EDGE('',*,*,#935,.F.);
#1330=ORIENTED_EDGE('',*,*,#988,.T.);
#1331=ORIENTED_EDGE('',*,*,#987,.F.);
#1332=ORIENTED_EDGE('',*,*,#932,.T.);
#1333=ORIENTED_EDGE('',*,*,#989,.T.);
#1334=ORIENTED_EDGE('',*,*,#936,.F.);
#1335=ORIENTED_EDGE('',*,*,#989,.F.);
#1336=ORIENTED_EDGE('',*,*,#931,.T.);
#1337=ORIENTED_EDGE('',*,*,#943,.T.);
#1338=ORIENTED_EDGE('',*,*,#937,.F.);
#1339=ORIENTED_EDGE('',*,*,#933,.F.);
#1340=ORIENTED_EDGE('',*,*,#928,.T.);
#1341=ORIENTED_EDGE('',*,*,#990,.T.);
#1342=ORIENTED_EDGE('',*,*,#939,.F.);
#1343=ORIENTED_EDGE('',*,*,#990,.F.);
#1344=ORIENTED_EDGE('',*,*,#927,.T.);
#1345=ORIENTED_EDGE('',*,*,#991,.F.);
#1346=ORIENTED_EDGE('',*,*,#940,.F.);
#1347=ORIENTED_EDGE('',*,*,#926,.T.);
#1348=ORIENTED_EDGE('',*,*,#992,.F.);
#1349=ORIENTED_EDGE('',*,*,#941,.F.);
#1350=ORIENTED_EDGE('',*,*,#991,.T.);
#1351=ORIENTED_EDGE('',*,*,#925,.T.);
#1352=ORIENTED_EDGE('',*,*,#988,.F.);
#1353=ORIENTED_EDGE('',*,*,#942,.F.);
#1354=ORIENTED_EDGE('',*,*,#992,.T.);
#1355=ORIENTED_EDGE('',*,*,#944,.T.);
#1356=ORIENTED_EDGE('',*,*,#993,.T.);
#1357=ORIENTED_EDGE('',*,*,#955,.F.);
#1358=ORIENTED_EDGE('',*,*,#994,.T.);
#1359=ORIENTED_EDGE('',*,*,#993,.F.);
#1360=ORIENTED_EDGE('',*,*,#952,.T.);
#1361=ORIENTED_EDGE('',*,*,#995,.T.);
#1362=ORIENTED_EDGE('',*,*,#956,.F.);
#1363=ORIENTED_EDGE('',*,*,#995,.F.);
#1364=ORIENTED_EDGE('',*,*,#951,.T.);
#1365=ORIENTED_EDGE('',*,*,#963,.T.);
#1366=ORIENTED_EDGE('',*,*,#957,.F.);
#1367=ORIENTED_EDGE('',*,*,#953,.F.);
#1368=ORIENTED_EDGE('',*,*,#948,.T.);
#1369=ORIENTED_EDGE('',*,*,#996,.T.);
#1370=ORIENTED_EDGE('',*,*,#959,.F.);
#1371=ORIENTED_EDGE('',*,*,#996,.F.);
#1372=ORIENTED_EDGE('',*,*,#947,.T.);
#1373=ORIENTED_EDGE('',*,*,#997,.F.);
#1374=ORIENTED_EDGE('',*,*,#960,.F.);
#1375=ORIENTED_EDGE('',*,*,#946,.T.);
#1376=ORIENTED_EDGE('',*,*,#998,.F.);
#1377=ORIENTED_EDGE('',*,*,#961,.F.);
#1378=ORIENTED_EDGE('',*,*,#997,.T.);
#1379=ORIENTED_EDGE('',*,*,#945,.T.);
#1380=ORIENTED_EDGE('',*,*,#994,.F.);
#1381=ORIENTED_EDGE('',*,*,#962,.F.);
#1382=ORIENTED_EDGE('',*,*,#998,.T.);
#1383=ORIENTED_EDGE('',*,*,#965,.T.);
#1384=ORIENTED_EDGE('',*,*,#977,.T.);
#1385=ORIENTED_EDGE('',*,*,#979,.F.);
#1386=ORIENTED_EDGE('',*,*,#986,.F.);
#1387=ORIENTED_EDGE('',*,*,#999,.F.);
#1388=ORIENTED_EDGE('',*,*,#1000,.F.);
#1389=ORIENTED_EDGE('',*,*,#1001,.F.);
#1390=ORIENTED_EDGE('',*,*,#1002,.F.);
#1391=ORIENTED_EDGE('',*,*,#1003,.F.);
#1392=ORIENTED_EDGE('',*,*,#1004,.F.);
#1393=ORIENTED_EDGE('',*,*,#967,.F.);
#1394=ORIENTED_EDGE('',*,*,#1005,.F.);
#1395=ORIENTED_EDGE('',*,*,#1006,.F.);
#1396=ORIENTED_EDGE('',*,*,#1007,.F.);
#1397=ORIENTED_EDGE('',*,*,#968,.F.);
#1398=ORIENTED_EDGE('',*,*,#1004,.T.);
#1399=ORIENTED_EDGE('',*,*,#1008,.T.);
#1400=ORIENTED_EDGE('',*,*,#1009,.F.);
#1401=ORIENTED_EDGE('',*,*,#1010,.T.);
#1402=ORIENTED_EDGE('',*,*,#1011,.T.);
#1403=ORIENTED_EDGE('',*,*,#1012,.T.);
#1404=ORIENTED_EDGE('',*,*,#1013,.T.);
#1405=ORIENTED_EDGE('',*,*,#969,.T.);
#1406=ORIENTED_EDGE('',*,*,#1009,.T.);
#1407=ORIENTED_EDGE('',*,*,#1014,.T.);
#1408=ORIENTED_EDGE('',*,*,#1015,.T.);
#1409=ORIENTED_EDGE('',*,*,#1016,.T.);
#1410=ORIENTED_EDGE('',*,*,#1017,.T.);
#1411=ORIENTED_EDGE('',*,*,#1018,.F.);
#1412=ORIENTED_EDGE('',*,*,#1005,.T.);
#1413=ORIENTED_EDGE('',*,*,#970,.T.);
#1414=ORIENTED_EDGE('',*,*,#1013,.F.);
#1415=ORIENTED_EDGE('',*,*,#1019,.F.);
#1416=ORIENTED_EDGE('',*,*,#1020,.F.);
#1417=ORIENTED_EDGE('',*,*,#1021,.F.);
#1418=ORIENTED_EDGE('',*,*,#1022,.F.);
#1419=ORIENTED_EDGE('',*,*,#1023,.F.);
#1420=ORIENTED_EDGE('',*,*,#1024,.F.);
#1421=ORIENTED_EDGE('',*,*,#971,.F.);
#1422=ORIENTED_EDGE('',*,*,#1025,.F.);
#1423=ORIENTED_EDGE('',*,*,#1026,.F.);
#1424=ORIENTED_EDGE('',*,*,#1027,.F.);
#1425=ORIENTED_EDGE('',*,*,#972,.F.);
#1426=ORIENTED_EDGE('',*,*,#1024,.T.);
#1427=ORIENTED_EDGE('',*,*,#1028,.T.);
#1428=ORIENTED_EDGE('',*,*,#1029,.F.);
#1429=ORIENTED_EDGE('',*,*,#1030,.T.);
#1430=ORIENTED_EDGE('',*,*,#1031,.T.);
#1431=ORIENTED_EDGE('',*,*,#1032,.T.);
#1432=ORIENTED_EDGE('',*,*,#1033,.T.);
#1433=ORIENTED_EDGE('',*,*,#973,.T.);
#1434=ORIENTED_EDGE('',*,*,#1029,.T.);
#1435=ORIENTED_EDGE('',*,*,#1034,.T.);
#1436=ORIENTED_EDGE('',*,*,#1035,.T.);
#1437=ORIENTED_EDGE('',*,*,#1036,.T.);
#1438=ORIENTED_EDGE('',*,*,#1037,.T.);
#1439=ORIENTED_EDGE('',*,*,#1038,.F.);
#1440=ORIENTED_EDGE('',*,*,#1025,.T.);
#1441=ORIENTED_EDGE('',*,*,#974,.T.);
#1442=ORIENTED_EDGE('',*,*,#1033,.F.);
#1443=ORIENTED_EDGE('',*,*,#1039,.F.);
#1444=ORIENTED_EDGE('',*,*,#1040,.F.);
#1445=ORIENTED_EDGE('',*,*,#1041,.T.);
#1446=ORIENTED_EDGE('',*,*,#981,.T.);
#1447=ORIENTED_EDGE('',*,*,#1041,.F.);
#1448=ORIENTED_EDGE('',*,*,#1042,.F.);
#1449=ORIENTED_EDGE('',*,*,#1043,.F.);
#1450=ORIENTED_EDGE('',*,*,#1044,.T.);
#1451=ORIENTED_EDGE('',*,*,#982,.T.);
#1452=ORIENTED_EDGE('',*,*,#1044,.F.);
#1453=ORIENTED_EDGE('',*,*,#1045,.F.);
#1454=ORIENTED_EDGE('',*,*,#1046,.F.);
#1455=ORIENTED_EDGE('',*,*,#1047,.T.);
#1456=ORIENTED_EDGE('',*,*,#983,.T.);
#1457=ORIENTED_EDGE('',*,*,#1047,.F.);
#1458=ORIENTED_EDGE('',*,*,#1048,.F.);
#1459=ORIENTED_EDGE('',*,*,#1049,.T.);
#1460=ORIENTED_EDGE('',*,*,#984,.T.);
#1461=ORIENTED_EDGE('',*,*,#1049,.F.);
#1462=ORIENTED_EDGE('',*,*,#1050,.F.);
#1463=ORIENTED_EDGE('',*,*,#1051,.F.);
#1464=ORIENTED_EDGE('',*,*,#1052,.T.);
#1465=ORIENTED_EDGE('',*,*,#985,.T.);
#1466=ORIENTED_EDGE('',*,*,#1052,.F.);
#1467=ORIENTED_EDGE('',*,*,#999,.T.);
#1468=ORIENTED_EDGE('',*,*,#1053,.T.);
#1469=ORIENTED_EDGE('',*,*,#1010,.F.);
#1470=ORIENTED_EDGE('',*,*,#1054,.T.);
#1471=ORIENTED_EDGE('',*,*,#1053,.F.);
#1472=ORIENTED_EDGE('',*,*,#1007,.T.);
#1473=ORIENTED_EDGE('',*,*,#1055,.T.);
#1474=ORIENTED_EDGE('',*,*,#1011,.F.);
#1475=ORIENTED_EDGE('',*,*,#1055,.F.);
#1476=ORIENTED_EDGE('',*,*,#1006,.T.);
#1477=ORIENTED_EDGE('',*,*,#1018,.T.);
#1478=ORIENTED_EDGE('',*,*,#1012,.F.);
#1479=ORIENTED_EDGE('',*,*,#1008,.F.);
#1480=ORIENTED_EDGE('',*,*,#1003,.T.);
#1481=ORIENTED_EDGE('',*,*,#1056,.T.);
#1482=ORIENTED_EDGE('',*,*,#1014,.F.);
#1483=ORIENTED_EDGE('',*,*,#1056,.F.);
#1484=ORIENTED_EDGE('',*,*,#1002,.T.);
#1485=ORIENTED_EDGE('',*,*,#1057,.F.);
#1486=ORIENTED_EDGE('',*,*,#1015,.F.);
#1487=ORIENTED_EDGE('',*,*,#1001,.T.);
#1488=ORIENTED_EDGE('',*,*,#1058,.F.);
#1489=ORIENTED_EDGE('',*,*,#1016,.F.);
#1490=ORIENTED_EDGE('',*,*,#1057,.T.);
#1491=ORIENTED_EDGE('',*,*,#1000,.T.);
#1492=ORIENTED_EDGE('',*,*,#1054,.F.);
#1493=ORIENTED_EDGE('',*,*,#1017,.F.);
#1494=ORIENTED_EDGE('',*,*,#1058,.T.);
#1495=ORIENTED_EDGE('',*,*,#1019,.T.);
#1496=ORIENTED_EDGE('',*,*,#1059,.T.);
#1497=ORIENTED_EDGE('',*,*,#1030,.F.);
#1498=ORIENTED_EDGE('',*,*,#1060,.T.);
#1499=ORIENTED_EDGE('',*,*,#1059,.F.);
#1500=ORIENTED_EDGE('',*,*,#1027,.T.);
#1501=ORIENTED_EDGE('',*,*,#1061,.T.);
#1502=ORIENTED_EDGE('',*,*,#1031,.F.);
#1503=ORIENTED_EDGE('',*,*,#1061,.F.);
#1504=ORIENTED_EDGE('',*,*,#1026,.T.);
#1505=ORIENTED_EDGE('',*,*,#1038,.T.);
#1506=ORIENTED_EDGE('',*,*,#1032,.F.);
#1507=ORIENTED_EDGE('',*,*,#1028,.F.);
#1508=ORIENTED_EDGE('',*,*,#1023,.T.);
#1509=ORIENTED_EDGE('',*,*,#1062,.T.);
#1510=ORIENTED_EDGE('',*,*,#1034,.F.);
#1511=ORIENTED_EDGE('',*,*,#1062,.F.);
#1512=ORIENTED_EDGE('',*,*,#1022,.T.);
#1513=ORIENTED_EDGE('',*,*,#1063,.F.);
#1514=ORIENTED_EDGE('',*,*,#1035,.F.);
#1515=ORIENTED_EDGE('',*,*,#1021,.T.);
#1516=ORIENTED_EDGE('',*,*,#1064,.F.);
#1517=ORIENTED_EDGE('',*,*,#1036,.F.);
#1518=ORIENTED_EDGE('',*,*,#1063,.T.);
#1519=ORIENTED_EDGE('',*,*,#1020,.T.);
#1520=ORIENTED_EDGE('',*,*,#1060,.F.);
#1521=ORIENTED_EDGE('',*,*,#1037,.F.);
#1522=ORIENTED_EDGE('',*,*,#1064,.T.);
#1523=ORIENTED_EDGE('',*,*,#1065,.F.);
#1524=ORIENTED_EDGE('',*,*,#1039,.T.);
#1525=ORIENTED_EDGE('',*,*,#1040,.T.);
#1526=ORIENTED_EDGE('',*,*,#1065,.T.);
#1527=ORIENTED_EDGE('',*,*,#1066,.F.);
#1528=ORIENTED_EDGE('',*,*,#1067,.F.);
#1529=ORIENTED_EDGE('',*,*,#1042,.T.);
#1530=ORIENTED_EDGE('',*,*,#1043,.T.);
#1531=ORIENTED_EDGE('',*,*,#1067,.T.);
#1532=ORIENTED_EDGE('',*,*,#1068,.F.);
#1533=ORIENTED_EDGE('',*,*,#1069,.F.);
#1534=ORIENTED_EDGE('',*,*,#1045,.T.);
#1535=ORIENTED_EDGE('',*,*,#1046,.T.);
#1536=ORIENTED_EDGE('',*,*,#1069,.T.);
#1537=ORIENTED_EDGE('',*,*,#1070,.F.);
#1538=ORIENTED_EDGE('',*,*,#1048,.T.);
#1539=ORIENTED_EDGE('',*,*,#1071,.F.);
#1540=ORIENTED_EDGE('',*,*,#1072,.F.);
#1541=ORIENTED_EDGE('',*,*,#1050,.T.);
#1542=ORIENTED_EDGE('',*,*,#1051,.T.);
#1543=ORIENTED_EDGE('',*,*,#1072,.T.);
#1544=ORIENTED_EDGE('',*,*,#1073,.F.);
#1545=ORIENTED_EDGE('',*,*,#1066,.T.);
#1546=ORIENTED_EDGE('',*,*,#1068,.T.);
#1547=ORIENTED_EDGE('',*,*,#1070,.T.);
#1548=ORIENTED_EDGE('',*,*,#1074,.F.);
#1549=ORIENTED_EDGE('',*,*,#1075,.T.);
#1550=ORIENTED_EDGE('',*,*,#1071,.T.);
#1551=ORIENTED_EDGE('',*,*,#1075,.F.);
#1552=ORIENTED_EDGE('',*,*,#1073,.T.);
#1553=ORIENTED_EDGE('',*,*,#1076,.F.);
#1554=ORIENTED_EDGE('',*,*,#1077,.T.);
#1555=ORIENTED_EDGE('',*,*,#1074,.T.);
#1556=ORIENTED_EDGE('',*,*,#1077,.F.);
#1557=ORIENTED_EDGE('',*,*,#1076,.T.);
#1558=PLANE('',#1832);
#1559=PLANE('',#1833);
#1560=PLANE('',#1834);
#1561=PLANE('',#1835);
#1562=PLANE('',#1836);
#1563=PLANE('',#1837);
#1564=PLANE('',#1838);
#1565=PLANE('',#1839);
#1566=PLANE('',#1840);
#1567=PLANE('',#1841);
#1568=PLANE('',#1843);
#1569=PLANE('',#1844);
#1570=PLANE('',#1845);
#1571=PLANE('',#1848);
#1572=PLANE('',#1852);
#1573=PLANE('',#1853);
#1574=PLANE('',#1854);
#1575=PLANE('',#1855);
#1576=PLANE('',#1859);
#1577=PLANE('',#1863);
#1578=PLANE('',#1864);
#1579=PLANE('',#1865);
#1580=PLANE('',#1868);
#1581=PLANE('',#1869);
#1582=PLANE('',#1872);
#1583=PLANE('',#1873);
#1584=PLANE('',#1876);
#1585=PLANE('',#1877);
#1586=PLANE('',#1880);
#1587=PLANE('',#1881);
#1588=PLANE('',#1882);
#1589=PLANE('',#1883);
#1590=PLANE('',#1888);
#1591=PLANE('',#1898);
#1592=PLANE('',#1900);
#1593=PLANE('',#1902);
#1594=PLANE('',#1903);
#1595=PLANE('',#1904);
#1596=PLANE('',#1905);
#1597=PLANE('',#1907);
#1598=PLANE('',#1909);
#1599=PLANE('',#1910);
#1600=PLANE('',#1911);
#1601=PLANE('',#1912);
#1602=PLANE('',#1913);
#1603=PLANE('',#1916);
#1604=PLANE('',#1917);
#1605=PLANE('',#1920);
#1606=PLANE('',#1921);
#1607=PLANE('',#1924);
#1608=PLANE('',#1925);
#1609=PLANE('',#1928);
#1610=PLANE('',#1943);
#1611=PLANE('',#1945);
#1612=PLANE('',#1947);
#1613=PLANE('',#1948);
#1614=PLANE('',#1949);
#1615=PLANE('',#1950);
#1616=PLANE('',#1952);
#1617=PLANE('',#1954);
#1618=PLANE('',#1955);
#1619=PLANE('',#1956);
#1620=PLANE('',#1963);
#1621=PLANE('',#1967);
#1622=PLANE('',#1968);
#1623=PLANE('',#1969);
#1624=PLANE('',#1972);
#1625=PLANE('',#1976);
#1626=STYLED_ITEM('',(#3233),#1722);
#1627=STYLED_ITEM('',(#3233),#1723);
#1628=STYLED_ITEM('',(#3233),#1724);
#1629=STYLED_ITEM('',(#3233),#1725);
#1630=STYLED_ITEM('',(#3233),#1726);
#1631=STYLED_ITEM('',(#3233),#1727);
#1632=STYLED_ITEM('',(#3233),#1728);
#1633=STYLED_ITEM('',(#3233),#1729);
#1634=STYLED_ITEM('',(#3233),#1730);
#1635=STYLED_ITEM('',(#3233),#1731);
#1636=STYLED_ITEM('',(#3233),#1732);
#1637=STYLED_ITEM('',(#3233),#1733);
#1638=STYLED_ITEM('',(#3233),#1734);
#1639=STYLED_ITEM('',(#3233),#1735);
#1640=STYLED_ITEM('',(#3234),#1736);
#1641=STYLED_ITEM('',(#3233),#1737);
#1642=STYLED_ITEM('',(#3233),#1738);
#1643=STYLED_ITEM('',(#3233),#1739);
#1644=STYLED_ITEM('',(#3233),#1740);
#1645=STYLED_ITEM('',(#3233),#1741);
#1646=STYLED_ITEM('',(#3233),#1742);
#1647=STYLED_ITEM('',(#3234),#1743);
#1648=STYLED_ITEM('',(#3233),#1744);
#1649=STYLED_ITEM('',(#3233),#1745);
#1650=STYLED_ITEM('',(#3234),#1746);
#1651=STYLED_ITEM('',(#3235),#1747);
#1652=STYLED_ITEM('',(#3235),#1748);
#1653=STYLED_ITEM('',(#3235),#1749);
#1654=STYLED_ITEM('',(#3235),#1750);
#1655=STYLED_ITEM('',(#3235),#1751);
#1656=STYLED_ITEM('',(#3235),#1752);
#1657=STYLED_ITEM('',(#3235),#1753);
#1658=STYLED_ITEM('',(#3235),#1754);
#1659=STYLED_ITEM('',(#3233),#1755);
#1660=STYLED_ITEM('',(#3233),#1756);
#1661=STYLED_ITEM('',(#3233),#1757);
#1662=STYLED_ITEM('',(#3234),#1758);
#1663=STYLED_ITEM('',(#3234),#1759);
#1664=STYLED_ITEM('',(#3234),#1760);
#1665=STYLED_ITEM('',(#3234),#1761);
#1666=STYLED_ITEM('',(#3234),#1762);
#1667=STYLED_ITEM('',(#3235),#1763);
#1668=STYLED_ITEM('',(#3235),#1764);
#1669=STYLED_ITEM('',(#3235),#1765);
#1670=STYLED_ITEM('',(#3235),#1766);
#1671=STYLED_ITEM('',(#3235),#1767);
#1672=STYLED_ITEM('',(#3235),#1768);
#1673=STYLED_ITEM('',(#3235),#1769);
#1674=STYLED_ITEM('',(#3235),#1770);
#1675=STYLED_ITEM('',(#3235),#1771);
#1676=STYLED_ITEM('',(#3235),#1772);
#1677=STYLED_ITEM('',(#3235),#1773);
#1678=STYLED_ITEM('',(#3235),#1774);
#1679=STYLED_ITEM('',(#3235),#1775);
#1680=STYLED_ITEM('',(#3235),#1776);
#1681=STYLED_ITEM('',(#3234),#1777);
#1682=STYLED_ITEM('',(#3235),#1778);
#1683=STYLED_ITEM('',(#3235),#1779);
#1684=STYLED_ITEM('',(#3235),#1780);
#1685=STYLED_ITEM('',(#3235),#1781);
#1686=STYLED_ITEM('',(#3235),#1782);
#1687=STYLED_ITEM('',(#3235),#1783);
#1688=STYLED_ITEM('',(#3235),#1784);
#1689=STYLED_ITEM('',(#3235),#1785);
#1690=STYLED_ITEM('',(#3233),#1786);
#1691=STYLED_ITEM('',(#3233),#1787);
#1692=STYLED_ITEM('',(#3233),#1788);
#1693=STYLED_ITEM('',(#3234),#1789);
#1694=STYLED_ITEM('',(#3233),#1790);
#1695=STYLED_ITEM('',(#3235),#1791);
#1696=STYLED_ITEM('',(#3235),#1792);
#1697=STYLED_ITEM('',(#3235),#1793);
#1698=STYLED_ITEM('',(#3235),#1794);
#1699=STYLED_ITEM('',(#3235),#1795);
#1700=STYLED_ITEM('',(#3235),#1796);
#1701=STYLED_ITEM('',(#3235),#1797);
#1702=STYLED_ITEM('',(#3235),#1798);
#1703=STYLED_ITEM('',(#3235),#1799);
#1704=STYLED_ITEM('',(#3235),#1800);
#1705=STYLED_ITEM('',(#3235),#1801);
#1706=STYLED_ITEM('',(#3235),#1802);
#1707=STYLED_ITEM('',(#3235),#1803);
#1708=STYLED_ITEM('',(#3235),#1804);
#1709=STYLED_ITEM('',(#3233),#1805);
#1710=STYLED_ITEM('',(#3233),#1806);
#1711=STYLED_ITEM('',(#3233),#1807);
#1712=STYLED_ITEM('',(#3233),#1808);
#1713=STYLED_ITEM('',(#3233),#1809);
#1714=STYLED_ITEM('',(#3233),#1810);
#1715=STYLED_ITEM('',(#3233),#1811);
#1716=STYLED_ITEM('',(#3233),#1812);
#1717=STYLED_ITEM('',(#3233),#1813);
#1718=STYLED_ITEM('',(#3233),#1814);
#1719=STYLED_ITEM('',(#3233),#1815);
#1720=STYLED_ITEM('',(#3233),#1816);
#1721=STYLED_ITEM('',(#3232),#17);
#1722=ADVANCED_FACE('',(#109),#1558,.F.);
#1723=ADVANCED_FACE('',(#110),#1559,.T.);
#1724=ADVANCED_FACE('',(#111),#1560,.F.);
#1725=ADVANCED_FACE('',(#112),#1561,.F.);
#1726=ADVANCED_FACE('',(#113),#1562,.T.);
#1727=ADVANCED_FACE('',(#114),#1563,.F.);
#1728=ADVANCED_FACE('',(#115),#1564,.F.);
#1729=ADVANCED_FACE('',(#116),#1565,.F.);
#1730=ADVANCED_FACE('',(#117,#99,#100),#1566,.F.);
#1731=ADVANCED_FACE('',(#118),#1567,.F.);
#1732=ADVANCED_FACE('',(#119),#1568,.F.);
#1733=ADVANCED_FACE('',(#120),#1569,.F.);
#1734=ADVANCED_FACE('',(#121),#1570,.F.);
#1735=ADVANCED_FACE('',(#122),#23,.T.);
#1736=ADVANCED_FACE('',(#123),#1571,.F.);
#1737=ADVANCED_FACE('',(#124),#24,.T.);
#1738=ADVANCED_FACE('',(#125),#1572,.F.);
#1739=ADVANCED_FACE('',(#126),#1573,.T.);
#1740=ADVANCED_FACE('',(#127),#1574,.T.);
#1741=ADVANCED_FACE('',(#128),#1575,.F.);
#1742=ADVANCED_FACE('',(#129),#25,.T.);
#1743=ADVANCED_FACE('',(#130),#1576,.F.);
#1744=ADVANCED_FACE('',(#131),#26,.T.);
#1745=ADVANCED_FACE('',(#132),#1577,.F.);
#1746=ADVANCED_FACE('',(#133),#1578,.F.);
#1747=ADVANCED_FACE('',(#134),#1579,.F.);
#1748=ADVANCED_FACE('',(#135),#1580,.T.);
#1749=ADVANCED_FACE('',(#136),#1581,.T.);
#1750=ADVANCED_FACE('',(#137),#1582,.T.);
#1751=ADVANCED_FACE('',(#138),#1583,.F.);
#1752=ADVANCED_FACE('',(#139),#1584,.T.);
#1753=ADVANCED_FACE('',(#140),#1585,.T.);
#1754=ADVANCED_FACE('',(#141),#1586,.T.);
#1755=ADVANCED_FACE('',(#142),#1587,.T.);
#1756=ADVANCED_FACE('',(#143,#101,#102),#1588,.F.);
#1757=ADVANCED_FACE('',(#144),#1589,.F.);
#1758=ADVANCED_FACE('',(#145),#27,.T.);
#1759=ADVANCED_FACE('',(#146),#28,.T.);
#1760=ADVANCED_FACE('',(#147,#103,#104,#105,#106,#107),#1590,.T.);
#1761=ADVANCED_FACE('',(#148),#29,.T.);
#1762=ADVANCED_FACE('',(#149),#30,.T.);
#1763=ADVANCED_FACE('',(#150),#1591,.T.);
#1764=ADVANCED_FACE('',(#151),#31,.T.);
#1765=ADVANCED_FACE('',(#152),#1592,.T.);
#1766=ADVANCED_FACE('',(#153),#32,.T.);
#1767=ADVANCED_FACE('',(#154),#1593,.T.);
#1768=ADVANCED_FACE('',(#155),#1594,.T.);
#1769=ADVANCED_FACE('',(#156),#1595,.T.);
#1770=ADVANCED_FACE('',(#157),#1596,.T.);
#1771=ADVANCED_FACE('',(#158),#33,.T.);
#1772=ADVANCED_FACE('',(#159),#1597,.T.);
#1773=ADVANCED_FACE('',(#160),#34,.T.);
#1774=ADVANCED_FACE('',(#161),#1598,.T.);
#1775=ADVANCED_FACE('',(#162),#1599,.T.);
#1776=ADVANCED_FACE('',(#163),#1600,.T.);
#1777=ADVANCED_FACE('',(#164),#1601,.F.);
#1778=ADVANCED_FACE('',(#165),#1602,.F.);
#1779=ADVANCED_FACE('',(#166),#1603,.T.);
#1780=ADVANCED_FACE('',(#167),#1604,.T.);
#1781=ADVANCED_FACE('',(#168),#1605,.T.);
#1782=ADVANCED_FACE('',(#169),#1606,.F.);
#1783=ADVANCED_FACE('',(#170),#1607,.T.);
#1784=ADVANCED_FACE('',(#171),#1608,.T.);
#1785=ADVANCED_FACE('',(#172),#1609,.T.);
#1786=ADVANCED_FACE('',(#173),#35,.T.);
#1787=ADVANCED_FACE('',(#174),#36,.T.);
#1788=ADVANCED_FACE('',(#175),#37,.T.);
#1789=ADVANCED_FACE('',(#176),#38,.F.);
#1790=ADVANCED_FACE('',(#177),#39,.T.);
#1791=ADVANCED_FACE('',(#178),#1610,.T.);
#1792=ADVANCED_FACE('',(#179),#40,.T.);
#1793=ADVANCED_FACE('',(#180),#1611,.T.);
#1794=ADVANCED_FACE('',(#181),#41,.T.);
#1795=ADVANCED_FACE('',(#182),#1612,.T.);
#1796=ADVANCED_FACE('',(#183),#1613,.T.);
#1797=ADVANCED_FACE('',(#184),#1614,.T.);
#1798=ADVANCED_FACE('',(#185),#1615,.T.);
#1799=ADVANCED_FACE('',(#186),#42,.T.);
#1800=ADVANCED_FACE('',(#187),#1616,.T.);
#1801=ADVANCED_FACE('',(#188),#43,.T.);
#1802=ADVANCED_FACE('',(#189),#1617,.T.);
#1803=ADVANCED_FACE('',(#190),#1618,.T.);
#1804=ADVANCED_FACE('',(#191),#1619,.T.);
#1805=ADVANCED_FACE('',(#192),#19,.T.);
#1806=ADVANCED_FACE('',(#193),#20,.T.);
#1807=ADVANCED_FACE('',(#194),#21,.T.);
#1808=ADVANCED_FACE('',(#195,#108),#1620,.T.);
#1809=ADVANCED_FACE('',(#196),#22,.T.);
#1810=ADVANCED_FACE('',(#197),#1621,.T.);
#1811=ADVANCED_FACE('',(#198),#1622,.T.);
#1812=ADVANCED_FACE('',(#199),#1623,.T.);
#1813=ADVANCED_FACE('',(#200),#44,.T.);
#1814=ADVANCED_FACE('',(#201),#1624,.T.);
#1815=ADVANCED_FACE('',(#202),#18,.T.);
#1816=ADVANCED_FACE('',(#203),#1625,.T.);
#1817=CLOSED_SHELL('',(#1722,#1723,#1724,#1725,#1726,#1727,#1728,#1729,
#1730,#1731,#1732,#1733,#1734,#1735,#1736,#1737,#1738,#1739,#1740,#1741,
#1742,#1743,#1744,#1745,#1746,#1747,#1748,#1749,#1750,#1751,#1752,#1753,
#1754,#1755,#1756,#1757,#1758,#1759,#1760,#1761,#1762,#1763,#1764,#1765,
#1766,#1767,#1768,#1769,#1770,#1771,#1772,#1773,#1774,#1775,#1776,#1777,
#1778,#1779,#1780,#1781,#1782,#1783,#1784,#1785,#1786,#1787,#1788,#1789,
#1790,#1791,#1792,#1793,#1794,#1795,#1796,#1797,#1798,#1799,#1800,#1801,
#1802,#1803,#1804,#1805,#1806,#1807,#1808,#1809,#1810,#1811,#1812,#1813,
#1814,#1815,#1816));
#1818=DERIVED_UNIT_ELEMENT(#1820,1.);
#1819=DERIVED_UNIT_ELEMENT(#3210,-3.);
#1820=(
MASS_UNIT()
NAMED_UNIT(*)
SI_UNIT(.KILO.,.GRAM.)
);
#1821=DERIVED_UNIT((#1818,#1819));
#1822=MEASURE_REPRESENTATION_ITEM('density measure',
POSITIVE_RATIO_MEASURE(7850.),#1821);
#1823=PROPERTY_DEFINITION_REPRESENTATION(#1828,#1825);
#1824=PROPERTY_DEFINITION_REPRESENTATION(#1829,#1826);
#1825=REPRESENTATION('material name',(#1827),#3207);
#1826=REPRESENTATION('density',(#1822),#3207);
#1827=DESCRIPTIVE_REPRESENTATION_ITEM('Steel','Steel');
#1828=PROPERTY_DEFINITION('material property','material name',#3222);
#1829=PROPERTY_DEFINITION('material property','density of part',#3222);
#1830=AXIS2_PLACEMENT_3D('',#2460,#1978,#1979);
#1831=AXIS2_PLACEMENT_3D('',#2461,#1980,#1981);
#1832=AXIS2_PLACEMENT_3D('',#2462,#1982,#1983);
#1833=AXIS2_PLACEMENT_3D('',#2479,#1992,#1993);
#1834=AXIS2_PLACEMENT_3D('',#2485,#1997,#1998);
#1835=AXIS2_PLACEMENT_3D('',#2489,#2001,#2002);
#1836=AXIS2_PLACEMENT_3D('',#2509,#2013,#2014);
#1837=AXIS2_PLACEMENT_3D('',#2513,#2017,#2018);
#1838=AXIS2_PLACEMENT_3D('',#2533,#2029,#2030);
#1839=AXIS2_PLACEMENT_3D('',#2537,#2033,#2034);
#1840=AXIS2_PLACEMENT_3D('',#2541,#2037,#2038);
#1841=AXIS2_PLACEMENT_3D('',#2567,#2052,#2053);
#1842=AXIS2_PLACEMENT_3D('',#2568,#2054,#2055);
#1843=AXIS2_PLACEMENT_3D('',#2569,#2056,#2057);
#1844=AXIS2_PLACEMENT_3D('',#2580,#2064,#2065);
#1845=AXIS2_PLACEMENT_3D('',#2582,#2067,#2068);
#1846=AXIS2_PLACEMENT_3D('',#2583,#2069,#2070);
#1847=AXIS2_PLACEMENT_3D('',#2584,#2071,#2072);
#1848=AXIS2_PLACEMENT_3D('',#2585,#2073,#2074);
#1849=AXIS2_PLACEMENT_3D('',#2591,#2078,#2079);
#1850=AXIS2_PLACEMENT_3D('',#2595,#2081,#2082);
#1851=AXIS2_PLACEMENT_3D('',#2596,#2083,#2084);
#1852=AXIS2_PLACEMENT_3D('',#2597,#2085,#2086);
#1853=AXIS2_PLACEMENT_3D('',#2603,#2090,#2091);
#1854=AXIS2_PLACEMENT_3D('',#2605,#2093,#2094);
#1855=AXIS2_PLACEMENT_3D('',#2609,#2097,#2098);
#1856=AXIS2_PLACEMENT_3D('',#2614,#2101,#2102);
#1857=AXIS2_PLACEMENT_3D('',#2615,#2103,#2104);
#1858=AXIS2_PLACEMENT_3D('',#2618,#2106,#2107);
#1859=AXIS2_PLACEMENT_3D('',#2619,#2108,#2109);
#1860=AXIS2_PLACEMENT_3D('',#2625,#2113,#2114);
#1861=AXIS2_PLACEMENT_3D('',#2626,#2115,#2116);
#1862=AXIS2_PLACEMENT_3D('',#2627,#2117,#2118);
#1863=AXIS2_PLACEMENT_3D('',#2628,#2119,#2120);
#1864=AXIS2_PLACEMENT_3D('',#2629,#2121,#2122);
#1865=AXIS2_PLACEMENT_3D('',#2635,#2126,#2127);
#1866=AXIS2_PLACEMENT_3D('',#2646,#2132,#2133);
#1867=AXIS2_PLACEMENT_3D('',#2652,#2137,#2138);
#1868=AXIS2_PLACEMENT_3D('',#2653,#2139,#2140);
#1869=AXIS2_PLACEMENT_3D('',#2657,#2143,#2144);
#1870=AXIS2_PLACEMENT_3D('',#2662,#2146,#2147);
#1871=AXIS2_PLACEMENT_3D('',#2667,#2150,#2151);
#1872=AXIS2_PLACEMENT_3D('',#2673,#2155,#2156);
#1873=AXIS2_PLACEMENT_3D('',#2675,#2158,#2159);
#1874=AXIS2_PLACEMENT_3D('',#2686,#2164,#2165);
#1875=AXIS2_PLACEMENT_3D('',#2692,#2169,#2170);
#1876=AXIS2_PLACEMENT_3D('',#2693,#2171,#2172);
#1877=AXIS2_PLACEMENT_3D('',#2697,#2175,#2176);
#1878=AXIS2_PLACEMENT_3D('',#2702,#2178,#2179);
#1879=AXIS2_PLACEMENT_3D('',#2707,#2182,#2183);
#1880=AXIS2_PLACEMENT_3D('',#2713,#2187,#2188);
#1881=AXIS2_PLACEMENT_3D('',#2715,#2190,#2191);
#1882=AXIS2_PLACEMENT_3D('',#2717,#2193,#2194);
#1883=AXIS2_PLACEMENT_3D('',#2736,#2205,#2206);
#1884=AXIS2_PLACEMENT_3D('',#2737,#2207,#2208);
#1885=AXIS2_PLACEMENT_3D('',#2738,#2209,#2210);
#1886=AXIS2_PLACEMENT_3D('',#2739,#2211,#2212);
#1887=AXIS2_PLACEMENT_3D('',#2741,#2213,#2214);
#1888=AXIS2_PLACEMENT_3D('',#2743,#2216,#2217);
#1889=AXIS2_PLACEMENT_3D('',#2745,#2218,#2219);
#1890=AXIS2_PLACEMENT_3D('',#2747,#2221,#2222);
#1891=AXIS2_PLACEMENT_3D('',#2749,#2223,#2224);
#1892=AXIS2_PLACEMENT_3D('',#2751,#2225,#2226);
#1893=AXIS2_PLACEMENT_3D('',#2753,#2227,#2228);
#1894=AXIS2_PLACEMENT_3D('',#2755,#2229,#2230);
#1895=AXIS2_PLACEMENT_3D('',#2757,#2231,#2232);
#1896=AXIS2_PLACEMENT_3D('',#2758,#2233,#2234);
#1897=AXIS2_PLACEMENT_3D('',#2760,#2236,#2237);
#1898=AXIS2_PLACEMENT_3D('',#2761,#2238,#2239);
#1899=AXIS2_PLACEMENT_3D('',#2764,#2242,#2243);
#1900=AXIS2_PLACEMENT_3D('',#2766,#2245,#2246);
#1901=AXIS2_PLACEMENT_3D('',#2767,#2247,#2248);
#1902=AXIS2_PLACEMENT_3D('',#2769,#2250,#2251);
#1903=AXIS2_PLACEMENT_3D('',#2771,#2253,#2254);
#1904=AXIS2_PLACEMENT_3D('',#2773,#2256,#2257);
#1905=AXIS2_PLACEMENT_3D('',#2774,#2258,#2259);
#1906=AXIS2_PLACEMENT_3D('',#2777,#2262,#2263);
#1907=AXIS2_PLACEMENT_3D('',#2779,#2265,#2266);
#1908=AXIS2_PLACEMENT_3D('',#2780,#2267,#2268);
#1909=AXIS2_PLACEMENT_3D('',#2782,#2270,#2271);
#1910=AXIS2_PLACEMENT_3D('',#2784,#2273,#2274);
#1911=AXIS2_PLACEMENT_3D('',#2786,#2276,#2277);
#1912=AXIS2_PLACEMENT_3D('',#2787,#2278,#2279);
#1913=AXIS2_PLACEMENT_3D('',#2788,#2280,#2281);
#1914=AXIS2_PLACEMENT_3D('',#2799,#2286,#2287);
#1915=AXIS2_PLACEMENT_3D('',#2805,#2291,#2292);
#1916=AXIS2_PLACEMENT_3D('',#2806,#2293,#2294);
#1917=AXIS2_PLACEMENT_3D('',#2810,#2297,#2298);
#1918=AXIS2_PLACEMENT_3D('',#2815,#2300,#2301);
#1919=AXIS2_PLACEMENT_3D('',#2820,#2304,#2305);
#1920=AXIS2_PLACEMENT_3D('',#2826,#2309,#2310);
#1921=AXIS2_PLACEMENT_3D('',#2828,#2312,#2313);
#1922=AXIS2_PLACEMENT_3D('',#2839,#2318,#2319);
#1923=AXIS2_PLACEMENT_3D('',#2845,#2323,#2324);
#1924=AXIS2_PLACEMENT_3D('',#2846,#2325,#2326);
#1925=AXIS2_PLACEMENT_3D('',#2850,#2329,#2330);
#1926=AXIS2_PLACEMENT_3D('',#2855,#2332,#2333);
#1927=AXIS2_PLACEMENT_3D('',#2860,#2336,#2337);
#1928=AXIS2_PLACEMENT_3D('',#2866,#2341,#2342);
#1929=AXIS2_PLACEMENT_3D('',#2868,#2344,#2345);
#1930=AXIS2_PLACEMENT_3D('',#2871,#2346,#2347);
#1931=AXIS2_PLACEMENT_3D('',#2872,#2348,#2349);
#1932=AXIS2_PLACEMENT_3D('',#2874,#2351,#2352);
#1933=AXIS2_PLACEMENT_3D('',#2877,#2353,#2354);
#1934=AXIS2_PLACEMENT_3D('',#2878,#2355,#2356);
#1935=AXIS2_PLACEMENT_3D('',#2880,#2358,#2359);
#1936=AXIS2_PLACEMENT_3D('',#2883,#2360,#2361);
#1937=AXIS2_PLACEMENT_3D('',#2884,#2362,#2363);
#1938=AXIS2_PLACEMENT_3D('',#2886,#2365,#2366);
#1939=AXIS2_PLACEMENT_3D('',#2888,#2367,#2368);
#1940=AXIS2_PLACEMENT_3D('',#2890,#2370,#2371);
#1941=AXIS2_PLACEMENT_3D('',#2893,#2372,#2373);
#1942=AXIS2_PLACEMENT_3D('',#2894,#2374,#2375);
#1943=AXIS2_PLACEMENT_3D('',#2896,#2377,#2378);
#1944=AXIS2_PLACEMENT_3D('',#2899,#2381,#2382);
#1945=AXIS2_PLACEMENT_3D('',#2901,#2384,#2385);
#1946=AXIS2_PLACEMENT_3D('',#2902,#2386,#2387);
#1947=AXIS2_PLACEMENT_3D('',#2904,#2389,#2390);
#1948=AXIS2_PLACEMENT_3D('',#2906,#2392,#2393);
#1949=AXIS2_PLACEMENT_3D('',#2908,#2395,#2396);
#1950=AXIS2_PLACEMENT_3D('',#2909,#2397,#2398);
#1951=AXIS2_PLACEMENT_3D('',#2912,#2401,#2402);
#1952=AXIS2_PLACEMENT_3D('',#2914,#2404,#2405);
#1953=AXIS2_PLACEMENT_3D('',#2915,#2406,#2407);
#1954=AXIS2_PLACEMENT_3D('',#2917,#2409,#2410);
#1955=AXIS2_PLACEMENT_3D('',#2919,#2412,#2413);
#1956=AXIS2_PLACEMENT_3D('',#2921,#2415,#2416);
#1957=AXIS2_PLACEMENT_3D('',#2986,#2417,#2418);
#1958=AXIS2_PLACEMENT_3D('',#2987,#2419,#2420);
#1959=AXIS2_PLACEMENT_3D('',#3052,#2421,#2422);
#1960=AXIS2_PLACEMENT_3D('',#3053,#2423,#2424);
#1961=AXIS2_PLACEMENT_3D('',#3118,#2425,#2426);
#1962=AXIS2_PLACEMENT_3D('',#3119,#2427,#2428);
#1963=AXIS2_PLACEMENT_3D('',#3120,#2429,#2430);
#1964=AXIS2_PLACEMENT_3D('',#3122,#2431,#2432);
#1965=AXIS2_PLACEMENT_3D('',#3187,#2433,#2434);
#1966=AXIS2_PLACEMENT_3D('',#3188,#2435,#2436);
#1967=AXIS2_PLACEMENT_3D('',#3189,#2437,#2438);
#1968=AXIS2_PLACEMENT_3D('',#3190,#2439,#2440);
#1969=AXIS2_PLACEMENT_3D('',#3191,#2441,#2442);
#1970=AXIS2_PLACEMENT_3D('',#3192,#2443,#2444);
#1971=AXIS2_PLACEMENT_3D('',#3194,#2445,#2446);
#1972=AXIS2_PLACEMENT_3D('',#3196,#2448,#2449);
#1973=AXIS2_PLACEMENT_3D('',#3197,#2450,#2451);
#1974=AXIS2_PLACEMENT_3D('',#3199,#2452,#2453);
#1975=AXIS2_PLACEMENT_3D('',#3200,#2454,#2455);
#1976=AXIS2_PLACEMENT_3D('',#3201,#2456,#2457);
#1977=AXIS2_PLACEMENT_3D('',#3202,#2458,#2459);
#1978=DIRECTION('axis',(0.,0.,1.));
#1979=DIRECTION('refdir',(1.,0.,0.));
#1980=DIRECTION('axis',(0.,0.,1.));
#1981=DIRECTION('refdir',(1.,0.,0.));
#1982=DIRECTION('center_axis',(0.,0.,1.));
#1983=DIRECTION('ref_axis',(1.,0.,0.));
#1984=DIRECTION('',(1.,0.,0.));
#1985=DIRECTION('',(0.,1.,0.));
#1986=DIRECTION('',(-1.,0.,0.));
#1987=DIRECTION('',(0.,1.,0.));
#1988=DIRECTION('',(1.,0.,0.));
#1989=DIRECTION('',(0.,1.,0.));
#1990=DIRECTION('',(1.,0.,0.));
#1991=DIRECTION('',(0.,-1.,0.));
#1992=DIRECTION('center_axis',(0.,1.,0.));
#1993=DIRECTION('ref_axis',(0.,0.,1.));
#1994=DIRECTION('',(0.,0.,1.));
#1995=DIRECTION('',(1.,0.,0.));
#1996=DIRECTION('',(0.,0.,1.));
#1997=DIRECTION('center_axis',(1.,0.,0.));
#1998=DIRECTION('ref_axis',(0.,0.,1.));
#1999=DIRECTION('',(0.,1.,0.));
#2000=DIRECTION('',(0.,0.,1.));
#2001=DIRECTION('center_axis',(0.,-1.,0.));
#2002=DIRECTION('ref_axis',(-1.,0.,0.));
#2003=DIRECTION('',(-1.,0.,0.));
#2004=DIRECTION('',(0.,0.,1.));
#2005=DIRECTION('',(1.,0.,0.));
#2006=DIRECTION('',(0.,0.,1.));
#2007=DIRECTION('',(1.,0.,0.));
#2008=DIRECTION('',(0.,0.,1.));
#2009=DIRECTION('',(-1.,0.,0.));
#2010=DIRECTION('',(0.,0.,1.));
#2011=DIRECTION('',(1.,0.,0.));
#2012=DIRECTION('',(0.,0.,1.));
#2013=DIRECTION('center_axis',(1.,0.,0.));
#2014=DIRECTION('ref_axis',(0.,0.,1.));
#2015=DIRECTION('',(0.,0.,1.));
#2016=DIRECTION('',(0.,1.,0.));
#2017=DIRECTION('center_axis',(0.,1.,0.));
#2018=DIRECTION('ref_axis',(1.,0.,0.));
#2019=DIRECTION('',(1.,0.,0.));
#2020=DIRECTION('',(0.,0.,1.));
#2021=DIRECTION('',(1.,0.,0.));
#2022=DIRECTION('',(0.,0.,1.));
#2023=DIRECTION('',(1.,0.,0.));
#2024=DIRECTION('',(0.,0.,1.));
#2025=DIRECTION('',(1.,0.,0.));
#2026=DIRECTION('',(0.,0.,1.));
#2027=DIRECTION('',(1.,0.,0.));
#2028=DIRECTION('',(0.,0.,1.));
#2029=DIRECTION('center_axis',(1.,0.,0.));
#2030=DIRECTION('ref_axis',(0.,0.,1.));
#2031=DIRECTION('',(0.,1.,0.));
#2032=DIRECTION('',(0.,0.,1.));
#2033=DIRECTION('center_axis',(0.,1.,0.));
#2034=DIRECTION('ref_axis',(0.,0.,1.));
#2035=DIRECTION('',(1.,0.,0.));
#2036=DIRECTION('',(0.,0.,1.));
#2037=DIRECTION('center_axis',(1.,0.,0.));
#2038=DIRECTION('ref_axis',(0.,-1.,0.));
#2039=DIRECTION('',(0.,1.,0.));
#2040=DIRECTION('',(0.,0.,1.));
#2041=DIRECTION('',(0.,-1.,0.));
#2042=DIRECTION('',(0.,0.,1.));
#2043=DIRECTION('',(0.,1.,0.));
#2044=DIRECTION('',(0.,0.,1.));
#2045=DIRECTION('',(-1.224646799147E-16,-1.,0.));
#2046=DIRECTION('',(0.,0.,1.));
#2047=DIRECTION('',(-1.224646799147E-16,-1.,0.));
#2048=DIRECTION('',(0.,0.,1.));
#2049=DIRECTION('',(-1.224646799147E-16,-1.,0.));
#2050=DIRECTION('',(0.,0.,1.));
#2051=DIRECTION('',(-1.224646799147E-16,-1.,0.));
#2052=DIRECTION('center_axis',(0.,0.,1.));
#2053=DIRECTION('ref_axis',(1.,0.,0.));
#2054=DIRECTION('center_axis',(0.,0.,1.));
#2055=DIRECTION('ref_axis',(0.,1.,0.));
#2056=DIRECTION('center_axis',(0.,0.,1.));
#2057=DIRECTION('ref_axis',(1.,0.,0.));
#2058=DIRECTION('',(0.,1.,0.));
#2059=DIRECTION('',(1.,0.,0.));
#2060=DIRECTION('',(0.,1.,0.));
#2061=DIRECTION('',(1.,0.,0.));
#2062=DIRECTION('',(0.,1.,0.));
#2063=DIRECTION('',(0.,1.,0.));
#2064=DIRECTION('center_axis',(1.,0.,0.));
#2065=DIRECTION('ref_axis',(0.,0.,1.));
#2066=DIRECTION('',(0.,1.,0.));
#2067=DIRECTION('center_axis',(0.,0.,1.));
#2068=DIRECTION('ref_axis',(1.,0.,0.));
#2069=DIRECTION('center_axis',(0.,0.,1.));
#2070=DIRECTION('ref_axis',(0.,1.,0.));
#2071=DIRECTION('center_axis',(0.,0.,1.));
#2072=DIRECTION('ref_axis',(0.,-1.,0.));
#2073=DIRECTION('center_axis',(0.,-1.,0.));
#2074=DIRECTION('ref_axis',(-1.,0.,0.));
#2075=DIRECTION('',(0.,0.,1.));
#2076=DIRECTION('',(-1.,0.,0.));
#2077=DIRECTION('',(0.,0.,1.));
#2078=DIRECTION('center_axis',(0.,0.,1.));
#2079=DIRECTION('ref_axis',(1.,0.,0.));
#2080=DIRECTION('',(0.,0.,1.));
#2081=DIRECTION('center_axis',(0.,0.,1.));
#2082=DIRECTION('ref_axis',(1.,0.,0.));
#2083=DIRECTION('center_axis',(0.,0.,1.));
#2084=DIRECTION('ref_axis',(0.,-1.,0.));
#2085=DIRECTION('center_axis',(0.,0.,1.));
#2086=DIRECTION('ref_axis',(1.,0.,0.));
#2087=DIRECTION('',(0.,1.,0.));
#2088=DIRECTION('',(1.,0.,0.));
#2089=DIRECTION('',(0.,1.,0.));
#2090=DIRECTION('center_axis',(1.,0.,0.));
#2091=DIRECTION('ref_axis',(0.,0.,1.));
#2092=DIRECTION('',(0.,0.,1.));
#2093=DIRECTION('center_axis',(1.,0.,0.));
#2094=DIRECTION('ref_axis',(0.,0.,1.));
#2095=DIRECTION('',(0.,0.,1.));
#2096=DIRECTION('',(0.,1.,0.));
#2097=DIRECTION('center_axis',(0.,0.,1.));
#2098=DIRECTION('ref_axis',(1.,0.,0.));
#2099=DIRECTION('',(1.,0.,0.));
#2100=DIRECTION('',(0.,1.,0.));
#2101=DIRECTION('center_axis',(0.,0.,1.));
#2102=DIRECTION('ref_axis',(0.,-1.,0.));
#2103=DIRECTION('center_axis',(0.,0.,1.));
#2104=DIRECTION('ref_axis',(0.,-1.,0.));
#2105=DIRECTION('',(0.,0.,1.));
#2106=DIRECTION('center_axis',(0.,0.,1.));
#2107=DIRECTION('ref_axis',(0.,-1.,0.));
#2108=DIRECTION('center_axis',(0.,1.,0.));
#2109=DIRECTION('ref_axis',(1.,0.,0.));
#2110=DIRECTION('',(0.,0.,1.));
#2111=DIRECTION('',(1.,0.,0.));
#2112=DIRECTION('',(0.,0.,1.));
#2113=DIRECTION('center_axis',(0.,0.,1.));
#2114=DIRECTION('ref_axis',(-1.,0.,0.));
#2115=DIRECTION('center_axis',(0.,0.,1.));
#2116=DIRECTION('ref_axis',(-1.,0.,0.));
#2117=DIRECTION('center_axis',(0.,0.,1.));
#2118=DIRECTION('ref_axis',(0.,-1.,0.));
#2119=DIRECTION('center_axis',(0.,0.,1.));
#2120=DIRECTION('ref_axis',(1.,0.,0.));
#2121=DIRECTION('center_axis',(1.,0.,0.));
#2122=DIRECTION('ref_axis',(0.,-1.,0.));
#2123=DIRECTION('',(0.,0.,1.));
#2124=DIRECTION('',(0.,-1.,0.));
#2125=DIRECTION('',(0.,0.,1.));
#2126=DIRECTION('center_axis',(-1.224646799147E-16,-1.,0.));
#2127=DIRECTION('ref_axis',(0.,0.,1.));
#2128=DIRECTION('',(1.,-1.224646799147E-16,0.));
#2129=DIRECTION('',(0.,0.,-1.));
#2130=DIRECTION('',(-1.,1.224646799147E-16,4.204215647631E-17));
#2131=DIRECTION('',(-0.643109293869886,7.87581738239261E-17,-0.765774402900865));
#2132=DIRECTION('center_axis',(-1.224646799147E-16,-1.,0.));
#2133=DIRECTION('ref_axis',(0.,0.,1.));
#2134=DIRECTION('',(-1.,1.224646799147E-16,0.));
#2135=DIRECTION('',(1.,-1.224646799147E-16,0.));
#2136=DIRECTION('',(0.643109293869886,-7.87581738239261E-17,0.765774402900865));
#2137=DIRECTION('center_axis',(-1.224646799147E-16,-1.,3.56178954527E-48));
#2138=DIRECTION('ref_axis',(1.480297366167E-15,-1.81284143126215E-31,-1.));
#2139=DIRECTION('center_axis',(0.,0.,1.));
#2140=DIRECTION('ref_axis',(-1.,1.224646799147E-16,0.));
#2141=DIRECTION('',(-1.224646799147E-16,-1.,0.));
#2142=DIRECTION('',(-1.,1.224646799147E-16,0.));
#2143=DIRECTION('center_axis',(-1.224646799147E-16,-1.,0.));
#2144=DIRECTION('ref_axis',(0.,0.,1.));
#2145=DIRECTION('',(1.,-1.224646799147E-16,0.));
#2146=DIRECTION('center_axis',(-1.224646799147E-16,-1.,3.56178954527E-48));
#2147=DIRECTION('ref_axis',(1.480297366167E-15,-1.81284143126215E-31,-1.));
#2148=DIRECTION('',(0.643109293869886,-7.87581738239261E-17,0.765774402900865));
#2149=DIRECTION('',(1.,-1.224646799147E-16,0.));
#2150=DIRECTION('center_axis',(-1.224646799147E-16,-1.,0.));
#2151=DIRECTION('ref_axis',(0.,0.,1.));
#2152=DIRECTION('',(-0.643109293869886,7.87581738239261E-17,-0.765774402900865));
#2153=DIRECTION('',(-1.,1.224646799147E-16,4.204215647631E-17));
#2154=DIRECTION('',(0.,0.,-1.));
#2155=DIRECTION('center_axis',(0.,0.,-1.));
#2156=DIRECTION('ref_axis',(1.,-1.224646799147E-16,0.));
#2157=DIRECTION('',(-1.224646799147E-16,-1.,0.));
#2158=DIRECTION('center_axis',(-1.224646799147E-16,-1.,0.));
#2159=DIRECTION('ref_axis',(0.,0.,1.));
#2160=DIRECTION('',(1.,-1.224646799147E-16,0.));
#2161=DIRECTION('',(0.,0.,-1.));
#2162=DIRECTION('',(-1.,1.224646799147E-16,4.204215647631E-17));
#2163=DIRECTION('',(-0.643109293869886,7.87581738239261E-17,-0.765774402900865));
#2164=DIRECTION('center_axis',(-1.224646799147E-16,-1.,0.));
#2165=DIRECTION('ref_axis',(0.,0.,1.));
#2166=DIRECTION('',(-1.,1.224646799147E-16,0.));
#2167=DIRECTION('',(1.,-1.224646799147E-16,0.));
#2168=DIRECTION('',(0.643109293869886,-7.87581738239261E-17,0.765774402900865));
#2169=DIRECTION('center_axis',(-1.224646799147E-16,-1.,3.56178954527E-48));
#2170=DIRECTION('ref_axis',(1.480297366167E-15,-1.81284143126215E-31,-1.));
#2171=DIRECTION('center_axis',(0.,0.,1.));
#2172=DIRECTION('ref_axis',(-1.,1.224646799147E-16,0.));
#2173=DIRECTION('',(-1.224646799147E-16,-1.,0.));
#2174=DIRECTION('',(-1.,1.224646799147E-16,0.));
#2175=DIRECTION('center_axis',(-1.224646799147E-16,-1.,0.));
#2176=DIRECTION('ref_axis',(0.,0.,1.));
#2177=DIRECTION('',(1.,-1.224646799147E-16,0.));
#2178=DIRECTION('center_axis',(-1.224646799147E-16,-1.,3.56178954527E-48));
#2179=DIRECTION('ref_axis',(1.480297366167E-15,-1.81284143126215E-31,-1.));
#2180=DIRECTION('',(0.643109293869886,-7.87581738239261E-17,0.765774402900865));
#2181=DIRECTION('',(1.,-1.224646799147E-16,0.));
#2182=DIRECTION('center_axis',(-1.224646799147E-16,-1.,0.));
#2183=DIRECTION('ref_axis',(0.,0.,1.));
#2184=DIRECTION('',(-0.643109293869886,7.87581738239261E-17,-0.765774402900865));
#2185=DIRECTION('',(-1.,1.224646799147E-16,4.204215647631E-17));
#2186=DIRECTION('',(0.,0.,-1.));
#2187=DIRECTION('center_axis',(0.,0.,-1.));
#2188=DIRECTION('ref_axis',(1.,-1.224646799147E-16,0.));
#2189=DIRECTION('',(-1.224646799147E-16,-1.,0.));
#2190=DIRECTION('center_axis',(0.,1.,0.));
#2191=DIRECTION('ref_axis',(0.,0.,1.));
#2192=DIRECTION('',(0.,0.,1.));
#2193=DIRECTION('center_axis',(-1.,0.,0.));
#2194=DIRECTION('ref_axis',(0.,1.,0.));
#2195=DIRECTION('',(0.,1.,0.));
#2196=DIRECTION('',(0.,0.,1.));
#2197=DIRECTION('',(0.,0.,1.));
#2198=DIRECTION('',(0.,1.,0.));
#2199=DIRECTION('',(0.,0.,1.));
#2200=DIRECTION('',(0.,1.,0.));
#2201=DIRECTION('',(0.,0.,1.));
#2202=DIRECTION('',(0.,1.,0.));
#2203=DIRECTION('',(0.,0.,1.));
#2204=DIRECTION('',(0.,1.,0.));
#2205=DIRECTION('center_axis',(0.,1.,0.));
#2206=DIRECTION('ref_axis',(0.,0.,1.));
#2207=DIRECTION('center_axis',(0.,0.,1.));
#2208=DIRECTION('ref_axis',(0.,1.,0.));
#2209=DIRECTION('center_axis',(0.,0.,1.));
#2210=DIRECTION('ref_axis',(0.,-1.,0.));
#2211=DIRECTION('center_axis',(0.,0.,1.));
#2212=DIRECTION('ref_axis',(1.,0.,0.));
#2213=DIRECTION('center_axis',(0.,0.,1.));
#2214=DIRECTION('ref_axis',(0.,-1.,0.));
#2215=DIRECTION('',(0.,0.,1.));
#2216=DIRECTION('center_axis',(0.,0.,1.));
#2217=DIRECTION('ref_axis',(1.,0.,0.));
#2218=DIRECTION('center_axis',(0.,0.,1.));
#2219=DIRECTION('ref_axis',(0.,-1.,0.));
#2220=DIRECTION('',(0.,1.,0.));
#2221=DIRECTION('center_axis',(0.,0.,1.));
#2222=DIRECTION('ref_axis',(0.,-1.,0.));
#2223=DIRECTION('center_axis',(0.,0.,1.));
#2224=DIRECTION('ref_axis',(1.,0.,0.));
#2225=DIRECTION('center_axis',(0.,0.,1.));
#2226=DIRECTION('ref_axis',(1.,0.,0.));
#2227=DIRECTION('center_axis',(0.,0.,1.));
#2228=DIRECTION('ref_axis',(1.,0.,0.));
#2229=DIRECTION('center_axis',(0.,0.,1.));
#2230=DIRECTION('ref_axis',(1.,0.,0.));
#2231=DIRECTION('center_axis',(0.,0.,1.));
#2232=DIRECTION('ref_axis',(1.,0.,0.));
#2233=DIRECTION('center_axis',(0.,0.,1.));
#2234=DIRECTION('ref_axis',(0.,-1.,0.));
#2235=DIRECTION('',(0.,0.,1.));
#2236=DIRECTION('center_axis',(0.,0.,1.));
#2237=DIRECTION('ref_axis',(-1.,0.,0.));
#2238=DIRECTION('center_axis',(0.,0.,-1.));
#2239=DIRECTION('ref_axis',(1.,-1.224646799147E-16,0.));
#2240=DIRECTION('',(-1.224646799147E-16,-1.,0.));
#2241=DIRECTION('',(1.224646799147E-16,1.,0.));
#2242=DIRECTION('center_axis',(-1.224646799147E-16,-1.,0.));
#2243=DIRECTION('ref_axis',(1.480297366167E-15,-1.81284143126215E-31,-1.));
#2244=DIRECTION('',(-1.224646799147E-16,-1.,0.));
#2245=DIRECTION('center_axis',(0.765774402900865,-9.37803171381335E-17,
-0.643109293869887));
#2246=DIRECTION('ref_axis',(0.643109293869887,-7.87581738239261E-17,0.765774402900865));
#2247=DIRECTION('center_axis',(-1.224646799147E-16,-1.,0.));
#2248=DIRECTION('ref_axis',(0.,0.,1.));
#2249=DIRECTION('',(-1.224646799147E-16,-1.,0.));
#2250=DIRECTION('center_axis',(-0.765774402900865,9.37803171381335E-17,
0.643109293869887));
#2251=DIRECTION('ref_axis',(-0.643109293869887,7.87581738239261E-17,-0.765774402900865));
#2252=DIRECTION('',(1.224646799147E-16,1.,0.));
#2253=DIRECTION('center_axis',(4.204215647631E-17,-5.148679235796E-33,1.));
#2254=DIRECTION('ref_axis',(-1.,1.224646799147E-16,4.204215647631E-17));
#2255=DIRECTION('',(1.224646799147E-16,1.,0.));
#2256=DIRECTION('center_axis',(-1.,1.224646799147E-16,0.));
#2257=DIRECTION('ref_axis',(0.,0.,-1.));
#2258=DIRECTION('center_axis',(0.,0.,-1.));
#2259=DIRECTION('ref_axis',(1.,-1.224646799147E-16,0.));
#2260=DIRECTION('',(-1.224646799147E-16,-1.,0.));
#2261=DIRECTION('',(1.224646799147E-16,1.,0.));
#2262=DIRECTION('center_axis',(-1.224646799147E-16,-1.,0.));
#2263=DIRECTION('ref_axis',(1.480297366167E-15,-1.81284143126215E-31,-1.));
#2264=DIRECTION('',(-1.224646799147E-16,-1.,0.));
#2265=DIRECTION('center_axis',(0.765774402900865,-9.37803171381335E-17,
-0.643109293869887));
#2266=DIRECTION('ref_axis',(0.643109293869887,-7.87581738239261E-17,0.765774402900865));
#2267=DIRECTION('center_axis',(-1.224646799147E-16,-1.,0.));
#2268=DIRECTION('ref_axis',(0.,0.,1.));
#2269=DIRECTION('',(-1.224646799147E-16,-1.,0.));
#2270=DIRECTION('center_axis',(-0.765774402900865,9.37803171381335E-17,
0.643109293869887));
#2271=DIRECTION('ref_axis',(-0.643109293869887,7.87581738239261E-17,-0.765774402900865));
#2272=DIRECTION('',(1.224646799147E-16,1.,0.));
#2273=DIRECTION('center_axis',(4.204215647631E-17,-5.148679235796E-33,1.));
#2274=DIRECTION('ref_axis',(-1.,1.224646799147E-16,4.204215647631E-17));
#2275=DIRECTION('',(1.224646799147E-16,1.,0.));
#2276=DIRECTION('center_axis',(-1.,1.224646799147E-16,0.));
#2277=DIRECTION('ref_axis',(0.,0.,-1.));
#2278=DIRECTION('center_axis',(-1.,0.,0.));
#2279=DIRECTION('ref_axis',(0.,1.,0.));
#2280=DIRECTION('center_axis',(0.,1.,0.));
#2281=DIRECTION('ref_axis',(0.,0.,1.));
#2282=DIRECTION('',(-1.,0.,0.));
#2283=DIRECTION('',(0.,0.,-1.));
#2284=DIRECTION('',(1.,0.,4.204215647631E-17));
#2285=DIRECTION('',(0.643109293869886,0.,-0.765774402900865));
#2286=DIRECTION('center_axis',(0.,1.,0.));
#2287=DIRECTION('ref_axis',(0.,0.,1.));
#2288=DIRECTION('',(1.,0.,0.));
#2289=DIRECTION('',(-1.,0.,0.));
#2290=DIRECTION('',(-0.643109293869886,0.,0.765774402900865));
#2291=DIRECTION('center_axis',(0.,1.,0.));
#2292=DIRECTION('ref_axis',(-1.480297366167E-15,0.,-1.));
#2293=DIRECTION('center_axis',(0.,0.,1.));
#2294=DIRECTION('ref_axis',(1.,0.,0.));
#2295=DIRECTION('',(0.,1.,0.));
#2296=DIRECTION('',(1.,0.,0.));
#2297=DIRECTION('center_axis',(0.,1.,0.));
#2298=DIRECTION('ref_axis',(0.,0.,1.));
#2299=DIRECTION('',(-1.,0.,0.));
#2300=DIRECTION('center_axis',(0.,1.,0.));
#2301=DIRECTION('ref_axis',(-1.480297366167E-15,0.,-1.));
#2302=DIRECTION('',(-0.643109293869886,0.,0.765774402900865));
#2303=DIRECTION('',(-1.,0.,0.));
#2304=DIRECTION('center_axis',(0.,1.,0.));
#2305=DIRECTION('ref_axis',(0.,0.,1.));
#2306=DIRECTION('',(0.643109293869886,0.,-0.765774402900865));
#2307=DIRECTION('',(1.,0.,4.204215647631E-17));
#2308=DIRECTION('',(0.,0.,-1.));
#2309=DIRECTION('center_axis',(0.,0.,-1.));
#2310=DIRECTION('ref_axis',(-1.,0.,0.));
#2311=DIRECTION('',(0.,1.,0.));
#2312=DIRECTION('center_axis',(0.,1.,0.));
#2313=DIRECTION('ref_axis',(0.,0.,1.));
#2314=DIRECTION('',(-1.,0.,0.));
#2315=DIRECTION('',(0.,0.,-1.));
#2316=DIRECTION('',(1.,0.,4.204215647631E-17));
#2317=DIRECTION('',(0.643109293869886,0.,-0.765774402900865));
#2318=DIRECTION('center_axis',(0.,1.,0.));
#2319=DIRECTION('ref_axis',(0.,0.,1.));
#2320=DIRECTION('',(1.,0.,0.));
#2321=DIRECTION('',(-1.,0.,0.));
#2322=DIRECTION('',(-0.643109293869886,0.,0.765774402900865));
#2323=DIRECTION('center_axis',(0.,1.,0.));
#2324=DIRECTION('ref_axis',(-1.480297366167E-15,0.,-1.));
#2325=DIRECTION('center_axis',(0.,0.,1.));
#2326=DIRECTION('ref_axis',(1.,0.,0.));
#2327=DIRECTION('',(0.,1.,0.));
#2328=DIRECTION('',(1.,0.,0.));
#2329=DIRECTION('center_axis',(0.,1.,0.));
#2330=DIRECTION('ref_axis',(0.,0.,1.));
#2331=DIRECTION('',(-1.,0.,0.));
#2332=DIRECTION('center_axis',(0.,1.,0.));
#2333=DIRECTION('ref_axis',(-1.480297366167E-15,0.,-1.));
#2334=DIRECTION('',(-0.643109293869886,0.,0.765774402900865));
#2335=DIRECTION('',(-1.,0.,0.));
#2336=DIRECTION('center_axis',(0.,1.,0.));
#2337=DIRECTION('ref_axis',(0.,0.,1.));
#2338=DIRECTION('',(0.643109293869886,0.,-0.765774402900865));
#2339=DIRECTION('',(1.,0.,4.204215647631E-17));
#2340=DIRECTION('',(0.,0.,-1.));
#2341=DIRECTION('center_axis',(0.,0.,-1.));
#2342=DIRECTION('ref_axis',(-1.,0.,0.));
#2343=DIRECTION('',(0.,1.,0.));
#2344=DIRECTION('center_axis',(0.,0.,1.));
#2345=DIRECTION('ref_axis',(1.,0.,0.));
#2346=DIRECTION('center_axis',(0.,0.,1.));
#2347=DIRECTION('ref_axis',(1.,0.,0.));
#2348=DIRECTION('center_axis',(0.,0.,1.));
#2349=DIRECTION('ref_axis',(1.,0.,0.));
#2350=DIRECTION('',(0.,0.,-1.));
#2351=DIRECTION('center_axis',(0.,0.,1.));
#2352=DIRECTION('ref_axis',(1.,0.,0.));
#2353=DIRECTION('center_axis',(0.,0.,1.));
#2354=DIRECTION('ref_axis',(1.,0.,0.));
#2355=DIRECTION('center_axis',(0.,0.,1.));
#2356=DIRECTION('ref_axis',(1.,0.,0.));
#2357=DIRECTION('',(0.,0.,-1.));
#2358=DIRECTION('center_axis',(0.,0.,1.));
#2359=DIRECTION('ref_axis',(1.,0.,0.));
#2360=DIRECTION('center_axis',(0.,0.,1.));
#2361=DIRECTION('ref_axis',(1.,0.,0.));
#2362=DIRECTION('center_axis',(0.,0.,1.));
#2363=DIRECTION('ref_axis',(1.,0.,0.));
#2364=DIRECTION('',(0.,0.,-1.));
#2365=DIRECTION('center_axis',(0.,0.,1.));
#2366=DIRECTION('ref_axis',(1.,0.,0.));
#2367=DIRECTION('center_axis',(0.,0.,1.));
#2368=DIRECTION('ref_axis',(1.,0.,0.));
#2369=DIRECTION('',(0.,0.,1.));
#2370=DIRECTION('center_axis',(0.,0.,1.));
#2371=DIRECTION('ref_axis',(1.,0.,0.));
#2372=DIRECTION('center_axis',(0.,0.,1.));
#2373=DIRECTION('ref_axis',(1.,0.,0.));
#2374=DIRECTION('center_axis',(0.,0.,1.));
#2375=DIRECTION('ref_axis',(1.,0.,0.));
#2376=DIRECTION('',(0.,0.,-1.));
#2377=DIRECTION('center_axis',(0.,0.,-1.));
#2378=DIRECTION('ref_axis',(-1.,0.,0.));
#2379=DIRECTION('',(0.,1.,0.));
#2380=DIRECTION('',(0.,-1.,0.));
#2381=DIRECTION('center_axis',(0.,1.,0.));
#2382=DIRECTION('ref_axis',(-1.480297366167E-15,0.,-1.));
#2383=DIRECTION('',(0.,1.,0.));
#2384=DIRECTION('center_axis',(-0.765774402900865,0.,-0.643109293869887));
#2385=DIRECTION('ref_axis',(-0.643109293869887,0.,0.765774402900865));
#2386=DIRECTION('center_axis',(0.,1.,0.));
#2387=DIRECTION('ref_axis',(0.,0.,1.));
#2388=DIRECTION('',(0.,1.,0.));
#2389=DIRECTION('center_axis',(0.765774402900865,0.,0.643109293869887));
#2390=DIRECTION('ref_axis',(0.643109293869887,0.,-0.765774402900865));
#2391=DIRECTION('',(0.,-1.,0.));
#2392=DIRECTION('center_axis',(-4.204215647631E-17,0.,1.));
#2393=DIRECTION('ref_axis',(1.,0.,4.204215647631E-17));
#2394=DIRECTION('',(0.,-1.,0.));
#2395=DIRECTION('center_axis',(1.,0.,0.));
#2396=DIRECTION('ref_axis',(0.,0.,-1.));
#2397=DIRECTION('center_axis',(0.,0.,-1.));
#2398=DIRECTION('ref_axis',(-1.,0.,0.));
#2399=DIRECTION('',(0.,1.,0.));
#2400=DIRECTION('',(0.,-1.,0.));
#2401=DIRECTION('center_axis',(0.,1.,0.));
#2402=DIRECTION('ref_axis',(-1.480297366167E-15,0.,-1.));
#2403=DIRECTION('',(0.,1.,0.));
#2404=DIRECTION('center_axis',(-0.765774402900865,0.,-0.643109293869887));
#2405=DIRECTION('ref_axis',(-0.643109293869887,0.,0.765774402900865));
#2406=DIRECTION('center_axis',(0.,1.,0.));
#2407=DIRECTION('ref_axis',(0.,0.,1.));
#2408=DIRECTION('',(0.,1.,0.));
#2409=DIRECTION('center_axis',(0.765774402900865,0.,0.643109293869887));
#2410=DIRECTION('ref_axis',(0.643109293869887,0.,-0.765774402900865));
#2411=DIRECTION('',(0.,-1.,0.));
#2412=DIRECTION('center_axis',(-4.204215647631E-17,0.,1.));
#2413=DIRECTION('ref_axis',(1.,0.,4.204215647631E-17));
#2414=DIRECTION('',(0.,-1.,0.));
#2415=DIRECTION('center_axis',(1.,0.,0.));
#2416=DIRECTION('ref_axis',(0.,0.,-1.));
#2417=DIRECTION('center_axis',(0.,-1.,0.));
#2418=DIRECTION('ref_axis',(1.,0.,0.));
#2419=DIRECTION('center_axis',(0.,0.,1.));
#2420=DIRECTION('ref_axis',(1.,0.,0.));
#2421=DIRECTION('center_axis',(0.,-1.,0.));
#2422=DIRECTION('ref_axis',(1.,0.,0.));
#2423=DIRECTION('center_axis',(0.,0.,1.));
#2424=DIRECTION('ref_axis',(1.,0.,0.));
#2425=DIRECTION('center_axis',(0.,-1.,0.));
#2426=DIRECTION('ref_axis',(1.,0.,0.));
#2427=DIRECTION('center_axis',(0.,0.,1.));
#2428=DIRECTION('ref_axis',(1.,0.,0.));
#2429=DIRECTION('center_axis',(0.,0.,1.));
#2430=DIRECTION('ref_axis',(1.,0.,0.));
#2431=DIRECTION('center_axis',(0.,0.,1.));
#2432=DIRECTION('ref_axis',(1.,0.,0.));
#2433=DIRECTION('center_axis',(0.,-1.,0.));
#2434=DIRECTION('ref_axis',(1.,0.,0.));
#2435=DIRECTION('center_axis',(0.,0.,1.));
#2436=DIRECTION('ref_axis',(1.,0.,0.));
#2437=DIRECTION('center_axis',(0.,0.,1.));
#2438=DIRECTION('ref_axis',(1.,0.,0.));
#2439=DIRECTION('center_axis',(0.,0.,1.));
#2440=DIRECTION('ref_axis',(1.,0.,0.));
#2441=DIRECTION('center_axis',(0.,0.,1.));
#2442=DIRECTION('ref_axis',(1.,0.,0.));
#2443=DIRECTION('center_axis',(0.,0.,1.));
#2444=DIRECTION('ref_axis',(1.,0.,0.));
#2445=DIRECTION('center_axis',(0.,0.,1.));
#2446=DIRECTION('ref_axis',(1.,0.,0.));
#2447=DIRECTION('',(0.,0.,-1.));
#2448=DIRECTION('center_axis',(0.,0.,1.));
#2449=DIRECTION('ref_axis',(1.,0.,0.));
#2450=DIRECTION('center_axis',(0.,0.,1.));
#2451=DIRECTION('ref_axis',(1.,0.,0.));
#2452=DIRECTION('center_axis',(0.,0.,1.));
#2453=DIRECTION('ref_axis',(1.,0.,0.));
#2454=DIRECTION('center_axis',(1.22464679914735E-16,-1.,0.));
#2455=DIRECTION('ref_axis',(-1.,-1.22464679914735E-16,0.));
#2456=DIRECTION('center_axis',(0.,0.,1.));
#2457=DIRECTION('ref_axis',(1.,0.,0.));
#2458=DIRECTION('',(0.,0.,1.));
#2459=DIRECTION('',(1.,0.,0.));
#2460=CARTESIAN_POINT('',(0.,0.,0.));
#2461=CARTESIAN_POINT('',(0.,0.,0.));
#2462=CARTESIAN_POINT('Origin',(0.,0.,0.));
#2463=CARTESIAN_POINT('',(-3.,1.5,0.));
#2464=CARTESIAN_POINT('',(-2.5,1.5,0.));
#2465=CARTESIAN_POINT('',(-3.,1.5,0.));
#2466=CARTESIAN_POINT('',(-2.5,3.,0.));
#2467=CARTESIAN_POINT('',(-2.5,1.5,0.));
#2468=CARTESIAN_POINT('',(-1.35,3.,0.));
#2469=CARTESIAN_POINT('',(3.,3.,0.));
#2470=CARTESIAN_POINT('',(-1.35,-3.,0.));
#2471=CARTESIAN_POINT('',(-1.35,-3.,0.));
#2472=CARTESIAN_POINT('',(-2.5,-3.,0.));
#2473=CARTESIAN_POINT('',(-3.,-3.,0.));
#2474=CARTESIAN_POINT('',(-2.5,-1.5,0.));
#2475=CARTESIAN_POINT('',(-2.5,-3.,0.));
#2476=CARTESIAN_POINT('',(-3.,-1.5,0.));
#2477=CARTESIAN_POINT('',(-3.,-1.5,0.));
#2478=CARTESIAN_POINT('',(-3.,3.,0.));
#2479=CARTESIAN_POINT('Origin',(-3.,1.5,0.));
#2480=CARTESIAN_POINT('',(-3.,1.5,0.4));
#2481=CARTESIAN_POINT('',(-3.,1.5,0.));
#2482=CARTESIAN_POINT('',(-2.5,1.5,0.4));
#2483=CARTESIAN_POINT('',(-3.,1.5,0.4));
#2484=CARTESIAN_POINT('',(-2.5,1.5,0.));
#2485=CARTESIAN_POINT('Origin',(-2.5,1.5,0.));
#2486=CARTESIAN_POINT('',(-2.5,3.,0.4));
#2487=CARTESIAN_POINT('',(-2.5,1.5,0.4));
#2488=CARTESIAN_POINT('',(-2.5,3.,0.));
#2489=CARTESIAN_POINT('Origin',(3.,3.,0.));
#2490=CARTESIAN_POINT('',(2.5,3.,0.));
#2491=CARTESIAN_POINT('',(1.35,3.,0.));
#2492=CARTESIAN_POINT('',(3.,3.,0.));
#2493=CARTESIAN_POINT('',(1.35,3.,0.4));
#2494=CARTESIAN_POINT('',(1.35,3.,0.));
#2495=CARTESIAN_POINT('',(-1.35,3.,0.4));
#2496=CARTESIAN_POINT('',(-1.35,3.,0.4));
#2497=CARTESIAN_POINT('',(-1.35,3.,0.));
#2498=CARTESIAN_POINT('',(-2.8,3.,0.4));
#2499=CARTESIAN_POINT('',(-3.,3.,0.4));
#2500=CARTESIAN_POINT('',(-2.8,3.,3.3));
#2501=CARTESIAN_POINT('',(-2.8,3.,0.));
#2502=CARTESIAN_POINT('',(2.8,3.,3.3));
#2503=CARTESIAN_POINT('',(3.,3.,3.3));
#2504=CARTESIAN_POINT('',(2.8,3.,0.4));
#2505=CARTESIAN_POINT('',(2.8,3.,0.));
#2506=CARTESIAN_POINT('',(2.5,3.,0.4));
#2507=CARTESIAN_POINT('',(2.5,3.,0.4));
#2508=CARTESIAN_POINT('',(2.5,3.,0.));
#2509=CARTESIAN_POINT('Origin',(-1.35,-3.,0.));
#2510=CARTESIAN_POINT('',(-1.35,-3.,0.4));
#2511=CARTESIAN_POINT('',(-1.35,-3.,0.));
#2512=CARTESIAN_POINT('',(-1.35,-3.,0.4));
#2513=CARTESIAN_POINT('Origin',(-3.,-3.,0.));
#2514=CARTESIAN_POINT('',(1.35,-3.,0.4));
#2515=CARTESIAN_POINT('',(-1.35,-3.,0.4));
#2516=CARTESIAN_POINT('',(1.35,-3.,0.));
#2517=CARTESIAN_POINT('',(1.35,-3.,0.));
#2518=CARTESIAN_POINT('',(2.5,-3.,0.));
#2519=CARTESIAN_POINT('',(-3.,-3.,0.));
#2520=CARTESIAN_POINT('',(2.5,-3.,0.4));
#2521=CARTESIAN_POINT('',(2.5,-3.,0.));
#2522=CARTESIAN_POINT('',(2.8,-3.,0.4));
#2523=CARTESIAN_POINT('',(2.5,-3.,0.4));
#2524=CARTESIAN_POINT('',(2.8,-3.,3.3));
#2525=CARTESIAN_POINT('',(2.8,-3.,0.));
#2526=CARTESIAN_POINT('',(-2.8,-3.,3.3));
#2527=CARTESIAN_POINT('',(-3.,-3.,3.3));
#2528=CARTESIAN_POINT('',(-2.8,-3.,0.4));
#2529=CARTESIAN_POINT('',(-2.8,-3.,0.));
#2530=CARTESIAN_POINT('',(-2.5,-3.,0.4));
#2531=CARTESIAN_POINT('',(-3.,-3.,0.4));
#2532=CARTESIAN_POINT('',(-2.5,-3.,0.));
#2533=CARTESIAN_POINT('Origin',(-2.5,-3.,0.));
#2534=CARTESIAN_POINT('',(-2.5,-1.5,0.4));
#2535=CARTESIAN_POINT('',(-2.5,-3.,0.4));
#2536=CARTESIAN_POINT('',(-2.5,-1.5,0.));
#2537=CARTESIAN_POINT('Origin',(-3.,-1.5,0.));
#2538=CARTESIAN_POINT('',(-3.,-1.5,0.4));
#2539=CARTESIAN_POINT('',(-3.,-1.5,0.4));
#2540=CARTESIAN_POINT('',(-3.,-1.5,0.));
#2541=CARTESIAN_POINT('Origin',(-3.,3.,0.));
#2542=CARTESIAN_POINT('',(-3.,-2.8,0.4));
#2543=CARTESIAN_POINT('',(-3.,-3.,0.4));
#2544=CARTESIAN_POINT('',(-3.,-2.8,3.3));
#2545=CARTESIAN_POINT('',(-3.,-2.8,0.));
#2546=CARTESIAN_POINT('',(-3.,2.8,3.3));
#2547=CARTESIAN_POINT('',(-3.,3.,3.3));
#2548=CARTESIAN_POINT('',(-3.,2.8,0.4));
#2549=CARTESIAN_POINT('',(-3.,2.8,0.));
#2550=CARTESIAN_POINT('',(-3.,1.5,0.4));
#2551=CARTESIAN_POINT('',(-3.,2.6,0.9));
#2552=CARTESIAN_POINT('',(-3.,2.6,1.2));
#2553=CARTESIAN_POINT('',(-3.,2.6,0.9));
#2554=CARTESIAN_POINT('',(-3.,1.9,1.2));
#2555=CARTESIAN_POINT('',(-3.,2.6,1.2));
#2556=CARTESIAN_POINT('',(-3.,1.9,0.9));
#2557=CARTESIAN_POINT('',(-3.,1.9,0.9));
#2558=CARTESIAN_POINT('',(-3.,2.6,0.9));
#2559=CARTESIAN_POINT('',(-3.,-1.9,0.9));
#2560=CARTESIAN_POINT('',(-3.,-1.9,1.2));
#2561=CARTESIAN_POINT('',(-3.,-1.9,0.9));
#2562=CARTESIAN_POINT('',(-3.,-2.6,1.2));
#2563=CARTESIAN_POINT('',(-3.,-1.9,1.2));
#2564=CARTESIAN_POINT('',(-3.,-2.6,0.9));
#2565=CARTESIAN_POINT('',(-3.,-2.6,0.9));
#2566=CARTESIAN_POINT('',(-3.,-1.9,0.9));
#2567=CARTESIAN_POINT('Origin',(-3.,1.5,0.4));
#2568=CARTESIAN_POINT('Origin',(-2.8,2.8,0.4));
#2569=CARTESIAN_POINT('Origin',(0.,0.,0.));
#2570=CARTESIAN_POINT('',(2.5,1.5,0.));
#2571=CARTESIAN_POINT('',(2.5,1.5,0.));
#2572=CARTESIAN_POINT('',(3.,1.5,0.));
#2573=CARTESIAN_POINT('',(2.5,1.5,0.));
#2574=CARTESIAN_POINT('',(3.,-1.5,0.));
#2575=CARTESIAN_POINT('',(3.,-3.,0.));
#2576=CARTESIAN_POINT('',(2.5,-1.5,0.));
#2577=CARTESIAN_POINT('',(2.5,-1.5,0.));
#2578=CARTESIAN_POINT('',(2.5,-3.,0.));
#2579=CARTESIAN_POINT('',(1.35,-3.,0.));
#2580=CARTESIAN_POINT('Origin',(1.35,-3.,0.));
#2581=CARTESIAN_POINT('',(1.35,-3.,0.4));
#2582=CARTESIAN_POINT('Origin',(-1.35,-3.,0.4));
#2583=CARTESIAN_POINT('Origin',(-2.8,2.8,0.));
#2584=CARTESIAN_POINT('Origin',(-2.8,2.8,3.3));
#2585=CARTESIAN_POINT('Origin',(3.,3.,3.3));
#2586=CARTESIAN_POINT('',(-2.8,3.,3.6));
#2587=CARTESIAN_POINT('',(-2.8,3.,3.3));
#2588=CARTESIAN_POINT('',(2.8,3.,3.6));
#2589=CARTESIAN_POINT('',(3.,3.,3.6));
#2590=CARTESIAN_POINT('',(2.8,3.,3.3));
#2591=CARTESIAN_POINT('Origin',(2.8,2.8,0.));
#2592=CARTESIAN_POINT('',(3.,2.8,0.4));
#2593=CARTESIAN_POINT('',(3.,2.8,3.3));
#2594=CARTESIAN_POINT('',(3.,2.8,0.));
#2595=CARTESIAN_POINT('Origin',(2.8,2.8,0.4));
#2596=CARTESIAN_POINT('Origin',(2.8,2.8,3.3));
#2597=CARTESIAN_POINT('Origin',(2.5,1.5,0.4));
#2598=CARTESIAN_POINT('',(3.,1.5,0.4));
#2599=CARTESIAN_POINT('',(3.,1.5,0.4));
#2600=CARTESIAN_POINT('',(2.5,1.5,0.4));
#2601=CARTESIAN_POINT('',(2.5,1.5,0.4));
#2602=CARTESIAN_POINT('',(2.5,1.5,0.4));
#2603=CARTESIAN_POINT('Origin',(2.5,1.5,0.));
#2604=CARTESIAN_POINT('',(2.5,1.5,0.));
#2605=CARTESIAN_POINT('Origin',(2.5,-3.,0.));
#2606=CARTESIAN_POINT('',(2.5,-1.5,0.4));
#2607=CARTESIAN_POINT('',(2.5,-1.5,0.));
#2608=CARTESIAN_POINT('',(2.5,-3.,0.4));
#2609=CARTESIAN_POINT('Origin',(2.5,-3.,0.4));
#2610=CARTESIAN_POINT('',(3.,-1.5,0.4));
#2611=CARTESIAN_POINT('',(2.5,-1.5,0.4));
#2612=CARTESIAN_POINT('',(3.,-2.8,0.4));
#2613=CARTESIAN_POINT('',(3.,-3.,0.4));
#2614=CARTESIAN_POINT('Origin',(2.8,-2.8,0.4));
#2615=CARTESIAN_POINT('Origin',(2.8,-2.8,0.));
#2616=CARTESIAN_POINT('',(3.,-2.8,3.3));
#2617=CARTESIAN_POINT('',(3.,-2.8,0.));
#2618=CARTESIAN_POINT('Origin',(2.8,-2.8,3.3));
#2619=CARTESIAN_POINT('Origin',(-3.,-3.,3.3));
#2620=CARTESIAN_POINT('',(2.8,-3.,3.6));
#2621=CARTESIAN_POINT('',(2.8,-3.,3.3));
#2622=CARTESIAN_POINT('',(-2.8,-3.,3.6));
#2623=CARTESIAN_POINT('',(-3.,-3.,3.6));
#2624=CARTESIAN_POINT('',(-2.8,-3.,3.3));
#2625=CARTESIAN_POINT('Origin',(-2.8,-2.8,0.));
#2626=CARTESIAN_POINT('Origin',(-2.8,-2.8,0.4));
#2627=CARTESIAN_POINT('Origin',(-2.8,-2.8,3.3));
#2628=CARTESIAN_POINT('Origin',(-3.,-3.,0.4));
#2629=CARTESIAN_POINT('Origin',(-3.,3.,3.3));
#2630=CARTESIAN_POINT('',(-3.,-2.8,3.6));
#2631=CARTESIAN_POINT('',(-3.,-2.8,3.3));
#2632=CARTESIAN_POINT('',(-3.,2.8,3.6));
#2633=CARTESIAN_POINT('',(-3.,3.,3.6));
#2634=CARTESIAN_POINT('',(-3.,2.8,3.3));
#2635=CARTESIAN_POINT('Origin',(-3.975583623363,2.6,0.495398424625));
#2636=CARTESIAN_POINT('',(-5.,2.6,-0.1));
#2637=CARTESIAN_POINT('',(-4.339815605528,2.6,-0.1));
#2638=CARTESIAN_POINT('',(-5.,2.6,-0.1));
#2639=CARTESIAN_POINT('',(-5.,2.6,0.2));
#2640=CARTESIAN_POINT('',(-5.,2.6,0.2));
#2641=CARTESIAN_POINT('',(-4.339815605528,2.6,0.2));
#2642=CARTESIAN_POINT('',(-4.339815605528,2.6,0.2));
#2643=CARTESIAN_POINT('',(-3.589916715343,2.6,1.092932788161));
#2644=CARTESIAN_POINT('',(-3.589916715343,2.6,1.092932788161));
#2645=CARTESIAN_POINT('',(-3.360184394472,2.6,1.2));
#2646=CARTESIAN_POINT('Origin',(-3.360184394472,2.6,0.9));
#2647=CARTESIAN_POINT('',(-3.,2.6,1.2));
#2648=CARTESIAN_POINT('',(-3.360184394472,2.6,0.9));
#2649=CARTESIAN_POINT('',(-3.360184394472,2.6,0.9));
#2650=CARTESIAN_POINT('',(-4.110083284657,2.6,0.007067211839073));
#2651=CARTESIAN_POINT('',(-4.110083284657,2.6,0.007067211839073));
#2652=CARTESIAN_POINT('Origin',(-4.339815605528,2.6,0.2));
#2653=CARTESIAN_POINT('Origin',(-3.,2.25,1.2));
#2654=CARTESIAN_POINT('',(-3.360184394472,1.9,1.2));
#2655=CARTESIAN_POINT('',(-3.360184394472,2.6,1.2));
#2656=CARTESIAN_POINT('',(-3.,1.9,1.2));
#2657=CARTESIAN_POINT('Origin',(-3.975583623363,1.9,0.495398424625));
#2658=CARTESIAN_POINT('',(-5.,1.9,-0.1));
#2659=CARTESIAN_POINT('',(-4.339815605528,1.9,-0.1));
#2660=CARTESIAN_POINT('',(-5.,1.9,-0.1));
#2661=CARTESIAN_POINT('',(-4.110083284657,1.9,0.007067211839073));
#2662=CARTESIAN_POINT('Origin',(-4.339815605528,1.9,0.2));
#2663=CARTESIAN_POINT('',(-3.360184394472,1.9,0.9));
#2664=CARTESIAN_POINT('',(-4.110083284657,1.9,0.007067211839073));
#2665=CARTESIAN_POINT('',(-3.360184394472,1.9,0.9));
#2666=CARTESIAN_POINT('',(-3.589916715343,1.9,1.092932788161));
#2667=CARTESIAN_POINT('Origin',(-3.360184394472,1.9,0.9));
#2668=CARTESIAN_POINT('',(-4.339815605528,1.9,0.2));
#2669=CARTESIAN_POINT('',(-3.589916715343,1.9,1.092932788161));
#2670=CARTESIAN_POINT('',(-5.,1.9,0.2));
#2671=CARTESIAN_POINT('',(-4.339815605528,1.9,0.2));
#2672=CARTESIAN_POINT('',(-5.,1.9,0.2));
#2673=CARTESIAN_POINT('Origin',(-3.360184394472,2.25,0.9));
#2674=CARTESIAN_POINT('',(-3.360184394472,2.6,0.9));
#2675=CARTESIAN_POINT('Origin',(-3.975583623363,-1.9,0.495398424625));
#2676=CARTESIAN_POINT('',(-5.,-1.9,-0.1));
#2677=CARTESIAN_POINT('',(-4.339815605528,-1.9,-0.1));
#2678=CARTESIAN_POINT('',(-5.,-1.9,-0.1));
#2679=CARTESIAN_POINT('',(-5.,-1.9,0.2));
#2680=CARTESIAN_POINT('',(-5.,-1.9,0.2));
#2681=CARTESIAN_POINT('',(-4.339815605528,-1.9,0.2));
#2682=CARTESIAN_POINT('',(-4.339815605528,-1.9,0.2));
#2683=CARTESIAN_POINT('',(-3.589916715343,-1.9,1.092932788161));
#2684=CARTESIAN_POINT('',(-3.589916715343,-1.9,1.092932788161));
#2685=CARTESIAN_POINT('',(-3.360184394472,-1.9,1.2));
#2686=CARTESIAN_POINT('Origin',(-3.360184394472,-1.9,0.9));
#2687=CARTESIAN_POINT('',(-3.,-1.9,1.2));
#2688=CARTESIAN_POINT('',(-3.360184394472,-1.9,0.9));
#2689=CARTESIAN_POINT('',(-3.360184394472,-1.9,0.9));
#2690=CARTESIAN_POINT('',(-4.110083284657,-1.9,0.007067211839073));
#2691=CARTESIAN_POINT('',(-4.110083284657,-1.9,0.007067211839073));
#2692=CARTESIAN_POINT('Origin',(-4.339815605528,-1.9,0.2));
#2693=CARTESIAN_POINT('Origin',(-3.,-2.25,1.2));
#2694=CARTESIAN_POINT('',(-3.360184394472,-2.6,1.2));
#2695=CARTESIAN_POINT('',(-3.360184394472,-1.9,1.2));
#2696=CARTESIAN_POINT('',(-3.,-2.6,1.2));
#2697=CARTESIAN_POINT('Origin',(-3.975583623363,-2.6,0.495398424625));
#2698=CARTESIAN_POINT('',(-5.,-2.6,-0.1));
#2699=CARTESIAN_POINT('',(-4.339815605528,-2.6,-0.1));
#2700=CARTESIAN_POINT('',(-5.,-2.6,-0.1));
#2701=CARTESIAN_POINT('',(-4.110083284657,-2.6,0.007067211839073));
#2702=CARTESIAN_POINT('Origin',(-4.339815605528,-2.6,0.2));
#2703=CARTESIAN_POINT('',(-3.360184394472,-2.6,0.9));
#2704=CARTESIAN_POINT('',(-4.110083284657,-2.6,0.007067211839073));
#2705=CARTESIAN_POINT('',(-3.360184394472,-2.6,0.9));
#2706=CARTESIAN_POINT('',(-3.589916715343,-2.6,1.092932788161));
#2707=CARTESIAN_POINT('Origin',(-3.360184394472,-2.6,0.9));
#2708=CARTESIAN_POINT('',(-4.339815605528,-2.6,0.2));
#2709=CARTESIAN_POINT('',(-3.589916715343,-2.6,1.092932788161));
#2710=CARTESIAN_POINT('',(-5.,-2.6,0.2));
#2711=CARTESIAN_POINT('',(-4.339815605528,-2.6,0.2));
#2712=CARTESIAN_POINT('',(-5.,-2.6,0.2));
#2713=CARTESIAN_POINT('Origin',(-3.360184394472,-2.25,0.9));
#2714=CARTESIAN_POINT('',(-3.360184394472,-1.9,0.9));
#2715=CARTESIAN_POINT('Origin',(2.5,1.5,0.));
#2716=CARTESIAN_POINT('',(3.,1.5,0.));
#2717=CARTESIAN_POINT('Origin',(3.,-3.,0.));
#2718=CARTESIAN_POINT('',(3.,-3.,3.3));
#2719=CARTESIAN_POINT('',(3.,-1.5,0.));
#2720=CARTESIAN_POINT('',(3.,-2.6,0.9));
#2721=CARTESIAN_POINT('',(3.,-2.6,1.2));
#2722=CARTESIAN_POINT('',(3.,-2.6,0.9));
#2723=CARTESIAN_POINT('',(3.,-1.9,1.2));
#2724=CARTESIAN_POINT('',(3.,-2.6,1.2));
#2725=CARTESIAN_POINT('',(3.,-1.9,0.9));
#2726=CARTESIAN_POINT('',(3.,-1.9,0.9));
#2727=CARTESIAN_POINT('',(3.,-2.6,0.9));
#2728=CARTESIAN_POINT('',(3.,1.9,0.9));
#2729=CARTESIAN_POINT('',(3.,1.9,1.2));
#2730=CARTESIAN_POINT('',(3.,1.9,0.9));
#2731=CARTESIAN_POINT('',(3.,2.6,1.2));
#2732=CARTESIAN_POINT('',(3.,1.9,1.2));
#2733=CARTESIAN_POINT('',(3.,2.6,0.9));
#2734=CARTESIAN_POINT('',(3.,2.6,0.9));
#2735=CARTESIAN_POINT('',(3.,1.9,0.9));
#2736=CARTESIAN_POINT('Origin',(2.5,-1.5,0.));
#2737=CARTESIAN_POINT('Origin',(-2.8,2.8,3.3));
#2738=CARTESIAN_POINT('Origin',(-2.8,2.8,3.6));
#2739=CARTESIAN_POINT('Origin',(2.8,2.8,3.3));
#2740=CARTESIAN_POINT('',(3.,2.8,3.6));
#2741=CARTESIAN_POINT('Origin',(2.8,2.8,3.6));
#2742=CARTESIAN_POINT('',(3.,2.8,3.3));
#2743=CARTESIAN_POINT('Origin',(0.,0.,3.6));
#2744=CARTESIAN_POINT('',(3.,-2.8,3.6));
#2745=CARTESIAN_POINT('Origin',(2.8,-2.8,3.6));
#2746=CARTESIAN_POINT('',(3.,-3.,3.6));
#2747=CARTESIAN_POINT('Origin',(-2.8,-2.8,3.6));
#2748=CARTESIAN_POINT('',(-2.575,-2.2,3.6));
#2749=CARTESIAN_POINT('Origin',(-2.2,-2.2,3.6));
#2750=CARTESIAN_POINT('',(1.825,-2.2,3.6));
#2751=CARTESIAN_POINT('Origin',(2.2,-2.2,3.6));
#2752=CARTESIAN_POINT('',(-2.575,2.2,3.6));
#2753=CARTESIAN_POINT('Origin',(-2.2,2.2,3.6));
#2754=CARTESIAN_POINT('',(-1.85,-2.2655965784226E-16,3.6));
#2755=CARTESIAN_POINT('Origin',(0.,0.,3.6));
#2756=CARTESIAN_POINT('',(1.825,2.2,3.6));
#2757=CARTESIAN_POINT('Origin',(2.2,2.2,3.6));
#2758=CARTESIAN_POINT('Origin',(2.8,-2.8,3.3));
#2759=CARTESIAN_POINT('',(3.,-2.8,3.3));
#2760=CARTESIAN_POINT('Origin',(-2.8,-2.8,3.3));
#2761=CARTESIAN_POINT('Origin',(-5.,2.25,-0.1));
#2762=CARTESIAN_POINT('',(-4.339815605528,2.6,-0.1));
#2763=CARTESIAN_POINT('',(-5.,1.9,-0.1));
#2764=CARTESIAN_POINT('Origin',(-4.339815605528,2.25,0.2));
#2765=CARTESIAN_POINT('',(-4.110083284657,2.6,0.007067211839073));
#2766=CARTESIAN_POINT('Origin',(-4.110083284657,2.25,0.007067211839073));
#2767=CARTESIAN_POINT('Origin',(-3.360184394472,2.25,0.9));
#2768=CARTESIAN_POINT('',(-3.589916715343,2.6,1.092932788161));
#2769=CARTESIAN_POINT('Origin',(-3.589916715343,2.25,1.092932788161));
#2770=CARTESIAN_POINT('',(-4.339815605528,1.9,0.2));
#2771=CARTESIAN_POINT('Origin',(-4.339815605528,2.25,0.2));
#2772=CARTESIAN_POINT('',(-5.,1.9,0.2));
#2773=CARTESIAN_POINT('Origin',(-5.,2.25,0.2));
#2774=CARTESIAN_POINT('Origin',(-5.,-2.25,-0.1));
#2775=CARTESIAN_POINT('',(-4.339815605528,-1.9,-0.1));
#2776=CARTESIAN_POINT('',(-5.,-2.6,-0.1));
#2777=CARTESIAN_POINT('Origin',(-4.339815605528,-2.25,0.2));
#2778=CARTESIAN_POINT('',(-4.110083284657,-1.9,0.007067211839073));
#2779=CARTESIAN_POINT('Origin',(-4.110083284657,-2.25,0.007067211839073));
#2780=CARTESIAN_POINT('Origin',(-3.360184394472,-2.25,0.9));
#2781=CARTESIAN_POINT('',(-3.589916715343,-1.9,1.092932788161));
#2782=CARTESIAN_POINT('Origin',(-3.589916715343,-2.25,1.092932788161));
#2783=CARTESIAN_POINT('',(-4.339815605528,-2.6,0.2));
#2784=CARTESIAN_POINT('Origin',(-4.339815605528,-2.25,0.2));
#2785=CARTESIAN_POINT('',(-5.,-2.6,0.2));
#2786=CARTESIAN_POINT('Origin',(-5.,-2.25,0.2));
#2787=CARTESIAN_POINT('Origin',(3.,-3.,3.3));
#2788=CARTESIAN_POINT('Origin',(3.975583623363,-2.6,0.495398424625));
#2789=CARTESIAN_POINT('',(5.,-2.6,-0.1));
#2790=CARTESIAN_POINT('',(4.339815605528,-2.6,-0.1));
#2791=CARTESIAN_POINT('',(5.,-2.6,-0.1));
#2792=CARTESIAN_POINT('',(5.,-2.6,0.2));
#2793=CARTESIAN_POINT('',(5.,-2.6,0.2));
#2794=CARTESIAN_POINT('',(4.339815605528,-2.6,0.2));
#2795=CARTESIAN_POINT('',(4.339815605528,-2.6,0.2));
#2796=CARTESIAN_POINT('',(3.589916715343,-2.6,1.092932788161));
#2797=CARTESIAN_POINT('',(3.589916715343,-2.6,1.092932788161));
#2798=CARTESIAN_POINT('',(3.360184394472,-2.6,1.2));
#2799=CARTESIAN_POINT('Origin',(3.360184394472,-2.6,0.9));
#2800=CARTESIAN_POINT('',(3.,-2.6,1.2));
#2801=CARTESIAN_POINT('',(3.360184394472,-2.6,0.9));
#2802=CARTESIAN_POINT('',(3.360184394472,-2.6,0.9));
#2803=CARTESIAN_POINT('',(4.110083284657,-2.6,0.007067211839073));
#2804=CARTESIAN_POINT('',(4.110083284657,-2.6,0.007067211839073));
#2805=CARTESIAN_POINT('Origin',(4.339815605528,-2.6,0.2));
#2806=CARTESIAN_POINT('Origin',(3.,-2.25,1.2));
#2807=CARTESIAN_POINT('',(3.360184394472,-1.9,1.2));
#2808=CARTESIAN_POINT('',(3.360184394472,-2.6,1.2));
#2809=CARTESIAN_POINT('',(3.,-1.9,1.2));
#2810=CARTESIAN_POINT('Origin',(3.975583623363,-1.9,0.495398424625));
#2811=CARTESIAN_POINT('',(5.,-1.9,-0.1));
#2812=CARTESIAN_POINT('',(4.339815605528,-1.9,-0.1));
#2813=CARTESIAN_POINT('',(5.,-1.9,-0.1));
#2814=CARTESIAN_POINT('',(4.110083284657,-1.9,0.007067211839073));
#2815=CARTESIAN_POINT('Origin',(4.339815605528,-1.9,0.2));
#2816=CARTESIAN_POINT('',(3.360184394472,-1.9,0.9));
#2817=CARTESIAN_POINT('',(4.110083284657,-1.9,0.007067211839073));
#2818=CARTESIAN_POINT('',(3.360184394472,-1.9,0.9));
#2819=CARTESIAN_POINT('',(3.589916715343,-1.9,1.092932788161));
#2820=CARTESIAN_POINT('Origin',(3.360184394472,-1.9,0.9));
#2821=CARTESIAN_POINT('',(4.339815605528,-1.9,0.2));
#2822=CARTESIAN_POINT('',(3.589916715343,-1.9,1.092932788161));
#2823=CARTESIAN_POINT('',(5.,-1.9,0.2));
#2824=CARTESIAN_POINT('',(4.339815605528,-1.9,0.2));
#2825=CARTESIAN_POINT('',(5.,-1.9,0.2));
#2826=CARTESIAN_POINT('Origin',(3.360184394472,-2.25,0.9));
#2827=CARTESIAN_POINT('',(3.360184394472,-2.6,0.9));
#2828=CARTESIAN_POINT('Origin',(3.975583623363,1.9,0.495398424625));
#2829=CARTESIAN_POINT('',(5.,1.9,-0.1));
#2830=CARTESIAN_POINT('',(4.339815605528,1.9,-0.1));
#2831=CARTESIAN_POINT('',(5.,1.9,-0.1));
#2832=CARTESIAN_POINT('',(5.,1.9,0.2));
#2833=CARTESIAN_POINT('',(5.,1.9,0.2));
#2834=CARTESIAN_POINT('',(4.339815605528,1.9,0.2));
#2835=CARTESIAN_POINT('',(4.339815605528,1.9,0.2));
#2836=CARTESIAN_POINT('',(3.589916715343,1.9,1.092932788161));
#2837=CARTESIAN_POINT('',(3.589916715343,1.9,1.092932788161));
#2838=CARTESIAN_POINT('',(3.360184394472,1.9,1.2));
#2839=CARTESIAN_POINT('Origin',(3.360184394472,1.9,0.9));
#2840=CARTESIAN_POINT('',(3.,1.9,1.2));
#2841=CARTESIAN_POINT('',(3.360184394472,1.9,0.9));
#2842=CARTESIAN_POINT('',(3.360184394472,1.9,0.9));
#2843=CARTESIAN_POINT('',(4.110083284657,1.9,0.007067211839073));
#2844=CARTESIAN_POINT('',(4.110083284657,1.9,0.007067211839073));
#2845=CARTESIAN_POINT('Origin',(4.339815605528,1.9,0.2));
#2846=CARTESIAN_POINT('Origin',(3.,2.25,1.2));
#2847=CARTESIAN_POINT('',(3.360184394472,2.6,1.2));
#2848=CARTESIAN_POINT('',(3.360184394472,1.9,1.2));
#2849=CARTESIAN_POINT('',(3.,2.6,1.2));
#2850=CARTESIAN_POINT('Origin',(3.975583623363,2.6,0.495398424625));
#2851=CARTESIAN_POINT('',(5.,2.6,-0.1));
#2852=CARTESIAN_POINT('',(4.339815605528,2.6,-0.1));
#2853=CARTESIAN_POINT('',(5.,2.6,-0.1));
#2854=CARTESIAN_POINT('',(4.110083284657,2.6,0.007067211839073));
#2855=CARTESIAN_POINT('Origin',(4.339815605528,2.6,0.2));
#2856=CARTESIAN_POINT('',(3.360184394472,2.6,0.9));
#2857=CARTESIAN_POINT('',(4.110083284657,2.6,0.007067211839073));
#2858=CARTESIAN_POINT('',(3.360184394472,2.6,0.9));
#2859=CARTESIAN_POINT('',(3.589916715343,2.6,1.092932788161));
#2860=CARTESIAN_POINT('Origin',(3.360184394472,2.6,0.9));
#2861=CARTESIAN_POINT('',(4.339815605528,2.6,0.2));
#2862=CARTESIAN_POINT('',(3.589916715343,2.6,1.092932788161));
#2863=CARTESIAN_POINT('',(5.,2.6,0.2));
#2864=CARTESIAN_POINT('',(4.339815605528,2.6,0.2));
#2865=CARTESIAN_POINT('',(5.,2.6,0.2));
#2866=CARTESIAN_POINT('Origin',(3.360184394472,2.25,0.9));
#2867=CARTESIAN_POINT('',(3.360184394472,1.9,0.9));
#2868=CARTESIAN_POINT('Origin',(-2.2,-2.2,3.3));
#2869=CARTESIAN_POINT('',(-1.825,-2.2,3.65));
#2870=CARTESIAN_POINT('',(-2.575,-2.2,3.65));
#2871=CARTESIAN_POINT('Origin',(-2.2,-2.2,3.65));
#2872=CARTESIAN_POINT('Origin',(-2.2,-2.2,3.65));
#2873=CARTESIAN_POINT('',(-2.575,-2.2,3.3));
#2874=CARTESIAN_POINT('Origin',(2.2,-2.2,3.3));
#2875=CARTESIAN_POINT('',(2.575,-2.2,3.65));
#2876=CARTESIAN_POINT('',(1.825,-2.2,3.65));
#2877=CARTESIAN_POINT('Origin',(2.2,-2.2,3.65));
#2878=CARTESIAN_POINT('Origin',(2.2,-2.2,3.65));
#2879=CARTESIAN_POINT('',(1.825,-2.2,3.3));
#2880=CARTESIAN_POINT('Origin',(-2.2,2.2,3.3));
#2881=CARTESIAN_POINT('',(-1.825,2.2,3.65));
#2882=CARTESIAN_POINT('',(-2.575,2.2,3.65));
#2883=CARTESIAN_POINT('Origin',(-2.2,2.2,3.65));
#2884=CARTESIAN_POINT('Origin',(-2.2,2.2,3.65));
#2885=CARTESIAN_POINT('',(-2.575,2.2,3.3));
#2886=CARTESIAN_POINT('Origin',(0.,0.,3.3));
#2887=CARTESIAN_POINT('',(-1.85,-2.2655965784226E-16,3.3));
#2888=CARTESIAN_POINT('Origin',(0.,0.,3.3));
#2889=CARTESIAN_POINT('',(-1.85,-2.2655965784226E-16,3.3));
#2890=CARTESIAN_POINT('Origin',(2.2,2.2,3.3));
#2891=CARTESIAN_POINT('',(2.575,2.2,3.65));
#2892=CARTESIAN_POINT('',(1.825,2.2,3.65));
#2893=CARTESIAN_POINT('Origin',(2.2,2.2,3.65));
#2894=CARTESIAN_POINT('Origin',(2.2,2.2,3.65));
#2895=CARTESIAN_POINT('',(1.825,2.2,3.3));
#2896=CARTESIAN_POINT('Origin',(5.,-2.25,-0.1));
#2897=CARTESIAN_POINT('',(4.339815605528,-2.6,-0.1));
#2898=CARTESIAN_POINT('',(5.,-1.9,-0.1));
#2899=CARTESIAN_POINT('Origin',(4.339815605528,-2.25,0.2));
#2900=CARTESIAN_POINT('',(4.110083284657,-2.6,0.007067211839073));
#2901=CARTESIAN_POINT('Origin',(4.110083284657,-2.25,0.007067211839073));
#2902=CARTESIAN_POINT('Origin',(3.360184394472,-2.25,0.9));
#2903=CARTESIAN_POINT('',(3.589916715343,-2.6,1.092932788161));
#2904=CARTESIAN_POINT('Origin',(3.589916715343,-2.25,1.092932788161));
#2905=CARTESIAN_POINT('',(4.339815605528,-1.9,0.2));
#2906=CARTESIAN_POINT('Origin',(4.339815605528,-2.25,0.2));
#2907=CARTESIAN_POINT('',(5.,-1.9,0.2));
#2908=CARTESIAN_POINT('Origin',(5.,-2.25,0.2));
#2909=CARTESIAN_POINT('Origin',(5.,2.25,-0.1));
#2910=CARTESIAN_POINT('',(4.339815605528,1.9,-0.1));
#2911=CARTESIAN_POINT('',(5.,2.6,-0.1));
#2912=CARTESIAN_POINT('Origin',(4.339815605528,2.25,0.2));
#2913=CARTESIAN_POINT('',(4.110083284657,1.9,0.007067211839073));
#2914=CARTESIAN_POINT('Origin',(4.110083284657,2.25,0.007067211839073));
#2915=CARTESIAN_POINT('Origin',(3.360184394472,2.25,0.9));
#2916=CARTESIAN_POINT('',(3.589916715343,1.9,1.092932788161));
#2917=CARTESIAN_POINT('Origin',(3.589916715343,2.25,1.092932788161));
#2918=CARTESIAN_POINT('',(4.339815605528,2.6,0.2));
#2919=CARTESIAN_POINT('Origin',(4.339815605528,2.25,0.2));
#2920=CARTESIAN_POINT('',(5.,2.6,0.2));
#2921=CARTESIAN_POINT('Origin',(5.,2.25,0.2));
#2922=CARTESIAN_POINT('Ctrl Pts',(-1.825,-2.2,3.65));
#2923=CARTESIAN_POINT('Ctrl Pts',(-1.825,-2.575,3.65));
#2924=CARTESIAN_POINT('Ctrl Pts',(-2.2,-2.575,3.65));
#2925=CARTESIAN_POINT('Ctrl Pts',(-2.575,-2.575,3.65));
#2926=CARTESIAN_POINT('Ctrl Pts',(-2.575,-2.2,3.65));
#2927=CARTESIAN_POINT('Ctrl Pts',(-2.575,-1.825,3.65));
#2928=CARTESIAN_POINT('Ctrl Pts',(-2.2,-1.825,3.65));
#2929=CARTESIAN_POINT('Ctrl Pts',(-1.825,-1.825,3.65));
#2930=CARTESIAN_POINT('Ctrl Pts',(-1.825,-2.2,3.65));
#2931=CARTESIAN_POINT('Ctrl Pts',(-1.825,-2.2,3.74162978573));
#2932=CARTESIAN_POINT('Ctrl Pts',(-1.825,-2.575,3.74162978573));
#2933=CARTESIAN_POINT('Ctrl Pts',(-2.2,-2.575,3.74162978573));
#2934=CARTESIAN_POINT('Ctrl Pts',(-2.575,-2.575,3.74162978573));
#2935=CARTESIAN_POINT('Ctrl Pts',(-2.575,-2.2,3.74162978573));
#2936=CARTESIAN_POINT('Ctrl Pts',(-2.575,-1.825,3.74162978573));
#2937=CARTESIAN_POINT('Ctrl Pts',(-2.2,-1.825,3.74162978573));
#2938=CARTESIAN_POINT('Ctrl Pts',(-1.825,-1.825,3.74162978573));
#2939=CARTESIAN_POINT('Ctrl Pts',(-1.825,-2.2,3.74162978573));
#2940=CARTESIAN_POINT('Ctrl Pts',(-1.853779690107,-2.2,3.833251775247));
#2941=CARTESIAN_POINT('Ctrl Pts',(-1.853779690107,-2.546220309893,3.833251775247));
#2942=CARTESIAN_POINT('Ctrl Pts',(-2.2,-2.546220309893,3.833251775247));
#2943=CARTESIAN_POINT('Ctrl Pts',(-2.546220309893,-2.546220309893,3.833251775247));
#2944=CARTESIAN_POINT('Ctrl Pts',(-2.546220309893,-2.2,3.833251775247));
#2945=CARTESIAN_POINT('Ctrl Pts',(-2.546220309893,-1.853779690107,3.833251775247));
#2946=CARTESIAN_POINT('Ctrl Pts',(-2.2,-1.853779690107,3.833251775247));
#2947=CARTESIAN_POINT('Ctrl Pts',(-1.853779690107,-1.853779690107,3.833251775247));
#2948=CARTESIAN_POINT('Ctrl Pts',(-1.853779690107,-2.2,3.833251775247));
#2949=CARTESIAN_POINT('Ctrl Pts',(-1.911383447626,-2.2,3.913616552374));
#2950=CARTESIAN_POINT('Ctrl Pts',(-1.911383447626,-2.488616552374,3.913616552374));
#2951=CARTESIAN_POINT('Ctrl Pts',(-2.2,-2.488616552374,3.913616552374));
#2952=CARTESIAN_POINT('Ctrl Pts',(-2.488616552374,-2.488616552374,3.913616552374));
#2953=CARTESIAN_POINT('Ctrl Pts',(-2.488616552374,-2.2,3.913616552374));
#2954=CARTESIAN_POINT('Ctrl Pts',(-2.488616552374,-1.911383447626,3.913616552374));
#2955=CARTESIAN_POINT('Ctrl Pts',(-2.2,-1.911383447626,3.913616552374));
#2956=CARTESIAN_POINT('Ctrl Pts',(-1.911383447626,-1.911383447626,3.913616552374));
#2957=CARTESIAN_POINT('Ctrl Pts',(-1.911383447626,-2.2,3.913616552374));
#2958=CARTESIAN_POINT('Ctrl Pts',(-1.991748224753,-2.2,3.971220309893));
#2959=CARTESIAN_POINT('Ctrl Pts',(-1.991748224753,-2.408251775247,3.971220309893));
#2960=CARTESIAN_POINT('Ctrl Pts',(-2.2,-2.408251775247,3.971220309893));
#2961=CARTESIAN_POINT('Ctrl Pts',(-2.408251775247,-2.408251775247,3.971220309893));
#2962=CARTESIAN_POINT('Ctrl Pts',(-2.408251775247,-2.2,3.971220309893));
#2963=CARTESIAN_POINT('Ctrl Pts',(-2.408251775247,-1.991748224753,3.971220309893));
#2964=CARTESIAN_POINT('Ctrl Pts',(-2.2,-1.991748224753,3.971220309893));
#2965=CARTESIAN_POINT('Ctrl Pts',(-1.991748224753,-1.991748224753,3.971220309893));
#2966=CARTESIAN_POINT('Ctrl Pts',(-1.991748224753,-2.2,3.971220309893));
#2967=CARTESIAN_POINT('Ctrl Pts',(-2.08337021427,-2.2,4.));
#2968=CARTESIAN_POINT('Ctrl Pts',(-2.08337021427,-2.31662978573,4.));
#2969=CARTESIAN_POINT('Ctrl Pts',(-2.2,-2.31662978573,4.));
#2970=CARTESIAN_POINT('Ctrl Pts',(-2.31662978573,-2.31662978573,4.));
#2971=CARTESIAN_POINT('Ctrl Pts',(-2.31662978573,-2.2,4.));
#2972=CARTESIAN_POINT('Ctrl Pts',(-2.31662978573,-2.08337021427,4.));
#2973=CARTESIAN_POINT('Ctrl Pts',(-2.2,-2.08337021427,4.));
#2974=CARTESIAN_POINT('Ctrl Pts',(-2.08337021427,-2.08337021427,4.));
#2975=CARTESIAN_POINT('Ctrl Pts',(-2.08337021427,-2.2,4.));
#2976=CARTESIAN_POINT('Ctrl Pts',(-2.175,-2.2,4.));
#2977=CARTESIAN_POINT('Ctrl Pts',(-2.175,-2.225,4.));
#2978=CARTESIAN_POINT('Ctrl Pts',(-2.2,-2.225,4.));
#2979=CARTESIAN_POINT('Ctrl Pts',(-2.225,-2.225,4.));
#2980=CARTESIAN_POINT('Ctrl Pts',(-2.225,-2.2,4.));
#2981=CARTESIAN_POINT('Ctrl Pts',(-2.225,-2.175,4.));
#2982=CARTESIAN_POINT('Ctrl Pts',(-2.2,-2.175,4.));
#2983=CARTESIAN_POINT('Ctrl Pts',(-2.175,-2.175,4.));
#2984=CARTESIAN_POINT('Ctrl Pts',(-2.175,-2.2,4.));
#2985=CARTESIAN_POINT('',(-2.175,-2.2,4.));
#2986=CARTESIAN_POINT('Origin',(-2.175,-2.2,3.65));
#2987=CARTESIAN_POINT('Origin',(-2.2,-2.2,4.));
#2988=CARTESIAN_POINT('Ctrl Pts',(2.575,-2.2,3.65));
#2989=CARTESIAN_POINT('Ctrl Pts',(2.575,-2.575,3.65));
#2990=CARTESIAN_POINT('Ctrl Pts',(2.2,-2.575,3.65));
#2991=CARTESIAN_POINT('Ctrl Pts',(1.825,-2.575,3.65));
#2992=CARTESIAN_POINT('Ctrl Pts',(1.825,-2.2,3.65));
#2993=CARTESIAN_POINT('Ctrl Pts',(1.825,-1.825,3.65));
#2994=CARTESIAN_POINT('Ctrl Pts',(2.2,-1.825,3.65));
#2995=CARTESIAN_POINT('Ctrl Pts',(2.575,-1.825,3.65));
#2996=CARTESIAN_POINT('Ctrl Pts',(2.575,-2.2,3.65));
#2997=CARTESIAN_POINT('Ctrl Pts',(2.575,-2.2,3.74162978573));
#2998=CARTESIAN_POINT('Ctrl Pts',(2.575,-2.575,3.74162978573));
#2999=CARTESIAN_POINT('Ctrl Pts',(2.2,-2.575,3.74162978573));
#3000=CARTESIAN_POINT('Ctrl Pts',(1.825,-2.575,3.74162978573));
#3001=CARTESIAN_POINT('Ctrl Pts',(1.825,-2.2,3.74162978573));
#3002=CARTESIAN_POINT('Ctrl Pts',(1.825,-1.825,3.74162978573));
#3003=CARTESIAN_POINT('Ctrl Pts',(2.2,-1.825,3.74162978573));
#3004=CARTESIAN_POINT('Ctrl Pts',(2.575,-1.825,3.74162978573));
#3005=CARTESIAN_POINT('Ctrl Pts',(2.575,-2.2,3.74162978573));
#3006=CARTESIAN_POINT('Ctrl Pts',(2.546220309893,-2.2,3.833251775247));
#3007=CARTESIAN_POINT('Ctrl Pts',(2.546220309893,-2.546220309893,3.833251775247));
#3008=CARTESIAN_POINT('Ctrl Pts',(2.2,-2.546220309893,3.833251775247));
#3009=CARTESIAN_POINT('Ctrl Pts',(1.853779690107,-2.546220309893,3.833251775247));
#3010=CARTESIAN_POINT('Ctrl Pts',(1.853779690107,-2.2,3.833251775247));
#3011=CARTESIAN_POINT('Ctrl Pts',(1.853779690107,-1.853779690107,3.833251775247));
#3012=CARTESIAN_POINT('Ctrl Pts',(2.2,-1.853779690107,3.833251775247));
#3013=CARTESIAN_POINT('Ctrl Pts',(2.546220309893,-1.853779690107,3.833251775247));
#3014=CARTESIAN_POINT('Ctrl Pts',(2.546220309893,-2.2,3.833251775247));
#3015=CARTESIAN_POINT('Ctrl Pts',(2.488616552374,-2.2,3.913616552374));
#3016=CARTESIAN_POINT('Ctrl Pts',(2.488616552374,-2.488616552374,3.913616552374));
#3017=CARTESIAN_POINT('Ctrl Pts',(2.2,-2.488616552374,3.913616552374));
#3018=CARTESIAN_POINT('Ctrl Pts',(1.911383447626,-2.488616552374,3.913616552374));
#3019=CARTESIAN_POINT('Ctrl Pts',(1.911383447626,-2.2,3.913616552374));
#3020=CARTESIAN_POINT('Ctrl Pts',(1.911383447626,-1.911383447626,3.913616552374));
#3021=CARTESIAN_POINT('Ctrl Pts',(2.2,-1.911383447626,3.913616552374));
#3022=CARTESIAN_POINT('Ctrl Pts',(2.488616552374,-1.911383447626,3.913616552374));
#3023=CARTESIAN_POINT('Ctrl Pts',(2.488616552374,-2.2,3.913616552374));
#3024=CARTESIAN_POINT('Ctrl Pts',(2.408251775247,-2.2,3.971220309893));
#3025=CARTESIAN_POINT('Ctrl Pts',(2.408251775247,-2.408251775247,3.971220309893));
#3026=CARTESIAN_POINT('Ctrl Pts',(2.2,-2.408251775247,3.971220309893));
#3027=CARTESIAN_POINT('Ctrl Pts',(1.991748224753,-2.408251775247,3.971220309893));
#3028=CARTESIAN_POINT('Ctrl Pts',(1.991748224753,-2.2,3.971220309893));
#3029=CARTESIAN_POINT('Ctrl Pts',(1.991748224753,-1.991748224753,3.971220309893));
#3030=CARTESIAN_POINT('Ctrl Pts',(2.2,-1.991748224753,3.971220309893));
#3031=CARTESIAN_POINT('Ctrl Pts',(2.408251775247,-1.991748224753,3.971220309893));
#3032=CARTESIAN_POINT('Ctrl Pts',(2.408251775247,-2.2,3.971220309893));
#3033=CARTESIAN_POINT('Ctrl Pts',(2.31662978573,-2.2,4.));
#3034=CARTESIAN_POINT('Ctrl Pts',(2.31662978573,-2.31662978573,4.));
#3035=CARTESIAN_POINT('Ctrl Pts',(2.2,-2.31662978573,4.));
#3036=CARTESIAN_POINT('Ctrl Pts',(2.08337021427,-2.31662978573,4.));
#3037=CARTESIAN_POINT('Ctrl Pts',(2.08337021427,-2.2,4.));
#3038=CARTESIAN_POINT('Ctrl Pts',(2.08337021427,-2.08337021427,4.));
#3039=CARTESIAN_POINT('Ctrl Pts',(2.2,-2.08337021427,4.));
#3040=CARTESIAN_POINT('Ctrl Pts',(2.31662978573,-2.08337021427,4.));
#3041=CARTESIAN_POINT('Ctrl Pts',(2.31662978573,-2.2,4.));
#3042=CARTESIAN_POINT('Ctrl Pts',(2.225,-2.2,4.));
#3043=CARTESIAN_POINT('Ctrl Pts',(2.225,-2.225,4.));
#3044=CARTESIAN_POINT('Ctrl Pts',(2.2,-2.225,4.));
#3045=CARTESIAN_POINT('Ctrl Pts',(2.175,-2.225,4.));
#3046=CARTESIAN_POINT('Ctrl Pts',(2.175,-2.2,4.));
#3047=CARTESIAN_POINT('Ctrl Pts',(2.175,-2.175,4.));
#3048=CARTESIAN_POINT('Ctrl Pts',(2.2,-2.175,4.));
#3049=CARTESIAN_POINT('Ctrl Pts',(2.225,-2.175,4.));
#3050=CARTESIAN_POINT('Ctrl Pts',(2.225,-2.2,4.));
#3051=CARTESIAN_POINT('',(2.225,-2.2,4.));
#3052=CARTESIAN_POINT('Origin',(2.225,-2.2,3.65));
#3053=CARTESIAN_POINT('Origin',(2.2,-2.2,4.));
#3054=CARTESIAN_POINT('Ctrl Pts',(-1.825,2.2,3.65));
#3055=CARTESIAN_POINT('Ctrl Pts',(-1.825,1.825,3.65));
#3056=CARTESIAN_POINT('Ctrl Pts',(-2.2,1.825,3.65));
#3057=CARTESIAN_POINT('Ctrl Pts',(-2.575,1.825,3.65));
#3058=CARTESIAN_POINT('Ctrl Pts',(-2.575,2.2,3.65));
#3059=CARTESIAN_POINT('Ctrl Pts',(-2.575,2.575,3.65));
#3060=CARTESIAN_POINT('Ctrl Pts',(-2.2,2.575,3.65));
#3061=CARTESIAN_POINT('Ctrl Pts',(-1.825,2.575,3.65));
#3062=CARTESIAN_POINT('Ctrl Pts',(-1.825,2.2,3.65));
#3063=CARTESIAN_POINT('Ctrl Pts',(-1.825,2.2,3.74162978573));
#3064=CARTESIAN_POINT('Ctrl Pts',(-1.825,1.825,3.74162978573));
#3065=CARTESIAN_POINT('Ctrl Pts',(-2.2,1.825,3.74162978573));
#3066=CARTESIAN_POINT('Ctrl Pts',(-2.575,1.825,3.74162978573));
#3067=CARTESIAN_POINT('Ctrl Pts',(-2.575,2.2,3.74162978573));
#3068=CARTESIAN_POINT('Ctrl Pts',(-2.575,2.575,3.74162978573));
#3069=CARTESIAN_POINT('Ctrl Pts',(-2.2,2.575,3.74162978573));
#3070=CARTESIAN_POINT('Ctrl Pts',(-1.825,2.575,3.74162978573));
#3071=CARTESIAN_POINT('Ctrl Pts',(-1.825,2.2,3.74162978573));
#3072=CARTESIAN_POINT('Ctrl Pts',(-1.853779690107,2.2,3.833251775247));
#3073=CARTESIAN_POINT('Ctrl Pts',(-1.853779690107,1.853779690107,3.833251775247));
#3074=CARTESIAN_POINT('Ctrl Pts',(-2.2,1.853779690107,3.833251775247));
#3075=CARTESIAN_POINT('Ctrl Pts',(-2.546220309893,1.853779690107,3.833251775247));
#3076=CARTESIAN_POINT('Ctrl Pts',(-2.546220309893,2.2,3.833251775247));
#3077=CARTESIAN_POINT('Ctrl Pts',(-2.546220309893,2.546220309893,3.833251775247));
#3078=CARTESIAN_POINT('Ctrl Pts',(-2.2,2.546220309893,3.833251775247));
#3079=CARTESIAN_POINT('Ctrl Pts',(-1.853779690107,2.546220309893,3.833251775247));
#3080=CARTESIAN_POINT('Ctrl Pts',(-1.853779690107,2.2,3.833251775247));
#3081=CARTESIAN_POINT('Ctrl Pts',(-1.911383447626,2.2,3.913616552374));
#3082=CARTESIAN_POINT('Ctrl Pts',(-1.911383447626,1.911383447626,3.913616552374));
#3083=CARTESIAN_POINT('Ctrl Pts',(-2.2,1.911383447626,3.913616552374));
#3084=CARTESIAN_POINT('Ctrl Pts',(-2.488616552374,1.911383447626,3.913616552374));
#3085=CARTESIAN_POINT('Ctrl Pts',(-2.488616552374,2.2,3.913616552374));
#3086=CARTESIAN_POINT('Ctrl Pts',(-2.488616552374,2.488616552374,3.913616552374));
#3087=CARTESIAN_POINT('Ctrl Pts',(-2.2,2.488616552374,3.913616552374));
#3088=CARTESIAN_POINT('Ctrl Pts',(-1.911383447626,2.488616552374,3.913616552374));
#3089=CARTESIAN_POINT('Ctrl Pts',(-1.911383447626,2.2,3.913616552374));
#3090=CARTESIAN_POINT('Ctrl Pts',(-1.991748224753,2.2,3.971220309893));
#3091=CARTESIAN_POINT('Ctrl Pts',(-1.991748224753,1.991748224753,3.971220309893));
#3092=CARTESIAN_POINT('Ctrl Pts',(-2.2,1.991748224753,3.971220309893));
#3093=CARTESIAN_POINT('Ctrl Pts',(-2.408251775247,1.991748224753,3.971220309893));
#3094=CARTESIAN_POINT('Ctrl Pts',(-2.408251775247,2.2,3.971220309893));
#3095=CARTESIAN_POINT('Ctrl Pts',(-2.408251775247,2.408251775247,3.971220309893));
#3096=CARTESIAN_POINT('Ctrl Pts',(-2.2,2.408251775247,3.971220309893));
#3097=CARTESIAN_POINT('Ctrl Pts',(-1.991748224753,2.408251775247,3.971220309893));
#3098=CARTESIAN_POINT('Ctrl Pts',(-1.991748224753,2.2,3.971220309893));
#3099=CARTESIAN_POINT('Ctrl Pts',(-2.08337021427,2.2,4.));
#3100=CARTESIAN_POINT('Ctrl Pts',(-2.08337021427,2.08337021427,4.));
#3101=CARTESIAN_POINT('Ctrl Pts',(-2.2,2.08337021427,4.));
#3102=CARTESIAN_POINT('Ctrl Pts',(-2.31662978573,2.08337021427,4.));
#3103=CARTESIAN_POINT('Ctrl Pts',(-2.31662978573,2.2,4.));
#3104=CARTESIAN_POINT('Ctrl Pts',(-2.31662978573,2.31662978573,4.));
#3105=CARTESIAN_POINT('Ctrl Pts',(-2.2,2.31662978573,4.));
#3106=CARTESIAN_POINT('Ctrl Pts',(-2.08337021427,2.31662978573,4.));
#3107=CARTESIAN_POINT('Ctrl Pts',(-2.08337021427,2.2,4.));
#3108=CARTESIAN_POINT('Ctrl Pts',(-2.175,2.2,4.));
#3109=CARTESIAN_POINT('Ctrl Pts',(-2.175,2.175,4.));
#3110=CARTESIAN_POINT('Ctrl Pts',(-2.2,2.175,4.));
#3111=CARTESIAN_POINT('Ctrl Pts',(-2.225,2.175,4.));
#3112=CARTESIAN_POINT('Ctrl Pts',(-2.225,2.2,4.));
#3113=CARTESIAN_POINT('Ctrl Pts',(-2.225,2.225,4.));
#3114=CARTESIAN_POINT('Ctrl Pts',(-2.2,2.225,4.));
#3115=CARTESIAN_POINT('Ctrl Pts',(-2.175,2.225,4.));
#3116=CARTESIAN_POINT('Ctrl Pts',(-2.175,2.2,4.));
#3117=CARTESIAN_POINT('',(-2.175,2.2,4.));
#3118=CARTESIAN_POINT('Origin',(-2.175,2.2,3.65));
#3119=CARTESIAN_POINT('Origin',(-2.2,2.2,4.));
#3120=CARTESIAN_POINT('Origin',(0.,0.,3.3));
#3121=CARTESIAN_POINT('',(-1.75,-2.14313189850787E-16,3.3));
#3122=CARTESIAN_POINT('Origin',(0.,0.,3.3));
#3123=CARTESIAN_POINT('Ctrl Pts',(2.575,2.2,3.65));
#3124=CARTESIAN_POINT('Ctrl Pts',(2.575,1.825,3.65));
#3125=CARTESIAN_POINT('Ctrl Pts',(2.2,1.825,3.65));
#3126=CARTESIAN_POINT('Ctrl Pts',(1.825,1.825,3.65));
#3127=CARTESIAN_POINT('Ctrl Pts',(1.825,2.2,3.65));
#3128=CARTESIAN_POINT('Ctrl Pts',(1.825,2.575,3.65));
#3129=CARTESIAN_POINT('Ctrl Pts',(2.2,2.575,3.65));
#3130=CARTESIAN_POINT('Ctrl Pts',(2.575,2.575,3.65));
#3131=CARTESIAN_POINT('Ctrl Pts',(2.575,2.2,3.65));
#3132=CARTESIAN_POINT('Ctrl Pts',(2.575,2.2,3.74162978573));
#3133=CARTESIAN_POINT('Ctrl Pts',(2.575,1.825,3.74162978573));
#3134=CARTESIAN_POINT('Ctrl Pts',(2.2,1.825,3.74162978573));
#3135=CARTESIAN_POINT('Ctrl Pts',(1.825,1.825,3.74162978573));
#3136=CARTESIAN_POINT('Ctrl Pts',(1.825,2.2,3.74162978573));
#3137=CARTESIAN_POINT('Ctrl Pts',(1.825,2.575,3.74162978573));
#3138=CARTESIAN_POINT('Ctrl Pts',(2.2,2.575,3.74162978573));
#3139=CARTESIAN_POINT('Ctrl Pts',(2.575,2.575,3.74162978573));
#3140=CARTESIAN_POINT('Ctrl Pts',(2.575,2.2,3.74162978573));
#3141=CARTESIAN_POINT('Ctrl Pts',(2.546220309893,2.2,3.833251775247));
#3142=CARTESIAN_POINT('Ctrl Pts',(2.546220309893,1.853779690107,3.833251775247));
#3143=CARTESIAN_POINT('Ctrl Pts',(2.2,1.853779690107,3.833251775247));
#3144=CARTESIAN_POINT('Ctrl Pts',(1.853779690107,1.853779690107,3.833251775247));
#3145=CARTESIAN_POINT('Ctrl Pts',(1.853779690107,2.2,3.833251775247));
#3146=CARTESIAN_POINT('Ctrl Pts',(1.853779690107,2.546220309893,3.833251775247));
#3147=CARTESIAN_POINT('Ctrl Pts',(2.2,2.546220309893,3.833251775247));
#3148=CARTESIAN_POINT('Ctrl Pts',(2.546220309893,2.546220309893,3.833251775247));
#3149=CARTESIAN_POINT('Ctrl Pts',(2.546220309893,2.2,3.833251775247));
#3150=CARTESIAN_POINT('Ctrl Pts',(2.488616552374,2.2,3.913616552374));
#3151=CARTESIAN_POINT('Ctrl Pts',(2.488616552374,1.911383447626,3.913616552374));
#3152=CARTESIAN_POINT('Ctrl Pts',(2.2,1.911383447626,3.913616552374));
#3153=CARTESIAN_POINT('Ctrl Pts',(1.911383447626,1.911383447626,3.913616552374));
#3154=CARTESIAN_POINT('Ctrl Pts',(1.911383447626,2.2,3.913616552374));
#3155=CARTESIAN_POINT('Ctrl Pts',(1.911383447626,2.488616552374,3.913616552374));
#3156=CARTESIAN_POINT('Ctrl Pts',(2.2,2.488616552374,3.913616552374));
#3157=CARTESIAN_POINT('Ctrl Pts',(2.488616552374,2.488616552374,3.913616552374));
#3158=CARTESIAN_POINT('Ctrl Pts',(2.488616552374,2.2,3.913616552374));
#3159=CARTESIAN_POINT('Ctrl Pts',(2.408251775247,2.2,3.971220309893));
#3160=CARTESIAN_POINT('Ctrl Pts',(2.408251775247,1.991748224753,3.971220309893));
#3161=CARTESIAN_POINT('Ctrl Pts',(2.2,1.991748224753,3.971220309893));
#3162=CARTESIAN_POINT('Ctrl Pts',(1.991748224753,1.991748224753,3.971220309893));
#3163=CARTESIAN_POINT('Ctrl Pts',(1.991748224753,2.2,3.971220309893));
#3164=CARTESIAN_POINT('Ctrl Pts',(1.991748224753,2.408251775247,3.971220309893));
#3165=CARTESIAN_POINT('Ctrl Pts',(2.2,2.408251775247,3.971220309893));
#3166=CARTESIAN_POINT('Ctrl Pts',(2.408251775247,2.408251775247,3.971220309893));
#3167=CARTESIAN_POINT('Ctrl Pts',(2.408251775247,2.2,3.971220309893));
#3168=CARTESIAN_POINT('Ctrl Pts',(2.31662978573,2.2,4.));
#3169=CARTESIAN_POINT('Ctrl Pts',(2.31662978573,2.08337021427,4.));
#3170=CARTESIAN_POINT('Ctrl Pts',(2.2,2.08337021427,4.));
#3171=CARTESIAN_POINT('Ctrl Pts',(2.08337021427,2.08337021427,4.));
#3172=CARTESIAN_POINT('Ctrl Pts',(2.08337021427,2.2,4.));
#3173=CARTESIAN_POINT('Ctrl Pts',(2.08337021427,2.31662978573,4.));
#3174=CARTESIAN_POINT('Ctrl Pts',(2.2,2.31662978573,4.));
#3175=CARTESIAN_POINT('Ctrl Pts',(2.31662978573,2.31662978573,4.));
#3176=CARTESIAN_POINT('Ctrl Pts',(2.31662978573,2.2,4.));
#3177=CARTESIAN_POINT('Ctrl Pts',(2.225,2.2,4.));
#3178=CARTESIAN_POINT('Ctrl Pts',(2.225,2.175,4.));
#3179=CARTESIAN_POINT('Ctrl Pts',(2.2,2.175,4.));
#3180=CARTESIAN_POINT('Ctrl Pts',(2.175,2.175,4.));
#3181=CARTESIAN_POINT('Ctrl Pts',(2.175,2.2,4.));
#3182=CARTESIAN_POINT('Ctrl Pts',(2.175,2.225,4.));
#3183=CARTESIAN_POINT('Ctrl Pts',(2.2,2.225,4.));
#3184=CARTESIAN_POINT('Ctrl Pts',(2.225,2.225,4.));
#3185=CARTESIAN_POINT('Ctrl Pts',(2.225,2.2,4.));
#3186=CARTESIAN_POINT('',(2.225,2.2,4.));
#3187=CARTESIAN_POINT('Origin',(2.225,2.2,3.65));
#3188=CARTESIAN_POINT('Origin',(2.2,2.2,4.));
#3189=CARTESIAN_POINT('Origin',(-2.2,-2.2,4.));
#3190=CARTESIAN_POINT('Origin',(2.2,-2.2,4.));
#3191=CARTESIAN_POINT('Origin',(-2.2,2.2,4.));
#3192=CARTESIAN_POINT('Origin',(0.,0.,3.3));
#3193=CARTESIAN_POINT('',(-1.75,-2.14313189850787E-16,4.15));
#3194=CARTESIAN_POINT('Origin',(0.,0.,4.15));
#3195=CARTESIAN_POINT('',(-1.75,-2.14313189850787E-16,3.3));
#3196=CARTESIAN_POINT('Origin',(2.2,2.2,4.));
#3197=CARTESIAN_POINT('Origin',(0.,0.,4.15));
#3198=CARTESIAN_POINT('',(-1.6,-1.95943487863577E-16,4.3));
#3199=CARTESIAN_POINT('Origin',(0.,0.,4.3));
#3200=CARTESIAN_POINT('Origin',(-1.6,-1.95943487863577E-16,4.15));
#3201=CARTESIAN_POINT('Origin',(0.,0.,4.3));
#3202=CARTESIAN_POINT('',(0.,0.,0.));
#3203=UNCERTAINTY_MEASURE_WITH_UNIT(LENGTH_MEASURE(0.01),#3209,
'DISTANCE_ACCURACY_VALUE',
'Maximum model space distance between geometric entities at asserted c
onnectivities');
#3204=UNCERTAINTY_MEASURE_WITH_UNIT(LENGTH_MEASURE(0.01),#3209,
'DISTANCE_ACCURACY_VALUE',
'Maximum model space distance between geometric entities at asserted c
onnectivities');
#3205=UNCERTAINTY_MEASURE_WITH_UNIT(LENGTH_MEASURE(0.01),#3209,
'DISTANCE_ACCURACY_VALUE',
'Maximum model space distance between geometric entities at asserted c
onnectivities');
#3206=(
GEOMETRIC_REPRESENTATION_CONTEXT(3)
GLOBAL_UNCERTAINTY_ASSIGNED_CONTEXT((#3203))
GLOBAL_UNIT_ASSIGNED_CONTEXT((#3209,#3211,#3212))
REPRESENTATION_CONTEXT('','3D')
);
#3207=(
GEOMETRIC_REPRESENTATION_CONTEXT(3)
GLOBAL_UNCERTAINTY_ASSIGNED_CONTEXT((#3204))
GLOBAL_UNIT_ASSIGNED_CONTEXT((#3209,#3211,#3212))
REPRESENTATION_CONTEXT('','3D')
);
#3208=(
GEOMETRIC_REPRESENTATION_CONTEXT(3)
GLOBAL_UNCERTAINTY_ASSIGNED_CONTEXT((#3205))
GLOBAL_UNIT_ASSIGNED_CONTEXT((#3209,#3211,#3212))
REPRESENTATION_CONTEXT('','3D')
);
#3209=(
LENGTH_UNIT()
NAMED_UNIT(*)
SI_UNIT(.MILLI.,.METRE.)
);
#3210=(
LENGTH_UNIT()
NAMED_UNIT(*)
SI_UNIT($,.METRE.)
);
#3211=(
NAMED_UNIT(*)
PLANE_ANGLE_UNIT()
SI_UNIT($,.RADIAN.)
);
#3212=(
NAMED_UNIT(*)
SI_UNIT($,.STERADIAN.)
SOLID_ANGLE_UNIT()
);
#3213=SHAPE_DEFINITION_REPRESENTATION(#3215,#3218);
#3214=SHAPE_DEFINITION_REPRESENTATION(#3216,#3219);
#3215=PRODUCT_DEFINITION_SHAPE('',$,#3221);
#3216=PRODUCT_DEFINITION_SHAPE('',$,#3222);
#3217=PRODUCT_DEFINITION_SHAPE($,$,#14);
#3218=SHAPE_REPRESENTATION('',(#1830,#1977),#3206);
#3219=SHAPE_REPRESENTATION('',(#1831),#3207);
#3220=PRODUCT_DEFINITION_CONTEXT('part definition',#3228,'design');
#3221=PRODUCT_DEFINITION('2026-09-16-09-39-20-305',
'SW_Push_1P1T_NO_E-Switch_TL3301NxxxxxG (1)',#3223,#3220);
#3222=PRODUCT_DEFINITION('2026-09-16-09-39-20-305_1',
'SW_Push_1P1T_NO_E-Switch_TL3301NxxxxxG',#3224,#3220);
#3223=PRODUCT_DEFINITION_FORMATION('',$,#3230);
#3224=PRODUCT_DEFINITION_FORMATION('',$,#3231);
#3225=PRODUCT_RELATED_PRODUCT_CATEGORY(
'SW_Push_1P1T_NO_E-Switch_TL3301NxxxxxG (1)',
'SW_Push_1P1T_NO_E-Switch_TL3301NxxxxxG (1)',(#3230));
#3226=PRODUCT_RELATED_PRODUCT_CATEGORY(
'SW_Push_1P1T_NO_E-Switch_TL3301NxxxxxG',
'SW_Push_1P1T_NO_E-Switch_TL3301NxxxxxG',(#3231));
#3227=APPLICATION_PROTOCOL_DEFINITION('international standard',
'automotive_design',2009,#3228);
#3228=APPLICATION_CONTEXT(
'Core Data for Automotive Mechanical Design Process');
#3229=PRODUCT_CONTEXT('part definition',#3228,'mechanical');
#3230=PRODUCT('2026-09-16-09-39-20-305',
'SW_Push_1P1T_NO_E-Switch_TL3301NxxxxxG (1)',$,(#3229));
#3231=PRODUCT('2026-09-16-09-39-20-305_1',
'SW_Push_1P1T_NO_E-Switch_TL3301NxxxxxG',$,(#3229));
#3232=PRESENTATION_STYLE_ASSIGNMENT((#3236));
#3233=PRESENTATION_STYLE_ASSIGNMENT((#3237));
#3234=PRESENTATION_STYLE_ASSIGNMENT((#3238));
#3235=PRESENTATION_STYLE_ASSIGNMENT((#3239));
#3236=SURFACE_STYLE_USAGE(.BOTH.,#3240);
#3237=SURFACE_STYLE_USAGE(.BOTH.,#3241);
#3238=SURFACE_STYLE_USAGE(.BOTH.,#3242);
#3239=SURFACE_STYLE_USAGE(.BOTH.,#3243);
#3240=SURFACE_SIDE_STYLE('',(#3244));
#3241=SURFACE_SIDE_STYLE('',(#3245));
#3242=SURFACE_SIDE_STYLE('',(#3246));
#3243=SURFACE_SIDE_STYLE('',(#3247));
#3244=SURFACE_STYLE_FILL_AREA(#3248);
#3245=SURFACE_STYLE_FILL_AREA(#3249);
#3246=SURFACE_STYLE_FILL_AREA(#3250);
#3247=SURFACE_STYLE_FILL_AREA(#3251);
#3248=FILL_AREA_STYLE('Steel - Satin',(#3252));
#3249=FILL_AREA_STYLE('Opaque(38,37,37)',(#3253));
#3250=FILL_AREA_STYLE('Opaque(129,129,129)',(#3254));
#3251=FILL_AREA_STYLE('Opaque(210,209,199)',(#3255));
#3252=FILL_AREA_STYLE_COLOUR('Steel - Satin',#3256);
#3253=FILL_AREA_STYLE_COLOUR('Opaque(38,37,37)',#3257);
#3254=FILL_AREA_STYLE_COLOUR('Opaque(129,129,129)',#3258);
#3255=FILL_AREA_STYLE_COLOUR('Opaque(210,209,199)',#3259);
#3256=COLOUR_RGB('Steel - Satin',0.627450980392157,0.627450980392157,0.627450980392157);
#3257=COLOUR_RGB('Opaque(38,37,37)',0.149019607843137,0.145098039215686,
0.145098039215686);
#3258=COLOUR_RGB('Opaque(129,129,129)',0.505882352941176,0.505882352941176,
0.505882352941176);
#3259=COLOUR_RGB('Opaque(210,209,199)',0.823529411764706,0.819607843137255,
0.780392156862745);
ENDSEC;
END-ISO-10303-21;
