ISO-10303-21;
HEADER;
/* Generated by software containing ST-Developer
 * from STEP Tools, Inc. (www.steptools.com) 
 */

FILE_DESCRIPTION(
/* description */ (''),
/* implementation_level */ '2;1');

FILE_NAME(
/* name */ 'SW_Slide_SPDT_Straight_CK_OS102011MS2Q.step',
/* time_stamp */ '2026-09-16T09:39:05+05:45',
/* author */ (''),
/* organization */ (''),
/* preprocessor_version */ 'ST-DEVELOPER v20.2',
/* originating_system */ 'Autodesk Translation Framework v15.15.0.0',
/* authorisation */ '');

FILE_SCHEMA (('AUTOMOTIVE_DESIGN { 1 0 10303 214 3 1 1 }'));
ENDSEC;

DATA;
#10=MECHANICAL_DESIGN_GEOMETRIC_PRESENTATION_REPRESENTATION('',(#3483,#3484,
#3485,#3486,#3487,#3488,#3489,#3490,#3491,#3492,#3493,#3494,#3495,#3496,
#3497,#3498,#3499,#3500,#3501,#3502,#3503,#3504,#3505,#3506,#3507,#3508,
#3509,#3510,#3511,#3512,#3513,#3514,#3515,#3516,#3517,#3518,#3519,#3520,
#3521,#3522,#3523,#3524,#3525,#3526,#3527,#3528,#3529,#3530,#3531,#3532,
#3533,#3534,#3535,#3536,#3537,#3538,#3539,#3540,#3541,#3542,#3543,#3544,
#3545,#3546,#3547,#3548,#3549,#3550,#3551,#3552,#3553,#3554,#3555,#3556,
#3557,#3558,#3559,#3560,#3561,#3562,#3563,#3564,#3565,#3566,#3567,#3568,
#3569,#3570,#3571,#3572,#3573,#3574,#3575,#3576,#3577,#3578,#3579,#3580,
#3581,#3582,#3583,#3584,#3585,#3586,#3587,#3588,#3589,#3590,#3591,#3592,
#3593,#3594,#3595,#3596,#3597,#3598,#3599,#3600,#3601,#3602,#3603,#3604,
#3605,#3606,#3607,#3608,#3609,#3610,#3611,#3612,#3613,#3614,#3615,#3616,
#3617,#3618,#3619,#3620,#3621,#3622,#3623,#3624,#3625,#3626,#3627,#3628,
#3629,#3630,#3631,#3632,#3633,#3634,#3635,#3636,#3637,#3638,#3639,#3640,
#3641,#3642,#3643,#3644,#3645,#3646,#3647,#3648,#3649,#3650,#3651,#3652,
#3653,#3654,#3655,#3656,#3657,#3658,#3659,#3660,#3661,#3662,#3663,#3664,
#3665,#3666,#3667,#3668,#3669,#3670,#3671,#3672,#3673,#3674,#3675,#3676,
#3677,#3678,#3679,#3680,#3681,#3682,#3683,#3684,#3685,#3686,#3687,#3688,
#3689,#3690,#3691,#3692,#3693,#3694,#3695,#3696,#3697,#3698,#3699,#3700,
#3701,#3702,#3703,#3704,#3705,#3706,#3707,#3708,#3709),#6198);
#11=ITEM_DEFINED_TRANSFORMATION($,$,#3950,#4196);
#12=(
REPRESENTATION_RELATIONSHIP($,$,#6209,#6208)
REPRESENTATION_RELATIONSHIP_WITH_TRANSFORMATION(#11)
SHAPE_REPRESENTATION_RELATIONSHIP()
);
#13=CONTEXT_DEPENDENT_SHAPE_REPRESENTATION(#12,#6207);
#14=NEXT_ASSEMBLY_USAGE_OCCURRENCE(
'SW_Slide_SPDT_Straight_CK_OS102011MS2Q:1',
'SW_Slide_SPDT_Straight_CK_OS102011MS2Q:1',
'SW_Slide_SPDT_Straight_CK_OS102011MS2Q:1',#6211,#6212,
'SW_Slide_SPDT_Straight_CK_OS102011MS2Q:1');
#15=SHAPE_REPRESENTATION_RELATIONSHIP('SRR','None',#6209,#16);
#16=ADVANCED_BREP_SHAPE_REPRESENTATION('',(#17,#18,#19,#20,#21,#22),#6197);
#17=MANIFOLD_SOLID_BREP('Body1',#3931);
#18=MANIFOLD_SOLID_BREP('Body2',#3932);
#19=MANIFOLD_SOLID_BREP('Body3',#3933);
#20=MANIFOLD_SOLID_BREP('Body4',#3934);
#21=MANIFOLD_SOLID_BREP('Body5',#3935);
#22=MANIFOLD_SOLID_BREP('Body6',#3936);
#23=FACE_BOUND('',#270,.T.);
#24=FACE_BOUND('',#273,.T.);
#25=FACE_BOUND('',#293,.T.);
#26=FACE_BOUND('',#294,.T.);
#27=FACE_BOUND('',#348,.T.);
#28=FACE_BOUND('',#349,.T.);
#29=CYLINDRICAL_SURFACE('',#3954,0.36);
#30=CYLINDRICAL_SURFACE('',#3997,0.36);
#31=CYLINDRICAL_SURFACE('',#4002,0.36);
#32=CYLINDRICAL_SURFACE('',#4007,0.36);
#33=CYLINDRICAL_SURFACE('',#4033,0.425000000001);
#34=CYLINDRICAL_SURFACE('',#4035,0.424999999999);
#35=CYLINDRICAL_SURFACE('',#4063,0.425000000001);
#36=CYLINDRICAL_SURFACE('',#4066,0.424999999999);
#37=CYLINDRICAL_SURFACE('',#4122,0.36);
#38=CYLINDRICAL_SURFACE('',#4126,0.36);
#39=CYLINDRICAL_SURFACE('',#4129,0.36);
#40=CYLINDRICAL_SURFACE('',#4132,0.36);
#41=FACE_OUTER_BOUND('',#262,.T.);
#42=FACE_OUTER_BOUND('',#263,.T.);
#43=FACE_OUTER_BOUND('',#264,.T.);
#44=FACE_OUTER_BOUND('',#265,.T.);
#45=FACE_OUTER_BOUND('',#266,.T.);
#46=FACE_OUTER_BOUND('',#267,.T.);
#47=FACE_OUTER_BOUND('',#268,.T.);
#48=FACE_OUTER_BOUND('',#269,.T.);
#49=FACE_OUTER_BOUND('',#271,.T.);
#50=FACE_OUTER_BOUND('',#272,.T.);
#51=FACE_OUTER_BOUND('',#274,.T.);
#52=FACE_OUTER_BOUND('',#275,.T.);
#53=FACE_OUTER_BOUND('',#276,.T.);
#54=FACE_OUTER_BOUND('',#277,.T.);
#55=FACE_OUTER_BOUND('',#278,.T.);
#56=FACE_OUTER_BOUND('',#279,.T.);
#57=FACE_OUTER_BOUND('',#280,.T.);
#58=FACE_OUTER_BOUND('',#281,.T.);
#59=FACE_OUTER_BOUND('',#282,.T.);
#60=FACE_OUTER_BOUND('',#283,.T.);
#61=FACE_OUTER_BOUND('',#284,.T.);
#62=FACE_OUTER_BOUND('',#285,.T.);
#63=FACE_OUTER_BOUND('',#286,.T.);
#64=FACE_OUTER_BOUND('',#287,.T.);
#65=FACE_OUTER_BOUND('',#288,.T.);
#66=FACE_OUTER_BOUND('',#289,.T.);
#67=FACE_OUTER_BOUND('',#290,.T.);
#68=FACE_OUTER_BOUND('',#291,.T.);
#69=FACE_OUTER_BOUND('',#292,.T.);
#70=FACE_OUTER_BOUND('',#295,.T.);
#71=FACE_OUTER_BOUND('',#296,.T.);
#72=FACE_OUTER_BOUND('',#297,.T.);
#73=FACE_OUTER_BOUND('',#298,.T.);
#74=FACE_OUTER_BOUND('',#299,.T.);
#75=FACE_OUTER_BOUND('',#300,.T.);
#76=FACE_OUTER_BOUND('',#301,.T.);
#77=FACE_OUTER_BOUND('',#302,.T.);
#78=FACE_OUTER_BOUND('',#303,.T.);
#79=FACE_OUTER_BOUND('',#304,.T.);
#80=FACE_OUTER_BOUND('',#305,.T.);
#81=FACE_OUTER_BOUND('',#306,.T.);
#82=FACE_OUTER_BOUND('',#307,.T.);
#83=FACE_OUTER_BOUND('',#308,.T.);
#84=FACE_OUTER_BOUND('',#309,.T.);
#85=FACE_OUTER_BOUND('',#310,.T.);
#86=FACE_OUTER_BOUND('',#311,.T.);
#87=FACE_OUTER_BOUND('',#312,.T.);
#88=FACE_OUTER_BOUND('',#313,.T.);
#89=FACE_OUTER_BOUND('',#314,.T.);
#90=FACE_OUTER_BOUND('',#315,.T.);
#91=FACE_OUTER_BOUND('',#316,.T.);
#92=FACE_OUTER_BOUND('',#317,.T.);
#93=FACE_OUTER_BOUND('',#318,.T.);
#94=FACE_OUTER_BOUND('',#319,.T.);
#95=FACE_OUTER_BOUND('',#320,.T.);
#96=FACE_OUTER_BOUND('',#321,.T.);
#97=FACE_OUTER_BOUND('',#322,.T.);
#98=FACE_OUTER_BOUND('',#323,.T.);
#99=FACE_OUTER_BOUND('',#324,.T.);
#100=FACE_OUTER_BOUND('',#325,.T.);
#101=FACE_OUTER_BOUND('',#326,.T.);
#102=FACE_OUTER_BOUND('',#327,.T.);
#103=FACE_OUTER_BOUND('',#328,.T.);
#104=FACE_OUTER_BOUND('',#329,.T.);
#105=FACE_OUTER_BOUND('',#330,.T.);
#106=FACE_OUTER_BOUND('',#331,.T.);
#107=FACE_OUTER_BOUND('',#332,.T.);
#108=FACE_OUTER_BOUND('',#333,.T.);
#109=FACE_OUTER_BOUND('',#334,.T.);
#110=FACE_OUTER_BOUND('',#335,.T.);
#111=FACE_OUTER_BOUND('',#336,.T.);
#112=FACE_OUTER_BOUND('',#337,.T.);
#113=FACE_OUTER_BOUND('',#338,.T.);
#114=FACE_OUTER_BOUND('',#339,.T.);
#115=FACE_OUTER_BOUND('',#340,.T.);
#116=FACE_OUTER_BOUND('',#341,.T.);
#117=FACE_OUTER_BOUND('',#342,.T.);
#118=FACE_OUTER_BOUND('',#343,.T.);
#119=FACE_OUTER_BOUND('',#344,.T.);
#120=FACE_OUTER_BOUND('',#345,.T.);
#121=FACE_OUTER_BOUND('',#346,.T.);
#122=FACE_OUTER_BOUND('',#347,.T.);
#123=FACE_OUTER_BOUND('',#350,.T.);
#124=FACE_OUTER_BOUND('',#351,.T.);
#125=FACE_OUTER_BOUND('',#352,.T.);
#126=FACE_OUTER_BOUND('',#353,.T.);
#127=FACE_OUTER_BOUND('',#354,.T.);
#128=FACE_OUTER_BOUND('',#355,.T.);
#129=FACE_OUTER_BOUND('',#356,.T.);
#130=FACE_OUTER_BOUND('',#357,.T.);
#131=FACE_OUTER_BOUND('',#358,.T.);
#132=FACE_OUTER_BOUND('',#359,.T.);
#133=FACE_OUTER_BOUND('',#360,.T.);
#134=FACE_OUTER_BOUND('',#361,.T.);
#135=FACE_OUTER_BOUND('',#362,.T.);
#136=FACE_OUTER_BOUND('',#363,.T.);
#137=FACE_OUTER_BOUND('',#364,.T.);
#138=FACE_OUTER_BOUND('',#365,.T.);
#139=FACE_OUTER_BOUND('',#366,.T.);
#140=FACE_OUTER_BOUND('',#367,.T.);
#141=FACE_OUTER_BOUND('',#368,.T.);
#142=FACE_OUTER_BOUND('',#369,.T.);
#143=FACE_OUTER_BOUND('',#370,.T.);
#144=FACE_OUTER_BOUND('',#371,.T.);
#145=FACE_OUTER_BOUND('',#372,.T.);
#146=FACE_OUTER_BOUND('',#373,.T.);
#147=FACE_OUTER_BOUND('',#374,.T.);
#148=FACE_OUTER_BOUND('',#375,.T.);
#149=FACE_OUTER_BOUND('',#376,.T.);
#150=FACE_OUTER_BOUND('',#377,.T.);
#151=FACE_OUTER_BOUND('',#378,.T.);
#152=FACE_OUTER_BOUND('',#379,.T.);
#153=FACE_OUTER_BOUND('',#380,.T.);
#154=FACE_OUTER_BOUND('',#381,.T.);
#155=FACE_OUTER_BOUND('',#382,.T.);
#156=FACE_OUTER_BOUND('',#383,.T.);
#157=FACE_OUTER_BOUND('',#384,.T.);
#158=FACE_OUTER_BOUND('',#385,.T.);
#159=FACE_OUTER_BOUND('',#386,.T.);
#160=FACE_OUTER_BOUND('',#387,.T.);
#161=FACE_OUTER_BOUND('',#388,.T.);
#162=FACE_OUTER_BOUND('',#389,.T.);
#163=FACE_OUTER_BOUND('',#390,.T.);
#164=FACE_OUTER_BOUND('',#391,.T.);
#165=FACE_OUTER_BOUND('',#392,.T.);
#166=FACE_OUTER_BOUND('',#393,.T.);
#167=FACE_OUTER_BOUND('',#394,.T.);
#168=FACE_OUTER_BOUND('',#395,.T.);
#169=FACE_OUTER_BOUND('',#396,.T.);
#170=FACE_OUTER_BOUND('',#397,.T.);
#171=FACE_OUTER_BOUND('',#398,.T.);
#172=FACE_OUTER_BOUND('',#399,.T.);
#173=FACE_OUTER_BOUND('',#400,.T.);
#174=FACE_OUTER_BOUND('',#401,.T.);
#175=FACE_OUTER_BOUND('',#402,.T.);
#176=FACE_OUTER_BOUND('',#403,.T.);
#177=FACE_OUTER_BOUND('',#404,.T.);
#178=FACE_OUTER_BOUND('',#405,.T.);
#179=FACE_OUTER_BOUND('',#406,.T.);
#180=FACE_OUTER_BOUND('',#407,.T.);
#181=FACE_OUTER_BOUND('',#408,.T.);
#182=FACE_OUTER_BOUND('',#409,.T.);
#183=FACE_OUTER_BOUND('',#410,.T.);
#184=FACE_OUTER_BOUND('',#411,.T.);
#185=FACE_OUTER_BOUND('',#412,.T.);
#186=FACE_OUTER_BOUND('',#413,.T.);
#187=FACE_OUTER_BOUND('',#414,.T.);
#188=FACE_OUTER_BOUND('',#415,.T.);
#189=FACE_OUTER_BOUND('',#416,.T.);
#190=FACE_OUTER_BOUND('',#417,.T.);
#191=FACE_OUTER_BOUND('',#418,.T.);
#192=FACE_OUTER_BOUND('',#419,.T.);
#193=FACE_OUTER_BOUND('',#420,.T.);
#194=FACE_OUTER_BOUND('',#421,.T.);
#195=FACE_OUTER_BOUND('',#422,.T.);
#196=FACE_OUTER_BOUND('',#423,.T.);
#197=FACE_OUTER_BOUND('',#424,.T.);
#198=FACE_OUTER_BOUND('',#425,.T.);
#199=FACE_OUTER_BOUND('',#426,.T.);
#200=FACE_OUTER_BOUND('',#427,.T.);
#201=FACE_OUTER_BOUND('',#428,.T.);
#202=FACE_OUTER_BOUND('',#429,.T.);
#203=FACE_OUTER_BOUND('',#430,.T.);
#204=FACE_OUTER_BOUND('',#431,.T.);
#205=FACE_OUTER_BOUND('',#432,.T.);
#206=FACE_OUTER_BOUND('',#433,.T.);
#207=FACE_OUTER_BOUND('',#434,.T.);
#208=FACE_OUTER_BOUND('',#435,.T.);
#209=FACE_OUTER_BOUND('',#436,.T.);
#210=FACE_OUTER_BOUND('',#437,.T.);
#211=FACE_OUTER_BOUND('',#438,.T.);
#212=FACE_OUTER_BOUND('',#439,.T.);
#213=FACE_OUTER_BOUND('',#440,.T.);
#214=FACE_OUTER_BOUND('',#441,.T.);
#215=FACE_OUTER_BOUND('',#442,.T.);
#216=FACE_OUTER_BOUND('',#443,.T.);
#217=FACE_OUTER_BOUND('',#444,.T.);
#218=FACE_OUTER_BOUND('',#445,.T.);
#219=FACE_OUTER_BOUND('',#446,.T.);
#220=FACE_OUTER_BOUND('',#447,.T.);
#221=FACE_OUTER_BOUND('',#448,.T.);
#222=FACE_OUTER_BOUND('',#449,.T.);
#223=FACE_OUTER_BOUND('',#450,.T.);
#224=FACE_OUTER_BOUND('',#451,.T.);
#225=FACE_OUTER_BOUND('',#452,.T.);
#226=FACE_OUTER_BOUND('',#453,.T.);
#227=FACE_OUTER_BOUND('',#454,.T.);
#228=FACE_OUTER_BOUND('',#455,.T.);
#229=FACE_OUTER_BOUND('',#456,.T.);
#230=FACE_OUTER_BOUND('',#457,.T.);
#231=FACE_OUTER_BOUND('',#458,.T.);
#232=FACE_OUTER_BOUND('',#459,.T.);
#233=FACE_OUTER_BOUND('',#460,.T.);
#234=FACE_OUTER_BOUND('',#461,.T.);
#235=FACE_OUTER_BOUND('',#462,.T.);
#236=FACE_OUTER_BOUND('',#463,.T.);
#237=FACE_OUTER_BOUND('',#464,.T.);
#238=FACE_OUTER_BOUND('',#465,.T.);
#239=FACE_OUTER_BOUND('',#466,.T.);
#240=FACE_OUTER_BOUND('',#467,.T.);
#241=FACE_OUTER_BOUND('',#468,.T.);
#242=FACE_OUTER_BOUND('',#469,.T.);
#243=FACE_OUTER_BOUND('',#470,.T.);
#244=FACE_OUTER_BOUND('',#471,.T.);
#245=FACE_OUTER_BOUND('',#472,.T.);
#246=FACE_OUTER_BOUND('',#473,.T.);
#247=FACE_OUTER_BOUND('',#474,.T.);
#248=FACE_OUTER_BOUND('',#475,.T.);
#249=FACE_OUTER_BOUND('',#476,.T.);
#250=FACE_OUTER_BOUND('',#477,.T.);
#251=FACE_OUTER_BOUND('',#478,.T.);
#252=FACE_OUTER_BOUND('',#479,.T.);
#253=FACE_OUTER_BOUND('',#480,.T.);
#254=FACE_OUTER_BOUND('',#481,.T.);
#255=FACE_OUTER_BOUND('',#482,.T.);
#256=FACE_OUTER_BOUND('',#483,.T.);
#257=FACE_OUTER_BOUND('',#484,.T.);
#258=FACE_OUTER_BOUND('',#485,.T.);
#259=FACE_OUTER_BOUND('',#486,.T.);
#260=FACE_OUTER_BOUND('',#487,.T.);
#261=FACE_OUTER_BOUND('',#488,.T.);
#262=EDGE_LOOP('',(#2268,#2269,#2270,#2271,#2272));
#263=EDGE_LOOP('',(#2273,#2274,#2275,#2276));
#264=EDGE_LOOP('',(#2277,#2278,#2279,#2280));
#265=EDGE_LOOP('',(#2281,#2282,#2283,#2284));
#266=EDGE_LOOP('',(#2285,#2286,#2287,#2288));
#267=EDGE_LOOP('',(#2289,#2290,#2291,#2292));
#268=EDGE_LOOP('',(#2293,#2294,#2295,#2296,#2297));
#269=EDGE_LOOP('',(#2298,#2299,#2300,#2301,#2302,#2303,#2304,#2305,#2306,
#2307,#2308,#2309));
#270=EDGE_LOOP('',(#2310,#2311,#2312,#2313));
#271=EDGE_LOOP('',(#2314,#2315,#2316,#2317));
#272=EDGE_LOOP('',(#2318,#2319,#2320,#2321,#2322,#2323,#2324,#2325,#2326,
#2327,#2328,#2329));
#273=EDGE_LOOP('',(#2330,#2331,#2332,#2333));
#274=EDGE_LOOP('',(#2334,#2335,#2336,#2337));
#275=EDGE_LOOP('',(#2338,#2339,#2340,#2341));
#276=EDGE_LOOP('',(#2342,#2343,#2344,#2345));
#277=EDGE_LOOP('',(#2346,#2347,#2348,#2349));
#278=EDGE_LOOP('',(#2350,#2351,#2352,#2353));
#279=EDGE_LOOP('',(#2354,#2355,#2356,#2357));
#280=EDGE_LOOP('',(#2358,#2359,#2360,#2361));
#281=EDGE_LOOP('',(#2362,#2363,#2364,#2365));
#282=EDGE_LOOP('',(#2366,#2367,#2368,#2369));
#283=EDGE_LOOP('',(#2370,#2371,#2372,#2373));
#284=EDGE_LOOP('',(#2374,#2375,#2376,#2377));
#285=EDGE_LOOP('',(#2378,#2379,#2380,#2381));
#286=EDGE_LOOP('',(#2382,#2383,#2384,#2385));
#287=EDGE_LOOP('',(#2386,#2387,#2388,#2389));
#288=EDGE_LOOP('',(#2390,#2391,#2392,#2393));
#289=EDGE_LOOP('',(#2394,#2395,#2396,#2397));
#290=EDGE_LOOP('',(#2398,#2399,#2400,#2401));
#291=EDGE_LOOP('',(#2402,#2403,#2404,#2405,#2406));
#292=EDGE_LOOP('',(#2407,#2408,#2409,#2410,#2411,#2412));
#293=EDGE_LOOP('',(#2413,#2414,#2415,#2416));
#294=EDGE_LOOP('',(#2417,#2418,#2419,#2420));
#295=EDGE_LOOP('',(#2421,#2422,#2423,#2424,#2425,#2426));
#296=EDGE_LOOP('',(#2427,#2428,#2429,#2430));
#297=EDGE_LOOP('',(#2431,#2432,#2433,#2434,#2435,#2436,#2437,#2438));
#298=EDGE_LOOP('',(#2439,#2440,#2441,#2442,#2443,#2444,#2445,#2446));
#299=EDGE_LOOP('',(#2447,#2448,#2449,#2450));
#300=EDGE_LOOP('',(#2451,#2452,#2453,#2454));
#301=EDGE_LOOP('',(#2455,#2456,#2457,#2458));
#302=EDGE_LOOP('',(#2459,#2460,#2461,#2462));
#303=EDGE_LOOP('',(#2463,#2464,#2465,#2466,#2467));
#304=EDGE_LOOP('',(#2468,#2469,#2470,#2471));
#305=EDGE_LOOP('',(#2472,#2473,#2474,#2475,#2476));
#306=EDGE_LOOP('',(#2477,#2478,#2479,#2480,#2481));
#307=EDGE_LOOP('',(#2482,#2483,#2484,#2485));
#308=EDGE_LOOP('',(#2486,#2487,#2488,#2489,#2490));
#309=EDGE_LOOP('',(#2491,#2492,#2493,#2494,#2495));
#310=EDGE_LOOP('',(#2496,#2497,#2498,#2499));
#311=EDGE_LOOP('',(#2500,#2501,#2502,#2503));
#312=EDGE_LOOP('',(#2504,#2505,#2506,#2507));
#313=EDGE_LOOP('',(#2508,#2509,#2510,#2511));
#314=EDGE_LOOP('',(#2512,#2513,#2514,#2515));
#315=EDGE_LOOP('',(#2516,#2517,#2518,#2519));
#316=EDGE_LOOP('',(#2520,#2521,#2522,#2523));
#317=EDGE_LOOP('',(#2524,#2525,#2526,#2527));
#318=EDGE_LOOP('',(#2528,#2529,#2530,#2531));
#319=EDGE_LOOP('',(#2532,#2533,#2534,#2535));
#320=EDGE_LOOP('',(#2536,#2537,#2538,#2539));
#321=EDGE_LOOP('',(#2540,#2541,#2542,#2543));
#322=EDGE_LOOP('',(#2544,#2545,#2546,#2547));
#323=EDGE_LOOP('',(#2548,#2549,#2550,#2551));
#324=EDGE_LOOP('',(#2552,#2553,#2554,#2555));
#325=EDGE_LOOP('',(#2556,#2557,#2558,#2559));
#326=EDGE_LOOP('',(#2560,#2561,#2562,#2563));
#327=EDGE_LOOP('',(#2564,#2565,#2566,#2567));
#328=EDGE_LOOP('',(#2568,#2569,#2570,#2571));
#329=EDGE_LOOP('',(#2572,#2573,#2574,#2575));
#330=EDGE_LOOP('',(#2576,#2577,#2578,#2579));
#331=EDGE_LOOP('',(#2580,#2581,#2582,#2583));
#332=EDGE_LOOP('',(#2584,#2585,#2586,#2587,#2588,#2589,#2590,#2591));
#333=EDGE_LOOP('',(#2592,#2593,#2594,#2595));
#334=EDGE_LOOP('',(#2596,#2597,#2598,#2599));
#335=EDGE_LOOP('',(#2600,#2601,#2602,#2603,#2604,#2605));
#336=EDGE_LOOP('',(#2606,#2607,#2608,#2609));
#337=EDGE_LOOP('',(#2610,#2611,#2612,#2613));
#338=EDGE_LOOP('',(#2614,#2615,#2616,#2617));
#339=EDGE_LOOP('',(#2618,#2619,#2620,#2621,#2622,#2623));
#340=EDGE_LOOP('',(#2624,#2625,#2626,#2627));
#341=EDGE_LOOP('',(#2628,#2629,#2630,#2631));
#342=EDGE_LOOP('',(#2632,#2633,#2634,#2635));
#343=EDGE_LOOP('',(#2636,#2637,#2638,#2639));
#344=EDGE_LOOP('',(#2640,#2641,#2642,#2643));
#345=EDGE_LOOP('',(#2644,#2645,#2646,#2647,#2648,#2649));
#346=EDGE_LOOP('',(#2650,#2651,#2652,#2653));
#347=EDGE_LOOP('',(#2654,#2655,#2656,#2657,#2658,#2659));
#348=EDGE_LOOP('',(#2660,#2661,#2662,#2663));
#349=EDGE_LOOP('',(#2664,#2665,#2666,#2667));
#350=EDGE_LOOP('',(#2668,#2669,#2670,#2671));
#351=EDGE_LOOP('',(#2672,#2673,#2674,#2675));
#352=EDGE_LOOP('',(#2676,#2677,#2678,#2679));
#353=EDGE_LOOP('',(#2680,#2681,#2682,#2683));
#354=EDGE_LOOP('',(#2684,#2685,#2686,#2687));
#355=EDGE_LOOP('',(#2688,#2689,#2690,#2691));
#356=EDGE_LOOP('',(#2692,#2693,#2694,#2695));
#357=EDGE_LOOP('',(#2696,#2697,#2698,#2699));
#358=EDGE_LOOP('',(#2700,#2701,#2702,#2703));
#359=EDGE_LOOP('',(#2704,#2705,#2706,#2707));
#360=EDGE_LOOP('',(#2708,#2709,#2710,#2711));
#361=EDGE_LOOP('',(#2712,#2713,#2714,#2715));
#362=EDGE_LOOP('',(#2716,#2717,#2718,#2719));
#363=EDGE_LOOP('',(#2720,#2721,#2722,#2723));
#364=EDGE_LOOP('',(#2724,#2725,#2726,#2727));
#365=EDGE_LOOP('',(#2728,#2729,#2730,#2731));
#366=EDGE_LOOP('',(#2732,#2733,#2734,#2735));
#367=EDGE_LOOP('',(#2736,#2737,#2738,#2739,#2740,#2741));
#368=EDGE_LOOP('',(#2742,#2743,#2744,#2745));
#369=EDGE_LOOP('',(#2746,#2747,#2748,#2749));
#370=EDGE_LOOP('',(#2750,#2751,#2752,#2753));
#371=EDGE_LOOP('',(#2754,#2755,#2756,#2757));
#372=EDGE_LOOP('',(#2758,#2759,#2760,#2761));
#373=EDGE_LOOP('',(#2762,#2763,#2764,#2765));
#374=EDGE_LOOP('',(#2766,#2767,#2768,#2769));
#375=EDGE_LOOP('',(#2770,#2771,#2772,#2773));
#376=EDGE_LOOP('',(#2774,#2775,#2776,#2777));
#377=EDGE_LOOP('',(#2778,#2779,#2780,#2781));
#378=EDGE_LOOP('',(#2782,#2783,#2784,#2785));
#379=EDGE_LOOP('',(#2786,#2787,#2788,#2789,#2790));
#380=EDGE_LOOP('',(#2791,#2792,#2793,#2794));
#381=EDGE_LOOP('',(#2795,#2796,#2797,#2798));
#382=EDGE_LOOP('',(#2799,#2800,#2801,#2802,#2803));
#383=EDGE_LOOP('',(#2804,#2805,#2806,#2807,#2808));
#384=EDGE_LOOP('',(#2809,#2810,#2811,#2812));
#385=EDGE_LOOP('',(#2813,#2814,#2815,#2816));
#386=EDGE_LOOP('',(#2817,#2818,#2819,#2820));
#387=EDGE_LOOP('',(#2821,#2822,#2823,#2824,#2825));
#388=EDGE_LOOP('',(#2826,#2827,#2828,#2829,#2830));
#389=EDGE_LOOP('',(#2831,#2832,#2833,#2834));
#390=EDGE_LOOP('',(#2835,#2836,#2837,#2838));
#391=EDGE_LOOP('',(#2839,#2840,#2841,#2842));
#392=EDGE_LOOP('',(#2843,#2844,#2845,#2846,#2847));
#393=EDGE_LOOP('',(#2848,#2849,#2850,#2851,#2852));
#394=EDGE_LOOP('',(#2853,#2854,#2855,#2856));
#395=EDGE_LOOP('',(#2857,#2858,#2859,#2860));
#396=EDGE_LOOP('',(#2861,#2862,#2863,#2864));
#397=EDGE_LOOP('',(#2865,#2866,#2867,#2868,#2869));
#398=EDGE_LOOP('',(#2870,#2871,#2872,#2873));
#399=EDGE_LOOP('',(#2874,#2875,#2876,#2877));
#400=EDGE_LOOP('',(#2878,#2879,#2880,#2881));
#401=EDGE_LOOP('',(#2882,#2883,#2884,#2885,#2886,#2887,#2888,#2889));
#402=EDGE_LOOP('',(#2890,#2891,#2892,#2893));
#403=EDGE_LOOP('',(#2894,#2895,#2896,#2897));
#404=EDGE_LOOP('',(#2898,#2899,#2900,#2901));
#405=EDGE_LOOP('',(#2902,#2903,#2904,#2905));
#406=EDGE_LOOP('',(#2906,#2907,#2908,#2909));
#407=EDGE_LOOP('',(#2910,#2911,#2912,#2913));
#408=EDGE_LOOP('',(#2914,#2915,#2916,#2917));
#409=EDGE_LOOP('',(#2918,#2919,#2920,#2921));
#410=EDGE_LOOP('',(#2922,#2923,#2924,#2925));
#411=EDGE_LOOP('',(#2926,#2927,#2928,#2929));
#412=EDGE_LOOP('',(#2930,#2931,#2932,#2933));
#413=EDGE_LOOP('',(#2934,#2935,#2936,#2937));
#414=EDGE_LOOP('',(#2938,#2939,#2940,#2941));
#415=EDGE_LOOP('',(#2942,#2943,#2944,#2945));
#416=EDGE_LOOP('',(#2946,#2947,#2948,#2949));
#417=EDGE_LOOP('',(#2950,#2951,#2952,#2953));
#418=EDGE_LOOP('',(#2954,#2955,#2956,#2957));
#419=EDGE_LOOP('',(#2958,#2959,#2960,#2961));
#420=EDGE_LOOP('',(#2962,#2963,#2964,#2965));
#421=EDGE_LOOP('',(#2966,#2967,#2968,#2969));
#422=EDGE_LOOP('',(#2970,#2971,#2972,#2973));
#423=EDGE_LOOP('',(#2974,#2975,#2976,#2977));
#424=EDGE_LOOP('',(#2978,#2979,#2980,#2981));
#425=EDGE_LOOP('',(#2982,#2983,#2984,#2985));
#426=EDGE_LOOP('',(#2986,#2987,#2988,#2989));
#427=EDGE_LOOP('',(#2990,#2991,#2992,#2993));
#428=EDGE_LOOP('',(#2994,#2995,#2996,#2997));
#429=EDGE_LOOP('',(#2998,#2999,#3000,#3001,#3002,#3003));
#430=EDGE_LOOP('',(#3004,#3005,#3006,#3007));
#431=EDGE_LOOP('',(#3008,#3009,#3010,#3011));
#432=EDGE_LOOP('',(#3012,#3013,#3014,#3015));
#433=EDGE_LOOP('',(#3016,#3017,#3018,#3019));
#434=EDGE_LOOP('',(#3020,#3021,#3022,#3023));
#435=EDGE_LOOP('',(#3024,#3025,#3026,#3027));
#436=EDGE_LOOP('',(#3028,#3029,#3030,#3031));
#437=EDGE_LOOP('',(#3032,#3033,#3034,#3035));
#438=EDGE_LOOP('',(#3036,#3037,#3038,#3039));
#439=EDGE_LOOP('',(#3040,#3041,#3042,#3043));
#440=EDGE_LOOP('',(#3044,#3045,#3046,#3047));
#441=EDGE_LOOP('',(#3048,#3049,#3050,#3051));
#442=EDGE_LOOP('',(#3052,#3053,#3054,#3055,#3056,#3057,#3058,#3059,#3060,
#3061,#3062,#3063));
#443=EDGE_LOOP('',(#3064,#3065,#3066,#3067,#3068,#3069,#3070,#3071,#3072,
#3073,#3074,#3075));
#444=EDGE_LOOP('',(#3076,#3077,#3078,#3079,#3080,#3081));
#445=EDGE_LOOP('',(#3082,#3083,#3084,#3085));
#446=EDGE_LOOP('',(#3086,#3087,#3088,#3089));
#447=EDGE_LOOP('',(#3090,#3091,#3092,#3093));
#448=EDGE_LOOP('',(#3094,#3095,#3096,#3097));
#449=EDGE_LOOP('',(#3098,#3099,#3100,#3101));
#450=EDGE_LOOP('',(#3102,#3103,#3104,#3105));
#451=EDGE_LOOP('',(#3106,#3107,#3108,#3109,#3110,#3111));
#452=EDGE_LOOP('',(#3112,#3113,#3114,#3115,#3116,#3117));
#453=EDGE_LOOP('',(#3118,#3119,#3120,#3121));
#454=EDGE_LOOP('',(#3122,#3123,#3124,#3125));
#455=EDGE_LOOP('',(#3126,#3127,#3128,#3129));
#456=EDGE_LOOP('',(#3130,#3131,#3132,#3133));
#457=EDGE_LOOP('',(#3134,#3135,#3136,#3137));
#458=EDGE_LOOP('',(#3138,#3139,#3140,#3141));
#459=EDGE_LOOP('',(#3142,#3143,#3144,#3145,#3146,#3147));
#460=EDGE_LOOP('',(#3148,#3149,#3150,#3151,#3152,#3153));
#461=EDGE_LOOP('',(#3154,#3155,#3156,#3157));
#462=EDGE_LOOP('',(#3158,#3159,#3160,#3161));
#463=EDGE_LOOP('',(#3162,#3163,#3164,#3165));
#464=EDGE_LOOP('',(#3166,#3167,#3168,#3169));
#465=EDGE_LOOP('',(#3170,#3171,#3172,#3173));
#466=EDGE_LOOP('',(#3174,#3175,#3176,#3177));
#467=EDGE_LOOP('',(#3178,#3179,#3180,#3181,#3182,#3183));
#468=EDGE_LOOP('',(#3184,#3185,#3186,#3187));
#469=EDGE_LOOP('',(#3188,#3189,#3190,#3191));
#470=EDGE_LOOP('',(#3192,#3193,#3194,#3195));
#471=EDGE_LOOP('',(#3196,#3197,#3198,#3199));
#472=EDGE_LOOP('',(#3200,#3201,#3202,#3203,#3204,#3205,#3206));
#473=EDGE_LOOP('',(#3207,#3208,#3209,#3210));
#474=EDGE_LOOP('',(#3211,#3212,#3213,#3214));
#475=EDGE_LOOP('',(#3215,#3216,#3217,#3218));
#476=EDGE_LOOP('',(#3219,#3220,#3221,#3222));
#477=EDGE_LOOP('',(#3223,#3224,#3225,#3226));
#478=EDGE_LOOP('',(#3227,#3228,#3229,#3230));
#479=EDGE_LOOP('',(#3231,#3232,#3233,#3234));
#480=EDGE_LOOP('',(#3235,#3236,#3237,#3238));
#481=EDGE_LOOP('',(#3239,#3240,#3241,#3242));
#482=EDGE_LOOP('',(#3243,#3244,#3245,#3246));
#483=EDGE_LOOP('',(#3247,#3248,#3249,#3250));
#484=EDGE_LOOP('',(#3251,#3252,#3253,#3254));
#485=EDGE_LOOP('',(#3255,#3256,#3257,#3258));
#486=EDGE_LOOP('',(#3259,#3260,#3261,#3262));
#487=EDGE_LOOP('',(#3263,#3264,#3265,#3266));
#488=EDGE_LOOP('',(#3267,#3268,#3269,#3270,#3271,#3272,#3273));
#489=CIRCLE('',#3952,0.36);
#490=CIRCLE('',#3955,0.36);
#491=CIRCLE('',#3981,0.36);
#492=CIRCLE('',#3986,0.425000000001);
#493=CIRCLE('',#3987,0.424999999999);
#494=CIRCLE('',#3989,0.424999999999);
#495=CIRCLE('',#3990,0.425000000001);
#496=CIRCLE('',#3996,0.36);
#497=CIRCLE('',#3998,0.36);
#498=CIRCLE('',#4001,0.36);
#499=CIRCLE('',#4004,0.36);
#500=CIRCLE('',#4006,0.36);
#501=CIRCLE('',#4030,0.425000000001);
#502=CIRCLE('',#4031,0.424999999999);
#503=CIRCLE('',#4064,0.425000000001);
#504=CIRCLE('',#4067,0.424999999999);
#505=CIRCLE('',#4079,0.36);
#506=CIRCLE('',#4083,0.36);
#507=CIRCLE('',#4085,0.36);
#508=CIRCLE('',#4090,0.36);
#509=CIRCLE('',#4092,0.36);
#510=CIRCLE('',#4097,0.36);
#511=CIRCLE('',#4099,0.36);
#512=CIRCLE('',#4104,0.36);
#513=LINE('',#5177,#992);
#514=LINE('',#5179,#993);
#515=LINE('',#5181,#994);
#516=LINE('',#5183,#995);
#517=LINE('',#5188,#996);
#518=LINE('',#5189,#997);
#519=LINE('',#5190,#998);
#520=LINE('',#5193,#999);
#521=LINE('',#5198,#1000);
#522=LINE('',#5199,#1001);
#523=LINE('',#5200,#1002);
#524=LINE('',#5203,#1003);
#525=LINE('',#5204,#1004);
#526=LINE('',#5207,#1005);
#527=LINE('',#5209,#1006);
#528=LINE('',#5210,#1007);
#529=LINE('',#5213,#1008);
#530=LINE('',#5214,#1009);
#531=LINE('',#5217,#1010);
#532=LINE('',#5219,#1011);
#533=LINE('',#5221,#1012);
#534=LINE('',#5223,#1013);
#535=LINE('',#5225,#1014);
#536=LINE('',#5227,#1015);
#537=LINE('',#5229,#1016);
#538=LINE('',#5231,#1017);
#539=LINE('',#5233,#1018);
#540=LINE('',#5234,#1019);
#541=LINE('',#5237,#1020);
#542=LINE('',#5239,#1021);
#543=LINE('',#5241,#1022);
#544=LINE('',#5242,#1023);
#545=LINE('',#5245,#1024);
#546=LINE('',#5246,#1025);
#547=LINE('',#5248,#1026);
#548=LINE('',#5250,#1027);
#549=LINE('',#5252,#1028);
#550=LINE('',#5254,#1029);
#551=LINE('',#5256,#1030);
#552=LINE('',#5258,#1031);
#553=LINE('',#5260,#1032);
#554=LINE('',#5262,#1033);
#555=LINE('',#5264,#1034);
#556=LINE('',#5265,#1035);
#557=LINE('',#5268,#1036);
#558=LINE('',#5270,#1037);
#559=LINE('',#5272,#1038);
#560=LINE('',#5273,#1039);
#561=LINE('',#5276,#1040);
#562=LINE('',#5277,#1041);
#563=LINE('',#5280,#1042);
#564=LINE('',#5281,#1043);
#565=LINE('',#5284,#1044);
#566=LINE('',#5286,#1045);
#567=LINE('',#5287,#1046);
#568=LINE('',#5289,#1047);
#569=LINE('',#5291,#1048);
#570=LINE('',#5293,#1049);
#571=LINE('',#5296,#1050);
#572=LINE('',#5298,#1051);
#573=LINE('',#5299,#1052);
#574=LINE('',#5302,#1053);
#575=LINE('',#5304,#1054);
#576=LINE('',#5305,#1055);
#577=LINE('',#5307,#1056);
#578=LINE('',#5308,#1057);
#579=LINE('',#5310,#1058);
#580=LINE('',#5311,#1059);
#581=LINE('',#5313,#1060);
#582=LINE('',#5315,#1061);
#583=LINE('',#5318,#1062);
#584=LINE('',#5320,#1063);
#585=LINE('',#5321,#1064);
#586=LINE('',#5323,#1065);
#587=LINE('',#5324,#1066);
#588=LINE('',#5326,#1067);
#589=LINE('',#5328,#1068);
#590=LINE('',#5334,#1069);
#591=LINE('',#5335,#1070);
#592=LINE('',#5338,#1071);
#593=LINE('',#5340,#1072);
#594=LINE('',#5342,#1073);
#595=LINE('',#5344,#1074);
#596=LINE('',#5345,#1075);
#597=LINE('',#5348,#1076);
#598=LINE('',#5350,#1077);
#599=LINE('',#5352,#1078);
#600=LINE('',#5353,#1079);
#601=LINE('',#5356,#1080);
#602=LINE('',#5358,#1081);
#603=LINE('',#5360,#1082);
#604=LINE('',#5361,#1083);
#605=LINE('',#5364,#1084);
#606=LINE('',#5366,#1085);
#607=LINE('',#5368,#1086);
#608=LINE('',#5370,#1087);
#609=LINE('',#5371,#1088);
#610=LINE('',#5374,#1089);
#611=LINE('',#5376,#1090);
#612=LINE('',#5377,#1091);
#613=LINE('',#5380,#1092);
#614=LINE('',#5382,#1093);
#615=LINE('',#5386,#1094);
#616=LINE('',#5390,#1095);
#617=LINE('',#5391,#1096);
#618=LINE('',#5394,#1097);
#619=LINE('',#5396,#1098);
#620=LINE('',#5400,#1099);
#621=LINE('',#5404,#1100);
#622=LINE('',#5405,#1101);
#623=LINE('',#5408,#1102);
#624=LINE('',#5409,#1103);
#625=LINE('',#5412,#1104);
#626=LINE('',#5413,#1105);
#627=LINE('',#5415,#1106);
#628=LINE('',#5418,#1107);
#629=LINE('',#5420,#1108);
#630=LINE('',#5421,#1109);
#631=LINE('',#5424,#1110);
#632=LINE('',#5426,#1111);
#633=LINE('',#5430,#1112);
#634=LINE('',#5434,#1113);
#635=LINE('',#5435,#1114);
#636=LINE('',#5438,#1115);
#637=LINE('',#5440,#1116);
#638=LINE('',#5443,#1117);
#639=LINE('',#5446,#1118);
#640=LINE('',#5448,#1119);
#641=LINE('',#5454,#1120);
#642=LINE('',#5455,#1121);
#643=LINE('',#5457,#1122);
#644=LINE('',#5459,#1123);
#645=LINE('',#5462,#1124);
#646=LINE('',#5463,#1125);
#647=LINE('',#5466,#1126);
#648=LINE('',#5467,#1127);
#649=LINE('',#5470,#1128);
#650=LINE('',#5472,#1129);
#651=LINE('',#5473,#1130);
#652=LINE('',#5476,#1131);
#653=LINE('',#5477,#1132);
#654=LINE('',#5480,#1133);
#655=LINE('',#5482,#1134);
#656=LINE('',#5483,#1135);
#657=LINE('',#5486,#1136);
#658=LINE('',#5488,#1137);
#659=LINE('',#5489,#1138);
#660=LINE('',#5493,#1139);
#661=LINE('',#5494,#1140);
#662=LINE('',#5495,#1141);
#663=LINE('',#5498,#1142);
#664=LINE('',#5499,#1143);
#665=LINE('',#5502,#1144);
#666=LINE('',#5503,#1145);
#667=LINE('',#5505,#1146);
#668=LINE('',#5509,#1147);
#669=LINE('',#5510,#1148);
#670=LINE('',#5511,#1149);
#671=LINE('',#5514,#1150);
#672=LINE('',#5515,#1151);
#673=LINE('',#5518,#1152);
#674=LINE('',#5519,#1153);
#675=LINE('',#5521,#1154);
#676=LINE('',#5524,#1155);
#677=LINE('',#5525,#1156);
#678=LINE('',#5528,#1157);
#679=LINE('',#5530,#1158);
#680=LINE('',#5531,#1159);
#681=LINE('',#5534,#1160);
#682=LINE('',#5536,#1161);
#683=LINE('',#5537,#1162);
#684=LINE('',#5540,#1163);
#685=LINE('',#5542,#1164);
#686=LINE('',#5543,#1165);
#687=LINE('',#5546,#1166);
#688=LINE('',#5547,#1167);
#689=LINE('',#5550,#1168);
#690=LINE('',#5551,#1169);
#691=LINE('',#5554,#1170);
#692=LINE('',#5556,#1171);
#693=LINE('',#5560,#1172);
#694=LINE('',#5564,#1173);
#695=LINE('',#5565,#1174);
#696=LINE('',#5567,#1175);
#697=LINE('',#5568,#1176);
#698=LINE('',#5570,#1177);
#699=LINE('',#5574,#1178);
#700=LINE('',#5575,#1179);
#701=LINE('',#5577,#1180);
#702=LINE('',#5579,#1181);
#703=LINE('',#5580,#1182);
#704=LINE('',#5582,#1183);
#705=LINE('',#5583,#1184);
#706=LINE('',#5585,#1185);
#707=LINE('',#5588,#1186);
#708=LINE('',#5589,#1187);
#709=LINE('',#5593,#1188);
#710=LINE('',#5595,#1189);
#711=LINE('',#5597,#1190);
#712=LINE('',#5598,#1191);
#713=LINE('',#5599,#1192);
#714=LINE('',#5602,#1193);
#715=LINE('',#5603,#1194);
#716=LINE('',#5606,#1195);
#717=LINE('',#5608,#1196);
#718=LINE('',#5610,#1197);
#719=LINE('',#5612,#1198);
#720=LINE('',#5613,#1199);
#721=LINE('',#5616,#1200);
#722=LINE('',#5617,#1201);
#723=LINE('',#5619,#1202);
#724=LINE('',#5620,#1203);
#725=LINE('',#5623,#1204);
#726=LINE('',#5624,#1205);
#727=LINE('',#5627,#1206);
#728=LINE('',#5628,#1207);
#729=LINE('',#5631,#1208);
#730=LINE('',#5633,#1209);
#731=LINE('',#5634,#1210);
#732=LINE('',#5637,#1211);
#733=LINE('',#5638,#1212);
#734=LINE('',#5641,#1213);
#735=LINE('',#5642,#1214);
#736=LINE('',#5645,#1215);
#737=LINE('',#5647,#1216);
#738=LINE('',#5648,#1217);
#739=LINE('',#5651,#1218);
#740=LINE('',#5652,#1219);
#741=LINE('',#5655,#1220);
#742=LINE('',#5656,#1221);
#743=LINE('',#5659,#1222);
#744=LINE('',#5661,#1223);
#745=LINE('',#5662,#1224);
#746=LINE('',#5665,#1225);
#747=LINE('',#5666,#1226);
#748=LINE('',#5669,#1227);
#749=LINE('',#5671,#1228);
#750=LINE('',#5672,#1229);
#751=LINE('',#5674,#1230);
#752=LINE('',#5677,#1231);
#753=LINE('',#5679,#1232);
#754=LINE('',#5680,#1233);
#755=LINE('',#5683,#1234);
#756=LINE('',#5685,#1235);
#757=LINE('',#5686,#1236);
#758=LINE('',#5689,#1237);
#759=LINE('',#5690,#1238);
#760=LINE('',#5693,#1239);
#761=LINE('',#5695,#1240);
#762=LINE('',#5696,#1241);
#763=LINE('',#5700,#1242);
#764=LINE('',#5704,#1243);
#765=LINE('',#5705,#1244);
#766=LINE('',#5707,#1245);
#767=LINE('',#5709,#1246);
#768=LINE('',#5710,#1247);
#769=LINE('',#5713,#1248);
#770=LINE('',#5716,#1249);
#771=LINE('',#5719,#1250);
#772=LINE('',#5720,#1251);
#773=LINE('',#5723,#1252);
#774=LINE('',#5724,#1253);
#775=LINE('',#5726,#1254);
#776=LINE('',#5728,#1255);
#777=LINE('',#5729,#1256);
#778=LINE('',#5732,#1257);
#779=LINE('',#5736,#1258);
#780=LINE('',#5738,#1259);
#781=LINE('',#5741,#1260);
#782=LINE('',#5745,#1261);
#783=LINE('',#5746,#1262);
#784=LINE('',#5748,#1263);
#785=LINE('',#5750,#1264);
#786=LINE('',#5753,#1265);
#787=LINE('',#5755,#1266);
#788=LINE('',#5757,#1267);
#789=LINE('',#5761,#1268);
#790=LINE('',#5765,#1269);
#791=LINE('',#5766,#1270);
#792=LINE('',#5769,#1271);
#793=LINE('',#5770,#1272);
#794=LINE('',#5773,#1273);
#795=LINE('',#5774,#1274);
#796=LINE('',#5776,#1275);
#797=LINE('',#5779,#1276);
#798=LINE('',#5783,#1277);
#799=LINE('',#5784,#1278);
#800=LINE('',#5787,#1279);
#801=LINE('',#5789,#1280);
#802=LINE('',#5791,#1281);
#803=LINE('',#5795,#1282);
#804=LINE('',#5796,#1283);
#805=LINE('',#5799,#1284);
#806=LINE('',#5800,#1285);
#807=LINE('',#5802,#1286);
#808=LINE('',#5805,#1287);
#809=LINE('',#5807,#1288);
#810=LINE('',#5809,#1289);
#811=LINE('',#5813,#1290);
#812=LINE('',#5817,#1291);
#813=LINE('',#5818,#1292);
#814=LINE('',#5821,#1293);
#815=LINE('',#5822,#1294);
#816=LINE('',#5825,#1295);
#817=LINE('',#5826,#1296);
#818=LINE('',#5828,#1297);
#819=LINE('',#5831,#1298);
#820=LINE('',#5833,#1299);
#821=LINE('',#5835,#1300);
#822=LINE('',#5839,#1301);
#823=LINE('',#5840,#1302);
#824=LINE('',#5843,#1303);
#825=LINE('',#5844,#1304);
#826=LINE('',#5846,#1305);
#827=LINE('',#5848,#1306);
#828=LINE('',#5849,#1307);
#829=LINE('',#5850,#1308);
#830=LINE('',#5853,#1309);
#831=LINE('',#5854,#1310);
#832=LINE('',#5856,#1311);
#833=LINE('',#5859,#1312);
#834=LINE('',#5860,#1313);
#835=LINE('',#5862,#1314);
#836=LINE('',#5866,#1315);
#837=LINE('',#5867,#1316);
#838=LINE('',#5870,#1317);
#839=LINE('',#5872,#1318);
#840=LINE('',#5873,#1319);
#841=LINE('',#5875,#1320);
#842=LINE('',#5878,#1321);
#843=LINE('',#5879,#1322);
#844=LINE('',#5881,#1323);
#845=LINE('',#5884,#1324);
#846=LINE('',#5886,#1325);
#847=LINE('',#5888,#1326);
#848=LINE('',#5890,#1327);
#849=LINE('',#5892,#1328);
#850=LINE('',#5894,#1329);
#851=LINE('',#5896,#1330);
#852=LINE('',#5898,#1331);
#853=LINE('',#5901,#1332);
#854=LINE('',#5903,#1333);
#855=LINE('',#5906,#1334);
#856=LINE('',#5908,#1335);
#857=LINE('',#5915,#1336);
#858=LINE('',#5917,#1337);
#859=LINE('',#5919,#1338);
#860=LINE('',#5920,#1339);
#861=LINE('',#5923,#1340);
#862=LINE('',#5925,#1341);
#863=LINE('',#5926,#1342);
#864=LINE('',#5929,#1343);
#865=LINE('',#5931,#1344);
#866=LINE('',#5932,#1345);
#867=LINE('',#5935,#1346);
#868=LINE('',#5937,#1347);
#869=LINE('',#5938,#1348);
#870=LINE('',#5941,#1349);
#871=LINE('',#5943,#1350);
#872=LINE('',#5944,#1351);
#873=LINE('',#5947,#1352);
#874=LINE('',#5949,#1353);
#875=LINE('',#5950,#1354);
#876=LINE('',#5953,#1355);
#877=LINE('',#5955,#1356);
#878=LINE('',#5956,#1357);
#879=LINE('',#5959,#1358);
#880=LINE('',#5961,#1359);
#881=LINE('',#5962,#1360);
#882=LINE('',#5965,#1361);
#883=LINE('',#5967,#1362);
#884=LINE('',#5968,#1363);
#885=LINE('',#5971,#1364);
#886=LINE('',#5973,#1365);
#887=LINE('',#5974,#1366);
#888=LINE('',#5977,#1367);
#889=LINE('',#5979,#1368);
#890=LINE('',#5980,#1369);
#891=LINE('',#5982,#1370);
#892=LINE('',#5983,#1371);
#893=LINE('',#5989,#1372);
#894=LINE('',#5991,#1373);
#895=LINE('',#5993,#1374);
#896=LINE('',#5995,#1375);
#897=LINE('',#5997,#1376);
#898=LINE('',#5998,#1377);
#899=LINE('',#6002,#1378);
#900=LINE('',#6003,#1379);
#901=LINE('',#6004,#1380);
#902=LINE('',#6007,#1381);
#903=LINE('',#6008,#1382);
#904=LINE('',#6011,#1383);
#905=LINE('',#6012,#1384);
#906=LINE('',#6015,#1385);
#907=LINE('',#6016,#1386);
#908=LINE('',#6019,#1387);
#909=LINE('',#6020,#1388);
#910=LINE('',#6022,#1389);
#911=LINE('',#6027,#1390);
#912=LINE('',#6029,#1391);
#913=LINE('',#6031,#1392);
#914=LINE('',#6033,#1393);
#915=LINE('',#6035,#1394);
#916=LINE('',#6036,#1395);
#917=LINE('',#6040,#1396);
#918=LINE('',#6041,#1397);
#919=LINE('',#6042,#1398);
#920=LINE('',#6045,#1399);
#921=LINE('',#6046,#1400);
#922=LINE('',#6049,#1401);
#923=LINE('',#6050,#1402);
#924=LINE('',#6053,#1403);
#925=LINE('',#6054,#1404);
#926=LINE('',#6057,#1405);
#927=LINE('',#6058,#1406);
#928=LINE('',#6060,#1407);
#929=LINE('',#6065,#1408);
#930=LINE('',#6067,#1409);
#931=LINE('',#6069,#1410);
#932=LINE('',#6071,#1411);
#933=LINE('',#6073,#1412);
#934=LINE('',#6074,#1413);
#935=LINE('',#6078,#1414);
#936=LINE('',#6079,#1415);
#937=LINE('',#6080,#1416);
#938=LINE('',#6083,#1417);
#939=LINE('',#6084,#1418);
#940=LINE('',#6087,#1419);
#941=LINE('',#6088,#1420);
#942=LINE('',#6091,#1421);
#943=LINE('',#6092,#1422);
#944=LINE('',#6095,#1423);
#945=LINE('',#6096,#1424);
#946=LINE('',#6098,#1425);
#947=LINE('',#6103,#1426);
#948=LINE('',#6105,#1427);
#949=LINE('',#6107,#1428);
#950=LINE('',#6108,#1429);
#951=LINE('',#6111,#1430);
#952=LINE('',#6113,#1431);
#953=LINE('',#6114,#1432);
#954=LINE('',#6117,#1433);
#955=LINE('',#6119,#1434);
#956=LINE('',#6120,#1435);
#957=LINE('',#6123,#1436);
#958=LINE('',#6125,#1437);
#959=LINE('',#6126,#1438);
#960=LINE('',#6129,#1439);
#961=LINE('',#6131,#1440);
#962=LINE('',#6133,#1441);
#963=LINE('',#6135,#1442);
#964=LINE('',#6137,#1443);
#965=LINE('',#6138,#1444);
#966=LINE('',#6141,#1445);
#967=LINE('',#6142,#1446);
#968=LINE('',#6146,#1447);
#969=LINE('',#6147,#1448);
#970=LINE('',#6148,#1449);
#971=LINE('',#6150,#1450);
#972=LINE('',#6153,#1451);
#973=LINE('',#6154,#1452);
#974=LINE('',#6157,#1453);
#975=LINE('',#6159,#1454);
#976=LINE('',#6160,#1455);
#977=LINE('',#6162,#1456);
#978=LINE('',#6164,#1457);
#979=LINE('',#6165,#1458);
#980=LINE('',#6166,#1459);
#981=LINE('',#6169,#1460);
#982=LINE('',#6170,#1461);
#983=LINE('',#6173,#1462);
#984=LINE('',#6174,#1463);
#985=LINE('',#6177,#1464);
#986=LINE('',#6178,#1465);
#987=LINE('',#6181,#1466);
#988=LINE('',#6182,#1467);
#989=LINE('',#6185,#1468);
#990=LINE('',#6186,#1469);
#991=LINE('',#6188,#1470);
#992=VECTOR('',#4203,1.);
#993=VECTOR('',#4204,1.);
#994=VECTOR('',#4205,1.);
#995=VECTOR('',#4206,1.);
#996=VECTOR('',#4211,1.);
#997=VECTOR('',#4212,1.);
#998=VECTOR('',#4213,1.);
#999=VECTOR('',#4216,1.);
#1000=VECTOR('',#4221,1.);
#1001=VECTOR('',#4222,1.);
#1002=VECTOR('',#4223,1.);
#1003=VECTOR('',#4226,1.);
#1004=VECTOR('',#4227,1.);
#1005=VECTOR('',#4230,1.);
#1006=VECTOR('',#4231,1.);
#1007=VECTOR('',#4232,1.);
#1008=VECTOR('',#4235,1.);
#1009=VECTOR('',#4236,1.);
#1010=VECTOR('',#4239,1.);
#1011=VECTOR('',#4240,1.);
#1012=VECTOR('',#4241,1.);
#1013=VECTOR('',#4242,1.);
#1014=VECTOR('',#4243,1.);
#1015=VECTOR('',#4244,1.);
#1016=VECTOR('',#4245,1.);
#1017=VECTOR('',#4246,1.);
#1018=VECTOR('',#4247,1.);
#1019=VECTOR('',#4248,1.);
#1020=VECTOR('',#4249,1.);
#1021=VECTOR('',#4250,1.);
#1022=VECTOR('',#4251,1.);
#1023=VECTOR('',#4252,1.);
#1024=VECTOR('',#4255,1.);
#1025=VECTOR('',#4256,1.);
#1026=VECTOR('',#4259,1.);
#1027=VECTOR('',#4260,1.);
#1028=VECTOR('',#4261,1.);
#1029=VECTOR('',#4262,1.);
#1030=VECTOR('',#4263,1.);
#1031=VECTOR('',#4264,1.);
#1032=VECTOR('',#4265,1.);
#1033=VECTOR('',#4266,1.);
#1034=VECTOR('',#4267,1.);
#1035=VECTOR('',#4268,1.);
#1036=VECTOR('',#4269,1.);
#1037=VECTOR('',#4270,1.);
#1038=VECTOR('',#4271,1.);
#1039=VECTOR('',#4272,1.);
#1040=VECTOR('',#4275,1.);
#1041=VECTOR('',#4276,1.);
#1042=VECTOR('',#4279,1.);
#1043=VECTOR('',#4280,1.);
#1044=VECTOR('',#4283,1.);
#1045=VECTOR('',#4284,1.);
#1046=VECTOR('',#4285,1.);
#1047=VECTOR('',#4288,1.);
#1048=VECTOR('',#4291,1.);
#1049=VECTOR('',#4294,1.);
#1050=VECTOR('',#4297,1.);
#1051=VECTOR('',#4298,1.);
#1052=VECTOR('',#4299,1.);
#1053=VECTOR('',#4302,1.);
#1054=VECTOR('',#4303,1.);
#1055=VECTOR('',#4304,1.);
#1056=VECTOR('',#4307,1.);
#1057=VECTOR('',#4308,1.);
#1058=VECTOR('',#4311,1.);
#1059=VECTOR('',#4312,1.);
#1060=VECTOR('',#4315,1.);
#1061=VECTOR('',#4318,1.);
#1062=VECTOR('',#4321,1.);
#1063=VECTOR('',#4322,1.);
#1064=VECTOR('',#4323,1.);
#1065=VECTOR('',#4326,1.);
#1066=VECTOR('',#4327,1.);
#1067=VECTOR('',#4330,1.);
#1068=VECTOR('',#4333,1.);
#1069=VECTOR('',#4340,1.);
#1070=VECTOR('',#4341,1.);
#1071=VECTOR('',#4344,1.);
#1072=VECTOR('',#4345,1.);
#1073=VECTOR('',#4346,1.);
#1074=VECTOR('',#4347,1.);
#1075=VECTOR('',#4348,1.);
#1076=VECTOR('',#4349,1.);
#1077=VECTOR('',#4350,1.);
#1078=VECTOR('',#4351,1.);
#1079=VECTOR('',#4352,1.);
#1080=VECTOR('',#4353,1.);
#1081=VECTOR('',#4354,1.);
#1082=VECTOR('',#4355,1.);
#1083=VECTOR('',#4356,1.);
#1084=VECTOR('',#4359,1.);
#1085=VECTOR('',#4360,1.);
#1086=VECTOR('',#4361,1.);
#1087=VECTOR('',#4362,1.);
#1088=VECTOR('',#4363,1.);
#1089=VECTOR('',#4366,1.);
#1090=VECTOR('',#4367,1.);
#1091=VECTOR('',#4368,1.);
#1092=VECTOR('',#4371,1.);
#1093=VECTOR('',#4372,1.);
#1094=VECTOR('',#4375,1.);
#1095=VECTOR('',#4378,1.);
#1096=VECTOR('',#4379,1.);
#1097=VECTOR('',#4382,1.);
#1098=VECTOR('',#4383,1.);
#1099=VECTOR('',#4386,1.);
#1100=VECTOR('',#4389,1.);
#1101=VECTOR('',#4390,1.);
#1102=VECTOR('',#4393,1.);
#1103=VECTOR('',#4394,1.);
#1104=VECTOR('',#4397,1.);
#1105=VECTOR('',#4398,1.);
#1106=VECTOR('',#4401,1.);
#1107=VECTOR('',#4404,1.);
#1108=VECTOR('',#4405,1.);
#1109=VECTOR('',#4406,1.);
#1110=VECTOR('',#4409,1.);
#1111=VECTOR('',#4410,1.);
#1112=VECTOR('',#4415,1.);
#1113=VECTOR('',#4420,1.);
#1114=VECTOR('',#4421,1.);
#1115=VECTOR('',#4424,1.);
#1116=VECTOR('',#4425,1.);
#1117=VECTOR('',#4430,1.);
#1118=VECTOR('',#4433,1.);
#1119=VECTOR('',#4434,1.);
#1120=VECTOR('',#4441,1.);
#1121=VECTOR('',#4442,1.);
#1122=VECTOR('',#4445,1.);
#1123=VECTOR('',#4448,1.);
#1124=VECTOR('',#4451,1.);
#1125=VECTOR('',#4452,1.);
#1126=VECTOR('',#4455,1.);
#1127=VECTOR('',#4456,1.);
#1128=VECTOR('',#4459,1.);
#1129=VECTOR('',#4460,1.);
#1130=VECTOR('',#4461,1.);
#1131=VECTOR('',#4464,1.);
#1132=VECTOR('',#4465,1.);
#1133=VECTOR('',#4468,1.);
#1134=VECTOR('',#4469,1.);
#1135=VECTOR('',#4470,1.);
#1136=VECTOR('',#4473,1.);
#1137=VECTOR('',#4474,1.);
#1138=VECTOR('',#4475,1.);
#1139=VECTOR('',#4478,1.);
#1140=VECTOR('',#4479,1.);
#1141=VECTOR('',#4480,1.);
#1142=VECTOR('',#4483,1.);
#1143=VECTOR('',#4484,1.);
#1144=VECTOR('',#4487,1.);
#1145=VECTOR('',#4488,1.);
#1146=VECTOR('',#4491,1.);
#1147=VECTOR('',#4494,1.);
#1148=VECTOR('',#4495,1.);
#1149=VECTOR('',#4496,1.);
#1150=VECTOR('',#4499,1.);
#1151=VECTOR('',#4500,1.);
#1152=VECTOR('',#4503,1.);
#1153=VECTOR('',#4504,1.);
#1154=VECTOR('',#4507,1.);
#1155=VECTOR('',#4510,1.);
#1156=VECTOR('',#4511,1.);
#1157=VECTOR('',#4514,1.);
#1158=VECTOR('',#4515,1.);
#1159=VECTOR('',#4516,1.);
#1160=VECTOR('',#4519,1.);
#1161=VECTOR('',#4520,1.);
#1162=VECTOR('',#4521,1.);
#1163=VECTOR('',#4524,1.);
#1164=VECTOR('',#4525,1.);
#1165=VECTOR('',#4526,1.);
#1166=VECTOR('',#4529,1.);
#1167=VECTOR('',#4530,1.);
#1168=VECTOR('',#4533,1.);
#1169=VECTOR('',#4534,1.);
#1170=VECTOR('',#4537,1.);
#1171=VECTOR('',#4538,1.);
#1172=VECTOR('',#4541,1.);
#1173=VECTOR('',#4544,1.);
#1174=VECTOR('',#4545,1.);
#1175=VECTOR('',#4548,1.);
#1176=VECTOR('',#4549,1.);
#1177=VECTOR('',#4552,1.);
#1178=VECTOR('',#4555,1.00000000000019);
#1179=VECTOR('',#4556,1.00000000000036);
#1180=VECTOR('',#4557,1.00000000000036);
#1181=VECTOR('',#4558,1.00000000000019);
#1182=VECTOR('',#4559,1.);
#1183=VECTOR('',#4562,1.);
#1184=VECTOR('',#4563,1.);
#1185=VECTOR('',#4566,1.);
#1186=VECTOR('',#4569,1.);
#1187=VECTOR('',#4570,1.);
#1188=VECTOR('',#4573,1.00000000000019);
#1189=VECTOR('',#4574,1.);
#1190=VECTOR('',#4575,1.00000000000019);
#1191=VECTOR('',#4576,1.00000000000036);
#1192=VECTOR('',#4577,1.00000000000036);
#1193=VECTOR('',#4580,1.);
#1194=VECTOR('',#4581,1.);
#1195=VECTOR('',#4586,1.);
#1196=VECTOR('',#4589,1.);
#1197=VECTOR('',#4592,1.);
#1198=VECTOR('',#4595,1.);
#1199=VECTOR('',#4596,1.);
#1200=VECTOR('',#4599,1.);
#1201=VECTOR('',#4600,1.);
#1202=VECTOR('',#4603,1.);
#1203=VECTOR('',#4604,1.);
#1204=VECTOR('',#4607,1.);
#1205=VECTOR('',#4608,1.);
#1206=VECTOR('',#4611,1.);
#1207=VECTOR('',#4612,1.);
#1208=VECTOR('',#4615,1.);
#1209=VECTOR('',#4616,1.);
#1210=VECTOR('',#4617,1.);
#1211=VECTOR('',#4620,1.);
#1212=VECTOR('',#4621,1.);
#1213=VECTOR('',#4624,1.);
#1214=VECTOR('',#4625,1.);
#1215=VECTOR('',#4628,1.);
#1216=VECTOR('',#4629,1.);
#1217=VECTOR('',#4630,1.);
#1218=VECTOR('',#4633,1.);
#1219=VECTOR('',#4634,1.);
#1220=VECTOR('',#4637,1.);
#1221=VECTOR('',#4638,1.);
#1222=VECTOR('',#4641,1.);
#1223=VECTOR('',#4642,1.);
#1224=VECTOR('',#4643,1.);
#1225=VECTOR('',#4646,1.);
#1226=VECTOR('',#4647,1.);
#1227=VECTOR('',#4650,1.);
#1228=VECTOR('',#4651,1.);
#1229=VECTOR('',#4652,1.);
#1230=VECTOR('',#4655,1.);
#1231=VECTOR('',#4658,1.);
#1232=VECTOR('',#4659,1.);
#1233=VECTOR('',#4660,1.);
#1234=VECTOR('',#4663,1.);
#1235=VECTOR('',#4664,1.);
#1236=VECTOR('',#4665,1.);
#1237=VECTOR('',#4668,1.);
#1238=VECTOR('',#4669,1.);
#1239=VECTOR('',#4672,1.);
#1240=VECTOR('',#4673,1.);
#1241=VECTOR('',#4674,1.);
#1242=VECTOR('',#4679,1.);
#1243=VECTOR('',#4682,1.00000000000019);
#1244=VECTOR('',#4683,1.00000000000036);
#1245=VECTOR('',#4684,1.00000000000036);
#1246=VECTOR('',#4685,1.00000000000019);
#1247=VECTOR('',#4686,1.);
#1248=VECTOR('',#4689,1.);
#1249=VECTOR('',#4692,1.);
#1250=VECTOR('',#4695,1.);
#1251=VECTOR('',#4696,1.);
#1252=VECTOR('',#4699,1.);
#1253=VECTOR('',#4700,1.);
#1254=VECTOR('',#4703,1.);
#1255=VECTOR('',#4706,1.);
#1256=VECTOR('',#4707,1.);
#1257=VECTOR('',#4712,1.);
#1258=VECTOR('',#4719,1.);
#1259=VECTOR('',#4722,1.);
#1260=VECTOR('',#4725,1.);
#1261=VECTOR('',#4728,1.);
#1262=VECTOR('',#4729,1.);
#1263=VECTOR('',#4732,1.);
#1264=VECTOR('',#4735,1.);
#1265=VECTOR('',#4738,1.);
#1266=VECTOR('',#4739,1.);
#1267=VECTOR('',#4740,1.);
#1268=VECTOR('',#4745,1.);
#1269=VECTOR('',#4748,1.);
#1270=VECTOR('',#4749,1.);
#1271=VECTOR('',#4752,1.);
#1272=VECTOR('',#4753,1.);
#1273=VECTOR('',#4756,1.);
#1274=VECTOR('',#4757,1.);
#1275=VECTOR('',#4760,1.);
#1276=VECTOR('',#4763,1.);
#1277=VECTOR('',#4766,1.);
#1278=VECTOR('',#4767,1.);
#1279=VECTOR('',#4770,1.);
#1280=VECTOR('',#4771,1.);
#1281=VECTOR('',#4772,1.);
#1282=VECTOR('',#4777,1.);
#1283=VECTOR('',#4778,1.);
#1284=VECTOR('',#4781,1.);
#1285=VECTOR('',#4782,1.);
#1286=VECTOR('',#4785,1.);
#1287=VECTOR('',#4788,1.);
#1288=VECTOR('',#4789,1.);
#1289=VECTOR('',#4790,1.);
#1290=VECTOR('',#4795,1.);
#1291=VECTOR('',#4798,1.);
#1292=VECTOR('',#4799,1.);
#1293=VECTOR('',#4802,1.);
#1294=VECTOR('',#4803,1.);
#1295=VECTOR('',#4806,1.);
#1296=VECTOR('',#4807,1.);
#1297=VECTOR('',#4810,1.);
#1298=VECTOR('',#4813,1.);
#1299=VECTOR('',#4814,1.);
#1300=VECTOR('',#4815,1.);
#1301=VECTOR('',#4820,1.);
#1302=VECTOR('',#4821,1.);
#1303=VECTOR('',#4824,1.);
#1304=VECTOR('',#4825,1.);
#1305=VECTOR('',#4828,1.);
#1306=VECTOR('',#4831,1.);
#1307=VECTOR('',#4832,1.);
#1308=VECTOR('',#4833,1.);
#1309=VECTOR('',#4836,1.);
#1310=VECTOR('',#4837,1.);
#1311=VECTOR('',#4840,1.);
#1312=VECTOR('',#4843,1.);
#1313=VECTOR('',#4844,1.);
#1314=VECTOR('',#4847,1.);
#1315=VECTOR('',#4852,1.00000000000036);
#1316=VECTOR('',#4853,1.);
#1317=VECTOR('',#4856,1.);
#1318=VECTOR('',#4857,1.00000000000019);
#1319=VECTOR('',#4858,1.);
#1320=VECTOR('',#4861,1.00000000000036);
#1321=VECTOR('',#4864,1.00000000000019);
#1322=VECTOR('',#4865,1.);
#1323=VECTOR('',#4868,1.);
#1324=VECTOR('',#4873,1.);
#1325=VECTOR('',#4876,1.);
#1326=VECTOR('',#4879,1.);
#1327=VECTOR('',#4882,1.);
#1328=VECTOR('',#4885,1.);
#1329=VECTOR('',#4888,1.);
#1330=VECTOR('',#4891,1.);
#1331=VECTOR('',#4894,1.);
#1332=VECTOR('',#4899,1.);
#1333=VECTOR('',#4902,1.);
#1334=VECTOR('',#4907,1.);
#1335=VECTOR('',#4910,1.);
#1336=VECTOR('',#4919,1.);
#1337=VECTOR('',#4920,1.);
#1338=VECTOR('',#4921,1.);
#1339=VECTOR('',#4922,1.);
#1340=VECTOR('',#4925,1.);
#1341=VECTOR('',#4926,1.);
#1342=VECTOR('',#4927,1.);
#1343=VECTOR('',#4930,1.);
#1344=VECTOR('',#4931,1.);
#1345=VECTOR('',#4932,1.);
#1346=VECTOR('',#4935,1.);
#1347=VECTOR('',#4936,1.);
#1348=VECTOR('',#4937,1.);
#1349=VECTOR('',#4940,1.);
#1350=VECTOR('',#4941,1.);
#1351=VECTOR('',#4942,1.);
#1352=VECTOR('',#4945,1.);
#1353=VECTOR('',#4946,1.);
#1354=VECTOR('',#4947,1.);
#1355=VECTOR('',#4950,1.);
#1356=VECTOR('',#4951,1.);
#1357=VECTOR('',#4952,1.);
#1358=VECTOR('',#4955,1.);
#1359=VECTOR('',#4956,1.);
#1360=VECTOR('',#4957,1.);
#1361=VECTOR('',#4960,1.);
#1362=VECTOR('',#4961,1.);
#1363=VECTOR('',#4962,1.);
#1364=VECTOR('',#4965,1.);
#1365=VECTOR('',#4966,1.);
#1366=VECTOR('',#4967,1.);
#1367=VECTOR('',#4970,1.);
#1368=VECTOR('',#4971,1.);
#1369=VECTOR('',#4972,1.);
#1370=VECTOR('',#4975,1.);
#1371=VECTOR('',#4976,1.);
#1372=VECTOR('',#4983,1.);
#1373=VECTOR('',#4984,1.);
#1374=VECTOR('',#4985,1.);
#1375=VECTOR('',#4986,1.00000000000064);
#1376=VECTOR('',#4987,1.);
#1377=VECTOR('',#4988,1.00000000000064);
#1378=VECTOR('',#4991,1.);
#1379=VECTOR('',#4992,1.);
#1380=VECTOR('',#4993,1.);
#1381=VECTOR('',#4996,1.00000000000064);
#1382=VECTOR('',#4997,1.);
#1383=VECTOR('',#5000,1.);
#1384=VECTOR('',#5001,1.);
#1385=VECTOR('',#5004,1.);
#1386=VECTOR('',#5005,1.);
#1387=VECTOR('',#5008,1.);
#1388=VECTOR('',#5009,1.);
#1389=VECTOR('',#5012,1.00000000000064);
#1390=VECTOR('',#5017,1.);
#1391=VECTOR('',#5018,1.);
#1392=VECTOR('',#5019,1.);
#1393=VECTOR('',#5020,1.00000000000064);
#1394=VECTOR('',#5021,1.);
#1395=VECTOR('',#5022,1.00000000000064);
#1396=VECTOR('',#5025,1.);
#1397=VECTOR('',#5026,1.);
#1398=VECTOR('',#5027,1.);
#1399=VECTOR('',#5030,1.00000000000064);
#1400=VECTOR('',#5031,1.);
#1401=VECTOR('',#5034,1.);
#1402=VECTOR('',#5035,1.);
#1403=VECTOR('',#5038,1.);
#1404=VECTOR('',#5039,1.);
#1405=VECTOR('',#5042,1.);
#1406=VECTOR('',#5043,1.);
#1407=VECTOR('',#5046,1.00000000000064);
#1408=VECTOR('',#5051,1.);
#1409=VECTOR('',#5052,1.);
#1410=VECTOR('',#5053,1.);
#1411=VECTOR('',#5054,1.00000000000064);
#1412=VECTOR('',#5055,1.);
#1413=VECTOR('',#5056,1.00000000000064);
#1414=VECTOR('',#5059,1.);
#1415=VECTOR('',#5060,1.);
#1416=VECTOR('',#5061,1.);
#1417=VECTOR('',#5064,1.00000000000064);
#1418=VECTOR('',#5065,1.);
#1419=VECTOR('',#5068,1.);
#1420=VECTOR('',#5069,1.);
#1421=VECTOR('',#5072,1.);
#1422=VECTOR('',#5073,1.);
#1423=VECTOR('',#5076,1.);
#1424=VECTOR('',#5077,1.);
#1425=VECTOR('',#5080,1.00000000000064);
#1426=VECTOR('',#5085,1.);
#1427=VECTOR('',#5086,1.);
#1428=VECTOR('',#5087,1.);
#1429=VECTOR('',#5088,1.);
#1430=VECTOR('',#5091,1.);
#1431=VECTOR('',#5092,1.);
#1432=VECTOR('',#5093,1.);
#1433=VECTOR('',#5096,1.);
#1434=VECTOR('',#5097,1.);
#1435=VECTOR('',#5098,1.);
#1436=VECTOR('',#5101,1.);
#1437=VECTOR('',#5102,1.);
#1438=VECTOR('',#5103,1.);
#1439=VECTOR('',#5106,1.);
#1440=VECTOR('',#5107,1.);
#1441=VECTOR('',#5108,1.00000000000064);
#1442=VECTOR('',#5109,1.00000000000064);
#1443=VECTOR('',#5110,1.);
#1444=VECTOR('',#5111,1.);
#1445=VECTOR('',#5114,1.);
#1446=VECTOR('',#5115,1.);
#1447=VECTOR('',#5118,1.);
#1448=VECTOR('',#5119,1.);
#1449=VECTOR('',#5120,1.);
#1450=VECTOR('',#5123,1.);
#1451=VECTOR('',#5126,1.);
#1452=VECTOR('',#5127,1.);
#1453=VECTOR('',#5130,1.);
#1454=VECTOR('',#5131,1.);
#1455=VECTOR('',#5132,1.);
#1456=VECTOR('',#5135,1.);
#1457=VECTOR('',#5138,1.);
#1458=VECTOR('',#5139,1.);
#1459=VECTOR('',#5140,1.);
#1460=VECTOR('',#5143,1.);
#1461=VECTOR('',#5144,1.);
#1462=VECTOR('',#5147,1.);
#1463=VECTOR('',#5148,1.);
#1464=VECTOR('',#5151,1.00000000000064);
#1465=VECTOR('',#5152,1.);
#1466=VECTOR('',#5155,1.00000000000064);
#1467=VECTOR('',#5156,1.);
#1468=VECTOR('',#5159,1.);
#1469=VECTOR('',#5160,1.);
#1470=VECTOR('',#5163,1.);
#1471=VERTEX_POINT('',#5175);
#1472=VERTEX_POINT('',#5176);
#1473=VERTEX_POINT('',#5178);
#1474=VERTEX_POINT('',#5180);
#1475=VERTEX_POINT('',#5182);
#1476=VERTEX_POINT('',#5186);
#1477=VERTEX_POINT('',#5187);
#1478=VERTEX_POINT('',#5192);
#1479=VERTEX_POINT('',#5196);
#1480=VERTEX_POINT('',#5197);
#1481=VERTEX_POINT('',#5202);
#1482=VERTEX_POINT('',#5206);
#1483=VERTEX_POINT('',#5208);
#1484=VERTEX_POINT('',#5212);
#1485=VERTEX_POINT('',#5216);
#1486=VERTEX_POINT('',#5218);
#1487=VERTEX_POINT('',#5220);
#1488=VERTEX_POINT('',#5222);
#1489=VERTEX_POINT('',#5224);
#1490=VERTEX_POINT('',#5226);
#1491=VERTEX_POINT('',#5228);
#1492=VERTEX_POINT('',#5230);
#1493=VERTEX_POINT('',#5232);
#1494=VERTEX_POINT('',#5235);
#1495=VERTEX_POINT('',#5236);
#1496=VERTEX_POINT('',#5238);
#1497=VERTEX_POINT('',#5240);
#1498=VERTEX_POINT('',#5244);
#1499=VERTEX_POINT('',#5249);
#1500=VERTEX_POINT('',#5251);
#1501=VERTEX_POINT('',#5253);
#1502=VERTEX_POINT('',#5255);
#1503=VERTEX_POINT('',#5257);
#1504=VERTEX_POINT('',#5259);
#1505=VERTEX_POINT('',#5261);
#1506=VERTEX_POINT('',#5263);
#1507=VERTEX_POINT('',#5266);
#1508=VERTEX_POINT('',#5267);
#1509=VERTEX_POINT('',#5269);
#1510=VERTEX_POINT('',#5271);
#1511=VERTEX_POINT('',#5275);
#1512=VERTEX_POINT('',#5279);
#1513=VERTEX_POINT('',#5283);
#1514=VERTEX_POINT('',#5285);
#1515=VERTEX_POINT('',#5295);
#1516=VERTEX_POINT('',#5297);
#1517=VERTEX_POINT('',#5301);
#1518=VERTEX_POINT('',#5303);
#1519=VERTEX_POINT('',#5317);
#1520=VERTEX_POINT('',#5319);
#1521=VERTEX_POINT('',#5331);
#1522=VERTEX_POINT('',#5333);
#1523=VERTEX_POINT('',#5337);
#1524=VERTEX_POINT('',#5339);
#1525=VERTEX_POINT('',#5341);
#1526=VERTEX_POINT('',#5343);
#1527=VERTEX_POINT('',#5346);
#1528=VERTEX_POINT('',#5347);
#1529=VERTEX_POINT('',#5349);
#1530=VERTEX_POINT('',#5351);
#1531=VERTEX_POINT('',#5354);
#1532=VERTEX_POINT('',#5355);
#1533=VERTEX_POINT('',#5357);
#1534=VERTEX_POINT('',#5359);
#1535=VERTEX_POINT('',#5363);
#1536=VERTEX_POINT('',#5365);
#1537=VERTEX_POINT('',#5367);
#1538=VERTEX_POINT('',#5369);
#1539=VERTEX_POINT('',#5373);
#1540=VERTEX_POINT('',#5375);
#1541=VERTEX_POINT('',#5379);
#1542=VERTEX_POINT('',#5381);
#1543=VERTEX_POINT('',#5383);
#1544=VERTEX_POINT('',#5385);
#1545=VERTEX_POINT('',#5387);
#1546=VERTEX_POINT('',#5389);
#1547=VERTEX_POINT('',#5393);
#1548=VERTEX_POINT('',#5395);
#1549=VERTEX_POINT('',#5397);
#1550=VERTEX_POINT('',#5399);
#1551=VERTEX_POINT('',#5401);
#1552=VERTEX_POINT('',#5403);
#1553=VERTEX_POINT('',#5407);
#1554=VERTEX_POINT('',#5411);
#1555=VERTEX_POINT('',#5417);
#1556=VERTEX_POINT('',#5419);
#1557=VERTEX_POINT('',#5423);
#1558=VERTEX_POINT('',#5425);
#1559=VERTEX_POINT('',#5429);
#1560=VERTEX_POINT('',#5433);
#1561=VERTEX_POINT('',#5437);
#1562=VERTEX_POINT('',#5439);
#1563=VERTEX_POINT('',#5445);
#1564=VERTEX_POINT('',#5447);
#1565=VERTEX_POINT('',#5451);
#1566=VERTEX_POINT('',#5453);
#1567=VERTEX_POINT('',#5461);
#1568=VERTEX_POINT('',#5465);
#1569=VERTEX_POINT('',#5469);
#1570=VERTEX_POINT('',#5471);
#1571=VERTEX_POINT('',#5475);
#1572=VERTEX_POINT('',#5479);
#1573=VERTEX_POINT('',#5481);
#1574=VERTEX_POINT('',#5485);
#1575=VERTEX_POINT('',#5487);
#1576=VERTEX_POINT('',#5491);
#1577=VERTEX_POINT('',#5492);
#1578=VERTEX_POINT('',#5497);
#1579=VERTEX_POINT('',#5501);
#1580=VERTEX_POINT('',#5507);
#1581=VERTEX_POINT('',#5508);
#1582=VERTEX_POINT('',#5513);
#1583=VERTEX_POINT('',#5517);
#1584=VERTEX_POINT('',#5523);
#1585=VERTEX_POINT('',#5527);
#1586=VERTEX_POINT('',#5529);
#1587=VERTEX_POINT('',#5533);
#1588=VERTEX_POINT('',#5535);
#1589=VERTEX_POINT('',#5539);
#1590=VERTEX_POINT('',#5541);
#1591=VERTEX_POINT('',#5545);
#1592=VERTEX_POINT('',#5549);
#1593=VERTEX_POINT('',#5553);
#1594=VERTEX_POINT('',#5555);
#1595=VERTEX_POINT('',#5557);
#1596=VERTEX_POINT('',#5559);
#1597=VERTEX_POINT('',#5561);
#1598=VERTEX_POINT('',#5563);
#1599=VERTEX_POINT('',#5572);
#1600=VERTEX_POINT('',#5573);
#1601=VERTEX_POINT('',#5576);
#1602=VERTEX_POINT('',#5578);
#1603=VERTEX_POINT('',#5587);
#1604=VERTEX_POINT('',#5591);
#1605=VERTEX_POINT('',#5592);
#1606=VERTEX_POINT('',#5594);
#1607=VERTEX_POINT('',#5596);
#1608=VERTEX_POINT('',#5601);
#1609=VERTEX_POINT('',#5615);
#1610=VERTEX_POINT('',#5622);
#1611=VERTEX_POINT('',#5626);
#1612=VERTEX_POINT('',#5630);
#1613=VERTEX_POINT('',#5632);
#1614=VERTEX_POINT('',#5636);
#1615=VERTEX_POINT('',#5640);
#1616=VERTEX_POINT('',#5644);
#1617=VERTEX_POINT('',#5646);
#1618=VERTEX_POINT('',#5650);
#1619=VERTEX_POINT('',#5654);
#1620=VERTEX_POINT('',#5658);
#1621=VERTEX_POINT('',#5660);
#1622=VERTEX_POINT('',#5664);
#1623=VERTEX_POINT('',#5668);
#1624=VERTEX_POINT('',#5670);
#1625=VERTEX_POINT('',#5676);
#1626=VERTEX_POINT('',#5678);
#1627=VERTEX_POINT('',#5682);
#1628=VERTEX_POINT('',#5684);
#1629=VERTEX_POINT('',#5688);
#1630=VERTEX_POINT('',#5692);
#1631=VERTEX_POINT('',#5694);
#1632=VERTEX_POINT('',#5698);
#1633=VERTEX_POINT('',#5702);
#1634=VERTEX_POINT('',#5703);
#1635=VERTEX_POINT('',#5706);
#1636=VERTEX_POINT('',#5708);
#1637=VERTEX_POINT('',#5712);
#1638=VERTEX_POINT('',#5714);
#1639=VERTEX_POINT('',#5718);
#1640=VERTEX_POINT('',#5722);
#1641=VERTEX_POINT('',#5740);
#1642=VERTEX_POINT('',#5742);
#1643=VERTEX_POINT('',#5744);
#1644=VERTEX_POINT('',#5752);
#1645=VERTEX_POINT('',#5754);
#1646=VERTEX_POINT('',#5756);
#1647=VERTEX_POINT('',#5760);
#1648=VERTEX_POINT('',#5762);
#1649=VERTEX_POINT('',#5764);
#1650=VERTEX_POINT('',#5768);
#1651=VERTEX_POINT('',#5772);
#1652=VERTEX_POINT('',#5778);
#1653=VERTEX_POINT('',#5780);
#1654=VERTEX_POINT('',#5782);
#1655=VERTEX_POINT('',#5786);
#1656=VERTEX_POINT('',#5788);
#1657=VERTEX_POINT('',#5790);
#1658=VERTEX_POINT('',#5794);
#1659=VERTEX_POINT('',#5798);
#1660=VERTEX_POINT('',#5804);
#1661=VERTEX_POINT('',#5806);
#1662=VERTEX_POINT('',#5808);
#1663=VERTEX_POINT('',#5812);
#1664=VERTEX_POINT('',#5814);
#1665=VERTEX_POINT('',#5816);
#1666=VERTEX_POINT('',#5820);
#1667=VERTEX_POINT('',#5824);
#1668=VERTEX_POINT('',#5830);
#1669=VERTEX_POINT('',#5832);
#1670=VERTEX_POINT('',#5834);
#1671=VERTEX_POINT('',#5838);
#1672=VERTEX_POINT('',#5842);
#1673=VERTEX_POINT('',#5852);
#1674=VERTEX_POINT('',#5858);
#1675=VERTEX_POINT('',#5865);
#1676=VERTEX_POINT('',#5869);
#1677=VERTEX_POINT('',#5871);
#1678=VERTEX_POINT('',#5877);
#1679=VERTEX_POINT('',#5913);
#1680=VERTEX_POINT('',#5914);
#1681=VERTEX_POINT('',#5916);
#1682=VERTEX_POINT('',#5918);
#1683=VERTEX_POINT('',#5922);
#1684=VERTEX_POINT('',#5924);
#1685=VERTEX_POINT('',#5928);
#1686=VERTEX_POINT('',#5930);
#1687=VERTEX_POINT('',#5934);
#1688=VERTEX_POINT('',#5936);
#1689=VERTEX_POINT('',#5940);
#1690=VERTEX_POINT('',#5942);
#1691=VERTEX_POINT('',#5946);
#1692=VERTEX_POINT('',#5948);
#1693=VERTEX_POINT('',#5952);
#1694=VERTEX_POINT('',#5954);
#1695=VERTEX_POINT('',#5958);
#1696=VERTEX_POINT('',#5960);
#1697=VERTEX_POINT('',#5964);
#1698=VERTEX_POINT('',#5966);
#1699=VERTEX_POINT('',#5970);
#1700=VERTEX_POINT('',#5972);
#1701=VERTEX_POINT('',#5976);
#1702=VERTEX_POINT('',#5978);
#1703=VERTEX_POINT('',#5987);
#1704=VERTEX_POINT('',#5988);
#1705=VERTEX_POINT('',#5990);
#1706=VERTEX_POINT('',#5992);
#1707=VERTEX_POINT('',#5994);
#1708=VERTEX_POINT('',#5996);
#1709=VERTEX_POINT('',#6000);
#1710=VERTEX_POINT('',#6001);
#1711=VERTEX_POINT('',#6006);
#1712=VERTEX_POINT('',#6010);
#1713=VERTEX_POINT('',#6014);
#1714=VERTEX_POINT('',#6018);
#1715=VERTEX_POINT('',#6025);
#1716=VERTEX_POINT('',#6026);
#1717=VERTEX_POINT('',#6028);
#1718=VERTEX_POINT('',#6030);
#1719=VERTEX_POINT('',#6032);
#1720=VERTEX_POINT('',#6034);
#1721=VERTEX_POINT('',#6038);
#1722=VERTEX_POINT('',#6039);
#1723=VERTEX_POINT('',#6044);
#1724=VERTEX_POINT('',#6048);
#1725=VERTEX_POINT('',#6052);
#1726=VERTEX_POINT('',#6056);
#1727=VERTEX_POINT('',#6063);
#1728=VERTEX_POINT('',#6064);
#1729=VERTEX_POINT('',#6066);
#1730=VERTEX_POINT('',#6068);
#1731=VERTEX_POINT('',#6070);
#1732=VERTEX_POINT('',#6072);
#1733=VERTEX_POINT('',#6076);
#1734=VERTEX_POINT('',#6077);
#1735=VERTEX_POINT('',#6082);
#1736=VERTEX_POINT('',#6086);
#1737=VERTEX_POINT('',#6090);
#1738=VERTEX_POINT('',#6094);
#1739=VERTEX_POINT('',#6101);
#1740=VERTEX_POINT('',#6102);
#1741=VERTEX_POINT('',#6104);
#1742=VERTEX_POINT('',#6106);
#1743=VERTEX_POINT('',#6110);
#1744=VERTEX_POINT('',#6112);
#1745=VERTEX_POINT('',#6116);
#1746=VERTEX_POINT('',#6118);
#1747=VERTEX_POINT('',#6122);
#1748=VERTEX_POINT('',#6124);
#1749=VERTEX_POINT('',#6128);
#1750=VERTEX_POINT('',#6130);
#1751=VERTEX_POINT('',#6132);
#1752=VERTEX_POINT('',#6134);
#1753=VERTEX_POINT('',#6136);
#1754=VERTEX_POINT('',#6140);
#1755=VERTEX_POINT('',#6144);
#1756=VERTEX_POINT('',#6145);
#1757=VERTEX_POINT('',#6152);
#1758=VERTEX_POINT('',#6156);
#1759=VERTEX_POINT('',#6158);
#1760=VERTEX_POINT('',#6168);
#1761=VERTEX_POINT('',#6172);
#1762=VERTEX_POINT('',#6176);
#1763=VERTEX_POINT('',#6180);
#1764=VERTEX_POINT('',#6184);
#1765=EDGE_CURVE('',#1471,#1472,#513,.T.);
#1766=EDGE_CURVE('',#1473,#1471,#514,.T.);
#1767=EDGE_CURVE('',#1473,#1474,#515,.T.);
#1768=EDGE_CURVE('',#1474,#1475,#516,.T.);
#1769=EDGE_CURVE('',#1472,#1475,#489,.T.);
#1770=EDGE_CURVE('',#1476,#1477,#517,.T.);
#1771=EDGE_CURVE('',#1476,#1471,#518,.T.);
#1772=EDGE_CURVE('',#1477,#1472,#519,.T.);
#1773=EDGE_CURVE('',#1478,#1475,#520,.T.);
#1774=EDGE_CURVE('',#1477,#1478,#490,.T.);
#1775=EDGE_CURVE('',#1479,#1480,#521,.T.);
#1776=EDGE_CURVE('',#1479,#1473,#522,.T.);
#1777=EDGE_CURVE('',#1480,#1471,#523,.T.);
#1778=EDGE_CURVE('',#1481,#1478,#524,.T.);
#1779=EDGE_CURVE('',#1481,#1474,#525,.T.);
#1780=EDGE_CURVE('',#1473,#1482,#526,.T.);
#1781=EDGE_CURVE('',#1482,#1483,#527,.T.);
#1782=EDGE_CURVE('',#1474,#1483,#528,.T.);
#1783=EDGE_CURVE('',#1484,#1481,#529,.T.);
#1784=EDGE_CURVE('',#1484,#1476,#530,.T.);
#1785=EDGE_CURVE('',#1476,#1485,#531,.T.);
#1786=EDGE_CURVE('',#1485,#1486,#532,.T.);
#1787=EDGE_CURVE('',#1486,#1487,#533,.T.);
#1788=EDGE_CURVE('',#1487,#1488,#534,.T.);
#1789=EDGE_CURVE('',#1488,#1489,#535,.T.);
#1790=EDGE_CURVE('',#1489,#1490,#536,.T.);
#1791=EDGE_CURVE('',#1490,#1491,#537,.T.);
#1792=EDGE_CURVE('',#1491,#1492,#538,.T.);
#1793=EDGE_CURVE('',#1492,#1493,#539,.T.);
#1794=EDGE_CURVE('',#1480,#1493,#540,.T.);
#1795=EDGE_CURVE('',#1494,#1495,#541,.T.);
#1796=EDGE_CURVE('',#1495,#1496,#542,.T.);
#1797=EDGE_CURVE('',#1496,#1497,#543,.T.);
#1798=EDGE_CURVE('',#1497,#1494,#544,.T.);
#1799=EDGE_CURVE('',#1498,#1493,#545,.T.);
#1800=EDGE_CURVE('',#1479,#1498,#546,.T.);
#1801=EDGE_CURVE('',#1484,#1473,#547,.T.);
#1802=EDGE_CURVE('',#1499,#1498,#548,.T.);
#1803=EDGE_CURVE('',#1500,#1499,#549,.T.);
#1804=EDGE_CURVE('',#1501,#1500,#550,.T.);
#1805=EDGE_CURVE('',#1502,#1501,#551,.T.);
#1806=EDGE_CURVE('',#1503,#1502,#552,.T.);
#1807=EDGE_CURVE('',#1504,#1503,#553,.T.);
#1808=EDGE_CURVE('',#1505,#1504,#554,.T.);
#1809=EDGE_CURVE('',#1506,#1505,#555,.T.);
#1810=EDGE_CURVE('',#1484,#1506,#556,.T.);
#1811=EDGE_CURVE('',#1507,#1508,#557,.T.);
#1812=EDGE_CURVE('',#1509,#1507,#558,.T.);
#1813=EDGE_CURVE('',#1510,#1509,#559,.T.);
#1814=EDGE_CURVE('',#1508,#1510,#560,.T.);
#1815=EDGE_CURVE('',#1481,#1511,#561,.T.);
#1816=EDGE_CURVE('',#1511,#1483,#562,.T.);
#1817=EDGE_CURVE('',#1484,#1512,#563,.T.);
#1818=EDGE_CURVE('',#1512,#1482,#564,.T.);
#1819=EDGE_CURVE('',#1482,#1513,#565,.T.);
#1820=EDGE_CURVE('',#1513,#1514,#566,.T.);
#1821=EDGE_CURVE('',#1483,#1514,#567,.T.);
#1822=EDGE_CURVE('',#1506,#1485,#568,.T.);
#1823=EDGE_CURVE('',#1512,#1511,#569,.T.);
#1824=EDGE_CURVE('',#1505,#1486,#570,.T.);
#1825=EDGE_CURVE('',#1486,#1515,#571,.T.);
#1826=EDGE_CURVE('',#1515,#1516,#572,.T.);
#1827=EDGE_CURVE('',#1487,#1516,#573,.T.);
#1828=EDGE_CURVE('',#1492,#1517,#574,.T.);
#1829=EDGE_CURVE('',#1517,#1518,#575,.T.);
#1830=EDGE_CURVE('',#1493,#1518,#576,.T.);
#1831=EDGE_CURVE('',#1504,#1487,#577,.T.);
#1832=EDGE_CURVE('',#1503,#1488,#578,.T.);
#1833=EDGE_CURVE('',#1500,#1491,#579,.T.);
#1834=EDGE_CURVE('',#1499,#1492,#580,.T.);
#1835=EDGE_CURVE('',#1502,#1489,#581,.T.);
#1836=EDGE_CURVE('',#1501,#1490,#582,.T.);
#1837=EDGE_CURVE('',#1489,#1519,#583,.T.);
#1838=EDGE_CURVE('',#1519,#1520,#584,.T.);
#1839=EDGE_CURVE('',#1490,#1520,#585,.T.);
#1840=EDGE_CURVE('',#1494,#1507,#586,.T.);
#1841=EDGE_CURVE('',#1495,#1508,#587,.T.);
#1842=EDGE_CURVE('',#1497,#1509,#588,.T.);
#1843=EDGE_CURVE('',#1496,#1510,#589,.T.);
#1844=EDGE_CURVE('',#1518,#1521,#491,.T.);
#1845=EDGE_CURVE('',#1522,#1521,#590,.T.);
#1846=EDGE_CURVE('',#1498,#1522,#591,.T.);
#1847=EDGE_CURVE('',#1505,#1523,#592,.T.);
#1848=EDGE_CURVE('',#1504,#1524,#593,.T.);
#1849=EDGE_CURVE('',#1525,#1524,#594,.T.);
#1850=EDGE_CURVE('',#1526,#1525,#595,.T.);
#1851=EDGE_CURVE('',#1523,#1526,#596,.T.);
#1852=EDGE_CURVE('',#1527,#1528,#597,.T.);
#1853=EDGE_CURVE('',#1528,#1529,#598,.T.);
#1854=EDGE_CURVE('',#1529,#1530,#599,.T.);
#1855=EDGE_CURVE('',#1530,#1527,#600,.T.);
#1856=EDGE_CURVE('',#1531,#1532,#601,.T.);
#1857=EDGE_CURVE('',#1533,#1531,#602,.T.);
#1858=EDGE_CURVE('',#1534,#1533,#603,.T.);
#1859=EDGE_CURVE('',#1532,#1534,#604,.T.);
#1860=EDGE_CURVE('',#1499,#1535,#605,.T.);
#1861=EDGE_CURVE('',#1498,#1536,#606,.T.);
#1862=EDGE_CURVE('',#1537,#1536,#607,.T.);
#1863=EDGE_CURVE('',#1538,#1537,#608,.T.);
#1864=EDGE_CURVE('',#1535,#1538,#609,.T.);
#1865=EDGE_CURVE('',#1502,#1539,#610,.T.);
#1866=EDGE_CURVE('',#1501,#1540,#611,.T.);
#1867=EDGE_CURVE('',#1539,#1540,#612,.T.);
#1868=EDGE_CURVE('',#1483,#1541,#613,.T.);
#1869=EDGE_CURVE('',#1542,#1541,#614,.T.);
#1870=EDGE_CURVE('',#1543,#1542,#492,.T.);
#1871=EDGE_CURVE('',#1544,#1543,#615,.T.);
#1872=EDGE_CURVE('',#1545,#1544,#493,.T.);
#1873=EDGE_CURVE('',#1546,#1545,#616,.T.);
#1874=EDGE_CURVE('',#1511,#1546,#617,.T.);
#1875=EDGE_CURVE('',#1512,#1547,#618,.T.);
#1876=EDGE_CURVE('',#1547,#1548,#619,.T.);
#1877=EDGE_CURVE('',#1548,#1549,#494,.T.);
#1878=EDGE_CURVE('',#1549,#1550,#620,.T.);
#1879=EDGE_CURVE('',#1550,#1551,#495,.T.);
#1880=EDGE_CURVE('',#1551,#1552,#621,.T.);
#1881=EDGE_CURVE('',#1482,#1552,#622,.T.);
#1882=EDGE_CURVE('',#1552,#1553,#623,.T.);
#1883=EDGE_CURVE('',#1513,#1553,#624,.T.);
#1884=EDGE_CURVE('',#1514,#1554,#625,.T.);
#1885=EDGE_CURVE('',#1541,#1554,#626,.T.);
#1886=EDGE_CURVE('',#1553,#1554,#627,.T.);
#1887=EDGE_CURVE('',#1512,#1555,#628,.T.);
#1888=EDGE_CURVE('',#1511,#1556,#629,.T.);
#1889=EDGE_CURVE('',#1555,#1556,#630,.T.);
#1890=EDGE_CURVE('',#1505,#1557,#631,.T.);
#1891=EDGE_CURVE('',#1557,#1558,#632,.T.);
#1892=EDGE_CURVE('',#1515,#1558,#496,.T.);
#1893=EDGE_CURVE('',#1558,#1559,#633,.T.);
#1894=EDGE_CURVE('',#1516,#1559,#497,.T.);
#1895=EDGE_CURVE('',#1560,#1559,#634,.T.);
#1896=EDGE_CURVE('',#1504,#1560,#635,.T.);
#1897=EDGE_CURVE('',#1499,#1561,#636,.T.);
#1898=EDGE_CURVE('',#1561,#1562,#637,.T.);
#1899=EDGE_CURVE('',#1517,#1562,#498,.T.);
#1900=EDGE_CURVE('',#1562,#1521,#638,.T.);
#1901=EDGE_CURVE('',#1502,#1563,#639,.T.);
#1902=EDGE_CURVE('',#1563,#1564,#640,.T.);
#1903=EDGE_CURVE('',#1519,#1564,#499,.T.);
#1904=EDGE_CURVE('',#1520,#1565,#500,.T.);
#1905=EDGE_CURVE('',#1566,#1565,#641,.T.);
#1906=EDGE_CURVE('',#1501,#1566,#642,.T.);
#1907=EDGE_CURVE('',#1564,#1565,#643,.T.);
#1908=EDGE_CURVE('',#1561,#1522,#644,.T.);
#1909=EDGE_CURVE('',#1522,#1567,#645,.T.);
#1910=EDGE_CURVE('',#1536,#1567,#646,.T.);
#1911=EDGE_CURVE('',#1523,#1568,#647,.T.);
#1912=EDGE_CURVE('',#1557,#1568,#648,.T.);
#1913=EDGE_CURVE('',#1523,#1569,#649,.T.);
#1914=EDGE_CURVE('',#1526,#1570,#650,.T.);
#1915=EDGE_CURVE('',#1569,#1570,#651,.T.);
#1916=EDGE_CURVE('',#1560,#1571,#652,.T.);
#1917=EDGE_CURVE('',#1524,#1571,#653,.T.);
#1918=EDGE_CURVE('',#1572,#1525,#654,.T.);
#1919=EDGE_CURVE('',#1573,#1572,#655,.T.);
#1920=EDGE_CURVE('',#1526,#1573,#656,.T.);
#1921=EDGE_CURVE('',#1525,#1574,#657,.T.);
#1922=EDGE_CURVE('',#1524,#1575,#658,.T.);
#1923=EDGE_CURVE('',#1574,#1575,#659,.T.);
#1924=EDGE_CURVE('',#1576,#1577,#660,.T.);
#1925=EDGE_CURVE('',#1576,#1528,#661,.T.);
#1926=EDGE_CURVE('',#1577,#1527,#662,.T.);
#1927=EDGE_CURVE('',#1578,#1576,#663,.T.);
#1928=EDGE_CURVE('',#1578,#1529,#664,.T.);
#1929=EDGE_CURVE('',#1579,#1578,#665,.T.);
#1930=EDGE_CURVE('',#1579,#1530,#666,.T.);
#1931=EDGE_CURVE('',#1577,#1579,#667,.T.);
#1932=EDGE_CURVE('',#1580,#1581,#668,.T.);
#1933=EDGE_CURVE('',#1580,#1531,#669,.T.);
#1934=EDGE_CURVE('',#1581,#1532,#670,.T.);
#1935=EDGE_CURVE('',#1582,#1580,#671,.T.);
#1936=EDGE_CURVE('',#1582,#1533,#672,.T.);
#1937=EDGE_CURVE('',#1581,#1583,#673,.T.);
#1938=EDGE_CURVE('',#1583,#1534,#674,.T.);
#1939=EDGE_CURVE('',#1583,#1582,#675,.T.);
#1940=EDGE_CURVE('',#1535,#1584,#676,.T.);
#1941=EDGE_CURVE('',#1561,#1584,#677,.T.);
#1942=EDGE_CURVE('',#1535,#1585,#678,.T.);
#1943=EDGE_CURVE('',#1538,#1586,#679,.T.);
#1944=EDGE_CURVE('',#1585,#1586,#680,.T.);
#1945=EDGE_CURVE('',#1587,#1537,#681,.T.);
#1946=EDGE_CURVE('',#1588,#1587,#682,.T.);
#1947=EDGE_CURVE('',#1538,#1588,#683,.T.);
#1948=EDGE_CURVE('',#1537,#1589,#684,.T.);
#1949=EDGE_CURVE('',#1536,#1590,#685,.T.);
#1950=EDGE_CURVE('',#1589,#1590,#686,.T.);
#1951=EDGE_CURVE('',#1539,#1591,#687,.T.);
#1952=EDGE_CURVE('',#1563,#1591,#688,.T.);
#1953=EDGE_CURVE('',#1566,#1592,#689,.T.);
#1954=EDGE_CURVE('',#1540,#1592,#690,.T.);
#1955=EDGE_CURVE('',#1540,#1593,#691,.T.);
#1956=EDGE_CURVE('',#1594,#1593,#692,.T.);
#1957=EDGE_CURVE('',#1595,#1594,#501,.T.);
#1958=EDGE_CURVE('',#1596,#1595,#693,.T.);
#1959=EDGE_CURVE('',#1597,#1596,#502,.T.);
#1960=EDGE_CURVE('',#1598,#1597,#694,.T.);
#1961=EDGE_CURVE('',#1539,#1598,#695,.T.);
#1962=EDGE_CURVE('',#1552,#1541,#696,.T.);
#1963=EDGE_CURVE('',#1542,#1551,#697,.T.);
#1964=EDGE_CURVE('',#1543,#1550,#698,.T.);
#1965=EDGE_CURVE('',#1599,#1600,#699,.T.);
#1966=EDGE_CURVE('',#1600,#1544,#700,.T.);
#1967=EDGE_CURVE('',#1543,#1601,#701,.T.);
#1968=EDGE_CURVE('',#1601,#1602,#702,.T.);
#1969=EDGE_CURVE('',#1602,#1599,#703,.T.);
#1970=EDGE_CURVE('',#1544,#1549,#704,.T.);
#1971=EDGE_CURVE('',#1545,#1548,#705,.T.);
#1972=EDGE_CURVE('',#1547,#1546,#706,.T.);
#1973=EDGE_CURVE('',#1546,#1603,#707,.T.);
#1974=EDGE_CURVE('',#1556,#1603,#708,.T.);
#1975=EDGE_CURVE('',#1604,#1605,#709,.T.);
#1976=EDGE_CURVE('',#1605,#1606,#710,.T.);
#1977=EDGE_CURVE('',#1606,#1607,#711,.T.);
#1978=EDGE_CURVE('',#1607,#1550,#712,.T.);
#1979=EDGE_CURVE('',#1549,#1604,#713,.T.);
#1980=EDGE_CURVE('',#1555,#1608,#714,.T.);
#1981=EDGE_CURVE('',#1547,#1608,#715,.T.);
#1982=EDGE_CURVE('',#1608,#1603,#716,.T.);
#1983=EDGE_CURVE('',#1557,#1560,#717,.T.);
#1984=EDGE_CURVE('',#1563,#1566,#718,.T.);
#1985=EDGE_CURVE('',#1584,#1588,#719,.T.);
#1986=EDGE_CURVE('',#1587,#1567,#720,.T.);
#1987=EDGE_CURVE('',#1567,#1609,#721,.T.);
#1988=EDGE_CURVE('',#1590,#1609,#722,.T.);
#1989=EDGE_CURVE('',#1568,#1573,#723,.T.);
#1990=EDGE_CURVE('',#1572,#1571,#724,.T.);
#1991=EDGE_CURVE('',#1568,#1610,#725,.T.);
#1992=EDGE_CURVE('',#1610,#1569,#726,.T.);
#1993=EDGE_CURVE('',#1573,#1611,#727,.T.);
#1994=EDGE_CURVE('',#1570,#1611,#728,.T.);
#1995=EDGE_CURVE('',#1569,#1612,#729,.T.);
#1996=EDGE_CURVE('',#1570,#1613,#730,.T.);
#1997=EDGE_CURVE('',#1612,#1613,#731,.T.);
#1998=EDGE_CURVE('',#1571,#1614,#732,.T.);
#1999=EDGE_CURVE('',#1575,#1614,#733,.T.);
#2000=EDGE_CURVE('',#1572,#1615,#734,.T.);
#2001=EDGE_CURVE('',#1615,#1574,#735,.T.);
#2002=EDGE_CURVE('',#1574,#1616,#736,.T.);
#2003=EDGE_CURVE('',#1575,#1617,#737,.T.);
#2004=EDGE_CURVE('',#1616,#1617,#738,.T.);
#2005=EDGE_CURVE('',#1584,#1618,#739,.T.);
#2006=EDGE_CURVE('',#1618,#1585,#740,.T.);
#2007=EDGE_CURVE('',#1588,#1619,#741,.T.);
#2008=EDGE_CURVE('',#1586,#1619,#742,.T.);
#2009=EDGE_CURVE('',#1585,#1620,#743,.T.);
#2010=EDGE_CURVE('',#1586,#1621,#744,.T.);
#2011=EDGE_CURVE('',#1620,#1621,#745,.T.);
#2012=EDGE_CURVE('',#1587,#1622,#746,.T.);
#2013=EDGE_CURVE('',#1622,#1589,#747,.T.);
#2014=EDGE_CURVE('',#1589,#1623,#748,.T.);
#2015=EDGE_CURVE('',#1590,#1624,#749,.T.);
#2016=EDGE_CURVE('',#1623,#1624,#750,.T.);
#2017=EDGE_CURVE('',#1591,#1592,#751,.T.);
#2018=EDGE_CURVE('',#1539,#1625,#752,.T.);
#2019=EDGE_CURVE('',#1625,#1626,#753,.T.);
#2020=EDGE_CURVE('',#1591,#1626,#754,.T.);
#2021=EDGE_CURVE('',#1540,#1627,#755,.T.);
#2022=EDGE_CURVE('',#1592,#1628,#756,.T.);
#2023=EDGE_CURVE('',#1627,#1628,#757,.T.);
#2024=EDGE_CURVE('',#1627,#1629,#758,.T.);
#2025=EDGE_CURVE('',#1593,#1629,#759,.T.);
#2026=EDGE_CURVE('',#1593,#1630,#760,.T.);
#2027=EDGE_CURVE('',#1631,#1630,#761,.T.);
#2028=EDGE_CURVE('',#1594,#1631,#762,.T.);
#2029=EDGE_CURVE('',#1632,#1631,#503,.T.);
#2030=EDGE_CURVE('',#1595,#1632,#763,.T.);
#2031=EDGE_CURVE('',#1633,#1634,#764,.T.);
#2032=EDGE_CURVE('',#1596,#1633,#765,.T.);
#2033=EDGE_CURVE('',#1635,#1595,#766,.T.);
#2034=EDGE_CURVE('',#1636,#1635,#767,.T.);
#2035=EDGE_CURVE('',#1634,#1636,#768,.T.);
#2036=EDGE_CURVE('',#1596,#1637,#769,.T.);
#2037=EDGE_CURVE('',#1638,#1637,#504,.T.);
#2038=EDGE_CURVE('',#1597,#1638,#770,.T.);
#2039=EDGE_CURVE('',#1639,#1638,#771,.T.);
#2040=EDGE_CURVE('',#1598,#1639,#772,.T.);
#2041=EDGE_CURVE('',#1598,#1640,#773,.T.);
#2042=EDGE_CURVE('',#1625,#1640,#774,.T.);
#2043=EDGE_CURVE('',#1601,#1607,#775,.T.);
#2044=EDGE_CURVE('',#1599,#1605,#776,.T.);
#2045=EDGE_CURVE('',#1600,#1604,#777,.T.);
#2046=EDGE_CURVE('',#1602,#1606,#778,.T.);
#2047=EDGE_CURVE('',#1619,#1618,#779,.T.);
#2048=EDGE_CURVE('',#1609,#1622,#780,.T.);
#2049=EDGE_CURVE('',#1609,#1641,#781,.T.);
#2050=EDGE_CURVE('',#1641,#1642,#505,.T.);
#2051=EDGE_CURVE('',#1643,#1642,#782,.T.);
#2052=EDGE_CURVE('',#1590,#1643,#783,.T.);
#2053=EDGE_CURVE('',#1611,#1610,#784,.T.);
#2054=EDGE_CURVE('',#1614,#1615,#785,.T.);
#2055=EDGE_CURVE('',#1610,#1644,#786,.T.);
#2056=EDGE_CURVE('',#1569,#1645,#787,.T.);
#2057=EDGE_CURVE('',#1646,#1645,#788,.T.);
#2058=EDGE_CURVE('',#1644,#1646,#506,.T.);
#2059=EDGE_CURVE('',#1611,#1647,#789,.T.);
#2060=EDGE_CURVE('',#1647,#1648,#507,.T.);
#2061=EDGE_CURVE('',#1649,#1648,#790,.T.);
#2062=EDGE_CURVE('',#1570,#1649,#791,.T.);
#2063=EDGE_CURVE('',#1612,#1650,#792,.T.);
#2064=EDGE_CURVE('',#1645,#1650,#793,.T.);
#2065=EDGE_CURVE('',#1649,#1651,#794,.T.);
#2066=EDGE_CURVE('',#1613,#1651,#795,.T.);
#2067=EDGE_CURVE('',#1650,#1651,#796,.T.);
#2068=EDGE_CURVE('',#1614,#1652,#797,.T.);
#2069=EDGE_CURVE('',#1652,#1653,#508,.T.);
#2070=EDGE_CURVE('',#1654,#1653,#798,.T.);
#2071=EDGE_CURVE('',#1575,#1654,#799,.T.);
#2072=EDGE_CURVE('',#1615,#1655,#800,.T.);
#2073=EDGE_CURVE('',#1574,#1656,#801,.T.);
#2074=EDGE_CURVE('',#1657,#1656,#802,.T.);
#2075=EDGE_CURVE('',#1655,#1657,#509,.T.);
#2076=EDGE_CURVE('',#1616,#1658,#803,.T.);
#2077=EDGE_CURVE('',#1656,#1658,#804,.T.);
#2078=EDGE_CURVE('',#1654,#1659,#805,.T.);
#2079=EDGE_CURVE('',#1617,#1659,#806,.T.);
#2080=EDGE_CURVE('',#1658,#1659,#807,.T.);
#2081=EDGE_CURVE('',#1618,#1660,#808,.T.);
#2082=EDGE_CURVE('',#1585,#1661,#809,.T.);
#2083=EDGE_CURVE('',#1662,#1661,#810,.T.);
#2084=EDGE_CURVE('',#1660,#1662,#510,.T.);
#2085=EDGE_CURVE('',#1619,#1663,#811,.T.);
#2086=EDGE_CURVE('',#1663,#1664,#511,.T.);
#2087=EDGE_CURVE('',#1665,#1664,#812,.T.);
#2088=EDGE_CURVE('',#1586,#1665,#813,.T.);
#2089=EDGE_CURVE('',#1620,#1666,#814,.T.);
#2090=EDGE_CURVE('',#1661,#1666,#815,.T.);
#2091=EDGE_CURVE('',#1665,#1667,#816,.T.);
#2092=EDGE_CURVE('',#1621,#1667,#817,.T.);
#2093=EDGE_CURVE('',#1666,#1667,#818,.T.);
#2094=EDGE_CURVE('',#1622,#1668,#819,.T.);
#2095=EDGE_CURVE('',#1589,#1669,#820,.T.);
#2096=EDGE_CURVE('',#1670,#1669,#821,.T.);
#2097=EDGE_CURVE('',#1668,#1670,#512,.T.);
#2098=EDGE_CURVE('',#1623,#1671,#822,.T.);
#2099=EDGE_CURVE('',#1669,#1671,#823,.T.);
#2100=EDGE_CURVE('',#1643,#1672,#824,.T.);
#2101=EDGE_CURVE('',#1624,#1672,#825,.T.);
#2102=EDGE_CURVE('',#1671,#1672,#826,.T.);
#2103=EDGE_CURVE('',#1591,#1639,#827,.T.);
#2104=EDGE_CURVE('',#1637,#1632,#828,.T.);
#2105=EDGE_CURVE('',#1592,#1630,#829,.T.);
#2106=EDGE_CURVE('',#1626,#1673,#830,.T.);
#2107=EDGE_CURVE('',#1639,#1673,#831,.T.);
#2108=EDGE_CURVE('',#1640,#1673,#832,.T.);
#2109=EDGE_CURVE('',#1630,#1674,#833,.T.);
#2110=EDGE_CURVE('',#1628,#1674,#834,.T.);
#2111=EDGE_CURVE('',#1629,#1674,#835,.T.);
#2112=EDGE_CURVE('',#1675,#1632,#836,.T.);
#2113=EDGE_CURVE('',#1635,#1675,#837,.T.);
#2114=EDGE_CURVE('',#1634,#1676,#838,.T.);
#2115=EDGE_CURVE('',#1677,#1676,#839,.T.);
#2116=EDGE_CURVE('',#1633,#1677,#840,.T.);
#2117=EDGE_CURVE('',#1637,#1677,#841,.T.);
#2118=EDGE_CURVE('',#1678,#1675,#842,.T.);
#2119=EDGE_CURVE('',#1636,#1678,#843,.T.);
#2120=EDGE_CURVE('',#1676,#1678,#844,.T.);
#2121=EDGE_CURVE('',#1663,#1660,#845,.T.);
#2122=EDGE_CURVE('',#1641,#1668,#846,.T.);
#2123=EDGE_CURVE('',#1642,#1670,#847,.T.);
#2124=EDGE_CURVE('',#1669,#1643,#848,.T.);
#2125=EDGE_CURVE('',#1647,#1644,#849,.T.);
#2126=EDGE_CURVE('',#1652,#1655,#850,.T.);
#2127=EDGE_CURVE('',#1648,#1646,#851,.T.);
#2128=EDGE_CURVE('',#1645,#1649,#852,.T.);
#2129=EDGE_CURVE('',#1653,#1657,#853,.T.);
#2130=EDGE_CURVE('',#1656,#1654,#854,.T.);
#2131=EDGE_CURVE('',#1664,#1662,#855,.T.);
#2132=EDGE_CURVE('',#1661,#1665,#856,.T.);
#2133=EDGE_CURVE('',#1679,#1680,#857,.T.);
#2134=EDGE_CURVE('',#1680,#1681,#858,.T.);
#2135=EDGE_CURVE('',#1682,#1681,#859,.T.);
#2136=EDGE_CURVE('',#1679,#1682,#860,.T.);
#2137=EDGE_CURVE('',#1681,#1683,#861,.T.);
#2138=EDGE_CURVE('',#1684,#1683,#862,.T.);
#2139=EDGE_CURVE('',#1682,#1684,#863,.T.);
#2140=EDGE_CURVE('',#1683,#1685,#864,.T.);
#2141=EDGE_CURVE('',#1686,#1685,#865,.T.);
#2142=EDGE_CURVE('',#1684,#1686,#866,.T.);
#2143=EDGE_CURVE('',#1685,#1687,#867,.T.);
#2144=EDGE_CURVE('',#1688,#1687,#868,.T.);
#2145=EDGE_CURVE('',#1686,#1688,#869,.T.);
#2146=EDGE_CURVE('',#1687,#1689,#870,.T.);
#2147=EDGE_CURVE('',#1690,#1689,#871,.T.);
#2148=EDGE_CURVE('',#1688,#1690,#872,.T.);
#2149=EDGE_CURVE('',#1689,#1691,#873,.T.);
#2150=EDGE_CURVE('',#1692,#1691,#874,.T.);
#2151=EDGE_CURVE('',#1690,#1692,#875,.T.);
#2152=EDGE_CURVE('',#1691,#1693,#876,.T.);
#2153=EDGE_CURVE('',#1694,#1693,#877,.T.);
#2154=EDGE_CURVE('',#1692,#1694,#878,.T.);
#2155=EDGE_CURVE('',#1693,#1695,#879,.T.);
#2156=EDGE_CURVE('',#1696,#1695,#880,.T.);
#2157=EDGE_CURVE('',#1694,#1696,#881,.T.);
#2158=EDGE_CURVE('',#1695,#1697,#882,.T.);
#2159=EDGE_CURVE('',#1698,#1697,#883,.T.);
#2160=EDGE_CURVE('',#1696,#1698,#884,.T.);
#2161=EDGE_CURVE('',#1697,#1699,#885,.T.);
#2162=EDGE_CURVE('',#1700,#1699,#886,.T.);
#2163=EDGE_CURVE('',#1698,#1700,#887,.T.);
#2164=EDGE_CURVE('',#1699,#1701,#888,.T.);
#2165=EDGE_CURVE('',#1702,#1701,#889,.T.);
#2166=EDGE_CURVE('',#1700,#1702,#890,.T.);
#2167=EDGE_CURVE('',#1701,#1680,#891,.T.);
#2168=EDGE_CURVE('',#1702,#1679,#892,.T.);
#2169=EDGE_CURVE('',#1703,#1704,#893,.T.);
#2170=EDGE_CURVE('',#1703,#1705,#894,.T.);
#2171=EDGE_CURVE('',#1705,#1706,#895,.T.);
#2172=EDGE_CURVE('',#1706,#1707,#896,.T.);
#2173=EDGE_CURVE('',#1708,#1707,#897,.T.);
#2174=EDGE_CURVE('',#1704,#1708,#898,.T.);
#2175=EDGE_CURVE('',#1709,#1710,#899,.T.);
#2176=EDGE_CURVE('',#1709,#1703,#900,.T.);
#2177=EDGE_CURVE('',#1710,#1704,#901,.T.);
#2178=EDGE_CURVE('',#1710,#1711,#902,.T.);
#2179=EDGE_CURVE('',#1711,#1708,#903,.T.);
#2180=EDGE_CURVE('',#1712,#1709,#904,.T.);
#2181=EDGE_CURVE('',#1705,#1712,#905,.T.);
#2182=EDGE_CURVE('',#1707,#1713,#906,.T.);
#2183=EDGE_CURVE('',#1713,#1711,#907,.T.);
#2184=EDGE_CURVE('',#1712,#1714,#908,.T.);
#2185=EDGE_CURVE('',#1706,#1714,#909,.T.);
#2186=EDGE_CURVE('',#1714,#1713,#910,.T.);
#2187=EDGE_CURVE('',#1715,#1716,#911,.T.);
#2188=EDGE_CURVE('',#1715,#1717,#912,.T.);
#2189=EDGE_CURVE('',#1717,#1718,#913,.T.);
#2190=EDGE_CURVE('',#1718,#1719,#914,.T.);
#2191=EDGE_CURVE('',#1720,#1719,#915,.T.);
#2192=EDGE_CURVE('',#1716,#1720,#916,.T.);
#2193=EDGE_CURVE('',#1721,#1722,#917,.T.);
#2194=EDGE_CURVE('',#1721,#1715,#918,.T.);
#2195=EDGE_CURVE('',#1722,#1716,#919,.T.);
#2196=EDGE_CURVE('',#1722,#1723,#920,.T.);
#2197=EDGE_CURVE('',#1723,#1720,#921,.T.);
#2198=EDGE_CURVE('',#1724,#1721,#922,.T.);
#2199=EDGE_CURVE('',#1717,#1724,#923,.T.);
#2200=EDGE_CURVE('',#1719,#1725,#924,.T.);
#2201=EDGE_CURVE('',#1725,#1723,#925,.T.);
#2202=EDGE_CURVE('',#1724,#1726,#926,.T.);
#2203=EDGE_CURVE('',#1718,#1726,#927,.T.);
#2204=EDGE_CURVE('',#1726,#1725,#928,.T.);
#2205=EDGE_CURVE('',#1727,#1728,#929,.T.);
#2206=EDGE_CURVE('',#1727,#1729,#930,.T.);
#2207=EDGE_CURVE('',#1729,#1730,#931,.T.);
#2208=EDGE_CURVE('',#1730,#1731,#932,.T.);
#2209=EDGE_CURVE('',#1732,#1731,#933,.T.);
#2210=EDGE_CURVE('',#1728,#1732,#934,.T.);
#2211=EDGE_CURVE('',#1733,#1734,#935,.T.);
#2212=EDGE_CURVE('',#1733,#1727,#936,.T.);
#2213=EDGE_CURVE('',#1734,#1728,#937,.T.);
#2214=EDGE_CURVE('',#1734,#1735,#938,.T.);
#2215=EDGE_CURVE('',#1735,#1732,#939,.T.);
#2216=EDGE_CURVE('',#1736,#1733,#940,.T.);
#2217=EDGE_CURVE('',#1729,#1736,#941,.T.);
#2218=EDGE_CURVE('',#1731,#1737,#942,.T.);
#2219=EDGE_CURVE('',#1737,#1735,#943,.T.);
#2220=EDGE_CURVE('',#1736,#1738,#944,.T.);
#2221=EDGE_CURVE('',#1730,#1738,#945,.T.);
#2222=EDGE_CURVE('',#1738,#1737,#946,.T.);
#2223=EDGE_CURVE('',#1739,#1740,#947,.T.);
#2224=EDGE_CURVE('',#1740,#1741,#948,.T.);
#2225=EDGE_CURVE('',#1742,#1741,#949,.T.);
#2226=EDGE_CURVE('',#1739,#1742,#950,.T.);
#2227=EDGE_CURVE('',#1739,#1743,#951,.T.);
#2228=EDGE_CURVE('',#1743,#1744,#952,.T.);
#2229=EDGE_CURVE('',#1740,#1744,#953,.T.);
#2230=EDGE_CURVE('',#1742,#1745,#954,.T.);
#2231=EDGE_CURVE('',#1741,#1746,#955,.T.);
#2232=EDGE_CURVE('',#1745,#1746,#956,.T.);
#2233=EDGE_CURVE('',#1742,#1747,#957,.T.);
#2234=EDGE_CURVE('',#1747,#1748,#958,.T.);
#2235=EDGE_CURVE('',#1748,#1739,#959,.T.);
#2236=EDGE_CURVE('',#1740,#1749,#960,.T.);
#2237=EDGE_CURVE('',#1749,#1750,#961,.T.);
#2238=EDGE_CURVE('',#1751,#1750,#962,.T.);
#2239=EDGE_CURVE('',#1752,#1751,#963,.T.);
#2240=EDGE_CURVE('',#1752,#1753,#964,.T.);
#2241=EDGE_CURVE('',#1741,#1753,#965,.T.);
#2242=EDGE_CURVE('',#1748,#1754,#966,.T.);
#2243=EDGE_CURVE('',#1754,#1743,#967,.T.);
#2244=EDGE_CURVE('',#1755,#1756,#968,.T.);
#2245=EDGE_CURVE('',#1755,#1740,#969,.T.);
#2246=EDGE_CURVE('',#1756,#1744,#970,.T.);
#2247=EDGE_CURVE('',#1754,#1756,#971,.T.);
#2248=EDGE_CURVE('',#1745,#1757,#972,.T.);
#2249=EDGE_CURVE('',#1747,#1757,#973,.T.);
#2250=EDGE_CURVE('',#1741,#1758,#974,.T.);
#2251=EDGE_CURVE('',#1758,#1759,#975,.T.);
#2252=EDGE_CURVE('',#1746,#1759,#976,.T.);
#2253=EDGE_CURVE('',#1757,#1759,#977,.T.);
#2254=EDGE_CURVE('',#1747,#1758,#978,.T.);
#2255=EDGE_CURVE('',#1758,#1755,#979,.T.);
#2256=EDGE_CURVE('',#1748,#1755,#980,.T.);
#2257=EDGE_CURVE('',#1753,#1760,#981,.T.);
#2258=EDGE_CURVE('',#1758,#1760,#982,.T.);
#2259=EDGE_CURVE('',#1761,#1752,#983,.T.);
#2260=EDGE_CURVE('',#1760,#1761,#984,.T.);
#2261=EDGE_CURVE('',#1762,#1761,#985,.T.);
#2262=EDGE_CURVE('',#1762,#1751,#986,.T.);
#2263=EDGE_CURVE('',#1763,#1762,#987,.T.);
#2264=EDGE_CURVE('',#1763,#1750,#988,.T.);
#2265=EDGE_CURVE('',#1764,#1749,#989,.T.);
#2266=EDGE_CURVE('',#1763,#1764,#990,.T.);
#2267=EDGE_CURVE('',#1755,#1764,#991,.T.);
#2268=ORIENTED_EDGE('',*,*,#1765,.F.);
#2269=ORIENTED_EDGE('',*,*,#1766,.F.);
#2270=ORIENTED_EDGE('',*,*,#1767,.T.);
#2271=ORIENTED_EDGE('',*,*,#1768,.T.);
#2272=ORIENTED_EDGE('',*,*,#1769,.F.);
#2273=ORIENTED_EDGE('',*,*,#1770,.F.);
#2274=ORIENTED_EDGE('',*,*,#1771,.T.);
#2275=ORIENTED_EDGE('',*,*,#1765,.T.);
#2276=ORIENTED_EDGE('',*,*,#1772,.F.);
#2277=ORIENTED_EDGE('',*,*,#1772,.T.);
#2278=ORIENTED_EDGE('',*,*,#1769,.T.);
#2279=ORIENTED_EDGE('',*,*,#1773,.F.);
#2280=ORIENTED_EDGE('',*,*,#1774,.F.);
#2281=ORIENTED_EDGE('',*,*,#1775,.F.);
#2282=ORIENTED_EDGE('',*,*,#1776,.T.);
#2283=ORIENTED_EDGE('',*,*,#1766,.T.);
#2284=ORIENTED_EDGE('',*,*,#1777,.F.);
#2285=ORIENTED_EDGE('',*,*,#1778,.T.);
#2286=ORIENTED_EDGE('',*,*,#1773,.T.);
#2287=ORIENTED_EDGE('',*,*,#1768,.F.);
#2288=ORIENTED_EDGE('',*,*,#1779,.F.);
#2289=ORIENTED_EDGE('',*,*,#1780,.T.);
#2290=ORIENTED_EDGE('',*,*,#1781,.T.);
#2291=ORIENTED_EDGE('',*,*,#1782,.F.);
#2292=ORIENTED_EDGE('',*,*,#1767,.F.);
#2293=ORIENTED_EDGE('',*,*,#1770,.T.);
#2294=ORIENTED_EDGE('',*,*,#1774,.T.);
#2295=ORIENTED_EDGE('',*,*,#1778,.F.);
#2296=ORIENTED_EDGE('',*,*,#1783,.F.);
#2297=ORIENTED_EDGE('',*,*,#1784,.T.);
#2298=ORIENTED_EDGE('',*,*,#1771,.F.);
#2299=ORIENTED_EDGE('',*,*,#1785,.T.);
#2300=ORIENTED_EDGE('',*,*,#1786,.T.);
#2301=ORIENTED_EDGE('',*,*,#1787,.T.);
#2302=ORIENTED_EDGE('',*,*,#1788,.T.);
#2303=ORIENTED_EDGE('',*,*,#1789,.T.);
#2304=ORIENTED_EDGE('',*,*,#1790,.T.);
#2305=ORIENTED_EDGE('',*,*,#1791,.T.);
#2306=ORIENTED_EDGE('',*,*,#1792,.T.);
#2307=ORIENTED_EDGE('',*,*,#1793,.T.);
#2308=ORIENTED_EDGE('',*,*,#1794,.F.);
#2309=ORIENTED_EDGE('',*,*,#1777,.T.);
#2310=ORIENTED_EDGE('',*,*,#1795,.T.);
#2311=ORIENTED_EDGE('',*,*,#1796,.T.);
#2312=ORIENTED_EDGE('',*,*,#1797,.T.);
#2313=ORIENTED_EDGE('',*,*,#1798,.T.);
#2314=ORIENTED_EDGE('',*,*,#1775,.T.);
#2315=ORIENTED_EDGE('',*,*,#1794,.T.);
#2316=ORIENTED_EDGE('',*,*,#1799,.F.);
#2317=ORIENTED_EDGE('',*,*,#1800,.F.);
#2318=ORIENTED_EDGE('',*,*,#1801,.T.);
#2319=ORIENTED_EDGE('',*,*,#1776,.F.);
#2320=ORIENTED_EDGE('',*,*,#1800,.T.);
#2321=ORIENTED_EDGE('',*,*,#1802,.F.);
#2322=ORIENTED_EDGE('',*,*,#1803,.F.);
#2323=ORIENTED_EDGE('',*,*,#1804,.F.);
#2324=ORIENTED_EDGE('',*,*,#1805,.F.);
#2325=ORIENTED_EDGE('',*,*,#1806,.F.);
#2326=ORIENTED_EDGE('',*,*,#1807,.F.);
#2327=ORIENTED_EDGE('',*,*,#1808,.F.);
#2328=ORIENTED_EDGE('',*,*,#1809,.F.);
#2329=ORIENTED_EDGE('',*,*,#1810,.F.);
#2330=ORIENTED_EDGE('',*,*,#1811,.F.);
#2331=ORIENTED_EDGE('',*,*,#1812,.F.);
#2332=ORIENTED_EDGE('',*,*,#1813,.F.);
#2333=ORIENTED_EDGE('',*,*,#1814,.F.);
#2334=ORIENTED_EDGE('',*,*,#1815,.F.);
#2335=ORIENTED_EDGE('',*,*,#1779,.T.);
#2336=ORIENTED_EDGE('',*,*,#1782,.T.);
#2337=ORIENTED_EDGE('',*,*,#1816,.F.);
#2338=ORIENTED_EDGE('',*,*,#1817,.T.);
#2339=ORIENTED_EDGE('',*,*,#1818,.T.);
#2340=ORIENTED_EDGE('',*,*,#1780,.F.);
#2341=ORIENTED_EDGE('',*,*,#1801,.F.);
#2342=ORIENTED_EDGE('',*,*,#1819,.T.);
#2343=ORIENTED_EDGE('',*,*,#1820,.T.);
#2344=ORIENTED_EDGE('',*,*,#1821,.F.);
#2345=ORIENTED_EDGE('',*,*,#1781,.F.);
#2346=ORIENTED_EDGE('',*,*,#1784,.F.);
#2347=ORIENTED_EDGE('',*,*,#1810,.T.);
#2348=ORIENTED_EDGE('',*,*,#1822,.T.);
#2349=ORIENTED_EDGE('',*,*,#1785,.F.);
#2350=ORIENTED_EDGE('',*,*,#1817,.F.);
#2351=ORIENTED_EDGE('',*,*,#1783,.T.);
#2352=ORIENTED_EDGE('',*,*,#1815,.T.);
#2353=ORIENTED_EDGE('',*,*,#1823,.F.);
#2354=ORIENTED_EDGE('',*,*,#1822,.F.);
#2355=ORIENTED_EDGE('',*,*,#1809,.T.);
#2356=ORIENTED_EDGE('',*,*,#1824,.T.);
#2357=ORIENTED_EDGE('',*,*,#1786,.F.);
#2358=ORIENTED_EDGE('',*,*,#1825,.T.);
#2359=ORIENTED_EDGE('',*,*,#1826,.T.);
#2360=ORIENTED_EDGE('',*,*,#1827,.F.);
#2361=ORIENTED_EDGE('',*,*,#1787,.F.);
#2362=ORIENTED_EDGE('',*,*,#1828,.T.);
#2363=ORIENTED_EDGE('',*,*,#1829,.T.);
#2364=ORIENTED_EDGE('',*,*,#1830,.F.);
#2365=ORIENTED_EDGE('',*,*,#1793,.F.);
#2366=ORIENTED_EDGE('',*,*,#1831,.F.);
#2367=ORIENTED_EDGE('',*,*,#1807,.T.);
#2368=ORIENTED_EDGE('',*,*,#1832,.T.);
#2369=ORIENTED_EDGE('',*,*,#1788,.F.);
#2370=ORIENTED_EDGE('',*,*,#1833,.F.);
#2371=ORIENTED_EDGE('',*,*,#1803,.T.);
#2372=ORIENTED_EDGE('',*,*,#1834,.T.);
#2373=ORIENTED_EDGE('',*,*,#1792,.F.);
#2374=ORIENTED_EDGE('',*,*,#1832,.F.);
#2375=ORIENTED_EDGE('',*,*,#1806,.T.);
#2376=ORIENTED_EDGE('',*,*,#1835,.T.);
#2377=ORIENTED_EDGE('',*,*,#1789,.F.);
#2378=ORIENTED_EDGE('',*,*,#1836,.F.);
#2379=ORIENTED_EDGE('',*,*,#1804,.T.);
#2380=ORIENTED_EDGE('',*,*,#1833,.T.);
#2381=ORIENTED_EDGE('',*,*,#1791,.F.);
#2382=ORIENTED_EDGE('',*,*,#1837,.T.);
#2383=ORIENTED_EDGE('',*,*,#1838,.T.);
#2384=ORIENTED_EDGE('',*,*,#1839,.F.);
#2385=ORIENTED_EDGE('',*,*,#1790,.F.);
#2386=ORIENTED_EDGE('',*,*,#1795,.F.);
#2387=ORIENTED_EDGE('',*,*,#1840,.T.);
#2388=ORIENTED_EDGE('',*,*,#1811,.T.);
#2389=ORIENTED_EDGE('',*,*,#1841,.F.);
#2390=ORIENTED_EDGE('',*,*,#1798,.F.);
#2391=ORIENTED_EDGE('',*,*,#1842,.T.);
#2392=ORIENTED_EDGE('',*,*,#1812,.T.);
#2393=ORIENTED_EDGE('',*,*,#1840,.F.);
#2394=ORIENTED_EDGE('',*,*,#1797,.F.);
#2395=ORIENTED_EDGE('',*,*,#1843,.T.);
#2396=ORIENTED_EDGE('',*,*,#1813,.T.);
#2397=ORIENTED_EDGE('',*,*,#1842,.F.);
#2398=ORIENTED_EDGE('',*,*,#1796,.F.);
#2399=ORIENTED_EDGE('',*,*,#1841,.T.);
#2400=ORIENTED_EDGE('',*,*,#1814,.T.);
#2401=ORIENTED_EDGE('',*,*,#1843,.F.);
#2402=ORIENTED_EDGE('',*,*,#1830,.T.);
#2403=ORIENTED_EDGE('',*,*,#1844,.T.);
#2404=ORIENTED_EDGE('',*,*,#1845,.F.);
#2405=ORIENTED_EDGE('',*,*,#1846,.F.);
#2406=ORIENTED_EDGE('',*,*,#1799,.T.);
#2407=ORIENTED_EDGE('',*,*,#1847,.F.);
#2408=ORIENTED_EDGE('',*,*,#1808,.T.);
#2409=ORIENTED_EDGE('',*,*,#1848,.T.);
#2410=ORIENTED_EDGE('',*,*,#1849,.F.);
#2411=ORIENTED_EDGE('',*,*,#1850,.F.);
#2412=ORIENTED_EDGE('',*,*,#1851,.F.);
#2413=ORIENTED_EDGE('',*,*,#1852,.T.);
#2414=ORIENTED_EDGE('',*,*,#1853,.T.);
#2415=ORIENTED_EDGE('',*,*,#1854,.T.);
#2416=ORIENTED_EDGE('',*,*,#1855,.T.);
#2417=ORIENTED_EDGE('',*,*,#1856,.F.);
#2418=ORIENTED_EDGE('',*,*,#1857,.F.);
#2419=ORIENTED_EDGE('',*,*,#1858,.F.);
#2420=ORIENTED_EDGE('',*,*,#1859,.F.);
#2421=ORIENTED_EDGE('',*,*,#1860,.F.);
#2422=ORIENTED_EDGE('',*,*,#1802,.T.);
#2423=ORIENTED_EDGE('',*,*,#1861,.T.);
#2424=ORIENTED_EDGE('',*,*,#1862,.F.);
#2425=ORIENTED_EDGE('',*,*,#1863,.F.);
#2426=ORIENTED_EDGE('',*,*,#1864,.F.);
#2427=ORIENTED_EDGE('',*,*,#1865,.F.);
#2428=ORIENTED_EDGE('',*,*,#1805,.T.);
#2429=ORIENTED_EDGE('',*,*,#1866,.T.);
#2430=ORIENTED_EDGE('',*,*,#1867,.F.);
#2431=ORIENTED_EDGE('',*,*,#1816,.T.);
#2432=ORIENTED_EDGE('',*,*,#1868,.T.);
#2433=ORIENTED_EDGE('',*,*,#1869,.F.);
#2434=ORIENTED_EDGE('',*,*,#1870,.F.);
#2435=ORIENTED_EDGE('',*,*,#1871,.F.);
#2436=ORIENTED_EDGE('',*,*,#1872,.F.);
#2437=ORIENTED_EDGE('',*,*,#1873,.F.);
#2438=ORIENTED_EDGE('',*,*,#1874,.F.);
#2439=ORIENTED_EDGE('',*,*,#1818,.F.);
#2440=ORIENTED_EDGE('',*,*,#1875,.T.);
#2441=ORIENTED_EDGE('',*,*,#1876,.T.);
#2442=ORIENTED_EDGE('',*,*,#1877,.T.);
#2443=ORIENTED_EDGE('',*,*,#1878,.T.);
#2444=ORIENTED_EDGE('',*,*,#1879,.T.);
#2445=ORIENTED_EDGE('',*,*,#1880,.T.);
#2446=ORIENTED_EDGE('',*,*,#1881,.F.);
#2447=ORIENTED_EDGE('',*,*,#1819,.F.);
#2448=ORIENTED_EDGE('',*,*,#1881,.T.);
#2449=ORIENTED_EDGE('',*,*,#1882,.T.);
#2450=ORIENTED_EDGE('',*,*,#1883,.F.);
#2451=ORIENTED_EDGE('',*,*,#1821,.T.);
#2452=ORIENTED_EDGE('',*,*,#1884,.T.);
#2453=ORIENTED_EDGE('',*,*,#1885,.F.);
#2454=ORIENTED_EDGE('',*,*,#1868,.F.);
#2455=ORIENTED_EDGE('',*,*,#1883,.T.);
#2456=ORIENTED_EDGE('',*,*,#1886,.T.);
#2457=ORIENTED_EDGE('',*,*,#1884,.F.);
#2458=ORIENTED_EDGE('',*,*,#1820,.F.);
#2459=ORIENTED_EDGE('',*,*,#1887,.F.);
#2460=ORIENTED_EDGE('',*,*,#1823,.T.);
#2461=ORIENTED_EDGE('',*,*,#1888,.T.);
#2462=ORIENTED_EDGE('',*,*,#1889,.F.);
#2463=ORIENTED_EDGE('',*,*,#1825,.F.);
#2464=ORIENTED_EDGE('',*,*,#1824,.F.);
#2465=ORIENTED_EDGE('',*,*,#1890,.T.);
#2466=ORIENTED_EDGE('',*,*,#1891,.T.);
#2467=ORIENTED_EDGE('',*,*,#1892,.F.);
#2468=ORIENTED_EDGE('',*,*,#1892,.T.);
#2469=ORIENTED_EDGE('',*,*,#1893,.T.);
#2470=ORIENTED_EDGE('',*,*,#1894,.F.);
#2471=ORIENTED_EDGE('',*,*,#1826,.F.);
#2472=ORIENTED_EDGE('',*,*,#1827,.T.);
#2473=ORIENTED_EDGE('',*,*,#1894,.T.);
#2474=ORIENTED_EDGE('',*,*,#1895,.F.);
#2475=ORIENTED_EDGE('',*,*,#1896,.F.);
#2476=ORIENTED_EDGE('',*,*,#1831,.T.);
#2477=ORIENTED_EDGE('',*,*,#1828,.F.);
#2478=ORIENTED_EDGE('',*,*,#1834,.F.);
#2479=ORIENTED_EDGE('',*,*,#1897,.T.);
#2480=ORIENTED_EDGE('',*,*,#1898,.T.);
#2481=ORIENTED_EDGE('',*,*,#1899,.F.);
#2482=ORIENTED_EDGE('',*,*,#1899,.T.);
#2483=ORIENTED_EDGE('',*,*,#1900,.T.);
#2484=ORIENTED_EDGE('',*,*,#1844,.F.);
#2485=ORIENTED_EDGE('',*,*,#1829,.F.);
#2486=ORIENTED_EDGE('',*,*,#1837,.F.);
#2487=ORIENTED_EDGE('',*,*,#1835,.F.);
#2488=ORIENTED_EDGE('',*,*,#1901,.T.);
#2489=ORIENTED_EDGE('',*,*,#1902,.T.);
#2490=ORIENTED_EDGE('',*,*,#1903,.F.);
#2491=ORIENTED_EDGE('',*,*,#1839,.T.);
#2492=ORIENTED_EDGE('',*,*,#1904,.T.);
#2493=ORIENTED_EDGE('',*,*,#1905,.F.);
#2494=ORIENTED_EDGE('',*,*,#1906,.F.);
#2495=ORIENTED_EDGE('',*,*,#1836,.T.);
#2496=ORIENTED_EDGE('',*,*,#1903,.T.);
#2497=ORIENTED_EDGE('',*,*,#1907,.T.);
#2498=ORIENTED_EDGE('',*,*,#1904,.F.);
#2499=ORIENTED_EDGE('',*,*,#1838,.F.);
#2500=ORIENTED_EDGE('',*,*,#1898,.F.);
#2501=ORIENTED_EDGE('',*,*,#1908,.T.);
#2502=ORIENTED_EDGE('',*,*,#1845,.T.);
#2503=ORIENTED_EDGE('',*,*,#1900,.F.);
#2504=ORIENTED_EDGE('',*,*,#1861,.F.);
#2505=ORIENTED_EDGE('',*,*,#1846,.T.);
#2506=ORIENTED_EDGE('',*,*,#1909,.T.);
#2507=ORIENTED_EDGE('',*,*,#1910,.F.);
#2508=ORIENTED_EDGE('',*,*,#1847,.T.);
#2509=ORIENTED_EDGE('',*,*,#1911,.T.);
#2510=ORIENTED_EDGE('',*,*,#1912,.F.);
#2511=ORIENTED_EDGE('',*,*,#1890,.F.);
#2512=ORIENTED_EDGE('',*,*,#1913,.F.);
#2513=ORIENTED_EDGE('',*,*,#1851,.T.);
#2514=ORIENTED_EDGE('',*,*,#1914,.T.);
#2515=ORIENTED_EDGE('',*,*,#1915,.F.);
#2516=ORIENTED_EDGE('',*,*,#1848,.F.);
#2517=ORIENTED_EDGE('',*,*,#1896,.T.);
#2518=ORIENTED_EDGE('',*,*,#1916,.T.);
#2519=ORIENTED_EDGE('',*,*,#1917,.F.);
#2520=ORIENTED_EDGE('',*,*,#1850,.T.);
#2521=ORIENTED_EDGE('',*,*,#1918,.F.);
#2522=ORIENTED_EDGE('',*,*,#1919,.F.);
#2523=ORIENTED_EDGE('',*,*,#1920,.F.);
#2524=ORIENTED_EDGE('',*,*,#1921,.F.);
#2525=ORIENTED_EDGE('',*,*,#1849,.T.);
#2526=ORIENTED_EDGE('',*,*,#1922,.T.);
#2527=ORIENTED_EDGE('',*,*,#1923,.F.);
#2528=ORIENTED_EDGE('',*,*,#1924,.F.);
#2529=ORIENTED_EDGE('',*,*,#1925,.T.);
#2530=ORIENTED_EDGE('',*,*,#1852,.F.);
#2531=ORIENTED_EDGE('',*,*,#1926,.F.);
#2532=ORIENTED_EDGE('',*,*,#1927,.F.);
#2533=ORIENTED_EDGE('',*,*,#1928,.T.);
#2534=ORIENTED_EDGE('',*,*,#1853,.F.);
#2535=ORIENTED_EDGE('',*,*,#1925,.F.);
#2536=ORIENTED_EDGE('',*,*,#1929,.F.);
#2537=ORIENTED_EDGE('',*,*,#1930,.T.);
#2538=ORIENTED_EDGE('',*,*,#1854,.F.);
#2539=ORIENTED_EDGE('',*,*,#1928,.F.);
#2540=ORIENTED_EDGE('',*,*,#1931,.F.);
#2541=ORIENTED_EDGE('',*,*,#1926,.T.);
#2542=ORIENTED_EDGE('',*,*,#1855,.F.);
#2543=ORIENTED_EDGE('',*,*,#1930,.F.);
#2544=ORIENTED_EDGE('',*,*,#1932,.F.);
#2545=ORIENTED_EDGE('',*,*,#1933,.T.);
#2546=ORIENTED_EDGE('',*,*,#1856,.T.);
#2547=ORIENTED_EDGE('',*,*,#1934,.F.);
#2548=ORIENTED_EDGE('',*,*,#1935,.F.);
#2549=ORIENTED_EDGE('',*,*,#1936,.T.);
#2550=ORIENTED_EDGE('',*,*,#1857,.T.);
#2551=ORIENTED_EDGE('',*,*,#1933,.F.);
#2552=ORIENTED_EDGE('',*,*,#1937,.F.);
#2553=ORIENTED_EDGE('',*,*,#1934,.T.);
#2554=ORIENTED_EDGE('',*,*,#1859,.T.);
#2555=ORIENTED_EDGE('',*,*,#1938,.F.);
#2556=ORIENTED_EDGE('',*,*,#1939,.F.);
#2557=ORIENTED_EDGE('',*,*,#1938,.T.);
#2558=ORIENTED_EDGE('',*,*,#1858,.T.);
#2559=ORIENTED_EDGE('',*,*,#1936,.F.);
#2560=ORIENTED_EDGE('',*,*,#1860,.T.);
#2561=ORIENTED_EDGE('',*,*,#1940,.T.);
#2562=ORIENTED_EDGE('',*,*,#1941,.F.);
#2563=ORIENTED_EDGE('',*,*,#1897,.F.);
#2564=ORIENTED_EDGE('',*,*,#1942,.F.);
#2565=ORIENTED_EDGE('',*,*,#1864,.T.);
#2566=ORIENTED_EDGE('',*,*,#1943,.T.);
#2567=ORIENTED_EDGE('',*,*,#1944,.F.);
#2568=ORIENTED_EDGE('',*,*,#1863,.T.);
#2569=ORIENTED_EDGE('',*,*,#1945,.F.);
#2570=ORIENTED_EDGE('',*,*,#1946,.F.);
#2571=ORIENTED_EDGE('',*,*,#1947,.F.);
#2572=ORIENTED_EDGE('',*,*,#1948,.F.);
#2573=ORIENTED_EDGE('',*,*,#1862,.T.);
#2574=ORIENTED_EDGE('',*,*,#1949,.T.);
#2575=ORIENTED_EDGE('',*,*,#1950,.F.);
#2576=ORIENTED_EDGE('',*,*,#1865,.T.);
#2577=ORIENTED_EDGE('',*,*,#1951,.T.);
#2578=ORIENTED_EDGE('',*,*,#1952,.F.);
#2579=ORIENTED_EDGE('',*,*,#1901,.F.);
#2580=ORIENTED_EDGE('',*,*,#1866,.F.);
#2581=ORIENTED_EDGE('',*,*,#1906,.T.);
#2582=ORIENTED_EDGE('',*,*,#1953,.T.);
#2583=ORIENTED_EDGE('',*,*,#1954,.F.);
#2584=ORIENTED_EDGE('',*,*,#1867,.T.);
#2585=ORIENTED_EDGE('',*,*,#1955,.T.);
#2586=ORIENTED_EDGE('',*,*,#1956,.F.);
#2587=ORIENTED_EDGE('',*,*,#1957,.F.);
#2588=ORIENTED_EDGE('',*,*,#1958,.F.);
#2589=ORIENTED_EDGE('',*,*,#1959,.F.);
#2590=ORIENTED_EDGE('',*,*,#1960,.F.);
#2591=ORIENTED_EDGE('',*,*,#1961,.F.);
#2592=ORIENTED_EDGE('',*,*,#1962,.F.);
#2593=ORIENTED_EDGE('',*,*,#1880,.F.);
#2594=ORIENTED_EDGE('',*,*,#1963,.F.);
#2595=ORIENTED_EDGE('',*,*,#1869,.T.);
#2596=ORIENTED_EDGE('',*,*,#1870,.T.);
#2597=ORIENTED_EDGE('',*,*,#1963,.T.);
#2598=ORIENTED_EDGE('',*,*,#1879,.F.);
#2599=ORIENTED_EDGE('',*,*,#1964,.F.);
#2600=ORIENTED_EDGE('',*,*,#1965,.T.);
#2601=ORIENTED_EDGE('',*,*,#1966,.T.);
#2602=ORIENTED_EDGE('',*,*,#1871,.T.);
#2603=ORIENTED_EDGE('',*,*,#1967,.T.);
#2604=ORIENTED_EDGE('',*,*,#1968,.T.);
#2605=ORIENTED_EDGE('',*,*,#1969,.T.);
#2606=ORIENTED_EDGE('',*,*,#1872,.T.);
#2607=ORIENTED_EDGE('',*,*,#1970,.T.);
#2608=ORIENTED_EDGE('',*,*,#1877,.F.);
#2609=ORIENTED_EDGE('',*,*,#1971,.F.);
#2610=ORIENTED_EDGE('',*,*,#1873,.T.);
#2611=ORIENTED_EDGE('',*,*,#1971,.T.);
#2612=ORIENTED_EDGE('',*,*,#1876,.F.);
#2613=ORIENTED_EDGE('',*,*,#1972,.T.);
#2614=ORIENTED_EDGE('',*,*,#1888,.F.);
#2615=ORIENTED_EDGE('',*,*,#1874,.T.);
#2616=ORIENTED_EDGE('',*,*,#1973,.T.);
#2617=ORIENTED_EDGE('',*,*,#1974,.F.);
#2618=ORIENTED_EDGE('',*,*,#1975,.T.);
#2619=ORIENTED_EDGE('',*,*,#1976,.T.);
#2620=ORIENTED_EDGE('',*,*,#1977,.T.);
#2621=ORIENTED_EDGE('',*,*,#1978,.T.);
#2622=ORIENTED_EDGE('',*,*,#1878,.F.);
#2623=ORIENTED_EDGE('',*,*,#1979,.T.);
#2624=ORIENTED_EDGE('',*,*,#1887,.T.);
#2625=ORIENTED_EDGE('',*,*,#1980,.T.);
#2626=ORIENTED_EDGE('',*,*,#1981,.F.);
#2627=ORIENTED_EDGE('',*,*,#1875,.F.);
#2628=ORIENTED_EDGE('',*,*,#1882,.F.);
#2629=ORIENTED_EDGE('',*,*,#1962,.T.);
#2630=ORIENTED_EDGE('',*,*,#1885,.T.);
#2631=ORIENTED_EDGE('',*,*,#1886,.F.);
#2632=ORIENTED_EDGE('',*,*,#1980,.F.);
#2633=ORIENTED_EDGE('',*,*,#1889,.T.);
#2634=ORIENTED_EDGE('',*,*,#1974,.T.);
#2635=ORIENTED_EDGE('',*,*,#1982,.F.);
#2636=ORIENTED_EDGE('',*,*,#1891,.F.);
#2637=ORIENTED_EDGE('',*,*,#1983,.T.);
#2638=ORIENTED_EDGE('',*,*,#1895,.T.);
#2639=ORIENTED_EDGE('',*,*,#1893,.F.);
#2640=ORIENTED_EDGE('',*,*,#1902,.F.);
#2641=ORIENTED_EDGE('',*,*,#1984,.T.);
#2642=ORIENTED_EDGE('',*,*,#1905,.T.);
#2643=ORIENTED_EDGE('',*,*,#1907,.F.);
#2644=ORIENTED_EDGE('',*,*,#1941,.T.);
#2645=ORIENTED_EDGE('',*,*,#1985,.T.);
#2646=ORIENTED_EDGE('',*,*,#1946,.T.);
#2647=ORIENTED_EDGE('',*,*,#1986,.T.);
#2648=ORIENTED_EDGE('',*,*,#1909,.F.);
#2649=ORIENTED_EDGE('',*,*,#1908,.F.);
#2650=ORIENTED_EDGE('',*,*,#1949,.F.);
#2651=ORIENTED_EDGE('',*,*,#1910,.T.);
#2652=ORIENTED_EDGE('',*,*,#1987,.T.);
#2653=ORIENTED_EDGE('',*,*,#1988,.F.);
#2654=ORIENTED_EDGE('',*,*,#1912,.T.);
#2655=ORIENTED_EDGE('',*,*,#1989,.T.);
#2656=ORIENTED_EDGE('',*,*,#1919,.T.);
#2657=ORIENTED_EDGE('',*,*,#1990,.T.);
#2658=ORIENTED_EDGE('',*,*,#1916,.F.);
#2659=ORIENTED_EDGE('',*,*,#1983,.F.);
#2660=ORIENTED_EDGE('',*,*,#1927,.T.);
#2661=ORIENTED_EDGE('',*,*,#1924,.T.);
#2662=ORIENTED_EDGE('',*,*,#1931,.T.);
#2663=ORIENTED_EDGE('',*,*,#1929,.T.);
#2664=ORIENTED_EDGE('',*,*,#1932,.T.);
#2665=ORIENTED_EDGE('',*,*,#1937,.T.);
#2666=ORIENTED_EDGE('',*,*,#1939,.T.);
#2667=ORIENTED_EDGE('',*,*,#1935,.T.);
#2668=ORIENTED_EDGE('',*,*,#1991,.F.);
#2669=ORIENTED_EDGE('',*,*,#1911,.F.);
#2670=ORIENTED_EDGE('',*,*,#1913,.T.);
#2671=ORIENTED_EDGE('',*,*,#1992,.F.);
#2672=ORIENTED_EDGE('',*,*,#1914,.F.);
#2673=ORIENTED_EDGE('',*,*,#1920,.T.);
#2674=ORIENTED_EDGE('',*,*,#1993,.T.);
#2675=ORIENTED_EDGE('',*,*,#1994,.F.);
#2676=ORIENTED_EDGE('',*,*,#1995,.F.);
#2677=ORIENTED_EDGE('',*,*,#1915,.T.);
#2678=ORIENTED_EDGE('',*,*,#1996,.T.);
#2679=ORIENTED_EDGE('',*,*,#1997,.F.);
#2680=ORIENTED_EDGE('',*,*,#1922,.F.);
#2681=ORIENTED_EDGE('',*,*,#1917,.T.);
#2682=ORIENTED_EDGE('',*,*,#1998,.T.);
#2683=ORIENTED_EDGE('',*,*,#1999,.F.);
#2684=ORIENTED_EDGE('',*,*,#2000,.F.);
#2685=ORIENTED_EDGE('',*,*,#1918,.T.);
#2686=ORIENTED_EDGE('',*,*,#1921,.T.);
#2687=ORIENTED_EDGE('',*,*,#2001,.F.);
#2688=ORIENTED_EDGE('',*,*,#2002,.F.);
#2689=ORIENTED_EDGE('',*,*,#1923,.T.);
#2690=ORIENTED_EDGE('',*,*,#2003,.T.);
#2691=ORIENTED_EDGE('',*,*,#2004,.F.);
#2692=ORIENTED_EDGE('',*,*,#2005,.F.);
#2693=ORIENTED_EDGE('',*,*,#1940,.F.);
#2694=ORIENTED_EDGE('',*,*,#1942,.T.);
#2695=ORIENTED_EDGE('',*,*,#2006,.F.);
#2696=ORIENTED_EDGE('',*,*,#1943,.F.);
#2697=ORIENTED_EDGE('',*,*,#1947,.T.);
#2698=ORIENTED_EDGE('',*,*,#2007,.T.);
#2699=ORIENTED_EDGE('',*,*,#2008,.F.);
#2700=ORIENTED_EDGE('',*,*,#2009,.F.);
#2701=ORIENTED_EDGE('',*,*,#1944,.T.);
#2702=ORIENTED_EDGE('',*,*,#2010,.T.);
#2703=ORIENTED_EDGE('',*,*,#2011,.F.);
#2704=ORIENTED_EDGE('',*,*,#2012,.F.);
#2705=ORIENTED_EDGE('',*,*,#1945,.T.);
#2706=ORIENTED_EDGE('',*,*,#1948,.T.);
#2707=ORIENTED_EDGE('',*,*,#2013,.F.);
#2708=ORIENTED_EDGE('',*,*,#2014,.F.);
#2709=ORIENTED_EDGE('',*,*,#1950,.T.);
#2710=ORIENTED_EDGE('',*,*,#2015,.T.);
#2711=ORIENTED_EDGE('',*,*,#2016,.F.);
#2712=ORIENTED_EDGE('',*,*,#1952,.T.);
#2713=ORIENTED_EDGE('',*,*,#2017,.T.);
#2714=ORIENTED_EDGE('',*,*,#1953,.F.);
#2715=ORIENTED_EDGE('',*,*,#1984,.F.);
#2716=ORIENTED_EDGE('',*,*,#2018,.T.);
#2717=ORIENTED_EDGE('',*,*,#2019,.T.);
#2718=ORIENTED_EDGE('',*,*,#2020,.F.);
#2719=ORIENTED_EDGE('',*,*,#1951,.F.);
#2720=ORIENTED_EDGE('',*,*,#2021,.F.);
#2721=ORIENTED_EDGE('',*,*,#1954,.T.);
#2722=ORIENTED_EDGE('',*,*,#2022,.T.);
#2723=ORIENTED_EDGE('',*,*,#2023,.F.);
#2724=ORIENTED_EDGE('',*,*,#2021,.T.);
#2725=ORIENTED_EDGE('',*,*,#2024,.T.);
#2726=ORIENTED_EDGE('',*,*,#2025,.F.);
#2727=ORIENTED_EDGE('',*,*,#1955,.F.);
#2728=ORIENTED_EDGE('',*,*,#1956,.T.);
#2729=ORIENTED_EDGE('',*,*,#2026,.T.);
#2730=ORIENTED_EDGE('',*,*,#2027,.F.);
#2731=ORIENTED_EDGE('',*,*,#2028,.F.);
#2732=ORIENTED_EDGE('',*,*,#1957,.T.);
#2733=ORIENTED_EDGE('',*,*,#2028,.T.);
#2734=ORIENTED_EDGE('',*,*,#2029,.F.);
#2735=ORIENTED_EDGE('',*,*,#2030,.F.);
#2736=ORIENTED_EDGE('',*,*,#2031,.F.);
#2737=ORIENTED_EDGE('',*,*,#2032,.F.);
#2738=ORIENTED_EDGE('',*,*,#1958,.T.);
#2739=ORIENTED_EDGE('',*,*,#2033,.F.);
#2740=ORIENTED_EDGE('',*,*,#2034,.F.);
#2741=ORIENTED_EDGE('',*,*,#2035,.F.);
#2742=ORIENTED_EDGE('',*,*,#1959,.T.);
#2743=ORIENTED_EDGE('',*,*,#2036,.T.);
#2744=ORIENTED_EDGE('',*,*,#2037,.F.);
#2745=ORIENTED_EDGE('',*,*,#2038,.F.);
#2746=ORIENTED_EDGE('',*,*,#1960,.T.);
#2747=ORIENTED_EDGE('',*,*,#2038,.T.);
#2748=ORIENTED_EDGE('',*,*,#2039,.F.);
#2749=ORIENTED_EDGE('',*,*,#2040,.F.);
#2750=ORIENTED_EDGE('',*,*,#2018,.F.);
#2751=ORIENTED_EDGE('',*,*,#1961,.T.);
#2752=ORIENTED_EDGE('',*,*,#2041,.T.);
#2753=ORIENTED_EDGE('',*,*,#2042,.F.);
#2754=ORIENTED_EDGE('',*,*,#1967,.F.);
#2755=ORIENTED_EDGE('',*,*,#1964,.T.);
#2756=ORIENTED_EDGE('',*,*,#1978,.F.);
#2757=ORIENTED_EDGE('',*,*,#2043,.F.);
#2758=ORIENTED_EDGE('',*,*,#1965,.F.);
#2759=ORIENTED_EDGE('',*,*,#2044,.T.);
#2760=ORIENTED_EDGE('',*,*,#1975,.F.);
#2761=ORIENTED_EDGE('',*,*,#2045,.F.);
#2762=ORIENTED_EDGE('',*,*,#1966,.F.);
#2763=ORIENTED_EDGE('',*,*,#2045,.T.);
#2764=ORIENTED_EDGE('',*,*,#1979,.F.);
#2765=ORIENTED_EDGE('',*,*,#1970,.F.);
#2766=ORIENTED_EDGE('',*,*,#1968,.F.);
#2767=ORIENTED_EDGE('',*,*,#2043,.T.);
#2768=ORIENTED_EDGE('',*,*,#1977,.F.);
#2769=ORIENTED_EDGE('',*,*,#2046,.F.);
#2770=ORIENTED_EDGE('',*,*,#1976,.F.);
#2771=ORIENTED_EDGE('',*,*,#2044,.F.);
#2772=ORIENTED_EDGE('',*,*,#1969,.F.);
#2773=ORIENTED_EDGE('',*,*,#2046,.T.);
#2774=ORIENTED_EDGE('',*,*,#1981,.T.);
#2775=ORIENTED_EDGE('',*,*,#1982,.T.);
#2776=ORIENTED_EDGE('',*,*,#1973,.F.);
#2777=ORIENTED_EDGE('',*,*,#1972,.F.);
#2778=ORIENTED_EDGE('',*,*,#2007,.F.);
#2779=ORIENTED_EDGE('',*,*,#1985,.F.);
#2780=ORIENTED_EDGE('',*,*,#2005,.T.);
#2781=ORIENTED_EDGE('',*,*,#2047,.F.);
#2782=ORIENTED_EDGE('',*,*,#1987,.F.);
#2783=ORIENTED_EDGE('',*,*,#1986,.F.);
#2784=ORIENTED_EDGE('',*,*,#2012,.T.);
#2785=ORIENTED_EDGE('',*,*,#2048,.F.);
#2786=ORIENTED_EDGE('',*,*,#2049,.T.);
#2787=ORIENTED_EDGE('',*,*,#2050,.T.);
#2788=ORIENTED_EDGE('',*,*,#2051,.F.);
#2789=ORIENTED_EDGE('',*,*,#2052,.F.);
#2790=ORIENTED_EDGE('',*,*,#1988,.T.);
#2791=ORIENTED_EDGE('',*,*,#1993,.F.);
#2792=ORIENTED_EDGE('',*,*,#1989,.F.);
#2793=ORIENTED_EDGE('',*,*,#1991,.T.);
#2794=ORIENTED_EDGE('',*,*,#2053,.F.);
#2795=ORIENTED_EDGE('',*,*,#1998,.F.);
#2796=ORIENTED_EDGE('',*,*,#1990,.F.);
#2797=ORIENTED_EDGE('',*,*,#2000,.T.);
#2798=ORIENTED_EDGE('',*,*,#2054,.F.);
#2799=ORIENTED_EDGE('',*,*,#2055,.F.);
#2800=ORIENTED_EDGE('',*,*,#1992,.T.);
#2801=ORIENTED_EDGE('',*,*,#2056,.T.);
#2802=ORIENTED_EDGE('',*,*,#2057,.F.);
#2803=ORIENTED_EDGE('',*,*,#2058,.F.);
#2804=ORIENTED_EDGE('',*,*,#2059,.T.);
#2805=ORIENTED_EDGE('',*,*,#2060,.T.);
#2806=ORIENTED_EDGE('',*,*,#2061,.F.);
#2807=ORIENTED_EDGE('',*,*,#2062,.F.);
#2808=ORIENTED_EDGE('',*,*,#1994,.T.);
#2809=ORIENTED_EDGE('',*,*,#1995,.T.);
#2810=ORIENTED_EDGE('',*,*,#2063,.T.);
#2811=ORIENTED_EDGE('',*,*,#2064,.F.);
#2812=ORIENTED_EDGE('',*,*,#2056,.F.);
#2813=ORIENTED_EDGE('',*,*,#1996,.F.);
#2814=ORIENTED_EDGE('',*,*,#2062,.T.);
#2815=ORIENTED_EDGE('',*,*,#2065,.T.);
#2816=ORIENTED_EDGE('',*,*,#2066,.F.);
#2817=ORIENTED_EDGE('',*,*,#2063,.F.);
#2818=ORIENTED_EDGE('',*,*,#1997,.T.);
#2819=ORIENTED_EDGE('',*,*,#2066,.T.);
#2820=ORIENTED_EDGE('',*,*,#2067,.F.);
#2821=ORIENTED_EDGE('',*,*,#2068,.T.);
#2822=ORIENTED_EDGE('',*,*,#2069,.T.);
#2823=ORIENTED_EDGE('',*,*,#2070,.F.);
#2824=ORIENTED_EDGE('',*,*,#2071,.F.);
#2825=ORIENTED_EDGE('',*,*,#1999,.T.);
#2826=ORIENTED_EDGE('',*,*,#2072,.F.);
#2827=ORIENTED_EDGE('',*,*,#2001,.T.);
#2828=ORIENTED_EDGE('',*,*,#2073,.T.);
#2829=ORIENTED_EDGE('',*,*,#2074,.F.);
#2830=ORIENTED_EDGE('',*,*,#2075,.F.);
#2831=ORIENTED_EDGE('',*,*,#2002,.T.);
#2832=ORIENTED_EDGE('',*,*,#2076,.T.);
#2833=ORIENTED_EDGE('',*,*,#2077,.F.);
#2834=ORIENTED_EDGE('',*,*,#2073,.F.);
#2835=ORIENTED_EDGE('',*,*,#2003,.F.);
#2836=ORIENTED_EDGE('',*,*,#2071,.T.);
#2837=ORIENTED_EDGE('',*,*,#2078,.T.);
#2838=ORIENTED_EDGE('',*,*,#2079,.F.);
#2839=ORIENTED_EDGE('',*,*,#2076,.F.);
#2840=ORIENTED_EDGE('',*,*,#2004,.T.);
#2841=ORIENTED_EDGE('',*,*,#2079,.T.);
#2842=ORIENTED_EDGE('',*,*,#2080,.F.);
#2843=ORIENTED_EDGE('',*,*,#2081,.F.);
#2844=ORIENTED_EDGE('',*,*,#2006,.T.);
#2845=ORIENTED_EDGE('',*,*,#2082,.T.);
#2846=ORIENTED_EDGE('',*,*,#2083,.F.);
#2847=ORIENTED_EDGE('',*,*,#2084,.F.);
#2848=ORIENTED_EDGE('',*,*,#2085,.T.);
#2849=ORIENTED_EDGE('',*,*,#2086,.T.);
#2850=ORIENTED_EDGE('',*,*,#2087,.F.);
#2851=ORIENTED_EDGE('',*,*,#2088,.F.);
#2852=ORIENTED_EDGE('',*,*,#2008,.T.);
#2853=ORIENTED_EDGE('',*,*,#2009,.T.);
#2854=ORIENTED_EDGE('',*,*,#2089,.T.);
#2855=ORIENTED_EDGE('',*,*,#2090,.F.);
#2856=ORIENTED_EDGE('',*,*,#2082,.F.);
#2857=ORIENTED_EDGE('',*,*,#2010,.F.);
#2858=ORIENTED_EDGE('',*,*,#2088,.T.);
#2859=ORIENTED_EDGE('',*,*,#2091,.T.);
#2860=ORIENTED_EDGE('',*,*,#2092,.F.);
#2861=ORIENTED_EDGE('',*,*,#2089,.F.);
#2862=ORIENTED_EDGE('',*,*,#2011,.T.);
#2863=ORIENTED_EDGE('',*,*,#2092,.T.);
#2864=ORIENTED_EDGE('',*,*,#2093,.F.);
#2865=ORIENTED_EDGE('',*,*,#2094,.F.);
#2866=ORIENTED_EDGE('',*,*,#2013,.T.);
#2867=ORIENTED_EDGE('',*,*,#2095,.T.);
#2868=ORIENTED_EDGE('',*,*,#2096,.F.);
#2869=ORIENTED_EDGE('',*,*,#2097,.F.);
#2870=ORIENTED_EDGE('',*,*,#2014,.T.);
#2871=ORIENTED_EDGE('',*,*,#2098,.T.);
#2872=ORIENTED_EDGE('',*,*,#2099,.F.);
#2873=ORIENTED_EDGE('',*,*,#2095,.F.);
#2874=ORIENTED_EDGE('',*,*,#2015,.F.);
#2875=ORIENTED_EDGE('',*,*,#2052,.T.);
#2876=ORIENTED_EDGE('',*,*,#2100,.T.);
#2877=ORIENTED_EDGE('',*,*,#2101,.F.);
#2878=ORIENTED_EDGE('',*,*,#2098,.F.);
#2879=ORIENTED_EDGE('',*,*,#2016,.T.);
#2880=ORIENTED_EDGE('',*,*,#2101,.T.);
#2881=ORIENTED_EDGE('',*,*,#2102,.F.);
#2882=ORIENTED_EDGE('',*,*,#2017,.F.);
#2883=ORIENTED_EDGE('',*,*,#2103,.T.);
#2884=ORIENTED_EDGE('',*,*,#2039,.T.);
#2885=ORIENTED_EDGE('',*,*,#2037,.T.);
#2886=ORIENTED_EDGE('',*,*,#2104,.T.);
#2887=ORIENTED_EDGE('',*,*,#2029,.T.);
#2888=ORIENTED_EDGE('',*,*,#2027,.T.);
#2889=ORIENTED_EDGE('',*,*,#2105,.F.);
#2890=ORIENTED_EDGE('',*,*,#2020,.T.);
#2891=ORIENTED_EDGE('',*,*,#2106,.T.);
#2892=ORIENTED_EDGE('',*,*,#2107,.F.);
#2893=ORIENTED_EDGE('',*,*,#2103,.F.);
#2894=ORIENTED_EDGE('',*,*,#2042,.T.);
#2895=ORIENTED_EDGE('',*,*,#2108,.T.);
#2896=ORIENTED_EDGE('',*,*,#2106,.F.);
#2897=ORIENTED_EDGE('',*,*,#2019,.F.);
#2898=ORIENTED_EDGE('',*,*,#2022,.F.);
#2899=ORIENTED_EDGE('',*,*,#2105,.T.);
#2900=ORIENTED_EDGE('',*,*,#2109,.T.);
#2901=ORIENTED_EDGE('',*,*,#2110,.F.);
#2902=ORIENTED_EDGE('',*,*,#2024,.F.);
#2903=ORIENTED_EDGE('',*,*,#2023,.T.);
#2904=ORIENTED_EDGE('',*,*,#2110,.T.);
#2905=ORIENTED_EDGE('',*,*,#2111,.F.);
#2906=ORIENTED_EDGE('',*,*,#2025,.T.);
#2907=ORIENTED_EDGE('',*,*,#2111,.T.);
#2908=ORIENTED_EDGE('',*,*,#2109,.F.);
#2909=ORIENTED_EDGE('',*,*,#2026,.F.);
#2910=ORIENTED_EDGE('',*,*,#2033,.T.);
#2911=ORIENTED_EDGE('',*,*,#2030,.T.);
#2912=ORIENTED_EDGE('',*,*,#2112,.F.);
#2913=ORIENTED_EDGE('',*,*,#2113,.F.);
#2914=ORIENTED_EDGE('',*,*,#2031,.T.);
#2915=ORIENTED_EDGE('',*,*,#2114,.T.);
#2916=ORIENTED_EDGE('',*,*,#2115,.F.);
#2917=ORIENTED_EDGE('',*,*,#2116,.F.);
#2918=ORIENTED_EDGE('',*,*,#2032,.T.);
#2919=ORIENTED_EDGE('',*,*,#2116,.T.);
#2920=ORIENTED_EDGE('',*,*,#2117,.F.);
#2921=ORIENTED_EDGE('',*,*,#2036,.F.);
#2922=ORIENTED_EDGE('',*,*,#2034,.T.);
#2923=ORIENTED_EDGE('',*,*,#2113,.T.);
#2924=ORIENTED_EDGE('',*,*,#2118,.F.);
#2925=ORIENTED_EDGE('',*,*,#2119,.F.);
#2926=ORIENTED_EDGE('',*,*,#2035,.T.);
#2927=ORIENTED_EDGE('',*,*,#2119,.T.);
#2928=ORIENTED_EDGE('',*,*,#2120,.F.);
#2929=ORIENTED_EDGE('',*,*,#2114,.F.);
#2930=ORIENTED_EDGE('',*,*,#2041,.F.);
#2931=ORIENTED_EDGE('',*,*,#2040,.T.);
#2932=ORIENTED_EDGE('',*,*,#2107,.T.);
#2933=ORIENTED_EDGE('',*,*,#2108,.F.);
#2934=ORIENTED_EDGE('',*,*,#2085,.F.);
#2935=ORIENTED_EDGE('',*,*,#2047,.T.);
#2936=ORIENTED_EDGE('',*,*,#2081,.T.);
#2937=ORIENTED_EDGE('',*,*,#2121,.F.);
#2938=ORIENTED_EDGE('',*,*,#2049,.F.);
#2939=ORIENTED_EDGE('',*,*,#2048,.T.);
#2940=ORIENTED_EDGE('',*,*,#2094,.T.);
#2941=ORIENTED_EDGE('',*,*,#2122,.F.);
#2942=ORIENTED_EDGE('',*,*,#2122,.T.);
#2943=ORIENTED_EDGE('',*,*,#2097,.T.);
#2944=ORIENTED_EDGE('',*,*,#2123,.F.);
#2945=ORIENTED_EDGE('',*,*,#2050,.F.);
#2946=ORIENTED_EDGE('',*,*,#2096,.T.);
#2947=ORIENTED_EDGE('',*,*,#2124,.T.);
#2948=ORIENTED_EDGE('',*,*,#2051,.T.);
#2949=ORIENTED_EDGE('',*,*,#2123,.T.);
#2950=ORIENTED_EDGE('',*,*,#2059,.F.);
#2951=ORIENTED_EDGE('',*,*,#2053,.T.);
#2952=ORIENTED_EDGE('',*,*,#2055,.T.);
#2953=ORIENTED_EDGE('',*,*,#2125,.F.);
#2954=ORIENTED_EDGE('',*,*,#2068,.F.);
#2955=ORIENTED_EDGE('',*,*,#2054,.T.);
#2956=ORIENTED_EDGE('',*,*,#2072,.T.);
#2957=ORIENTED_EDGE('',*,*,#2126,.F.);
#2958=ORIENTED_EDGE('',*,*,#2125,.T.);
#2959=ORIENTED_EDGE('',*,*,#2058,.T.);
#2960=ORIENTED_EDGE('',*,*,#2127,.F.);
#2961=ORIENTED_EDGE('',*,*,#2060,.F.);
#2962=ORIENTED_EDGE('',*,*,#2061,.T.);
#2963=ORIENTED_EDGE('',*,*,#2127,.T.);
#2964=ORIENTED_EDGE('',*,*,#2057,.T.);
#2965=ORIENTED_EDGE('',*,*,#2128,.T.);
#2966=ORIENTED_EDGE('',*,*,#2064,.T.);
#2967=ORIENTED_EDGE('',*,*,#2067,.T.);
#2968=ORIENTED_EDGE('',*,*,#2065,.F.);
#2969=ORIENTED_EDGE('',*,*,#2128,.F.);
#2970=ORIENTED_EDGE('',*,*,#2126,.T.);
#2971=ORIENTED_EDGE('',*,*,#2075,.T.);
#2972=ORIENTED_EDGE('',*,*,#2129,.F.);
#2973=ORIENTED_EDGE('',*,*,#2069,.F.);
#2974=ORIENTED_EDGE('',*,*,#2070,.T.);
#2975=ORIENTED_EDGE('',*,*,#2129,.T.);
#2976=ORIENTED_EDGE('',*,*,#2074,.T.);
#2977=ORIENTED_EDGE('',*,*,#2130,.T.);
#2978=ORIENTED_EDGE('',*,*,#2077,.T.);
#2979=ORIENTED_EDGE('',*,*,#2080,.T.);
#2980=ORIENTED_EDGE('',*,*,#2078,.F.);
#2981=ORIENTED_EDGE('',*,*,#2130,.F.);
#2982=ORIENTED_EDGE('',*,*,#2121,.T.);
#2983=ORIENTED_EDGE('',*,*,#2084,.T.);
#2984=ORIENTED_EDGE('',*,*,#2131,.F.);
#2985=ORIENTED_EDGE('',*,*,#2086,.F.);
#2986=ORIENTED_EDGE('',*,*,#2083,.T.);
#2987=ORIENTED_EDGE('',*,*,#2132,.T.);
#2988=ORIENTED_EDGE('',*,*,#2087,.T.);
#2989=ORIENTED_EDGE('',*,*,#2131,.T.);
#2990=ORIENTED_EDGE('',*,*,#2090,.T.);
#2991=ORIENTED_EDGE('',*,*,#2093,.T.);
#2992=ORIENTED_EDGE('',*,*,#2091,.F.);
#2993=ORIENTED_EDGE('',*,*,#2132,.F.);
#2994=ORIENTED_EDGE('',*,*,#2099,.T.);
#2995=ORIENTED_EDGE('',*,*,#2102,.T.);
#2996=ORIENTED_EDGE('',*,*,#2100,.F.);
#2997=ORIENTED_EDGE('',*,*,#2124,.F.);
#2998=ORIENTED_EDGE('',*,*,#2115,.T.);
#2999=ORIENTED_EDGE('',*,*,#2120,.T.);
#3000=ORIENTED_EDGE('',*,*,#2118,.T.);
#3001=ORIENTED_EDGE('',*,*,#2112,.T.);
#3002=ORIENTED_EDGE('',*,*,#2104,.F.);
#3003=ORIENTED_EDGE('',*,*,#2117,.T.);
#3004=ORIENTED_EDGE('',*,*,#2133,.T.);
#3005=ORIENTED_EDGE('',*,*,#2134,.T.);
#3006=ORIENTED_EDGE('',*,*,#2135,.F.);
#3007=ORIENTED_EDGE('',*,*,#2136,.F.);
#3008=ORIENTED_EDGE('',*,*,#2135,.T.);
#3009=ORIENTED_EDGE('',*,*,#2137,.T.);
#3010=ORIENTED_EDGE('',*,*,#2138,.F.);
#3011=ORIENTED_EDGE('',*,*,#2139,.F.);
#3012=ORIENTED_EDGE('',*,*,#2138,.T.);
#3013=ORIENTED_EDGE('',*,*,#2140,.T.);
#3014=ORIENTED_EDGE('',*,*,#2141,.F.);
#3015=ORIENTED_EDGE('',*,*,#2142,.F.);
#3016=ORIENTED_EDGE('',*,*,#2141,.T.);
#3017=ORIENTED_EDGE('',*,*,#2143,.T.);
#3018=ORIENTED_EDGE('',*,*,#2144,.F.);
#3019=ORIENTED_EDGE('',*,*,#2145,.F.);
#3020=ORIENTED_EDGE('',*,*,#2144,.T.);
#3021=ORIENTED_EDGE('',*,*,#2146,.T.);
#3022=ORIENTED_EDGE('',*,*,#2147,.F.);
#3023=ORIENTED_EDGE('',*,*,#2148,.F.);
#3024=ORIENTED_EDGE('',*,*,#2147,.T.);
#3025=ORIENTED_EDGE('',*,*,#2149,.T.);
#3026=ORIENTED_EDGE('',*,*,#2150,.F.);
#3027=ORIENTED_EDGE('',*,*,#2151,.F.);
#3028=ORIENTED_EDGE('',*,*,#2150,.T.);
#3029=ORIENTED_EDGE('',*,*,#2152,.T.);
#3030=ORIENTED_EDGE('',*,*,#2153,.F.);
#3031=ORIENTED_EDGE('',*,*,#2154,.F.);
#3032=ORIENTED_EDGE('',*,*,#2153,.T.);
#3033=ORIENTED_EDGE('',*,*,#2155,.T.);
#3034=ORIENTED_EDGE('',*,*,#2156,.F.);
#3035=ORIENTED_EDGE('',*,*,#2157,.F.);
#3036=ORIENTED_EDGE('',*,*,#2156,.T.);
#3037=ORIENTED_EDGE('',*,*,#2158,.T.);
#3038=ORIENTED_EDGE('',*,*,#2159,.F.);
#3039=ORIENTED_EDGE('',*,*,#2160,.F.);
#3040=ORIENTED_EDGE('',*,*,#2159,.T.);
#3041=ORIENTED_EDGE('',*,*,#2161,.T.);
#3042=ORIENTED_EDGE('',*,*,#2162,.F.);
#3043=ORIENTED_EDGE('',*,*,#2163,.F.);
#3044=ORIENTED_EDGE('',*,*,#2162,.T.);
#3045=ORIENTED_EDGE('',*,*,#2164,.T.);
#3046=ORIENTED_EDGE('',*,*,#2165,.F.);
#3047=ORIENTED_EDGE('',*,*,#2166,.F.);
#3048=ORIENTED_EDGE('',*,*,#2165,.T.);
#3049=ORIENTED_EDGE('',*,*,#2167,.T.);
#3050=ORIENTED_EDGE('',*,*,#2133,.F.);
#3051=ORIENTED_EDGE('',*,*,#2168,.F.);
#3052=ORIENTED_EDGE('',*,*,#2136,.T.);
#3053=ORIENTED_EDGE('',*,*,#2139,.T.);
#3054=ORIENTED_EDGE('',*,*,#2142,.T.);
#3055=ORIENTED_EDGE('',*,*,#2145,.T.);
#3056=ORIENTED_EDGE('',*,*,#2148,.T.);
#3057=ORIENTED_EDGE('',*,*,#2151,.T.);
#3058=ORIENTED_EDGE('',*,*,#2154,.T.);
#3059=ORIENTED_EDGE('',*,*,#2157,.T.);
#3060=ORIENTED_EDGE('',*,*,#2160,.T.);
#3061=ORIENTED_EDGE('',*,*,#2163,.T.);
#3062=ORIENTED_EDGE('',*,*,#2166,.T.);
#3063=ORIENTED_EDGE('',*,*,#2168,.T.);
#3064=ORIENTED_EDGE('',*,*,#2134,.F.);
#3065=ORIENTED_EDGE('',*,*,#2167,.F.);
#3066=ORIENTED_EDGE('',*,*,#2164,.F.);
#3067=ORIENTED_EDGE('',*,*,#2161,.F.);
#3068=ORIENTED_EDGE('',*,*,#2158,.F.);
#3069=ORIENTED_EDGE('',*,*,#2155,.F.);
#3070=ORIENTED_EDGE('',*,*,#2152,.F.);
#3071=ORIENTED_EDGE('',*,*,#2149,.F.);
#3072=ORIENTED_EDGE('',*,*,#2146,.F.);
#3073=ORIENTED_EDGE('',*,*,#2143,.F.);
#3074=ORIENTED_EDGE('',*,*,#2140,.F.);
#3075=ORIENTED_EDGE('',*,*,#2137,.F.);
#3076=ORIENTED_EDGE('',*,*,#2169,.F.);
#3077=ORIENTED_EDGE('',*,*,#2170,.T.);
#3078=ORIENTED_EDGE('',*,*,#2171,.T.);
#3079=ORIENTED_EDGE('',*,*,#2172,.T.);
#3080=ORIENTED_EDGE('',*,*,#2173,.F.);
#3081=ORIENTED_EDGE('',*,*,#2174,.F.);
#3082=ORIENTED_EDGE('',*,*,#2175,.F.);
#3083=ORIENTED_EDGE('',*,*,#2176,.T.);
#3084=ORIENTED_EDGE('',*,*,#2169,.T.);
#3085=ORIENTED_EDGE('',*,*,#2177,.F.);
#3086=ORIENTED_EDGE('',*,*,#2178,.F.);
#3087=ORIENTED_EDGE('',*,*,#2177,.T.);
#3088=ORIENTED_EDGE('',*,*,#2174,.T.);
#3089=ORIENTED_EDGE('',*,*,#2179,.F.);
#3090=ORIENTED_EDGE('',*,*,#2170,.F.);
#3091=ORIENTED_EDGE('',*,*,#2176,.F.);
#3092=ORIENTED_EDGE('',*,*,#2180,.F.);
#3093=ORIENTED_EDGE('',*,*,#2181,.F.);
#3094=ORIENTED_EDGE('',*,*,#2173,.T.);
#3095=ORIENTED_EDGE('',*,*,#2182,.T.);
#3096=ORIENTED_EDGE('',*,*,#2183,.T.);
#3097=ORIENTED_EDGE('',*,*,#2179,.T.);
#3098=ORIENTED_EDGE('',*,*,#2171,.F.);
#3099=ORIENTED_EDGE('',*,*,#2181,.T.);
#3100=ORIENTED_EDGE('',*,*,#2184,.T.);
#3101=ORIENTED_EDGE('',*,*,#2185,.F.);
#3102=ORIENTED_EDGE('',*,*,#2172,.F.);
#3103=ORIENTED_EDGE('',*,*,#2185,.T.);
#3104=ORIENTED_EDGE('',*,*,#2186,.T.);
#3105=ORIENTED_EDGE('',*,*,#2182,.F.);
#3106=ORIENTED_EDGE('',*,*,#2184,.F.);
#3107=ORIENTED_EDGE('',*,*,#2180,.T.);
#3108=ORIENTED_EDGE('',*,*,#2175,.T.);
#3109=ORIENTED_EDGE('',*,*,#2178,.T.);
#3110=ORIENTED_EDGE('',*,*,#2183,.F.);
#3111=ORIENTED_EDGE('',*,*,#2186,.F.);
#3112=ORIENTED_EDGE('',*,*,#2187,.F.);
#3113=ORIENTED_EDGE('',*,*,#2188,.T.);
#3114=ORIENTED_EDGE('',*,*,#2189,.T.);
#3115=ORIENTED_EDGE('',*,*,#2190,.T.);
#3116=ORIENTED_EDGE('',*,*,#2191,.F.);
#3117=ORIENTED_EDGE('',*,*,#2192,.F.);
#3118=ORIENTED_EDGE('',*,*,#2193,.F.);
#3119=ORIENTED_EDGE('',*,*,#2194,.T.);
#3120=ORIENTED_EDGE('',*,*,#2187,.T.);
#3121=ORIENTED_EDGE('',*,*,#2195,.F.);
#3122=ORIENTED_EDGE('',*,*,#2196,.F.);
#3123=ORIENTED_EDGE('',*,*,#2195,.T.);
#3124=ORIENTED_EDGE('',*,*,#2192,.T.);
#3125=ORIENTED_EDGE('',*,*,#2197,.F.);
#3126=ORIENTED_EDGE('',*,*,#2188,.F.);
#3127=ORIENTED_EDGE('',*,*,#2194,.F.);
#3128=ORIENTED_EDGE('',*,*,#2198,.F.);
#3129=ORIENTED_EDGE('',*,*,#2199,.F.);
#3130=ORIENTED_EDGE('',*,*,#2191,.T.);
#3131=ORIENTED_EDGE('',*,*,#2200,.T.);
#3132=ORIENTED_EDGE('',*,*,#2201,.T.);
#3133=ORIENTED_EDGE('',*,*,#2197,.T.);
#3134=ORIENTED_EDGE('',*,*,#2189,.F.);
#3135=ORIENTED_EDGE('',*,*,#2199,.T.);
#3136=ORIENTED_EDGE('',*,*,#2202,.T.);
#3137=ORIENTED_EDGE('',*,*,#2203,.F.);
#3138=ORIENTED_EDGE('',*,*,#2190,.F.);
#3139=ORIENTED_EDGE('',*,*,#2203,.T.);
#3140=ORIENTED_EDGE('',*,*,#2204,.T.);
#3141=ORIENTED_EDGE('',*,*,#2200,.F.);
#3142=ORIENTED_EDGE('',*,*,#2202,.F.);
#3143=ORIENTED_EDGE('',*,*,#2198,.T.);
#3144=ORIENTED_EDGE('',*,*,#2193,.T.);
#3145=ORIENTED_EDGE('',*,*,#2196,.T.);
#3146=ORIENTED_EDGE('',*,*,#2201,.F.);
#3147=ORIENTED_EDGE('',*,*,#2204,.F.);
#3148=ORIENTED_EDGE('',*,*,#2205,.F.);
#3149=ORIENTED_EDGE('',*,*,#2206,.T.);
#3150=ORIENTED_EDGE('',*,*,#2207,.T.);
#3151=ORIENTED_EDGE('',*,*,#2208,.T.);
#3152=ORIENTED_EDGE('',*,*,#2209,.F.);
#3153=ORIENTED_EDGE('',*,*,#2210,.F.);
#3154=ORIENTED_EDGE('',*,*,#2211,.F.);
#3155=ORIENTED_EDGE('',*,*,#2212,.T.);
#3156=ORIENTED_EDGE('',*,*,#2205,.T.);
#3157=ORIENTED_EDGE('',*,*,#2213,.F.);
#3158=ORIENTED_EDGE('',*,*,#2214,.F.);
#3159=ORIENTED_EDGE('',*,*,#2213,.T.);
#3160=ORIENTED_EDGE('',*,*,#2210,.T.);
#3161=ORIENTED_EDGE('',*,*,#2215,.F.);
#3162=ORIENTED_EDGE('',*,*,#2206,.F.);
#3163=ORIENTED_EDGE('',*,*,#2212,.F.);
#3164=ORIENTED_EDGE('',*,*,#2216,.F.);
#3165=ORIENTED_EDGE('',*,*,#2217,.F.);
#3166=ORIENTED_EDGE('',*,*,#2209,.T.);
#3167=ORIENTED_EDGE('',*,*,#2218,.T.);
#3168=ORIENTED_EDGE('',*,*,#2219,.T.);
#3169=ORIENTED_EDGE('',*,*,#2215,.T.);
#3170=ORIENTED_EDGE('',*,*,#2207,.F.);
#3171=ORIENTED_EDGE('',*,*,#2217,.T.);
#3172=ORIENTED_EDGE('',*,*,#2220,.T.);
#3173=ORIENTED_EDGE('',*,*,#2221,.F.);
#3174=ORIENTED_EDGE('',*,*,#2208,.F.);
#3175=ORIENTED_EDGE('',*,*,#2221,.T.);
#3176=ORIENTED_EDGE('',*,*,#2222,.T.);
#3177=ORIENTED_EDGE('',*,*,#2218,.F.);
#3178=ORIENTED_EDGE('',*,*,#2220,.F.);
#3179=ORIENTED_EDGE('',*,*,#2216,.T.);
#3180=ORIENTED_EDGE('',*,*,#2211,.T.);
#3181=ORIENTED_EDGE('',*,*,#2214,.T.);
#3182=ORIENTED_EDGE('',*,*,#2219,.F.);
#3183=ORIENTED_EDGE('',*,*,#2222,.F.);
#3184=ORIENTED_EDGE('',*,*,#2223,.T.);
#3185=ORIENTED_EDGE('',*,*,#2224,.T.);
#3186=ORIENTED_EDGE('',*,*,#2225,.F.);
#3187=ORIENTED_EDGE('',*,*,#2226,.F.);
#3188=ORIENTED_EDGE('',*,*,#2227,.T.);
#3189=ORIENTED_EDGE('',*,*,#2228,.T.);
#3190=ORIENTED_EDGE('',*,*,#2229,.F.);
#3191=ORIENTED_EDGE('',*,*,#2223,.F.);
#3192=ORIENTED_EDGE('',*,*,#2230,.F.);
#3193=ORIENTED_EDGE('',*,*,#2225,.T.);
#3194=ORIENTED_EDGE('',*,*,#2231,.T.);
#3195=ORIENTED_EDGE('',*,*,#2232,.F.);
#3196=ORIENTED_EDGE('',*,*,#2226,.T.);
#3197=ORIENTED_EDGE('',*,*,#2233,.T.);
#3198=ORIENTED_EDGE('',*,*,#2234,.T.);
#3199=ORIENTED_EDGE('',*,*,#2235,.T.);
#3200=ORIENTED_EDGE('',*,*,#2224,.F.);
#3201=ORIENTED_EDGE('',*,*,#2236,.T.);
#3202=ORIENTED_EDGE('',*,*,#2237,.T.);
#3203=ORIENTED_EDGE('',*,*,#2238,.F.);
#3204=ORIENTED_EDGE('',*,*,#2239,.F.);
#3205=ORIENTED_EDGE('',*,*,#2240,.T.);
#3206=ORIENTED_EDGE('',*,*,#2241,.F.);
#3207=ORIENTED_EDGE('',*,*,#2242,.T.);
#3208=ORIENTED_EDGE('',*,*,#2243,.T.);
#3209=ORIENTED_EDGE('',*,*,#2227,.F.);
#3210=ORIENTED_EDGE('',*,*,#2235,.F.);
#3211=ORIENTED_EDGE('',*,*,#2244,.F.);
#3212=ORIENTED_EDGE('',*,*,#2245,.T.);
#3213=ORIENTED_EDGE('',*,*,#2229,.T.);
#3214=ORIENTED_EDGE('',*,*,#2246,.F.);
#3215=ORIENTED_EDGE('',*,*,#2247,.T.);
#3216=ORIENTED_EDGE('',*,*,#2246,.T.);
#3217=ORIENTED_EDGE('',*,*,#2228,.F.);
#3218=ORIENTED_EDGE('',*,*,#2243,.F.);
#3219=ORIENTED_EDGE('',*,*,#2230,.T.);
#3220=ORIENTED_EDGE('',*,*,#2248,.T.);
#3221=ORIENTED_EDGE('',*,*,#2249,.F.);
#3222=ORIENTED_EDGE('',*,*,#2233,.F.);
#3223=ORIENTED_EDGE('',*,*,#2231,.F.);
#3224=ORIENTED_EDGE('',*,*,#2250,.T.);
#3225=ORIENTED_EDGE('',*,*,#2251,.T.);
#3226=ORIENTED_EDGE('',*,*,#2252,.F.);
#3227=ORIENTED_EDGE('',*,*,#2232,.T.);
#3228=ORIENTED_EDGE('',*,*,#2252,.T.);
#3229=ORIENTED_EDGE('',*,*,#2253,.F.);
#3230=ORIENTED_EDGE('',*,*,#2248,.F.);
#3231=ORIENTED_EDGE('',*,*,#2254,.T.);
#3232=ORIENTED_EDGE('',*,*,#2255,.T.);
#3233=ORIENTED_EDGE('',*,*,#2256,.F.);
#3234=ORIENTED_EDGE('',*,*,#2234,.F.);
#3235=ORIENTED_EDGE('',*,*,#2241,.T.);
#3236=ORIENTED_EDGE('',*,*,#2257,.T.);
#3237=ORIENTED_EDGE('',*,*,#2258,.F.);
#3238=ORIENTED_EDGE('',*,*,#2250,.F.);
#3239=ORIENTED_EDGE('',*,*,#2240,.F.);
#3240=ORIENTED_EDGE('',*,*,#2259,.F.);
#3241=ORIENTED_EDGE('',*,*,#2260,.F.);
#3242=ORIENTED_EDGE('',*,*,#2257,.F.);
#3243=ORIENTED_EDGE('',*,*,#2261,.T.);
#3244=ORIENTED_EDGE('',*,*,#2259,.T.);
#3245=ORIENTED_EDGE('',*,*,#2239,.T.);
#3246=ORIENTED_EDGE('',*,*,#2262,.F.);
#3247=ORIENTED_EDGE('',*,*,#2263,.T.);
#3248=ORIENTED_EDGE('',*,*,#2262,.T.);
#3249=ORIENTED_EDGE('',*,*,#2238,.T.);
#3250=ORIENTED_EDGE('',*,*,#2264,.F.);
#3251=ORIENTED_EDGE('',*,*,#2237,.F.);
#3252=ORIENTED_EDGE('',*,*,#2265,.F.);
#3253=ORIENTED_EDGE('',*,*,#2266,.F.);
#3254=ORIENTED_EDGE('',*,*,#2264,.T.);
#3255=ORIENTED_EDGE('',*,*,#2267,.T.);
#3256=ORIENTED_EDGE('',*,*,#2265,.T.);
#3257=ORIENTED_EDGE('',*,*,#2236,.F.);
#3258=ORIENTED_EDGE('',*,*,#2245,.F.);
#3259=ORIENTED_EDGE('',*,*,#2242,.F.);
#3260=ORIENTED_EDGE('',*,*,#2256,.T.);
#3261=ORIENTED_EDGE('',*,*,#2244,.T.);
#3262=ORIENTED_EDGE('',*,*,#2247,.F.);
#3263=ORIENTED_EDGE('',*,*,#2249,.T.);
#3264=ORIENTED_EDGE('',*,*,#2253,.T.);
#3265=ORIENTED_EDGE('',*,*,#2251,.F.);
#3266=ORIENTED_EDGE('',*,*,#2254,.F.);
#3267=ORIENTED_EDGE('',*,*,#2255,.F.);
#3268=ORIENTED_EDGE('',*,*,#2258,.T.);
#3269=ORIENTED_EDGE('',*,*,#2260,.T.);
#3270=ORIENTED_EDGE('',*,*,#2261,.F.);
#3271=ORIENTED_EDGE('',*,*,#2263,.F.);
#3272=ORIENTED_EDGE('',*,*,#2266,.T.);
#3273=ORIENTED_EDGE('',*,*,#2267,.F.);
#3274=PLANE('',#3951);
#3275=PLANE('',#3953);
#3276=PLANE('',#3956);
#3277=PLANE('',#3957);
#3278=PLANE('',#3958);
#3279=PLANE('',#3959);
#3280=PLANE('',#3960);
#3281=PLANE('',#3961);
#3282=PLANE('',#3962);
#3283=PLANE('',#3963);
#3284=PLANE('',#3964);
#3285=PLANE('',#3965);
#3286=PLANE('',#3966);
#3287=PLANE('',#3967);
#3288=PLANE('',#3968);
#3289=PLANE('',#3969);
#3290=PLANE('',#3970);
#3291=PLANE('',#3971);
#3292=PLANE('',#3972);
#3293=PLANE('',#3973);
#3294=PLANE('',#3974);
#3295=PLANE('',#3975);
#3296=PLANE('',#3976);
#3297=PLANE('',#3977);
#3298=PLANE('',#3978);
#3299=PLANE('',#3979);
#3300=PLANE('',#3980);
#3301=PLANE('',#3982);
#3302=PLANE('',#3983);
#3303=PLANE('',#3984);
#3304=PLANE('',#3985);
#3305=PLANE('',#3988);
#3306=PLANE('',#3991);
#3307=PLANE('',#3992);
#3308=PLANE('',#3993);
#3309=PLANE('',#3994);
#3310=PLANE('',#3995);
#3311=PLANE('',#3999);
#3312=PLANE('',#4000);
#3313=PLANE('',#4003);
#3314=PLANE('',#4005);
#3315=PLANE('',#4008);
#3316=PLANE('',#4009);
#3317=PLANE('',#4010);
#3318=PLANE('',#4011);
#3319=PLANE('',#4012);
#3320=PLANE('',#4013);
#3321=PLANE('',#4014);
#3322=PLANE('',#4015);
#3323=PLANE('',#4016);
#3324=PLANE('',#4017);
#3325=PLANE('',#4018);
#3326=PLANE('',#4019);
#3327=PLANE('',#4020);
#3328=PLANE('',#4021);
#3329=PLANE('',#4022);
#3330=PLANE('',#4023);
#3331=PLANE('',#4024);
#3332=PLANE('',#4025);
#3333=PLANE('',#4026);
#3334=PLANE('',#4027);
#3335=PLANE('',#4028);
#3336=PLANE('',#4029);
#3337=PLANE('',#4032);
#3338=PLANE('',#4034);
#3339=PLANE('',#4036);
#3340=PLANE('',#4037);
#3341=PLANE('',#4038);
#3342=PLANE('',#4039);
#3343=PLANE('',#4040);
#3344=PLANE('',#4041);
#3345=PLANE('',#4042);
#3346=PLANE('',#4043);
#3347=PLANE('',#4044);
#3348=PLANE('',#4045);
#3349=PLANE('',#4046);
#3350=PLANE('',#4047);
#3351=PLANE('',#4048);
#3352=PLANE('',#4049);
#3353=PLANE('',#4050);
#3354=PLANE('',#4051);
#3355=PLANE('',#4052);
#3356=PLANE('',#4053);
#3357=PLANE('',#4054);
#3358=PLANE('',#4055);
#3359=PLANE('',#4056);
#3360=PLANE('',#4057);
#3361=PLANE('',#4058);
#3362=PLANE('',#4059);
#3363=PLANE('',#4060);
#3364=PLANE('',#4061);
#3365=PLANE('',#4062);
#3366=PLANE('',#4065);
#3367=PLANE('',#4068);
#3368=PLANE('',#4069);
#3369=PLANE('',#4070);
#3370=PLANE('',#4071);
#3371=PLANE('',#4072);
#3372=PLANE('',#4073);
#3373=PLANE('',#4074);
#3374=PLANE('',#4075);
#3375=PLANE('',#4076);
#3376=PLANE('',#4077);
#3377=PLANE('',#4078);
#3378=PLANE('',#4080);
#3379=PLANE('',#4081);
#3380=PLANE('',#4082);
#3381=PLANE('',#4084);
#3382=PLANE('',#4086);
#3383=PLANE('',#4087);
#3384=PLANE('',#4088);
#3385=PLANE('',#4089);
#3386=PLANE('',#4091);
#3387=PLANE('',#4093);
#3388=PLANE('',#4094);
#3389=PLANE('',#4095);
#3390=PLANE('',#4096);
#3391=PLANE('',#4098);
#3392=PLANE('',#4100);
#3393=PLANE('',#4101);
#3394=PLANE('',#4102);
#3395=PLANE('',#4103);
#3396=PLANE('',#4105);
#3397=PLANE('',#4106);
#3398=PLANE('',#4107);
#3399=PLANE('',#4108);
#3400=PLANE('',#4109);
#3401=PLANE('',#4110);
#3402=PLANE('',#4111);
#3403=PLANE('',#4112);
#3404=PLANE('',#4113);
#3405=PLANE('',#4114);
#3406=PLANE('',#4115);
#3407=PLANE('',#4116);
#3408=PLANE('',#4117);
#3409=PLANE('',#4118);
#3410=PLANE('',#4119);
#3411=PLANE('',#4120);
#3412=PLANE('',#4121);
#3413=PLANE('',#4123);
#3414=PLANE('',#4124);
#3415=PLANE('',#4125);
#3416=PLANE('',#4127);
#3417=PLANE('',#4128);
#3418=PLANE('',#4130);
#3419=PLANE('',#4131);
#3420=PLANE('',#4133);
#3421=PLANE('',#4134);
#3422=PLANE('',#4135);
#3423=PLANE('',#4136);
#3424=PLANE('',#4137);
#3425=PLANE('',#4138);
#3426=PLANE('',#4139);
#3427=PLANE('',#4140);
#3428=PLANE('',#4141);
#3429=PLANE('',#4142);
#3430=PLANE('',#4143);
#3431=PLANE('',#4144);
#3432=PLANE('',#4145);
#3433=PLANE('',#4146);
#3434=PLANE('',#4147);
#3435=PLANE('',#4148);
#3436=PLANE('',#4149);
#3437=PLANE('',#4150);
#3438=PLANE('',#4151);
#3439=PLANE('',#4152);
#3440=PLANE('',#4153);
#3441=PLANE('',#4154);
#3442=PLANE('',#4155);
#3443=PLANE('',#4156);
#3444=PLANE('',#4157);
#3445=PLANE('',#4158);
#3446=PLANE('',#4159);
#3447=PLANE('',#4160);
#3448=PLANE('',#4161);
#3449=PLANE('',#4162);
#3450=PLANE('',#4163);
#3451=PLANE('',#4164);
#3452=PLANE('',#4165);
#3453=PLANE('',#4166);
#3454=PLANE('',#4167);
#3455=PLANE('',#4168);
#3456=PLANE('',#4169);
#3457=PLANE('',#4170);
#3458=PLANE('',#4171);
#3459=PLANE('',#4172);
#3460=PLANE('',#4173);
#3461=PLANE('',#4174);
#3462=PLANE('',#4175);
#3463=PLANE('',#4176);
#3464=PLANE('',#4177);
#3465=PLANE('',#4178);
#3466=PLANE('',#4179);
#3467=PLANE('',#4180);
#3468=PLANE('',#4181);
#3469=PLANE('',#4182);
#3470=PLANE('',#4183);
#3471=PLANE('',#4184);
#3472=PLANE('',#4185);
#3473=PLANE('',#4186);
#3474=PLANE('',#4187);
#3475=PLANE('',#4188);
#3476=PLANE('',#4189);
#3477=PLANE('',#4190);
#3478=PLANE('',#4191);
#3479=PLANE('',#4192);
#3480=PLANE('',#4193);
#3481=PLANE('',#4194);
#3482=PLANE('',#4195);
#3483=STYLED_ITEM('',(#6224),#3710);
#3484=STYLED_ITEM('',(#6224),#3711);
#3485=STYLED_ITEM('',(#6224),#3712);
#3486=STYLED_ITEM('',(#6224),#3713);
#3487=STYLED_ITEM('',(#6224),#3714);
#3488=STYLED_ITEM('',(#6224),#3715);
#3489=STYLED_ITEM('',(#6224),#3716);
#3490=STYLED_ITEM('',(#6224),#3717);
#3491=STYLED_ITEM('',(#6224),#3718);
#3492=STYLED_ITEM('',(#6224),#3719);
#3493=STYLED_ITEM('',(#6224),#3720);
#3494=STYLED_ITEM('',(#6224),#3721);
#3495=STYLED_ITEM('',(#6224),#3722);
#3496=STYLED_ITEM('',(#6224),#3723);
#3497=STYLED_ITEM('',(#6224),#3724);
#3498=STYLED_ITEM('',(#6224),#3725);
#3499=STYLED_ITEM('',(#6224),#3726);
#3500=STYLED_ITEM('',(#6224),#3727);
#3501=STYLED_ITEM('',(#6224),#3728);
#3502=STYLED_ITEM('',(#6224),#3729);
#3503=STYLED_ITEM('',(#6224),#3730);
#3504=STYLED_ITEM('',(#6224),#3731);
#3505=STYLED_ITEM('',(#6224),#3732);
#3506=STYLED_ITEM('',(#6224),#3733);
#3507=STYLED_ITEM('',(#6224),#3734);
#3508=STYLED_ITEM('',(#6224),#3735);
#3509=STYLED_ITEM('',(#6224),#3736);
#3510=STYLED_ITEM('',(#6224),#3737);
#3511=STYLED_ITEM('',(#6224),#3738);
#3512=STYLED_ITEM('',(#6224),#3739);
#3513=STYLED_ITEM('',(#6224),#3740);
#3514=STYLED_ITEM('',(#6224),#3741);
#3515=STYLED_ITEM('',(#6224),#3742);
#3516=STYLED_ITEM('',(#6224),#3743);
#3517=STYLED_ITEM('',(#6224),#3744);
#3518=STYLED_ITEM('',(#6224),#3745);
#3519=STYLED_ITEM('',(#6224),#3746);
#3520=STYLED_ITEM('',(#6224),#3747);
#3521=STYLED_ITEM('',(#6224),#3748);
#3522=STYLED_ITEM('',(#6224),#3749);
#3523=STYLED_ITEM('',(#6224),#3750);
#3524=STYLED_ITEM('',(#6224),#3751);
#3525=STYLED_ITEM('',(#6224),#3752);
#3526=STYLED_ITEM('',(#6224),#3753);
#3527=STYLED_ITEM('',(#6224),#3754);
#3528=STYLED_ITEM('',(#6224),#3755);
#3529=STYLED_ITEM('',(#6224),#3756);
#3530=STYLED_ITEM('',(#6224),#3757);
#3531=STYLED_ITEM('',(#6224),#3758);
#3532=STYLED_ITEM('',(#6224),#3759);
#3533=STYLED_ITEM('',(#6224),#3760);
#3534=STYLED_ITEM('',(#6224),#3761);
#3535=STYLED_ITEM('',(#6224),#3762);
#3536=STYLED_ITEM('',(#6224),#3763);
#3537=STYLED_ITEM('',(#6224),#3764);
#3538=STYLED_ITEM('',(#6224),#3765);
#3539=STYLED_ITEM('',(#6224),#3766);
#3540=STYLED_ITEM('',(#6224),#3767);
#3541=STYLED_ITEM('',(#6224),#3768);
#3542=STYLED_ITEM('',(#6224),#3769);
#3543=STYLED_ITEM('',(#6224),#3770);
#3544=STYLED_ITEM('',(#6224),#3771);
#3545=STYLED_ITEM('',(#6224),#3772);
#3546=STYLED_ITEM('',(#6224),#3773);
#3547=STYLED_ITEM('',(#6224),#3774);
#3548=STYLED_ITEM('',(#6224),#3775);
#3549=STYLED_ITEM('',(#6224),#3776);
#3550=STYLED_ITEM('',(#6224),#3777);
#3551=STYLED_ITEM('',(#6224),#3778);
#3552=STYLED_ITEM('',(#6224),#3779);
#3553=STYLED_ITEM('',(#6224),#3780);
#3554=STYLED_ITEM('',(#6224),#3781);
#3555=STYLED_ITEM('',(#6224),#3782);
#3556=STYLED_ITEM('',(#6224),#3783);
#3557=STYLED_ITEM('',(#6224),#3784);
#3558=STYLED_ITEM('',(#6224),#3785);
#3559=STYLED_ITEM('',(#6224),#3786);
#3560=STYLED_ITEM('',(#6224),#3787);
#3561=STYLED_ITEM('',(#6224),#3788);
#3562=STYLED_ITEM('',(#6224),#3789);
#3563=STYLED_ITEM('',(#6224),#3790);
#3564=STYLED_ITEM('',(#6224),#3791);
#3565=STYLED_ITEM('',(#6224),#3792);
#3566=STYLED_ITEM('',(#6224),#3793);
#3567=STYLED_ITEM('',(#6224),#3794);
#3568=STYLED_ITEM('',(#6224),#3795);
#3569=STYLED_ITEM('',(#6224),#3796);
#3570=STYLED_ITEM('',(#6224),#3797);
#3571=STYLED_ITEM('',(#6224),#3798);
#3572=STYLED_ITEM('',(#6224),#3799);
#3573=STYLED_ITEM('',(#6224),#3800);
#3574=STYLED_ITEM('',(#6224),#3801);
#3575=STYLED_ITEM('',(#6224),#3802);
#3576=STYLED_ITEM('',(#6224),#3803);
#3577=STYLED_ITEM('',(#6224),#3804);
#3578=STYLED_ITEM('',(#6224),#3805);
#3579=STYLED_ITEM('',(#6224),#3806);
#3580=STYLED_ITEM('',(#6224),#3807);
#3581=STYLED_ITEM('',(#6224),#3808);
#3582=STYLED_ITEM('',(#6224),#3809);
#3583=STYLED_ITEM('',(#6224),#3810);
#3584=STYLED_ITEM('',(#6224),#3811);
#3585=STYLED_ITEM('',(#6224),#3812);
#3586=STYLED_ITEM('',(#6224),#3813);
#3587=STYLED_ITEM('',(#6224),#3814);
#3588=STYLED_ITEM('',(#6224),#3815);
#3589=STYLED_ITEM('',(#6224),#3816);
#3590=STYLED_ITEM('',(#6224),#3817);
#3591=STYLED_ITEM('',(#6224),#3818);
#3592=STYLED_ITEM('',(#6224),#3819);
#3593=STYLED_ITEM('',(#6224),#3820);
#3594=STYLED_ITEM('',(#6224),#3821);
#3595=STYLED_ITEM('',(#6224),#3822);
#3596=STYLED_ITEM('',(#6224),#3823);
#3597=STYLED_ITEM('',(#6224),#3824);
#3598=STYLED_ITEM('',(#6224),#3825);
#3599=STYLED_ITEM('',(#6224),#3826);
#3600=STYLED_ITEM('',(#6224),#3827);
#3601=STYLED_ITEM('',(#6224),#3828);
#3602=STYLED_ITEM('',(#6224),#3829);
#3603=STYLED_ITEM('',(#6224),#3830);
#3604=STYLED_ITEM('',(#6224),#3831);
#3605=STYLED_ITEM('',(#6224),#3832);
#3606=STYLED_ITEM('',(#6224),#3833);
#3607=STYLED_ITEM('',(#6224),#3834);
#3608=STYLED_ITEM('',(#6224),#3835);
#3609=STYLED_ITEM('',(#6224),#3836);
#3610=STYLED_ITEM('',(#6224),#3837);
#3611=STYLED_ITEM('',(#6224),#3838);
#3612=STYLED_ITEM('',(#6224),#3839);
#3613=STYLED_ITEM('',(#6224),#3840);
#3614=STYLED_ITEM('',(#6224),#3841);
#3615=STYLED_ITEM('',(#6224),#3842);
#3616=STYLED_ITEM('',(#6224),#3843);
#3617=STYLED_ITEM('',(#6224),#3844);
#3618=STYLED_ITEM('',(#6224),#3845);
#3619=STYLED_ITEM('',(#6224),#3846);
#3620=STYLED_ITEM('',(#6224),#3847);
#3621=STYLED_ITEM('',(#6224),#3848);
#3622=STYLED_ITEM('',(#6224),#3849);
#3623=STYLED_ITEM('',(#6224),#3850);
#3624=STYLED_ITEM('',(#6224),#3851);
#3625=STYLED_ITEM('',(#6224),#3852);
#3626=STYLED_ITEM('',(#6224),#3853);
#3627=STYLED_ITEM('',(#6224),#3854);
#3628=STYLED_ITEM('',(#6224),#3855);
#3629=STYLED_ITEM('',(#6224),#3856);
#3630=STYLED_ITEM('',(#6224),#3857);
#3631=STYLED_ITEM('',(#6224),#3858);
#3632=STYLED_ITEM('',(#6224),#3859);
#3633=STYLED_ITEM('',(#6224),#3860);
#3634=STYLED_ITEM('',(#6224),#3861);
#3635=STYLED_ITEM('',(#6224),#3862);
#3636=STYLED_ITEM('',(#6224),#3863);
#3637=STYLED_ITEM('',(#6224),#3864);
#3638=STYLED_ITEM('',(#6224),#3865);
#3639=STYLED_ITEM('',(#6224),#3866);
#3640=STYLED_ITEM('',(#6224),#3867);
#3641=STYLED_ITEM('',(#6224),#3868);
#3642=STYLED_ITEM('',(#6224),#3869);
#3643=STYLED_ITEM('',(#6224),#3870);
#3644=STYLED_ITEM('',(#6224),#3871);
#3645=STYLED_ITEM('',(#6223),#17);
#3646=STYLED_ITEM('',(#6225),#3872);
#3647=STYLED_ITEM('',(#6225),#3873);
#3648=STYLED_ITEM('',(#6225),#3874);
#3649=STYLED_ITEM('',(#6225),#3875);
#3650=STYLED_ITEM('',(#6225),#3876);
#3651=STYLED_ITEM('',(#6225),#3877);
#3652=STYLED_ITEM('',(#6225),#3878);
#3653=STYLED_ITEM('',(#6225),#3879);
#3654=STYLED_ITEM('',(#6225),#3880);
#3655=STYLED_ITEM('',(#6225),#3881);
#3656=STYLED_ITEM('',(#6225),#3882);
#3657=STYLED_ITEM('',(#6225),#3883);
#3658=STYLED_ITEM('',(#6225),#3884);
#3659=STYLED_ITEM('',(#6225),#3885);
#3660=STYLED_ITEM('',(#6223),#18);
#3661=STYLED_ITEM('',(#6224),#3886);
#3662=STYLED_ITEM('',(#6224),#3887);
#3663=STYLED_ITEM('',(#6224),#3888);
#3664=STYLED_ITEM('',(#6224),#3889);
#3665=STYLED_ITEM('',(#6224),#3890);
#3666=STYLED_ITEM('',(#6224),#3891);
#3667=STYLED_ITEM('',(#6224),#3892);
#3668=STYLED_ITEM('',(#6224),#3893);
#3669=STYLED_ITEM('',(#6223),#19);
#3670=STYLED_ITEM('',(#6224),#3894);
#3671=STYLED_ITEM('',(#6224),#3895);
#3672=STYLED_ITEM('',(#6224),#3896);
#3673=STYLED_ITEM('',(#6224),#3897);
#3674=STYLED_ITEM('',(#6224),#3898);
#3675=STYLED_ITEM('',(#6224),#3899);
#3676=STYLED_ITEM('',(#6224),#3900);
#3677=STYLED_ITEM('',(#6224),#3901);
#3678=STYLED_ITEM('',(#6223),#20);
#3679=STYLED_ITEM('',(#6224),#3902);
#3680=STYLED_ITEM('',(#6224),#3903);
#3681=STYLED_ITEM('',(#6224),#3904);
#3682=STYLED_ITEM('',(#6224),#3905);
#3683=STYLED_ITEM('',(#6224),#3906);
#3684=STYLED_ITEM('',(#6224),#3907);
#3685=STYLED_ITEM('',(#6224),#3908);
#3686=STYLED_ITEM('',(#6224),#3909);
#3687=STYLED_ITEM('',(#6223),#21);
#3688=STYLED_ITEM('',(#6226),#3910);
#3689=STYLED_ITEM('',(#6226),#3911);
#3690=STYLED_ITEM('',(#6226),#3912);
#3691=STYLED_ITEM('',(#6226),#3913);
#3692=STYLED_ITEM('',(#6226),#3914);
#3693=STYLED_ITEM('',(#6226),#3915);
#3694=STYLED_ITEM('',(#6226),#3916);
#3695=STYLED_ITEM('',(#6226),#3917);
#3696=STYLED_ITEM('',(#6226),#3918);
#3697=STYLED_ITEM('',(#6226),#3919);
#3698=STYLED_ITEM('',(#6226),#3920);
#3699=STYLED_ITEM('',(#6226),#3921);
#3700=STYLED_ITEM('',(#6226),#3922);
#3701=STYLED_ITEM('',(#6226),#3923);
#3702=STYLED_ITEM('',(#6226),#3924);
#3703=STYLED_ITEM('',(#6226),#3925);
#3704=STYLED_ITEM('',(#6226),#3926);
#3705=STYLED_ITEM('',(#6226),#3927);
#3706=STYLED_ITEM('',(#6226),#3928);
#3707=STYLED_ITEM('',(#6226),#3929);
#3708=STYLED_ITEM('',(#6226),#3930);
#3709=STYLED_ITEM('',(#6223),#22);
#3710=ADVANCED_FACE('',(#41),#3274,.T.);
#3711=ADVANCED_FACE('',(#42),#3275,.F.);
#3712=ADVANCED_FACE('',(#43),#29,.T.);
#3713=ADVANCED_FACE('',(#44),#3276,.F.);
#3714=ADVANCED_FACE('',(#45),#3277,.T.);
#3715=ADVANCED_FACE('',(#46),#3278,.T.);
#3716=ADVANCED_FACE('',(#47),#3279,.F.);
#3717=ADVANCED_FACE('',(#48,#23),#3280,.T.);
#3718=ADVANCED_FACE('',(#49),#3281,.T.);
#3719=ADVANCED_FACE('',(#50,#24),#3282,.F.);
#3720=ADVANCED_FACE('',(#51),#3283,.F.);
#3721=ADVANCED_FACE('',(#52),#3284,.T.);
#3722=ADVANCED_FACE('',(#53),#3285,.T.);
#3723=ADVANCED_FACE('',(#54),#3286,.F.);
#3724=ADVANCED_FACE('',(#55),#3287,.F.);
#3725=ADVANCED_FACE('',(#56),#3288,.F.);
#3726=ADVANCED_FACE('',(#57),#3289,.T.);
#3727=ADVANCED_FACE('',(#58),#3290,.T.);
#3728=ADVANCED_FACE('',(#59),#3291,.F.);
#3729=ADVANCED_FACE('',(#60),#3292,.F.);
#3730=ADVANCED_FACE('',(#61),#3293,.F.);
#3731=ADVANCED_FACE('',(#62),#3294,.F.);
#3732=ADVANCED_FACE('',(#63),#3295,.T.);
#3733=ADVANCED_FACE('',(#64),#3296,.T.);
#3734=ADVANCED_FACE('',(#65),#3297,.T.);
#3735=ADVANCED_FACE('',(#66),#3298,.T.);
#3736=ADVANCED_FACE('',(#67),#3299,.T.);
#3737=ADVANCED_FACE('',(#68),#3300,.F.);
#3738=ADVANCED_FACE('',(#69,#25,#26),#3301,.F.);
#3739=ADVANCED_FACE('',(#70),#3302,.F.);
#3740=ADVANCED_FACE('',(#71),#3303,.F.);
#3741=ADVANCED_FACE('',(#72),#3304,.F.);
#3742=ADVANCED_FACE('',(#73),#3305,.T.);
#3743=ADVANCED_FACE('',(#74),#3306,.F.);
#3744=ADVANCED_FACE('',(#75),#3307,.T.);
#3745=ADVANCED_FACE('',(#76),#3308,.T.);
#3746=ADVANCED_FACE('',(#77),#3309,.F.);
#3747=ADVANCED_FACE('',(#78),#3310,.T.);
#3748=ADVANCED_FACE('',(#79),#30,.T.);
#3749=ADVANCED_FACE('',(#80),#3311,.F.);
#3750=ADVANCED_FACE('',(#81),#3312,.T.);
#3751=ADVANCED_FACE('',(#82),#31,.T.);
#3752=ADVANCED_FACE('',(#83),#3313,.T.);
#3753=ADVANCED_FACE('',(#84),#3314,.F.);
#3754=ADVANCED_FACE('',(#85),#32,.T.);
#3755=ADVANCED_FACE('',(#86),#3315,.F.);
#3756=ADVANCED_FACE('',(#87),#3316,.F.);
#3757=ADVANCED_FACE('',(#88),#3317,.T.);
#3758=ADVANCED_FACE('',(#89),#3318,.F.);
#3759=ADVANCED_FACE('',(#90),#3319,.F.);
#3760=ADVANCED_FACE('',(#91),#3320,.F.);
#3761=ADVANCED_FACE('',(#92),#3321,.F.);
#3762=ADVANCED_FACE('',(#93),#3322,.T.);
#3763=ADVANCED_FACE('',(#94),#3323,.T.);
#3764=ADVANCED_FACE('',(#95),#3324,.T.);
#3765=ADVANCED_FACE('',(#96),#3325,.T.);
#3766=ADVANCED_FACE('',(#97),#3326,.T.);
#3767=ADVANCED_FACE('',(#98),#3327,.T.);
#3768=ADVANCED_FACE('',(#99),#3328,.T.);
#3769=ADVANCED_FACE('',(#100),#3329,.T.);
#3770=ADVANCED_FACE('',(#101),#3330,.T.);
#3771=ADVANCED_FACE('',(#102),#3331,.F.);
#3772=ADVANCED_FACE('',(#103),#3332,.F.);
#3773=ADVANCED_FACE('',(#104),#3333,.F.);
#3774=ADVANCED_FACE('',(#105),#3334,.T.);
#3775=ADVANCED_FACE('',(#106),#3335,.F.);
#3776=ADVANCED_FACE('',(#107),#3336,.F.);
#3777=ADVANCED_FACE('',(#108),#3337,.T.);
#3778=ADVANCED_FACE('',(#109),#33,.F.);
#3779=ADVANCED_FACE('',(#110),#3338,.F.);
#3780=ADVANCED_FACE('',(#111),#34,.F.);
#3781=ADVANCED_FACE('',(#112),#3339,.T.);
#3782=ADVANCED_FACE('',(#113),#3340,.F.);
#3783=ADVANCED_FACE('',(#114),#3341,.T.);
#3784=ADVANCED_FACE('',(#115),#3342,.T.);
#3785=ADVANCED_FACE('',(#116),#3343,.F.);
#3786=ADVANCED_FACE('',(#117),#3344,.F.);
#3787=ADVANCED_FACE('',(#118),#3345,.F.);
#3788=ADVANCED_FACE('',(#119),#3346,.F.);
#3789=ADVANCED_FACE('',(#120),#3347,.T.);
#3790=ADVANCED_FACE('',(#121),#3348,.F.);
#3791=ADVANCED_FACE('',(#122,#27,#28),#3349,.T.);
#3792=ADVANCED_FACE('',(#123),#3350,.F.);
#3793=ADVANCED_FACE('',(#124),#3351,.F.);
#3794=ADVANCED_FACE('',(#125),#3352,.F.);
#3795=ADVANCED_FACE('',(#126),#3353,.F.);
#3796=ADVANCED_FACE('',(#127),#3354,.F.);
#3797=ADVANCED_FACE('',(#128),#3355,.F.);
#3798=ADVANCED_FACE('',(#129),#3356,.F.);
#3799=ADVANCED_FACE('',(#130),#3357,.F.);
#3800=ADVANCED_FACE('',(#131),#3358,.F.);
#3801=ADVANCED_FACE('',(#132),#3359,.F.);
#3802=ADVANCED_FACE('',(#133),#3360,.F.);
#3803=ADVANCED_FACE('',(#134),#3361,.T.);
#3804=ADVANCED_FACE('',(#135),#3362,.T.);
#3805=ADVANCED_FACE('',(#136),#3363,.F.);
#3806=ADVANCED_FACE('',(#137),#3364,.T.);
#3807=ADVANCED_FACE('',(#138),#3365,.T.);
#3808=ADVANCED_FACE('',(#139),#35,.F.);
#3809=ADVANCED_FACE('',(#140),#3366,.F.);
#3810=ADVANCED_FACE('',(#141),#36,.F.);
#3811=ADVANCED_FACE('',(#142),#3367,.T.);
#3812=ADVANCED_FACE('',(#143),#3368,.F.);
#3813=ADVANCED_FACE('',(#144),#3369,.T.);
#3814=ADVANCED_FACE('',(#145),#3370,.T.);
#3815=ADVANCED_FACE('',(#146),#3371,.T.);
#3816=ADVANCED_FACE('',(#147),#3372,.T.);
#3817=ADVANCED_FACE('',(#148),#3373,.T.);
#3818=ADVANCED_FACE('',(#149),#3374,.T.);
#3819=ADVANCED_FACE('',(#150),#3375,.F.);
#3820=ADVANCED_FACE('',(#151),#3376,.F.);
#3821=ADVANCED_FACE('',(#152),#3377,.F.);
#3822=ADVANCED_FACE('',(#153),#3378,.F.);
#3823=ADVANCED_FACE('',(#154),#3379,.F.);
#3824=ADVANCED_FACE('',(#155),#3380,.F.);
#3825=ADVANCED_FACE('',(#156),#3381,.F.);
#3826=ADVANCED_FACE('',(#157),#3382,.T.);
#3827=ADVANCED_FACE('',(#158),#3383,.F.);
#3828=ADVANCED_FACE('',(#159),#3384,.F.);
#3829=ADVANCED_FACE('',(#160),#3385,.F.);
#3830=ADVANCED_FACE('',(#161),#3386,.F.);
#3831=ADVANCED_FACE('',(#162),#3387,.T.);
#3832=ADVANCED_FACE('',(#163),#3388,.F.);
#3833=ADVANCED_FACE('',(#164),#3389,.F.);
#3834=ADVANCED_FACE('',(#165),#3390,.F.);
#3835=ADVANCED_FACE('',(#166),#3391,.F.);
#3836=ADVANCED_FACE('',(#167),#3392,.T.);
#3837=ADVANCED_FACE('',(#168),#3393,.F.);
#3838=ADVANCED_FACE('',(#169),#3394,.F.);
#3839=ADVANCED_FACE('',(#170),#3395,.F.);
#3840=ADVANCED_FACE('',(#171),#3396,.T.);
#3841=ADVANCED_FACE('',(#172),#3397,.F.);
#3842=ADVANCED_FACE('',(#173),#3398,.F.);
#3843=ADVANCED_FACE('',(#174),#3399,.T.);
#3844=ADVANCED_FACE('',(#175),#3400,.T.);
#3845=ADVANCED_FACE('',(#176),#3401,.T.);
#3846=ADVANCED_FACE('',(#177),#3402,.F.);
#3847=ADVANCED_FACE('',(#178),#3403,.F.);
#3848=ADVANCED_FACE('',(#179),#3404,.T.);
#3849=ADVANCED_FACE('',(#180),#3405,.T.);
#3850=ADVANCED_FACE('',(#181),#3406,.T.);
#3851=ADVANCED_FACE('',(#182),#3407,.T.);
#3852=ADVANCED_FACE('',(#183),#3408,.T.);
#3853=ADVANCED_FACE('',(#184),#3409,.F.);
#3854=ADVANCED_FACE('',(#185),#3410,.F.);
#3855=ADVANCED_FACE('',(#186),#3411,.F.);
#3856=ADVANCED_FACE('',(#187),#3412,.F.);
#3857=ADVANCED_FACE('',(#188),#37,.T.);
#3858=ADVANCED_FACE('',(#189),#3413,.F.);
#3859=ADVANCED_FACE('',(#190),#3414,.F.);
#3860=ADVANCED_FACE('',(#191),#3415,.F.);
#3861=ADVANCED_FACE('',(#192),#38,.T.);
#3862=ADVANCED_FACE('',(#193),#3416,.F.);
#3863=ADVANCED_FACE('',(#194),#3417,.T.);
#3864=ADVANCED_FACE('',(#195),#39,.T.);
#3865=ADVANCED_FACE('',(#196),#3418,.F.);
#3866=ADVANCED_FACE('',(#197),#3419,.T.);
#3867=ADVANCED_FACE('',(#198),#40,.T.);
#3868=ADVANCED_FACE('',(#199),#3420,.F.);
#3869=ADVANCED_FACE('',(#200),#3421,.T.);
#3870=ADVANCED_FACE('',(#201),#3422,.T.);
#3871=ADVANCED_FACE('',(#202),#3423,.T.);
#3872=ADVANCED_FACE('',(#203),#3424,.T.);
#3873=ADVANCED_FACE('',(#204),#3425,.T.);
#3874=ADVANCED_FACE('',(#205),#3426,.T.);
#3875=ADVANCED_FACE('',(#206),#3427,.T.);
#3876=ADVANCED_FACE('',(#207),#3428,.T.);
#3877=ADVANCED_FACE('',(#208),#3429,.T.);
#3878=ADVANCED_FACE('',(#209),#3430,.T.);
#3879=ADVANCED_FACE('',(#210),#3431,.T.);
#3880=ADVANCED_FACE('',(#211),#3432,.T.);
#3881=ADVANCED_FACE('',(#212),#3433,.T.);
#3882=ADVANCED_FACE('',(#213),#3434,.T.);
#3883=ADVANCED_FACE('',(#214),#3435,.T.);
#3884=ADVANCED_FACE('',(#215),#3436,.F.);
#3885=ADVANCED_FACE('',(#216),#3437,.T.);
#3886=ADVANCED_FACE('',(#217),#3438,.F.);
#3887=ADVANCED_FACE('',(#218),#3439,.F.);
#3888=ADVANCED_FACE('',(#219),#3440,.T.);
#3889=ADVANCED_FACE('',(#220),#3441,.T.);
#3890=ADVANCED_FACE('',(#221),#3442,.F.);
#3891=ADVANCED_FACE('',(#222),#3443,.F.);
#3892=ADVANCED_FACE('',(#223),#3444,.T.);
#3893=ADVANCED_FACE('',(#224),#3445,.F.);
#3894=ADVANCED_FACE('',(#225),#3446,.F.);
#3895=ADVANCED_FACE('',(#226),#3447,.F.);
#3896=ADVANCED_FACE('',(#227),#3448,.T.);
#3897=ADVANCED_FACE('',(#228),#3449,.T.);
#3898=ADVANCED_FACE('',(#229),#3450,.F.);
#3899=ADVANCED_FACE('',(#230),#3451,.F.);
#3900=ADVANCED_FACE('',(#231),#3452,.T.);
#3901=ADVANCED_FACE('',(#232),#3453,.F.);
#3902=ADVANCED_FACE('',(#233),#3454,.F.);
#3903=ADVANCED_FACE('',(#234),#3455,.F.);
#3904=ADVANCED_FACE('',(#235),#3456,.T.);
#3905=ADVANCED_FACE('',(#236),#3457,.T.);
#3906=ADVANCED_FACE('',(#237),#3458,.F.);
#3907=ADVANCED_FACE('',(#238),#3459,.F.);
#3908=ADVANCED_FACE('',(#239),#3460,.T.);
#3909=ADVANCED_FACE('',(#240),#3461,.F.);
#3910=ADVANCED_FACE('',(#241),#3462,.T.);
#3911=ADVANCED_FACE('',(#242),#3463,.T.);
#3912=ADVANCED_FACE('',(#243),#3464,.F.);
#3913=ADVANCED_FACE('',(#244),#3465,.F.);
#3914=ADVANCED_FACE('',(#245),#3466,.T.);
#3915=ADVANCED_FACE('',(#246),#3467,.T.);
#3916=ADVANCED_FACE('',(#247),#3468,.F.);
#3917=ADVANCED_FACE('',(#248),#3469,.T.);
#3918=ADVANCED_FACE('',(#249),#3470,.T.);
#3919=ADVANCED_FACE('',(#250),#3471,.F.);
#3920=ADVANCED_FACE('',(#251),#3472,.T.);
#3921=ADVANCED_FACE('',(#252),#3473,.T.);
#3922=ADVANCED_FACE('',(#253),#3474,.T.);
#3923=ADVANCED_FACE('',(#254),#3475,.T.);
#3924=ADVANCED_FACE('',(#255),#3476,.F.);
#3925=ADVANCED_FACE('',(#256),#3477,.F.);
#3926=ADVANCED_FACE('',(#257),#3478,.T.);
#3927=ADVANCED_FACE('',(#258),#3479,.T.);
#3928=ADVANCED_FACE('',(#259),#3480,.F.);
#3929=ADVANCED_FACE('',(#260),#3481,.T.);
#3930=ADVANCED_FACE('',(#261),#3482,.T.);
#3931=CLOSED_SHELL('',(#3710,#3711,#3712,#3713,#3714,#3715,#3716,#3717,
#3718,#3719,#3720,#3721,#3722,#3723,#3724,#3725,#3726,#3727,#3728,#3729,
#3730,#3731,#3732,#3733,#3734,#3735,#3736,#3737,#3738,#3739,#3740,#3741,
#3742,#3743,#3744,#3745,#3746,#3747,#3748,#3749,#3750,#3751,#3752,#3753,
#3754,#3755,#3756,#3757,#3758,#3759,#3760,#3761,#3762,#3763,#3764,#3765,
#3766,#3767,#3768,#3769,#3770,#3771,#3772,#3773,#3774,#3775,#3776,#3777,
#3778,#3779,#3780,#3781,#3782,#3783,#3784,#3785,#3786,#3787,#3788,#3789,
#3790,#3791,#3792,#3793,#3794,#3795,#3796,#3797,#3798,#3799,#3800,#3801,
#3802,#3803,#3804,#3805,#3806,#3807,#3808,#3809,#3810,#3811,#3812,#3813,
#3814,#3815,#3816,#3817,#3818,#3819,#3820,#3821,#3822,#3823,#3824,#3825,
#3826,#3827,#3828,#3829,#3830,#3831,#3832,#3833,#3834,#3835,#3836,#3837,
#3838,#3839,#3840,#3841,#3842,#3843,#3844,#3845,#3846,#3847,#3848,#3849,
#3850,#3851,#3852,#3853,#3854,#3855,#3856,#3857,#3858,#3859,#3860,#3861,
#3862,#3863,#3864,#3865,#3866,#3867,#3868,#3869,#3870,#3871));
#3932=CLOSED_SHELL('',(#3872,#3873,#3874,#3875,#3876,#3877,#3878,#3879,
#3880,#3881,#3882,#3883,#3884,#3885));
#3933=CLOSED_SHELL('',(#3886,#3887,#3888,#3889,#3890,#3891,#3892,#3893));
#3934=CLOSED_SHELL('',(#3894,#3895,#3896,#3897,#3898,#3899,#3900,#3901));
#3935=CLOSED_SHELL('',(#3902,#3903,#3904,#3905,#3906,#3907,#3908,#3909));
#3936=CLOSED_SHELL('',(#3910,#3911,#3912,#3913,#3914,#3915,#3916,#3917,
#3918,#3919,#3920,#3921,#3922,#3923,#3924,#3925,#3926,#3927,#3928,#3929,
#3930));
#3937=DERIVED_UNIT_ELEMENT(#3939,1.);
#3938=DERIVED_UNIT_ELEMENT(#6200,-3.);
#3939=(
MASS_UNIT()
NAMED_UNIT(*)
SI_UNIT(.KILO.,.GRAM.)
);
#3940=DERIVED_UNIT((#3937,#3938));
#3941=MEASURE_REPRESENTATION_ITEM('density measure',
POSITIVE_RATIO_MEASURE(7850.),#3940);
#3942=PROPERTY_DEFINITION_REPRESENTATION(#3947,#3944);
#3943=PROPERTY_DEFINITION_REPRESENTATION(#3948,#3945);
#3944=REPRESENTATION('material name',(#3946),#6197);
#3945=REPRESENTATION('density',(#3941),#6197);
#3946=DESCRIPTIVE_REPRESENTATION_ITEM('Steel','Steel');
#3947=PROPERTY_DEFINITION('material property','material name',#6212);
#3948=PROPERTY_DEFINITION('material property','density of part',#6212);
#3949=AXIS2_PLACEMENT_3D('',#5172,#4197,#4198);
#3950=AXIS2_PLACEMENT_3D('',#5173,#4199,#4200);
#3951=AXIS2_PLACEMENT_3D('',#5174,#4201,#4202);
#3952=AXIS2_PLACEMENT_3D('',#5184,#4207,#4208);
#3953=AXIS2_PLACEMENT_3D('',#5185,#4209,#4210);
#3954=AXIS2_PLACEMENT_3D('',#5191,#4214,#4215);
#3955=AXIS2_PLACEMENT_3D('',#5194,#4217,#4218);
#3956=AXIS2_PLACEMENT_3D('',#5195,#4219,#4220);
#3957=AXIS2_PLACEMENT_3D('',#5201,#4224,#4225);
#3958=AXIS2_PLACEMENT_3D('',#5205,#4228,#4229);
#3959=AXIS2_PLACEMENT_3D('',#5211,#4233,#4234);
#3960=AXIS2_PLACEMENT_3D('',#5215,#4237,#4238);
#3961=AXIS2_PLACEMENT_3D('',#5243,#4253,#4254);
#3962=AXIS2_PLACEMENT_3D('',#5247,#4257,#4258);
#3963=AXIS2_PLACEMENT_3D('',#5274,#4273,#4274);
#3964=AXIS2_PLACEMENT_3D('',#5278,#4277,#4278);
#3965=AXIS2_PLACEMENT_3D('',#5282,#4281,#4282);
#3966=AXIS2_PLACEMENT_3D('',#5288,#4286,#4287);
#3967=AXIS2_PLACEMENT_3D('',#5290,#4289,#4290);
#3968=AXIS2_PLACEMENT_3D('',#5292,#4292,#4293);
#3969=AXIS2_PLACEMENT_3D('',#5294,#4295,#4296);
#3970=AXIS2_PLACEMENT_3D('',#5300,#4300,#4301);
#3971=AXIS2_PLACEMENT_3D('',#5306,#4305,#4306);
#3972=AXIS2_PLACEMENT_3D('',#5309,#4309,#4310);
#3973=AXIS2_PLACEMENT_3D('',#5312,#4313,#4314);
#3974=AXIS2_PLACEMENT_3D('',#5314,#4316,#4317);
#3975=AXIS2_PLACEMENT_3D('',#5316,#4319,#4320);
#3976=AXIS2_PLACEMENT_3D('',#5322,#4324,#4325);
#3977=AXIS2_PLACEMENT_3D('',#5325,#4328,#4329);
#3978=AXIS2_PLACEMENT_3D('',#5327,#4331,#4332);
#3979=AXIS2_PLACEMENT_3D('',#5329,#4334,#4335);
#3980=AXIS2_PLACEMENT_3D('',#5330,#4336,#4337);
#3981=AXIS2_PLACEMENT_3D('',#5332,#4338,#4339);
#3982=AXIS2_PLACEMENT_3D('',#5336,#4342,#4343);
#3983=AXIS2_PLACEMENT_3D('',#5362,#4357,#4358);
#3984=AXIS2_PLACEMENT_3D('',#5372,#4364,#4365);
#3985=AXIS2_PLACEMENT_3D('',#5378,#4369,#4370);
#3986=AXIS2_PLACEMENT_3D('',#5384,#4373,#4374);
#3987=AXIS2_PLACEMENT_3D('',#5388,#4376,#4377);
#3988=AXIS2_PLACEMENT_3D('',#5392,#4380,#4381);
#3989=AXIS2_PLACEMENT_3D('',#5398,#4384,#4385);
#3990=AXIS2_PLACEMENT_3D('',#5402,#4387,#4388);
#3991=AXIS2_PLACEMENT_3D('',#5406,#4391,#4392);
#3992=AXIS2_PLACEMENT_3D('',#5410,#4395,#4396);
#3993=AXIS2_PLACEMENT_3D('',#5414,#4399,#4400);
#3994=AXIS2_PLACEMENT_3D('',#5416,#4402,#4403);
#3995=AXIS2_PLACEMENT_3D('',#5422,#4407,#4408);
#3996=AXIS2_PLACEMENT_3D('',#5427,#4411,#4412);
#3997=AXIS2_PLACEMENT_3D('',#5428,#4413,#4414);
#3998=AXIS2_PLACEMENT_3D('',#5431,#4416,#4417);
#3999=AXIS2_PLACEMENT_3D('',#5432,#4418,#4419);
#4000=AXIS2_PLACEMENT_3D('',#5436,#4422,#4423);
#4001=AXIS2_PLACEMENT_3D('',#5441,#4426,#4427);
#4002=AXIS2_PLACEMENT_3D('',#5442,#4428,#4429);
#4003=AXIS2_PLACEMENT_3D('',#5444,#4431,#4432);
#4004=AXIS2_PLACEMENT_3D('',#5449,#4435,#4436);
#4005=AXIS2_PLACEMENT_3D('',#5450,#4437,#4438);
#4006=AXIS2_PLACEMENT_3D('',#5452,#4439,#4440);
#4007=AXIS2_PLACEMENT_3D('',#5456,#4443,#4444);
#4008=AXIS2_PLACEMENT_3D('',#5458,#4446,#4447);
#4009=AXIS2_PLACEMENT_3D('',#5460,#4449,#4450);
#4010=AXIS2_PLACEMENT_3D('',#5464,#4453,#4454);
#4011=AXIS2_PLACEMENT_3D('',#5468,#4457,#4458);
#4012=AXIS2_PLACEMENT_3D('',#5474,#4462,#4463);
#4013=AXIS2_PLACEMENT_3D('',#5478,#4466,#4467);
#4014=AXIS2_PLACEMENT_3D('',#5484,#4471,#4472);
#4015=AXIS2_PLACEMENT_3D('',#5490,#4476,#4477);
#4016=AXIS2_PLACEMENT_3D('',#5496,#4481,#4482);
#4017=AXIS2_PLACEMENT_3D('',#5500,#4485,#4486);
#4018=AXIS2_PLACEMENT_3D('',#5504,#4489,#4490);
#4019=AXIS2_PLACEMENT_3D('',#5506,#4492,#4493);
#4020=AXIS2_PLACEMENT_3D('',#5512,#4497,#4498);
#4021=AXIS2_PLACEMENT_3D('',#5516,#4501,#4502);
#4022=AXIS2_PLACEMENT_3D('',#5520,#4505,#4506);
#4023=AXIS2_PLACEMENT_3D('',#5522,#4508,#4509);
#4024=AXIS2_PLACEMENT_3D('',#5526,#4512,#4513);
#4025=AXIS2_PLACEMENT_3D('',#5532,#4517,#4518);
#4026=AXIS2_PLACEMENT_3D('',#5538,#4522,#4523);
#4027=AXIS2_PLACEMENT_3D('',#5544,#4527,#4528);
#4028=AXIS2_PLACEMENT_3D('',#5548,#4531,#4532);
#4029=AXIS2_PLACEMENT_3D('',#5552,#4535,#4536);
#4030=AXIS2_PLACEMENT_3D('',#5558,#4539,#4540);
#4031=AXIS2_PLACEMENT_3D('',#5562,#4542,#4543);
#4032=AXIS2_PLACEMENT_3D('',#5566,#4546,#4547);
#4033=AXIS2_PLACEMENT_3D('',#5569,#4550,#4551);
#4034=AXIS2_PLACEMENT_3D('',#5571,#4553,#4554);
#4035=AXIS2_PLACEMENT_3D('',#5581,#4560,#4561);
#4036=AXIS2_PLACEMENT_3D('',#5584,#4564,#4565);
#4037=AXIS2_PLACEMENT_3D('',#5586,#4567,#4568);
#4038=AXIS2_PLACEMENT_3D('',#5590,#4571,#4572);
#4039=AXIS2_PLACEMENT_3D('',#5600,#4578,#4579);
#4040=AXIS2_PLACEMENT_3D('',#5604,#4582,#4583);
#4041=AXIS2_PLACEMENT_3D('',#5605,#4584,#4585);
#4042=AXIS2_PLACEMENT_3D('',#5607,#4587,#4588);
#4043=AXIS2_PLACEMENT_3D('',#5609,#4590,#4591);
#4044=AXIS2_PLACEMENT_3D('',#5611,#4593,#4594);
#4045=AXIS2_PLACEMENT_3D('',#5614,#4597,#4598);
#4046=AXIS2_PLACEMENT_3D('',#5618,#4601,#4602);
#4047=AXIS2_PLACEMENT_3D('',#5621,#4605,#4606);
#4048=AXIS2_PLACEMENT_3D('',#5625,#4609,#4610);
#4049=AXIS2_PLACEMENT_3D('',#5629,#4613,#4614);
#4050=AXIS2_PLACEMENT_3D('',#5635,#4618,#4619);
#4051=AXIS2_PLACEMENT_3D('',#5639,#4622,#4623);
#4052=AXIS2_PLACEMENT_3D('',#5643,#4626,#4627);
#4053=AXIS2_PLACEMENT_3D('',#5649,#4631,#4632);
#4054=AXIS2_PLACEMENT_3D('',#5653,#4635,#4636);
#4055=AXIS2_PLACEMENT_3D('',#5657,#4639,#4640);
#4056=AXIS2_PLACEMENT_3D('',#5663,#4644,#4645);
#4057=AXIS2_PLACEMENT_3D('',#5667,#4648,#4649);
#4058=AXIS2_PLACEMENT_3D('',#5673,#4653,#4654);
#4059=AXIS2_PLACEMENT_3D('',#5675,#4656,#4657);
#4060=AXIS2_PLACEMENT_3D('',#5681,#4661,#4662);
#4061=AXIS2_PLACEMENT_3D('',#5687,#4666,#4667);
#4062=AXIS2_PLACEMENT_3D('',#5691,#4670,#4671);
#4063=AXIS2_PLACEMENT_3D('',#5697,#4675,#4676);
#4064=AXIS2_PLACEMENT_3D('',#5699,#4677,#4678);
#4065=AXIS2_PLACEMENT_3D('',#5701,#4680,#4681);
#4066=AXIS2_PLACEMENT_3D('',#5711,#4687,#4688);
#4067=AXIS2_PLACEMENT_3D('',#5715,#4690,#4691);
#4068=AXIS2_PLACEMENT_3D('',#5717,#4693,#4694);
#4069=AXIS2_PLACEMENT_3D('',#5721,#4697,#4698);
#4070=AXIS2_PLACEMENT_3D('',#5725,#4701,#4702);
#4071=AXIS2_PLACEMENT_3D('',#5727,#4704,#4705);
#4072=AXIS2_PLACEMENT_3D('',#5730,#4708,#4709);
#4073=AXIS2_PLACEMENT_3D('',#5731,#4710,#4711);
#4074=AXIS2_PLACEMENT_3D('',#5733,#4713,#4714);
#4075=AXIS2_PLACEMENT_3D('',#5734,#4715,#4716);
#4076=AXIS2_PLACEMENT_3D('',#5735,#4717,#4718);
#4077=AXIS2_PLACEMENT_3D('',#5737,#4720,#4721);
#4078=AXIS2_PLACEMENT_3D('',#5739,#4723,#4724);
#4079=AXIS2_PLACEMENT_3D('',#5743,#4726,#4727);
#4080=AXIS2_PLACEMENT_3D('',#5747,#4730,#4731);
#4081=AXIS2_PLACEMENT_3D('',#5749,#4733,#4734);
#4082=AXIS2_PLACEMENT_3D('',#5751,#4736,#4737);
#4083=AXIS2_PLACEMENT_3D('',#5758,#4741,#4742);
#4084=AXIS2_PLACEMENT_3D('',#5759,#4743,#4744);
#4085=AXIS2_PLACEMENT_3D('',#5763,#4746,#4747);
#4086=AXIS2_PLACEMENT_3D('',#5767,#4750,#4751);
#4087=AXIS2_PLACEMENT_3D('',#5771,#4754,#4755);
#4088=AXIS2_PLACEMENT_3D('',#5775,#4758,#4759);
#4089=AXIS2_PLACEMENT_3D('',#5777,#4761,#4762);
#4090=AXIS2_PLACEMENT_3D('',#5781,#4764,#4765);
#4091=AXIS2_PLACEMENT_3D('',#5785,#4768,#4769);
#4092=AXIS2_PLACEMENT_3D('',#5792,#4773,#4774);
#4093=AXIS2_PLACEMENT_3D('',#5793,#4775,#4776);
#4094=AXIS2_PLACEMENT_3D('',#5797,#4779,#4780);
#4095=AXIS2_PLACEMENT_3D('',#5801,#4783,#4784);
#4096=AXIS2_PLACEMENT_3D('',#5803,#4786,#4787);
#4097=AXIS2_PLACEMENT_3D('',#5810,#4791,#4792);
#4098=AXIS2_PLACEMENT_3D('',#5811,#4793,#4794);
#4099=AXIS2_PLACEMENT_3D('',#5815,#4796,#4797);
#4100=AXIS2_PLACEMENT_3D('',#5819,#4800,#4801);
#4101=AXIS2_PLACEMENT_3D('',#5823,#4804,#4805);
#4102=AXIS2_PLACEMENT_3D('',#5827,#4808,#4809);
#4103=AXIS2_PLACEMENT_3D('',#5829,#4811,#4812);
#4104=AXIS2_PLACEMENT_3D('',#5836,#4816,#4817);
#4105=AXIS2_PLACEMENT_3D('',#5837,#4818,#4819);
#4106=AXIS2_PLACEMENT_3D('',#5841,#4822,#4823);
#4107=AXIS2_PLACEMENT_3D('',#5845,#4826,#4827);
#4108=AXIS2_PLACEMENT_3D('',#5847,#4829,#4830);
#4109=AXIS2_PLACEMENT_3D('',#5851,#4834,#4835);
#4110=AXIS2_PLACEMENT_3D('',#5855,#4838,#4839);
#4111=AXIS2_PLACEMENT_3D('',#5857,#4841,#4842);
#4112=AXIS2_PLACEMENT_3D('',#5861,#4845,#4846);
#4113=AXIS2_PLACEMENT_3D('',#5863,#4848,#4849);
#4114=AXIS2_PLACEMENT_3D('',#5864,#4850,#4851);
#4115=AXIS2_PLACEMENT_3D('',#5868,#4854,#4855);
#4116=AXIS2_PLACEMENT_3D('',#5874,#4859,#4860);
#4117=AXIS2_PLACEMENT_3D('',#5876,#4862,#4863);
#4118=AXIS2_PLACEMENT_3D('',#5880,#4866,#4867);
#4119=AXIS2_PLACEMENT_3D('',#5882,#4869,#4870);
#4120=AXIS2_PLACEMENT_3D('',#5883,#4871,#4872);
#4121=AXIS2_PLACEMENT_3D('',#5885,#4874,#4875);
#4122=AXIS2_PLACEMENT_3D('',#5887,#4877,#4878);
#4123=AXIS2_PLACEMENT_3D('',#5889,#4880,#4881);
#4124=AXIS2_PLACEMENT_3D('',#5891,#4883,#4884);
#4125=AXIS2_PLACEMENT_3D('',#5893,#4886,#4887);
#4126=AXIS2_PLACEMENT_3D('',#5895,#4889,#4890);
#4127=AXIS2_PLACEMENT_3D('',#5897,#4892,#4893);
#4128=AXIS2_PLACEMENT_3D('',#5899,#4895,#4896);
#4129=AXIS2_PLACEMENT_3D('',#5900,#4897,#4898);
#4130=AXIS2_PLACEMENT_3D('',#5902,#4900,#4901);
#4131=AXIS2_PLACEMENT_3D('',#5904,#4903,#4904);
#4132=AXIS2_PLACEMENT_3D('',#5905,#4905,#4906);
#4133=AXIS2_PLACEMENT_3D('',#5907,#4908,#4909);
#4134=AXIS2_PLACEMENT_3D('',#5909,#4911,#4912);
#4135=AXIS2_PLACEMENT_3D('',#5910,#4913,#4914);
#4136=AXIS2_PLACEMENT_3D('',#5911,#4915,#4916);
#4137=AXIS2_PLACEMENT_3D('',#5912,#4917,#4918);
#4138=AXIS2_PLACEMENT_3D('',#5921,#4923,#4924);
#4139=AXIS2_PLACEMENT_3D('',#5927,#4928,#4929);
#4140=AXIS2_PLACEMENT_3D('',#5933,#4933,#4934);
#4141=AXIS2_PLACEMENT_3D('',#5939,#4938,#4939);
#4142=AXIS2_PLACEMENT_3D('',#5945,#4943,#4944);
#4143=AXIS2_PLACEMENT_3D('',#5951,#4948,#4949);
#4144=AXIS2_PLACEMENT_3D('',#5957,#4953,#4954);
#4145=AXIS2_PLACEMENT_3D('',#5963,#4958,#4959);
#4146=AXIS2_PLACEMENT_3D('',#5969,#4963,#4964);
#4147=AXIS2_PLACEMENT_3D('',#5975,#4968,#4969);
#4148=AXIS2_PLACEMENT_3D('',#5981,#4973,#4974);
#4149=AXIS2_PLACEMENT_3D('',#5984,#4977,#4978);
#4150=AXIS2_PLACEMENT_3D('',#5985,#4979,#4980);
#4151=AXIS2_PLACEMENT_3D('',#5986,#4981,#4982);
#4152=AXIS2_PLACEMENT_3D('',#5999,#4989,#4990);
#4153=AXIS2_PLACEMENT_3D('',#6005,#4994,#4995);
#4154=AXIS2_PLACEMENT_3D('',#6009,#4998,#4999);
#4155=AXIS2_PLACEMENT_3D('',#6013,#5002,#5003);
#4156=AXIS2_PLACEMENT_3D('',#6017,#5006,#5007);
#4157=AXIS2_PLACEMENT_3D('',#6021,#5010,#5011);
#4158=AXIS2_PLACEMENT_3D('',#6023,#5013,#5014);
#4159=AXIS2_PLACEMENT_3D('',#6024,#5015,#5016);
#4160=AXIS2_PLACEMENT_3D('',#6037,#5023,#5024);
#4161=AXIS2_PLACEMENT_3D('',#6043,#5028,#5029);
#4162=AXIS2_PLACEMENT_3D('',#6047,#5032,#5033);
#4163=AXIS2_PLACEMENT_3D('',#6051,#5036,#5037);
#4164=AXIS2_PLACEMENT_3D('',#6055,#5040,#5041);
#4165=AXIS2_PLACEMENT_3D('',#6059,#5044,#5045);
#4166=AXIS2_PLACEMENT_3D('',#6061,#5047,#5048);
#4167=AXIS2_PLACEMENT_3D('',#6062,#5049,#5050);
#4168=AXIS2_PLACEMENT_3D('',#6075,#5057,#5058);
#4169=AXIS2_PLACEMENT_3D('',#6081,#5062,#5063);
#4170=AXIS2_PLACEMENT_3D('',#6085,#5066,#5067);
#4171=AXIS2_PLACEMENT_3D('',#6089,#5070,#5071);
#4172=AXIS2_PLACEMENT_3D('',#6093,#5074,#5075);
#4173=AXIS2_PLACEMENT_3D('',#6097,#5078,#5079);
#4174=AXIS2_PLACEMENT_3D('',#6099,#5081,#5082);
#4175=AXIS2_PLACEMENT_3D('',#6100,#5083,#5084);
#4176=AXIS2_PLACEMENT_3D('',#6109,#5089,#5090);
#4177=AXIS2_PLACEMENT_3D('',#6115,#5094,#5095);
#4178=AXIS2_PLACEMENT_3D('',#6121,#5099,#5100);
#4179=AXIS2_PLACEMENT_3D('',#6127,#5104,#5105);
#4180=AXIS2_PLACEMENT_3D('',#6139,#5112,#5113);
#4181=AXIS2_PLACEMENT_3D('',#6143,#5116,#5117);
#4182=AXIS2_PLACEMENT_3D('',#6149,#5121,#5122);
#4183=AXIS2_PLACEMENT_3D('',#6151,#5124,#5125);
#4184=AXIS2_PLACEMENT_3D('',#6155,#5128,#5129);
#4185=AXIS2_PLACEMENT_3D('',#6161,#5133,#5134);
#4186=AXIS2_PLACEMENT_3D('',#6163,#5136,#5137);
#4187=AXIS2_PLACEMENT_3D('',#6167,#5141,#5142);
#4188=AXIS2_PLACEMENT_3D('',#6171,#5145,#5146);
#4189=AXIS2_PLACEMENT_3D('',#6175,#5149,#5150);
#4190=AXIS2_PLACEMENT_3D('',#6179,#5153,#5154);
#4191=AXIS2_PLACEMENT_3D('',#6183,#5157,#5158);
#4192=AXIS2_PLACEMENT_3D('',#6187,#5161,#5162);
#4193=AXIS2_PLACEMENT_3D('',#6189,#5164,#5165);
#4194=AXIS2_PLACEMENT_3D('',#6190,#5166,#5167);
#4195=AXIS2_PLACEMENT_3D('',#6191,#5168,#5169);
#4196=AXIS2_PLACEMENT_3D('',#6192,#5170,#5171);
#4197=DIRECTION('axis',(0.,0.,1.));
#4198=DIRECTION('refdir',(1.,0.,0.));
#4199=DIRECTION('axis',(0.,0.,1.));
#4200=DIRECTION('refdir',(1.,0.,0.));
#4201=DIRECTION('center_axis',(0.,1.,0.));
#4202=DIRECTION('ref_axis',(0.,0.,1.));
#4203=DIRECTION('',(-1.,0.,0.));
#4204=DIRECTION('',(0.,0.,1.));
#4205=DIRECTION('',(-1.,0.,0.));
#4206=DIRECTION('',(0.,0.,1.));
#4207=DIRECTION('center_axis',(0.,-1.,0.));
#4208=DIRECTION('ref_axis',(0.,0.,1.));
#4209=DIRECTION('center_axis',(0.,0.,-1.));
#4210=DIRECTION('ref_axis',(0.,1.,0.));
#4211=DIRECTION('',(-1.,0.,0.));
#4212=DIRECTION('',(0.,1.,0.));
#4213=DIRECTION('',(0.,1.,0.));
#4214=DIRECTION('center_axis',(0.,1.,0.));
#4215=DIRECTION('ref_axis',(0.,0.,1.));
#4216=DIRECTION('',(0.,1.,0.));
#4217=DIRECTION('center_axis',(0.,-1.,0.));
#4218=DIRECTION('ref_axis',(0.,0.,1.));
#4219=DIRECTION('center_axis',(0.,-1.,0.));
#4220=DIRECTION('ref_axis',(-1.,0.,0.));
#4221=DIRECTION('',(0.,0.,1.));
#4222=DIRECTION('',(-1.,0.,0.));
#4223=DIRECTION('',(-1.,0.,0.));
#4224=DIRECTION('center_axis',(-1.,0.,0.));
#4225=DIRECTION('ref_axis',(0.,1.,0.));
#4226=DIRECTION('',(0.,0.,1.));
#4227=DIRECTION('',(0.,1.,0.));
#4228=DIRECTION('center_axis',(0.,1.,0.));
#4229=DIRECTION('ref_axis',(-1.,0.,0.));
#4230=DIRECTION('',(0.,0.,-1.));
#4231=DIRECTION('',(-1.,0.,0.));
#4232=DIRECTION('',(0.,0.,-1.));
#4233=DIRECTION('center_axis',(0.,1.,0.));
#4234=DIRECTION('ref_axis',(0.,0.,1.));
#4235=DIRECTION('',(-1.,0.,0.));
#4236=DIRECTION('',(0.,0.,1.));
#4237=DIRECTION('center_axis',(0.,0.,1.));
#4238=DIRECTION('ref_axis',(1.,0.,0.));
#4239=DIRECTION('',(1.,0.,0.));
#4240=DIRECTION('',(0.,-1.,0.));
#4241=DIRECTION('',(1.,0.,0.));
#4242=DIRECTION('',(0.,1.,0.));
#4243=DIRECTION('',(1.,0.,0.));
#4244=DIRECTION('',(0.,1.,0.));
#4245=DIRECTION('',(-1.,0.,0.));
#4246=DIRECTION('',(0.,1.,0.));
#4247=DIRECTION('',(-1.,0.,0.));
#4248=DIRECTION('',(0.,1.,0.));
#4249=DIRECTION('',(0.,1.,0.));
#4250=DIRECTION('',(1.,0.,0.));
#4251=DIRECTION('',(0.,-1.,0.));
#4252=DIRECTION('',(-1.,0.,0.));
#4253=DIRECTION('center_axis',(-1.,0.,0.));
#4254=DIRECTION('ref_axis',(0.,1.,0.));
#4255=DIRECTION('',(0.,0.,1.));
#4256=DIRECTION('',(0.,1.,0.));
#4257=DIRECTION('center_axis',(0.,0.,1.));
#4258=DIRECTION('ref_axis',(1.,0.,0.));
#4259=DIRECTION('',(0.,1.,0.));
#4260=DIRECTION('',(-1.,0.,0.));
#4261=DIRECTION('',(0.,1.,0.));
#4262=DIRECTION('',(-1.,0.,0.));
#4263=DIRECTION('',(0.,1.,0.));
#4264=DIRECTION('',(1.,0.,0.));
#4265=DIRECTION('',(0.,1.,0.));
#4266=DIRECTION('',(1.,0.,0.));
#4267=DIRECTION('',(0.,-1.,0.));
#4268=DIRECTION('',(1.,0.,0.));
#4269=DIRECTION('',(0.,1.,0.));
#4270=DIRECTION('',(-1.,0.,0.));
#4271=DIRECTION('',(0.,-1.,0.));
#4272=DIRECTION('',(1.,0.,0.));
#4273=DIRECTION('center_axis',(1.,0.,0.));
#4274=DIRECTION('ref_axis',(0.,1.,0.));
#4275=DIRECTION('',(0.,0.,-1.));
#4276=DIRECTION('',(0.,1.,0.));
#4277=DIRECTION('center_axis',(1.,0.,0.));
#4278=DIRECTION('ref_axis',(0.,1.,0.));
#4279=DIRECTION('',(0.,0.,-1.));
#4280=DIRECTION('',(0.,1.,0.));
#4281=DIRECTION('center_axis',(0.,0.,1.));
#4282=DIRECTION('ref_axis',(-1.,0.,0.));
#4283=DIRECTION('',(0.,1.,0.));
#4284=DIRECTION('',(-1.,0.,0.));
#4285=DIRECTION('',(0.,1.,0.));
#4286=DIRECTION('center_axis',(0.,1.,0.));
#4287=DIRECTION('ref_axis',(1.,0.,0.));
#4288=DIRECTION('',(0.,0.,1.));
#4289=DIRECTION('center_axis',(0.,1.,0.));
#4290=DIRECTION('ref_axis',(-1.,0.,0.));
#4291=DIRECTION('',(-1.,0.,0.));
#4292=DIRECTION('center_axis',(1.,0.,0.));
#4293=DIRECTION('ref_axis',(0.,-1.,0.));
#4294=DIRECTION('',(0.,0.,1.));
#4295=DIRECTION('center_axis',(0.,0.,1.));
#4296=DIRECTION('ref_axis',(1.,0.,0.));
#4297=DIRECTION('',(0.,-1.,0.));
#4298=DIRECTION('',(1.,0.,0.));
#4299=DIRECTION('',(0.,-1.,0.));
#4300=DIRECTION('center_axis',(0.,0.,1.));
#4301=DIRECTION('ref_axis',(-1.,0.,0.));
#4302=DIRECTION('',(0.,1.,0.));
#4303=DIRECTION('',(-1.,0.,0.));
#4304=DIRECTION('',(0.,1.,0.));
#4305=DIRECTION('center_axis',(-1.,0.,0.));
#4306=DIRECTION('ref_axis',(0.,1.,0.));
#4307=DIRECTION('',(0.,0.,1.));
#4308=DIRECTION('',(0.,0.,1.));
#4309=DIRECTION('center_axis',(-1.,0.,0.));
#4310=DIRECTION('ref_axis',(0.,1.,0.));
#4311=DIRECTION('',(0.,0.,1.));
#4312=DIRECTION('',(0.,0.,1.));
#4313=DIRECTION('center_axis',(0.,1.,0.));
#4314=DIRECTION('ref_axis',(1.,0.,0.));
#4315=DIRECTION('',(0.,0.,1.));
#4316=DIRECTION('center_axis',(0.,-1.,0.));
#4317=DIRECTION('ref_axis',(-1.,0.,0.));
#4318=DIRECTION('',(0.,0.,1.));
#4319=DIRECTION('center_axis',(0.,0.,1.));
#4320=DIRECTION('ref_axis',(0.,1.,0.));
#4321=DIRECTION('',(1.,0.,0.));
#4322=DIRECTION('',(0.,1.,0.));
#4323=DIRECTION('',(1.,0.,0.));
#4324=DIRECTION('center_axis',(1.,0.,0.));
#4325=DIRECTION('ref_axis',(0.,1.,0.));
#4326=DIRECTION('',(0.,0.,-1.));
#4327=DIRECTION('',(0.,0.,-1.));
#4328=DIRECTION('center_axis',(0.,1.,0.));
#4329=DIRECTION('ref_axis',(-1.,0.,0.));
#4330=DIRECTION('',(0.,0.,-1.));
#4331=DIRECTION('center_axis',(-1.,0.,0.));
#4332=DIRECTION('ref_axis',(0.,-1.,0.));
#4333=DIRECTION('',(0.,0.,-1.));
#4334=DIRECTION('center_axis',(0.,-1.,0.));
#4335=DIRECTION('ref_axis',(1.,0.,0.));
#4336=DIRECTION('center_axis',(1.,0.,0.));
#4337=DIRECTION('ref_axis',(0.,0.,1.));
#4338=DIRECTION('center_axis',(-1.,0.,0.));
#4339=DIRECTION('ref_axis',(0.,0.,-1.));
#4340=DIRECTION('',(0.,0.,1.));
#4341=DIRECTION('',(0.,1.,0.));
#4342=DIRECTION('center_axis',(0.,-1.,0.));
#4343=DIRECTION('ref_axis',(1.,0.,0.));
#4344=DIRECTION('',(0.,0.,-1.));
#4345=DIRECTION('',(0.,0.,-1.));
#4346=DIRECTION('',(1.,0.,0.));
#4347=DIRECTION('',(1.,0.,0.));
#4348=DIRECTION('',(1.,0.,0.));
#4349=DIRECTION('',(-1.,0.,0.));
#4350=DIRECTION('',(0.,0.,-1.));
#4351=DIRECTION('',(1.,0.,0.));
#4352=DIRECTION('',(0.,0.,1.));
#4353=DIRECTION('',(0.,0.,1.));
#4354=DIRECTION('',(-1.,0.,0.));
#4355=DIRECTION('',(0.,0.,-1.));
#4356=DIRECTION('',(1.,0.,0.));
#4357=DIRECTION('center_axis',(0.,1.,0.));
#4358=DIRECTION('ref_axis',(-1.,0.,0.));
#4359=DIRECTION('',(0.,0.,-1.));
#4360=DIRECTION('',(0.,0.,-1.));
#4361=DIRECTION('',(-1.,0.,0.));
#4362=DIRECTION('',(-1.,0.,0.));
#4363=DIRECTION('',(-1.,0.,0.));
#4364=DIRECTION('center_axis',(1.,0.,0.));
#4365=DIRECTION('ref_axis',(0.,1.,0.));
#4366=DIRECTION('',(0.,0.,-1.));
#4367=DIRECTION('',(0.,0.,-1.));
#4368=DIRECTION('',(0.,1.,0.));
#4369=DIRECTION('center_axis',(1.,0.,0.));
#4370=DIRECTION('ref_axis',(0.,1.,0.));
#4371=DIRECTION('',(0.,0.,-1.));
#4372=DIRECTION('',(0.,1.,0.));
#4373=DIRECTION('center_axis',(-1.,0.,0.));
#4374=DIRECTION('ref_axis',(0.,-1.,0.));
#4375=DIRECTION('',(0.,1.,0.));
#4376=DIRECTION('center_axis',(-1.,0.,0.));
#4377=DIRECTION('ref_axis',(0.,-1.,0.));
#4378=DIRECTION('',(0.,1.,0.));
#4379=DIRECTION('',(0.,0.,-1.));
#4380=DIRECTION('center_axis',(1.,0.,0.));
#4381=DIRECTION('ref_axis',(0.,1.,0.));
#4382=DIRECTION('',(0.,0.,-1.));
#4383=DIRECTION('',(0.,1.,0.));
#4384=DIRECTION('center_axis',(-1.,0.,0.));
#4385=DIRECTION('ref_axis',(0.,-1.,0.));
#4386=DIRECTION('',(0.,1.,0.));
#4387=DIRECTION('center_axis',(-1.,0.,0.));
#4388=DIRECTION('ref_axis',(0.,-1.,0.));
#4389=DIRECTION('',(0.,1.,0.));
#4390=DIRECTION('',(0.,0.,-1.));
#4391=DIRECTION('center_axis',(-1.,0.,0.));
#4392=DIRECTION('ref_axis',(0.,0.,-1.));
#4393=DIRECTION('',(0.,1.,0.));
#4394=DIRECTION('',(0.,0.,-1.));
#4395=DIRECTION('center_axis',(-1.,0.,0.));
#4396=DIRECTION('ref_axis',(0.,0.,-1.));
#4397=DIRECTION('',(0.,0.,-1.));
#4398=DIRECTION('',(0.,1.,0.));
#4399=DIRECTION('center_axis',(0.,1.,0.));
#4400=DIRECTION('ref_axis',(-1.,0.,0.));
#4401=DIRECTION('',(-1.,0.,0.));
#4402=DIRECTION('center_axis',(0.,0.,-1.));
#4403=DIRECTION('ref_axis',(-1.,0.,0.));
#4404=DIRECTION('',(0.,-1.,0.));
#4405=DIRECTION('',(0.,-1.,0.));
#4406=DIRECTION('',(-1.,0.,0.));
#4407=DIRECTION('center_axis',(-1.,0.,0.));
#4408=DIRECTION('ref_axis',(0.,0.,1.));
#4409=DIRECTION('',(0.,-1.,0.));
#4410=DIRECTION('',(0.,0.,1.));
#4411=DIRECTION('center_axis',(1.,0.,0.));
#4412=DIRECTION('ref_axis',(0.,0.,1.));
#4413=DIRECTION('center_axis',(1.,0.,0.));
#4414=DIRECTION('ref_axis',(0.,0.,1.));
#4415=DIRECTION('',(1.,0.,0.));
#4416=DIRECTION('center_axis',(1.,0.,0.));
#4417=DIRECTION('ref_axis',(0.,0.,1.));
#4418=DIRECTION('center_axis',(-1.,0.,0.));
#4419=DIRECTION('ref_axis',(0.,0.,1.));
#4420=DIRECTION('',(0.,0.,1.));
#4421=DIRECTION('',(0.,-1.,0.));
#4422=DIRECTION('center_axis',(1.,0.,0.));
#4423=DIRECTION('ref_axis',(0.,0.,1.));
#4424=DIRECTION('',(0.,1.,0.));
#4425=DIRECTION('',(0.,0.,1.));
#4426=DIRECTION('center_axis',(-1.,0.,0.));
#4427=DIRECTION('ref_axis',(0.,0.,-1.));
#4428=DIRECTION('center_axis',(-1.,0.,0.));
#4429=DIRECTION('ref_axis',(0.,0.,1.));
#4430=DIRECTION('',(-1.,0.,0.));
#4431=DIRECTION('center_axis',(0.,-1.,0.));
#4432=DIRECTION('ref_axis',(0.,0.,1.));
#4433=DIRECTION('',(1.,0.,0.));
#4434=DIRECTION('',(0.,0.,1.));
#4435=DIRECTION('center_axis',(0.,1.,0.));
#4436=DIRECTION('ref_axis',(0.,0.,1.));
#4437=DIRECTION('center_axis',(0.,-1.,0.));
#4438=DIRECTION('ref_axis',(0.,0.,1.));
#4439=DIRECTION('center_axis',(0.,1.,0.));
#4440=DIRECTION('ref_axis',(0.,0.,1.));
#4441=DIRECTION('',(0.,0.,1.));
#4442=DIRECTION('',(1.,0.,0.));
#4443=DIRECTION('center_axis',(0.,1.,0.));
#4444=DIRECTION('ref_axis',(0.,0.,1.));
#4445=DIRECTION('',(0.,1.,0.));
#4446=DIRECTION('center_axis',(0.,-1.,0.));
#4447=DIRECTION('ref_axis',(-1.,0.,0.));
#4448=DIRECTION('',(-1.,0.,0.));
#4449=DIRECTION('center_axis',(1.,0.,0.));
#4450=DIRECTION('ref_axis',(0.,1.,0.));
#4451=DIRECTION('',(0.,0.,-1.));
#4452=DIRECTION('',(0.,1.,0.));
#4453=DIRECTION('center_axis',(-1.,0.,0.));
#4454=DIRECTION('ref_axis',(0.,-1.,0.));
#4455=DIRECTION('',(0.,-1.,0.));
#4456=DIRECTION('',(0.,0.,-1.));
#4457=DIRECTION('center_axis',(0.,-1.,0.));
#4458=DIRECTION('ref_axis',(1.,0.,0.));
#4459=DIRECTION('',(0.,0.,-1.));
#4460=DIRECTION('',(0.,0.,-1.));
#4461=DIRECTION('',(1.,0.,0.));
#4462=DIRECTION('center_axis',(-1.,0.,0.));
#4463=DIRECTION('ref_axis',(0.,-1.,0.));
#4464=DIRECTION('',(0.,0.,-1.));
#4465=DIRECTION('',(0.,-1.,0.));
#4466=DIRECTION('center_axis',(0.,0.,1.));
#4467=DIRECTION('ref_axis',(1.,0.,0.));
#4468=DIRECTION('',(0.,1.,0.));
#4469=DIRECTION('',(1.,0.,0.));
#4470=DIRECTION('',(0.,-1.,0.));
#4471=DIRECTION('center_axis',(0.,-1.,0.));
#4472=DIRECTION('ref_axis',(1.,0.,0.));
#4473=DIRECTION('',(0.,0.,-1.));
#4474=DIRECTION('',(0.,0.,-1.));
#4475=DIRECTION('',(1.,0.,0.));
#4476=DIRECTION('center_axis',(0.,-2.22044604925E-16,-1.));
#4477=DIRECTION('ref_axis',(1.,0.,0.));
#4478=DIRECTION('',(1.,0.,0.));
#4479=DIRECTION('',(0.,1.,-2.22044604925E-16));
#4480=DIRECTION('',(0.,1.,-2.22044604925E-16));
#4481=DIRECTION('center_axis',(1.,0.,0.));
#4482=DIRECTION('ref_axis',(0.,2.22044604925E-16,1.));
#4483=DIRECTION('',(0.,2.22044604925E-16,1.));
#4484=DIRECTION('',(0.,1.,-2.22044604925E-16));
#4485=DIRECTION('center_axis',(0.,2.22044604925E-16,1.));
#4486=DIRECTION('ref_axis',(-1.,0.,0.));
#4487=DIRECTION('',(-1.,0.,0.));
#4488=DIRECTION('',(0.,1.,-2.22044604925E-16));
#4489=DIRECTION('center_axis',(-1.,0.,0.));
#4490=DIRECTION('ref_axis',(0.,-2.22044604925E-16,-1.));
#4491=DIRECTION('',(0.,-2.22044604925E-16,-1.));
#4492=DIRECTION('center_axis',(1.,0.,0.));
#4493=DIRECTION('ref_axis',(0.,2.22044604925E-16,1.));
#4494=DIRECTION('',(0.,2.22044604925E-16,1.));
#4495=DIRECTION('',(0.,1.,-2.22044604925E-16));
#4496=DIRECTION('',(0.,1.,-2.22044604925E-16));
#4497=DIRECTION('center_axis',(0.,2.22044604925E-16,1.));
#4498=DIRECTION('ref_axis',(-1.,0.,0.));
#4499=DIRECTION('',(-1.,0.,0.));
#4500=DIRECTION('',(0.,1.,-2.22044604925E-16));
#4501=DIRECTION('center_axis',(0.,-2.22044604925E-16,-1.));
#4502=DIRECTION('ref_axis',(1.,0.,0.));
#4503=DIRECTION('',(1.,0.,0.));
#4504=DIRECTION('',(0.,1.,-2.22044604925E-16));
#4505=DIRECTION('center_axis',(-1.,0.,0.));
#4506=DIRECTION('ref_axis',(0.,-2.22044604925E-16,-1.));
#4507=DIRECTION('',(0.,-2.22044604925E-16,-1.));
#4508=DIRECTION('center_axis',(1.,0.,0.));
#4509=DIRECTION('ref_axis',(0.,1.,0.));
#4510=DIRECTION('',(0.,1.,0.));
#4511=DIRECTION('',(0.,0.,-1.));
#4512=DIRECTION('center_axis',(0.,1.,0.));
#4513=DIRECTION('ref_axis',(-1.,0.,0.));
#4514=DIRECTION('',(0.,0.,-1.));
#4515=DIRECTION('',(0.,0.,-1.));
#4516=DIRECTION('',(-1.,0.,0.));
#4517=DIRECTION('center_axis',(0.,0.,1.));
#4518=DIRECTION('ref_axis',(-1.,0.,0.));
#4519=DIRECTION('',(0.,-1.,0.));
#4520=DIRECTION('',(-1.,0.,0.));
#4521=DIRECTION('',(0.,1.,0.));
#4522=DIRECTION('center_axis',(0.,1.,0.));
#4523=DIRECTION('ref_axis',(-1.,0.,0.));
#4524=DIRECTION('',(0.,0.,-1.));
#4525=DIRECTION('',(0.,0.,-1.));
#4526=DIRECTION('',(-1.,0.,0.));
#4527=DIRECTION('center_axis',(0.,-1.,0.));
#4528=DIRECTION('ref_axis',(1.,0.,0.));
#4529=DIRECTION('',(1.,0.,0.));
#4530=DIRECTION('',(0.,0.,-1.));
#4531=DIRECTION('center_axis',(0.,-1.,0.));
#4532=DIRECTION('ref_axis',(1.,0.,0.));
#4533=DIRECTION('',(0.,0.,-1.));
#4534=DIRECTION('',(1.,0.,0.));
#4535=DIRECTION('center_axis',(1.,0.,0.));
#4536=DIRECTION('ref_axis',(0.,1.,0.));
#4537=DIRECTION('',(0.,0.,-1.));
#4538=DIRECTION('',(0.,1.,0.));
#4539=DIRECTION('center_axis',(-1.,0.,0.));
#4540=DIRECTION('ref_axis',(0.,-1.,0.));
#4541=DIRECTION('',(0.,1.,0.));
#4542=DIRECTION('center_axis',(-1.,0.,0.));
#4543=DIRECTION('ref_axis',(0.,-1.,0.));
#4544=DIRECTION('',(0.,1.,0.));
#4545=DIRECTION('',(0.,0.,-1.));
#4546=DIRECTION('center_axis',(0.,0.,-1.));
#4547=DIRECTION('ref_axis',(0.,-1.,0.));
#4548=DIRECTION('',(-1.,0.,0.));
#4549=DIRECTION('',(1.,0.,0.));
#4550=DIRECTION('center_axis',(-1.,0.,0.));
#4551=DIRECTION('ref_axis',(0.,-1.,0.));
#4552=DIRECTION('',(1.,0.,0.));
#4553=DIRECTION('center_axis',(1.,0.,0.));
#4554=DIRECTION('ref_axis',(0.,1.,0.));
#4555=DIRECTION('',(0.,-0.294085848837945,0.95577900872182));
#4556=DIRECTION('',(0.,0.132163720090952,0.991227900682643));
#4557=DIRECTION('',(0.,0.132163720090952,-0.991227900682643));
#4558=DIRECTION('',(0.,-0.294085848837945,-0.95577900872182));
#4559=DIRECTION('',(0.,-1.,0.));
#4560=DIRECTION('center_axis',(-1.,0.,0.));
#4561=DIRECTION('ref_axis',(0.,-1.,0.));
#4562=DIRECTION('',(1.,0.,0.));
#4563=DIRECTION('',(1.,0.,0.));
#4564=DIRECTION('center_axis',(0.,0.,-1.));
#4565=DIRECTION('ref_axis',(0.,-1.,0.));
#4566=DIRECTION('',(-1.,0.,0.));
#4567=DIRECTION('center_axis',(1.,0.,0.));
#4568=DIRECTION('ref_axis',(0.,0.,-1.));
#4569=DIRECTION('',(0.,-1.,0.));
#4570=DIRECTION('',(0.,0.,-1.));
#4571=DIRECTION('center_axis',(1.,0.,0.));
#4572=DIRECTION('ref_axis',(0.,1.,0.));
#4573=DIRECTION('',(0.,0.294085848837945,-0.95577900872182));
#4574=DIRECTION('',(0.,1.,0.));
#4575=DIRECTION('',(0.,0.294085848837945,0.95577900872182));
#4576=DIRECTION('',(0.,-0.132163720090952,0.991227900682643));
#4577=DIRECTION('',(0.,-0.132163720090952,-0.991227900682643));
#4578=DIRECTION('center_axis',(1.,0.,0.));
#4579=DIRECTION('ref_axis',(0.,0.,-1.));
#4580=DIRECTION('',(0.,0.,-1.));
#4581=DIRECTION('',(0.,-1.,0.));
#4582=DIRECTION('center_axis',(0.,0.,1.));
#4583=DIRECTION('ref_axis',(-1.,0.,0.));
#4584=DIRECTION('center_axis',(0.,1.,0.));
#4585=DIRECTION('ref_axis',(-1.,0.,0.));
#4586=DIRECTION('',(-1.,0.,0.));
#4587=DIRECTION('center_axis',(0.,1.,0.));
#4588=DIRECTION('ref_axis',(1.,0.,0.));
#4589=DIRECTION('',(1.,0.,0.));
#4590=DIRECTION('center_axis',(-1.,0.,0.));
#4591=DIRECTION('ref_axis',(0.,1.,0.));
#4592=DIRECTION('',(0.,1.,0.));
#4593=DIRECTION('center_axis',(0.,1.,0.));
#4594=DIRECTION('ref_axis',(-1.,0.,0.));
#4595=DIRECTION('',(-1.,0.,0.));
#4596=DIRECTION('',(-1.,0.,0.));
#4597=DIRECTION('center_axis',(1.,0.,0.));
#4598=DIRECTION('ref_axis',(0.,1.,0.));
#4599=DIRECTION('',(0.,0.,-1.));
#4600=DIRECTION('',(0.,1.,0.));
#4601=DIRECTION('center_axis',(0.,-1.,0.));
#4602=DIRECTION('ref_axis',(1.,0.,0.));
#4603=DIRECTION('',(1.,0.,0.));
#4604=DIRECTION('',(1.,0.,0.));
#4605=DIRECTION('center_axis',(1.,0.,0.));
#4606=DIRECTION('ref_axis',(0.,1.,0.));
#4607=DIRECTION('',(0.,0.,-1.));
#4608=DIRECTION('',(0.,1.,0.));
#4609=DIRECTION('center_axis',(-1.,0.,0.));
#4610=DIRECTION('ref_axis',(0.,-1.,0.));
#4611=DIRECTION('',(0.,0.,-1.));
#4612=DIRECTION('',(0.,-1.,0.));
#4613=DIRECTION('center_axis',(0.,0.,-1.));
#4614=DIRECTION('ref_axis',(1.,0.,0.));
#4615=DIRECTION('',(0.,1.,0.));
#4616=DIRECTION('',(0.,1.,0.));
#4617=DIRECTION('',(1.,0.,0.));
#4618=DIRECTION('center_axis',(-1.,0.,0.));
#4619=DIRECTION('ref_axis',(0.,-1.,0.));
#4620=DIRECTION('',(0.,0.,-1.));
#4621=DIRECTION('',(0.,-1.,0.));
#4622=DIRECTION('center_axis',(1.,0.,0.));
#4623=DIRECTION('ref_axis',(0.,1.,0.));
#4624=DIRECTION('',(0.,0.,-1.));
#4625=DIRECTION('',(0.,1.,0.));
#4626=DIRECTION('center_axis',(0.,0.,-1.));
#4627=DIRECTION('ref_axis',(1.,0.,0.));
#4628=DIRECTION('',(0.,1.,0.));
#4629=DIRECTION('',(0.,1.,0.));
#4630=DIRECTION('',(1.,0.,0.));
#4631=DIRECTION('center_axis',(-1.,0.,0.));
#4632=DIRECTION('ref_axis',(0.,-1.,0.));
#4633=DIRECTION('',(0.,0.,-1.));
#4634=DIRECTION('',(0.,-1.,0.));
#4635=DIRECTION('center_axis',(1.,0.,0.));
#4636=DIRECTION('ref_axis',(0.,1.,0.));
#4637=DIRECTION('',(0.,0.,-1.));
#4638=DIRECTION('',(0.,1.,0.));
#4639=DIRECTION('center_axis',(0.,0.,-1.));
#4640=DIRECTION('ref_axis',(-1.,0.,0.));
#4641=DIRECTION('',(0.,-1.,0.));
#4642=DIRECTION('',(0.,-1.,0.));
#4643=DIRECTION('',(-1.,0.,0.));
#4644=DIRECTION('center_axis',(-1.,0.,0.));
#4645=DIRECTION('ref_axis',(0.,-1.,0.));
#4646=DIRECTION('',(0.,0.,-1.));
#4647=DIRECTION('',(0.,-1.,0.));
#4648=DIRECTION('center_axis',(0.,0.,-1.));
#4649=DIRECTION('ref_axis',(-1.,0.,0.));
#4650=DIRECTION('',(0.,-1.,0.));
#4651=DIRECTION('',(0.,-1.,0.));
#4652=DIRECTION('',(-1.,0.,0.));
#4653=DIRECTION('center_axis',(1.,0.,0.));
#4654=DIRECTION('ref_axis',(0.,1.,0.));
#4655=DIRECTION('',(0.,1.,0.));
#4656=DIRECTION('center_axis',(0.,0.,1.));
#4657=DIRECTION('ref_axis',(1.,0.,0.));
#4658=DIRECTION('',(0.,-1.,0.));
#4659=DIRECTION('',(1.,0.,0.));
#4660=DIRECTION('',(0.,-1.,0.));
#4661=DIRECTION('center_axis',(0.,0.,-1.));
#4662=DIRECTION('ref_axis',(1.,0.,0.));
#4663=DIRECTION('',(0.,1.,0.));
#4664=DIRECTION('',(0.,1.,0.));
#4665=DIRECTION('',(1.,0.,0.));
#4666=DIRECTION('center_axis',(-1.,0.,0.));
#4667=DIRECTION('ref_axis',(0.,0.,-1.));
#4668=DIRECTION('',(0.,0.,-1.));
#4669=DIRECTION('',(0.,1.,0.));
#4670=DIRECTION('center_axis',(0.,0.,-1.));
#4671=DIRECTION('ref_axis',(0.,-1.,0.));
#4672=DIRECTION('',(1.,0.,0.));
#4673=DIRECTION('',(0.,1.,0.));
#4674=DIRECTION('',(1.,0.,0.));
#4675=DIRECTION('center_axis',(-1.,0.,0.));
#4676=DIRECTION('ref_axis',(0.,-1.,0.));
#4677=DIRECTION('center_axis',(-1.,0.,0.));
#4678=DIRECTION('ref_axis',(0.,-1.,0.));
#4679=DIRECTION('',(1.,0.,0.));
#4680=DIRECTION('center_axis',(1.,0.,0.));
#4681=DIRECTION('ref_axis',(0.,1.,0.));
#4682=DIRECTION('',(0.,0.294085848837945,-0.95577900872182));
#4683=DIRECTION('',(0.,-0.132163720090952,-0.991227900682643));
#4684=DIRECTION('',(0.,-0.132163720090952,0.991227900682643));
#4685=DIRECTION('',(0.,0.294085848837945,0.95577900872182));
#4686=DIRECTION('',(0.,1.,0.));
#4687=DIRECTION('center_axis',(-1.,0.,0.));
#4688=DIRECTION('ref_axis',(0.,-1.,0.));
#4689=DIRECTION('',(1.,0.,0.));
#4690=DIRECTION('center_axis',(-1.,0.,0.));
#4691=DIRECTION('ref_axis',(0.,-1.,0.));
#4692=DIRECTION('',(1.,0.,0.));
#4693=DIRECTION('center_axis',(0.,0.,-1.));
#4694=DIRECTION('ref_axis',(0.,-1.,0.));
#4695=DIRECTION('',(0.,1.,0.));
#4696=DIRECTION('',(1.,0.,0.));
#4697=DIRECTION('center_axis',(1.,0.,0.));
#4698=DIRECTION('ref_axis',(0.,0.,-1.));
#4699=DIRECTION('',(0.,-1.,0.));
#4700=DIRECTION('',(0.,0.,-1.));
#4701=DIRECTION('center_axis',(0.,0.991227900682643,0.132163720090952));
#4702=DIRECTION('ref_axis',(0.,0.132163720090952,-0.991227900682644));
#4703=DIRECTION('',(1.,0.,0.));
#4704=DIRECTION('center_axis',(0.,-0.95577900872182,-0.294085848837945));
#4705=DIRECTION('ref_axis',(0.,-0.294085848837945,0.95577900872182));
#4706=DIRECTION('',(1.,0.,0.));
#4707=DIRECTION('',(1.,0.,0.));
#4708=DIRECTION('center_axis',(0.,-0.991227900682643,0.132163720090952));
#4709=DIRECTION('ref_axis',(0.,0.132163720090952,0.991227900682644));
#4710=DIRECTION('center_axis',(0.,0.95577900872182,-0.294085848837945));
#4711=DIRECTION('ref_axis',(0.,-0.294085848837945,-0.95577900872182));
#4712=DIRECTION('',(1.,0.,0.));
#4713=DIRECTION('center_axis',(0.,0.,-1.));
#4714=DIRECTION('ref_axis',(0.,1.,0.));
#4715=DIRECTION('center_axis',(0.,0.,-1.));
#4716=DIRECTION('ref_axis',(-1.,0.,0.));
#4717=DIRECTION('center_axis',(0.,-1.,0.));
#4718=DIRECTION('ref_axis',(1.,0.,0.));
#4719=DIRECTION('',(1.,0.,0.));
#4720=DIRECTION('center_axis',(0.,-1.,0.));
#4721=DIRECTION('ref_axis',(1.,0.,0.));
#4722=DIRECTION('',(1.,0.,0.));
#4723=DIRECTION('center_axis',(1.,0.,0.));
#4724=DIRECTION('ref_axis',(0.,1.,0.));
#4725=DIRECTION('',(0.,0.,-1.));
#4726=DIRECTION('center_axis',(-1.,0.,0.));
#4727=DIRECTION('ref_axis',(0.,0.,1.));
#4728=DIRECTION('',(0.,1.,0.));
#4729=DIRECTION('',(0.,0.,-1.));
#4730=DIRECTION('center_axis',(0.,1.,0.));
#4731=DIRECTION('ref_axis',(-1.,0.,0.));
#4732=DIRECTION('',(-1.,0.,0.));
#4733=DIRECTION('center_axis',(0.,1.,0.));
#4734=DIRECTION('ref_axis',(-1.,0.,0.));
#4735=DIRECTION('',(-1.,0.,0.));
#4736=DIRECTION('center_axis',(1.,0.,0.));
#4737=DIRECTION('ref_axis',(0.,1.,0.));
#4738=DIRECTION('',(0.,0.,-1.));
#4739=DIRECTION('',(0.,0.,-1.));
#4740=DIRECTION('',(0.,1.,0.));
#4741=DIRECTION('center_axis',(1.,0.,0.));
#4742=DIRECTION('ref_axis',(0.,0.,-1.));
#4743=DIRECTION('center_axis',(-1.,0.,0.));
#4744=DIRECTION('ref_axis',(0.,-1.,0.));
#4745=DIRECTION('',(0.,0.,-1.));
#4746=DIRECTION('center_axis',(1.,0.,0.));
#4747=DIRECTION('ref_axis',(0.,0.,-1.));
#4748=DIRECTION('',(0.,-1.,0.));
#4749=DIRECTION('',(0.,0.,-1.));
#4750=DIRECTION('center_axis',(-1.,0.,0.));
#4751=DIRECTION('ref_axis',(0.,0.,-1.));
#4752=DIRECTION('',(0.,0.,-1.));
#4753=DIRECTION('',(0.,1.,0.));
#4754=DIRECTION('center_axis',(-1.,0.,0.));
#4755=DIRECTION('ref_axis',(0.,0.,-1.));
#4756=DIRECTION('',(0.,1.,0.));
#4757=DIRECTION('',(0.,0.,-1.));
#4758=DIRECTION('center_axis',(0.,-1.,0.));
#4759=DIRECTION('ref_axis',(1.,0.,0.));
#4760=DIRECTION('',(1.,0.,0.));
#4761=DIRECTION('center_axis',(-1.,0.,0.));
#4762=DIRECTION('ref_axis',(0.,-1.,0.));
#4763=DIRECTION('',(0.,0.,-1.));
#4764=DIRECTION('center_axis',(1.,0.,0.));
#4765=DIRECTION('ref_axis',(0.,0.,-1.));
#4766=DIRECTION('',(0.,-1.,0.));
#4767=DIRECTION('',(0.,0.,-1.));
#4768=DIRECTION('center_axis',(1.,0.,0.));
#4769=DIRECTION('ref_axis',(0.,1.,0.));
#4770=DIRECTION('',(0.,0.,-1.));
#4771=DIRECTION('',(0.,0.,-1.));
#4772=DIRECTION('',(0.,1.,0.));
#4773=DIRECTION('center_axis',(1.,0.,0.));
#4774=DIRECTION('ref_axis',(0.,0.,-1.));
#4775=DIRECTION('center_axis',(-1.,0.,0.));
#4776=DIRECTION('ref_axis',(0.,0.,-1.));
#4777=DIRECTION('',(0.,0.,-1.));
#4778=DIRECTION('',(0.,1.,0.));
#4779=DIRECTION('center_axis',(-1.,0.,0.));
#4780=DIRECTION('ref_axis',(0.,0.,-1.));
#4781=DIRECTION('',(0.,1.,0.));
#4782=DIRECTION('',(0.,0.,-1.));
#4783=DIRECTION('center_axis',(0.,-1.,0.));
#4784=DIRECTION('ref_axis',(1.,0.,0.));
#4785=DIRECTION('',(1.,0.,0.));
#4786=DIRECTION('center_axis',(-1.,0.,0.));
#4787=DIRECTION('ref_axis',(0.,-1.,0.));
#4788=DIRECTION('',(0.,0.,-1.));
#4789=DIRECTION('',(0.,0.,-1.));
#4790=DIRECTION('',(0.,-1.,0.));
#4791=DIRECTION('center_axis',(-1.,0.,0.));
#4792=DIRECTION('ref_axis',(0.,0.,1.));
#4793=DIRECTION('center_axis',(1.,0.,0.));
#4794=DIRECTION('ref_axis',(0.,1.,0.));
#4795=DIRECTION('',(0.,0.,-1.));
#4796=DIRECTION('center_axis',(-1.,0.,0.));
#4797=DIRECTION('ref_axis',(0.,0.,1.));
#4798=DIRECTION('',(0.,1.,0.));
#4799=DIRECTION('',(0.,0.,-1.));
#4800=DIRECTION('center_axis',(1.,0.,0.));
#4801=DIRECTION('ref_axis',(0.,0.,-1.));
#4802=DIRECTION('',(0.,0.,-1.));
#4803=DIRECTION('',(0.,-1.,0.));
#4804=DIRECTION('center_axis',(1.,0.,0.));
#4805=DIRECTION('ref_axis',(0.,0.,-1.));
#4806=DIRECTION('',(0.,-1.,0.));
#4807=DIRECTION('',(0.,0.,-1.));
#4808=DIRECTION('center_axis',(0.,1.,0.));
#4809=DIRECTION('ref_axis',(-1.,0.,0.));
#4810=DIRECTION('',(-1.,0.,0.));
#4811=DIRECTION('center_axis',(-1.,0.,0.));
#4812=DIRECTION('ref_axis',(0.,-1.,0.));
#4813=DIRECTION('',(0.,0.,-1.));
#4814=DIRECTION('',(0.,0.,-1.));
#4815=DIRECTION('',(0.,-1.,0.));
#4816=DIRECTION('center_axis',(-1.,0.,0.));
#4817=DIRECTION('ref_axis',(0.,0.,1.));
#4818=DIRECTION('center_axis',(1.,0.,0.));
#4819=DIRECTION('ref_axis',(0.,0.,-1.));
#4820=DIRECTION('',(0.,0.,-1.));
#4821=DIRECTION('',(0.,-1.,0.));
#4822=DIRECTION('center_axis',(1.,0.,0.));
#4823=DIRECTION('ref_axis',(0.,0.,-1.));
#4824=DIRECTION('',(0.,-1.,0.));
#4825=DIRECTION('',(0.,0.,-1.));
#4826=DIRECTION('center_axis',(0.,1.,0.));
#4827=DIRECTION('ref_axis',(-1.,0.,0.));
#4828=DIRECTION('',(-1.,0.,0.));
#4829=DIRECTION('center_axis',(1.,0.,0.));
#4830=DIRECTION('ref_axis',(0.,1.,0.));
#4831=DIRECTION('',(0.,0.,-1.));
#4832=DIRECTION('',(0.,1.,0.));
#4833=DIRECTION('',(0.,0.,-1.));
#4834=DIRECTION('center_axis',(1.,0.,0.));
#4835=DIRECTION('ref_axis',(0.,0.,-1.));
#4836=DIRECTION('',(0.,0.,-1.));
#4837=DIRECTION('',(0.,-1.,0.));
#4838=DIRECTION('center_axis',(0.,-1.,0.));
#4839=DIRECTION('ref_axis',(1.,0.,0.));
#4840=DIRECTION('',(1.,0.,0.));
#4841=DIRECTION('center_axis',(-1.,0.,0.));
#4842=DIRECTION('ref_axis',(0.,0.,-1.));
#4843=DIRECTION('',(0.,1.,0.));
#4844=DIRECTION('',(0.,0.,-1.));
#4845=DIRECTION('center_axis',(0.,-1.,0.));
#4846=DIRECTION('ref_axis',(1.,0.,0.));
#4847=DIRECTION('',(1.,0.,0.));
#4848=DIRECTION('center_axis',(0.,0.,-1.));
#4849=DIRECTION('ref_axis',(1.,0.,0.));
#4850=DIRECTION('center_axis',(0.,0.991227900682643,0.132163720090952));
#4851=DIRECTION('ref_axis',(0.,0.132163720090952,-0.991227900682644));
#4852=DIRECTION('',(0.,-0.132163720090952,0.991227900682643));
#4853=DIRECTION('',(1.,0.,0.));
#4854=DIRECTION('center_axis',(0.,-0.95577900872182,-0.294085848837945));
#4855=DIRECTION('ref_axis',(0.,-0.294085848837945,0.95577900872182));
#4856=DIRECTION('',(1.,0.,0.));
#4857=DIRECTION('',(0.,0.294085848837945,-0.95577900872182));
#4858=DIRECTION('',(1.,0.,0.));
#4859=DIRECTION('center_axis',(0.,-0.991227900682643,0.132163720090952));
#4860=DIRECTION('ref_axis',(0.,0.132163720090952,0.991227900682644));
#4861=DIRECTION('',(0.,-0.132163720090952,-0.991227900682643));
#4862=DIRECTION('center_axis',(0.,0.95577900872182,-0.294085848837945));
#4863=DIRECTION('ref_axis',(0.,-0.294085848837945,-0.95577900872182));
#4864=DIRECTION('',(0.,0.294085848837945,0.95577900872182));
#4865=DIRECTION('',(1.,0.,0.));
#4866=DIRECTION('center_axis',(0.,0.,1.));
#4867=DIRECTION('ref_axis',(0.,1.,0.));
#4868=DIRECTION('',(0.,1.,0.));
#4869=DIRECTION('center_axis',(0.,0.,1.));
#4870=DIRECTION('ref_axis',(1.,0.,0.));
#4871=DIRECTION('center_axis',(0.,-1.,0.));
#4872=DIRECTION('ref_axis',(1.,0.,0.));
#4873=DIRECTION('',(1.,0.,0.));
#4874=DIRECTION('center_axis',(0.,-1.,0.));
#4875=DIRECTION('ref_axis',(1.,0.,0.));
#4876=DIRECTION('',(1.,0.,0.));
#4877=DIRECTION('center_axis',(1.,0.,0.));
#4878=DIRECTION('ref_axis',(0.,1.,0.));
#4879=DIRECTION('',(1.,0.,0.));
#4880=DIRECTION('center_axis',(0.,0.,1.));
#4881=DIRECTION('ref_axis',(1.,0.,0.));
#4882=DIRECTION('',(-1.,0.,0.));
#4883=DIRECTION('center_axis',(0.,1.,0.));
#4884=DIRECTION('ref_axis',(-1.,0.,0.));
#4885=DIRECTION('',(-1.,0.,0.));
#4886=DIRECTION('center_axis',(0.,1.,0.));
#4887=DIRECTION('ref_axis',(-1.,0.,0.));
#4888=DIRECTION('',(-1.,0.,0.));
#4889=DIRECTION('center_axis',(-1.,0.,0.));
#4890=DIRECTION('ref_axis',(0.,-1.,0.));
#4891=DIRECTION('',(-1.,0.,0.));
#4892=DIRECTION('center_axis',(0.,0.,1.));
#4893=DIRECTION('ref_axis',(1.,0.,0.));
#4894=DIRECTION('',(1.,0.,0.));
#4895=DIRECTION('center_axis',(0.,0.,-1.));
#4896=DIRECTION('ref_axis',(1.,0.,0.));
#4897=DIRECTION('center_axis',(-1.,0.,0.));
#4898=DIRECTION('ref_axis',(0.,-1.,0.));
#4899=DIRECTION('',(-1.,0.,0.));
#4900=DIRECTION('center_axis',(0.,0.,1.));
#4901=DIRECTION('ref_axis',(1.,0.,0.));
#4902=DIRECTION('',(1.,0.,0.));
#4903=DIRECTION('center_axis',(0.,0.,-1.));
#4904=DIRECTION('ref_axis',(1.,0.,0.));
#4905=DIRECTION('center_axis',(1.,0.,0.));
#4906=DIRECTION('ref_axis',(0.,1.,0.));
#4907=DIRECTION('',(1.,0.,0.));
#4908=DIRECTION('center_axis',(0.,0.,1.));
#4909=DIRECTION('ref_axis',(1.,0.,0.));
#4910=DIRECTION('',(-1.,0.,0.));
#4911=DIRECTION('center_axis',(0.,0.,-1.));
#4912=DIRECTION('ref_axis',(-1.,0.,0.));
#4913=DIRECTION('center_axis',(0.,0.,-1.));
#4914=DIRECTION('ref_axis',(-1.,0.,0.));
#4915=DIRECTION('center_axis',(1.,0.,0.));
#4916=DIRECTION('ref_axis',(0.,1.,0.));
#4917=DIRECTION('center_axis',(0.,1.,0.));
#4918=DIRECTION('ref_axis',(1.,0.,0.));
#4919=DIRECTION('',(0.,0.,1.));
#4920=DIRECTION('',(1.,0.,0.));
#4921=DIRECTION('',(0.,0.,1.));
#4922=DIRECTION('',(1.,0.,0.));
#4923=DIRECTION('center_axis',(-1.,0.,0.));
#4924=DIRECTION('ref_axis',(0.,1.,0.));
#4925=DIRECTION('',(0.,1.,0.));
#4926=DIRECTION('',(0.,0.,1.));
#4927=DIRECTION('',(0.,1.,0.));
#4928=DIRECTION('center_axis',(0.,1.,0.));
#4929=DIRECTION('ref_axis',(1.,0.,0.));
#4930=DIRECTION('',(1.,0.,0.));
#4931=DIRECTION('',(0.,0.,1.));
#4932=DIRECTION('',(1.,0.,0.));
#4933=DIRECTION('center_axis',(1.,0.,0.));
#4934=DIRECTION('ref_axis',(0.,-1.,0.));
#4935=DIRECTION('',(0.,-1.,0.));
#4936=DIRECTION('',(0.,0.,1.));
#4937=DIRECTION('',(0.,-1.,0.));
#4938=DIRECTION('center_axis',(0.,1.,0.));
#4939=DIRECTION('ref_axis',(1.,0.,0.));
#4940=DIRECTION('',(1.,0.,0.));
#4941=DIRECTION('',(0.,0.,1.));
#4942=DIRECTION('',(1.,0.,0.));
#4943=DIRECTION('center_axis',(1.,0.,0.));
#4944=DIRECTION('ref_axis',(0.,-1.,0.));
#4945=DIRECTION('',(0.,-1.,0.));
#4946=DIRECTION('',(0.,0.,1.));
#4947=DIRECTION('',(0.,-1.,0.));
#4948=DIRECTION('center_axis',(0.,-1.,0.));
#4949=DIRECTION('ref_axis',(-1.,0.,0.));
#4950=DIRECTION('',(-1.,0.,0.));
#4951=DIRECTION('',(0.,0.,1.));
#4952=DIRECTION('',(-1.,0.,0.));
#4953=DIRECTION('center_axis',(1.,0.,0.));
#4954=DIRECTION('ref_axis',(0.,-1.,0.));
#4955=DIRECTION('',(0.,-1.,0.));
#4956=DIRECTION('',(0.,0.,1.));
#4957=DIRECTION('',(0.,-1.,0.));
#4958=DIRECTION('center_axis',(0.,-1.,0.));
#4959=DIRECTION('ref_axis',(-1.,0.,0.));
#4960=DIRECTION('',(-1.,0.,0.));
#4961=DIRECTION('',(0.,0.,1.));
#4962=DIRECTION('',(-1.,0.,0.));
#4963=DIRECTION('center_axis',(-1.,0.,0.));
#4964=DIRECTION('ref_axis',(0.,1.,0.));
#4965=DIRECTION('',(0.,1.,0.));
#4966=DIRECTION('',(0.,0.,1.));
#4967=DIRECTION('',(0.,1.,0.));
#4968=DIRECTION('center_axis',(0.,-1.,0.));
#4969=DIRECTION('ref_axis',(-1.,0.,0.));
#4970=DIRECTION('',(-1.,0.,0.));
#4971=DIRECTION('',(0.,0.,1.));
#4972=DIRECTION('',(-1.,0.,0.));
#4973=DIRECTION('center_axis',(-1.,0.,0.));
#4974=DIRECTION('ref_axis',(0.,1.,0.));
#4975=DIRECTION('',(0.,1.,0.));
#4976=DIRECTION('',(0.,1.,0.));
#4977=DIRECTION('center_axis',(0.,0.,1.));
#4978=DIRECTION('ref_axis',(1.,0.,0.));
#4979=DIRECTION('center_axis',(0.,0.,1.));
#4980=DIRECTION('ref_axis',(1.,0.,0.));
#4981=DIRECTION('center_axis',(0.,-1.,0.));
#4982=DIRECTION('ref_axis',(1.,0.,0.));
#4983=DIRECTION('',(0.,0.,-1.));
#4984=DIRECTION('',(1.,0.,0.));
#4985=DIRECTION('',(0.,0.,-1.));
#4986=DIRECTION('',(-0.707106781186548,0.,-0.707106781186548));
#4987=DIRECTION('',(1.,0.,0.));
#4988=DIRECTION('',(0.707106781186548,0.,-0.707106781186548));
#4989=DIRECTION('center_axis',(1.,0.,0.));
#4990=DIRECTION('ref_axis',(0.,1.,0.));
#4991=DIRECTION('',(0.,0.,-1.));
#4992=DIRECTION('',(0.,1.,0.));
#4993=DIRECTION('',(0.,1.,0.));
#4994=DIRECTION('center_axis',(-0.707106781186548,0.,-0.707106781186548));
#4995=DIRECTION('ref_axis',(0.,1.,0.));
#4996=DIRECTION('',(0.707106781186548,0.,-0.707106781186548));
#4997=DIRECTION('',(0.,1.,0.));
#4998=DIRECTION('center_axis',(0.,0.,1.));
#4999=DIRECTION('ref_axis',(1.,0.,0.));
#5000=DIRECTION('',(-1.,0.,0.));
#5001=DIRECTION('',(0.,-1.,0.));
#5002=DIRECTION('center_axis',(0.,0.,1.));
#5003=DIRECTION('ref_axis',(1.,0.,0.));
#5004=DIRECTION('',(0.,-1.,0.));
#5005=DIRECTION('',(-1.,0.,0.));
#5006=DIRECTION('center_axis',(-1.,0.,0.));
#5007=DIRECTION('ref_axis',(0.,-1.,0.));
#5008=DIRECTION('',(0.,0.,-1.));
#5009=DIRECTION('',(0.,-1.,0.));
#5010=DIRECTION('center_axis',(0.707106781186548,0.,-0.707106781186548));
#5011=DIRECTION('ref_axis',(0.,-1.,0.));
#5012=DIRECTION('',(-0.707106781186548,0.,-0.707106781186548));
#5013=DIRECTION('center_axis',(0.,1.,0.));
#5014=DIRECTION('ref_axis',(-1.,0.,0.));
#5015=DIRECTION('center_axis',(0.,-1.,0.));
#5016=DIRECTION('ref_axis',(1.,0.,0.));
#5017=DIRECTION('',(0.,0.,-1.));
#5018=DIRECTION('',(1.,0.,0.));
#5019=DIRECTION('',(0.,0.,-1.));
#5020=DIRECTION('',(-0.707106781186548,0.,-0.707106781186548));
#5021=DIRECTION('',(1.,0.,0.));
#5022=DIRECTION('',(0.707106781186548,0.,-0.707106781186548));
#5023=DIRECTION('center_axis',(1.,0.,0.));
#5024=DIRECTION('ref_axis',(0.,1.,0.));
#5025=DIRECTION('',(0.,0.,-1.));
#5026=DIRECTION('',(0.,1.,0.));
#5027=DIRECTION('',(0.,1.,0.));
#5028=DIRECTION('center_axis',(-0.707106781186548,0.,-0.707106781186548));
#5029=DIRECTION('ref_axis',(0.,1.,0.));
#5030=DIRECTION('',(0.707106781186548,0.,-0.707106781186548));
#5031=DIRECTION('',(0.,1.,0.));
#5032=DIRECTION('center_axis',(0.,0.,1.));
#5033=DIRECTION('ref_axis',(1.,0.,0.));
#5034=DIRECTION('',(-1.,0.,0.));
#5035=DIRECTION('',(0.,-1.,0.));
#5036=DIRECTION('center_axis',(0.,0.,1.));
#5037=DIRECTION('ref_axis',(1.,0.,0.));
#5038=DIRECTION('',(0.,-1.,0.));
#5039=DIRECTION('',(-1.,0.,0.));
#5040=DIRECTION('center_axis',(-1.,0.,0.));
#5041=DIRECTION('ref_axis',(0.,-1.,0.));
#5042=DIRECTION('',(0.,0.,-1.));
#5043=DIRECTION('',(0.,-1.,0.));
#5044=DIRECTION('center_axis',(0.707106781186548,0.,-0.707106781186548));
#5045=DIRECTION('ref_axis',(0.,-1.,0.));
#5046=DIRECTION('',(-0.707106781186548,0.,-0.707106781186548));
#5047=DIRECTION('center_axis',(0.,1.,0.));
#5048=DIRECTION('ref_axis',(-1.,0.,0.));
#5049=DIRECTION('center_axis',(0.,-1.,0.));
#5050=DIRECTION('ref_axis',(1.,0.,0.));
#5051=DIRECTION('',(0.,0.,-1.));
#5052=DIRECTION('',(1.,0.,0.));
#5053=DIRECTION('',(0.,0.,-1.));
#5054=DIRECTION('',(-0.707106781186548,0.,-0.707106781186548));
#5055=DIRECTION('',(1.,0.,0.));
#5056=DIRECTION('',(0.707106781186548,0.,-0.707106781186548));
#5057=DIRECTION('center_axis',(1.,0.,0.));
#5058=DIRECTION('ref_axis',(0.,1.,0.));
#5059=DIRECTION('',(0.,0.,-1.));
#5060=DIRECTION('',(0.,1.,0.));
#5061=DIRECTION('',(0.,1.,0.));
#5062=DIRECTION('center_axis',(-0.707106781186548,0.,-0.707106781186548));
#5063=DIRECTION('ref_axis',(0.,1.,0.));
#5064=DIRECTION('',(0.707106781186548,0.,-0.707106781186548));
#5065=DIRECTION('',(0.,1.,0.));
#5066=DIRECTION('center_axis',(0.,0.,1.));
#5067=DIRECTION('ref_axis',(1.,0.,0.));
#5068=DIRECTION('',(-1.,0.,0.));
#5069=DIRECTION('',(0.,-1.,0.));
#5070=DIRECTION('center_axis',(0.,0.,1.));
#5071=DIRECTION('ref_axis',(1.,0.,0.));
#5072=DIRECTION('',(0.,-1.,0.));
#5073=DIRECTION('',(-1.,0.,0.));
#5074=DIRECTION('center_axis',(-1.,0.,0.));
#5075=DIRECTION('ref_axis',(0.,-1.,0.));
#5076=DIRECTION('',(0.,0.,-1.));
#5077=DIRECTION('',(0.,-1.,0.));
#5078=DIRECTION('center_axis',(0.707106781186548,0.,-0.707106781186548));
#5079=DIRECTION('ref_axis',(0.,-1.,0.));
#5080=DIRECTION('',(-0.707106781186548,0.,-0.707106781186548));
#5081=DIRECTION('center_axis',(0.,1.,0.));
#5082=DIRECTION('ref_axis',(-1.,0.,0.));
#5083=DIRECTION('center_axis',(0.,1.,0.));
#5084=DIRECTION('ref_axis',(1.,0.,0.));
#5085=DIRECTION('',(0.,0.,1.));
#5086=DIRECTION('',(1.,0.,0.));
#5087=DIRECTION('',(0.,0.,1.));
#5088=DIRECTION('',(1.,0.,0.));
#5089=DIRECTION('center_axis',(0.,1.,0.));
#5090=DIRECTION('ref_axis',(0.,0.,1.));
#5091=DIRECTION('',(-1.,0.,0.));
#5092=DIRECTION('',(0.,0.,1.));
#5093=DIRECTION('',(-1.,0.,0.));
#5094=DIRECTION('center_axis',(0.,-1.,0.));
#5095=DIRECTION('ref_axis',(0.,0.,1.));
#5096=DIRECTION('',(1.,0.,0.));
#5097=DIRECTION('',(1.,0.,0.));
#5098=DIRECTION('',(0.,0.,1.));
#5099=DIRECTION('center_axis',(0.,0.,1.));
#5100=DIRECTION('ref_axis',(1.,0.,0.));
#5101=DIRECTION('',(0.,-1.,0.));
#5102=DIRECTION('',(-1.,0.,0.));
#5103=DIRECTION('',(0.,1.,0.));
#5104=DIRECTION('center_axis',(0.,1.,0.));
#5105=DIRECTION('ref_axis',(1.,0.,0.));
#5106=DIRECTION('',(0.,0.,1.));
#5107=DIRECTION('',(1.,0.,0.));
#5108=DIRECTION('',(-0.707106781186548,0.,0.707106781186548));
#5109=DIRECTION('',(-0.707106781186548,0.,-0.707106781186548));
#5110=DIRECTION('',(1.,0.,0.));
#5111=DIRECTION('',(0.,0.,1.));
#5112=DIRECTION('center_axis',(0.,0.,-1.));
#5113=DIRECTION('ref_axis',(0.,1.,0.));
#5114=DIRECTION('',(-1.,0.,0.));
#5115=DIRECTION('',(0.,1.,0.));
#5116=DIRECTION('center_axis',(0.,0.,-1.));
#5117=DIRECTION('ref_axis',(0.,1.,0.));
#5118=DIRECTION('',(-1.,0.,0.));
#5119=DIRECTION('',(0.,1.,0.));
#5120=DIRECTION('',(0.,1.,0.));
#5121=DIRECTION('center_axis',(-1.,0.,0.));
#5122=DIRECTION('ref_axis',(0.,1.,0.));
#5123=DIRECTION('',(0.,0.,1.));
#5124=DIRECTION('center_axis',(0.,0.,-1.));
#5125=DIRECTION('ref_axis',(0.,-1.,0.));
#5126=DIRECTION('',(0.,-1.,0.));
#5127=DIRECTION('',(1.,0.,0.));
#5128=DIRECTION('center_axis',(0.,0.,-1.));
#5129=DIRECTION('ref_axis',(0.,-1.,0.));
#5130=DIRECTION('',(0.,-1.,0.));
#5131=DIRECTION('',(1.,0.,0.));
#5132=DIRECTION('',(0.,-1.,0.));
#5133=DIRECTION('center_axis',(1.,0.,0.));
#5134=DIRECTION('ref_axis',(0.,-1.,0.));
#5135=DIRECTION('',(0.,0.,1.));
#5136=DIRECTION('center_axis',(0.,-1.,0.));
#5137=DIRECTION('ref_axis',(-1.,0.,0.));
#5138=DIRECTION('',(0.,0.,1.));
#5139=DIRECTION('',(-1.,0.,0.));
#5140=DIRECTION('',(0.,0.,1.));
#5141=DIRECTION('center_axis',(1.,0.,0.));
#5142=DIRECTION('ref_axis',(0.,-1.,0.));
#5143=DIRECTION('',(0.,-1.,0.));
#5144=DIRECTION('',(0.,0.,1.));
#5145=DIRECTION('center_axis',(0.,0.,1.));
#5146=DIRECTION('ref_axis',(1.,0.,0.));
#5147=DIRECTION('',(0.,1.,-2.22044604925E-16));
#5148=DIRECTION('',(-1.,0.,0.));
#5149=DIRECTION('center_axis',(0.707106781186548,-1.570092458682E-16,-0.707106781186548));
#5150=DIRECTION('ref_axis',(0.707106781186548,1.570092458682E-16,0.707106781186548));
#5151=DIRECTION('',(0.707106781186548,1.570092458682E-16,0.707106781186548));
#5152=DIRECTION('',(0.,1.,-2.22044604925E-16));
#5153=DIRECTION('center_axis',(-0.707106781186548,-1.570092458682E-16,-0.707106781186548));
#5154=DIRECTION('ref_axis',(0.707106781186548,-1.570092458682E-16,-0.707106781186548));
#5155=DIRECTION('',(0.707106781186548,-1.570092458682E-16,-0.707106781186548));
#5156=DIRECTION('',(0.,1.,-2.22044604925E-16));
#5157=DIRECTION('center_axis',(0.,0.,1.));
#5158=DIRECTION('ref_axis',(1.,0.,0.));
#5159=DIRECTION('',(0.,1.,0.));
#5160=DIRECTION('',(-1.,0.,0.));
#5161=DIRECTION('center_axis',(-1.,0.,0.));
#5162=DIRECTION('ref_axis',(0.,1.,0.));
#5163=DIRECTION('',(0.,0.,1.));
#5164=DIRECTION('center_axis',(0.,1.,0.));
#5165=DIRECTION('ref_axis',(0.,0.,1.));
#5166=DIRECTION('center_axis',(0.,-1.,0.));
#5167=DIRECTION('ref_axis',(0.,0.,1.));
#5168=DIRECTION('center_axis',(0.,-1.,0.));
#5169=DIRECTION('ref_axis',(-1.,0.,0.));
#5170=DIRECTION('',(0.,0.,1.));
#5171=DIRECTION('',(1.,0.,0.));
#5172=CARTESIAN_POINT('',(0.,0.,0.));
#5173=CARTESIAN_POINT('',(0.,0.,0.));
#5174=CARTESIAN_POINT('Origin',(-1.899999999998,1.350000000002,4.3));
#5175=CARTESIAN_POINT('',(-1.899999999998,1.350000000002,4.7));
#5176=CARTESIAN_POINT('',(-1.939999999998,1.350000000002,4.7));
#5177=CARTESIAN_POINT('',(-1.899999999998,1.350000000002,4.7));
#5178=CARTESIAN_POINT('',(-1.899999999998,1.350000000002,4.3));
#5179=CARTESIAN_POINT('',(-1.899999999998,1.350000000002,4.3));
#5180=CARTESIAN_POINT('',(-2.299999999998,1.350000000002,4.3));
#5181=CARTESIAN_POINT('',(-1.899999999998,1.350000000002,4.3));
#5182=CARTESIAN_POINT('',(-2.299999999998,1.350000000002,4.34));
#5183=CARTESIAN_POINT('',(-2.299999999998,1.350000000002,4.3));
#5184=CARTESIAN_POINT('Origin',(-1.939999999998,1.350000000002,4.34));
#5185=CARTESIAN_POINT('Origin',(-1.899999999998,-1.349999999998,4.7));
#5186=CARTESIAN_POINT('',(-1.899999999998,-1.349999999998,4.7));
#5187=CARTESIAN_POINT('',(-1.939999999998,-1.349999999998,4.7));
#5188=CARTESIAN_POINT('',(-1.899999999998,-1.349999999998,4.7));
#5189=CARTESIAN_POINT('',(-1.899999999998,-1.349999999998,4.7));
#5190=CARTESIAN_POINT('',(-1.939999999998,-1.349999999998,4.7));
#5191=CARTESIAN_POINT('Origin',(-1.939999999998,-1.349999999998,4.34));
#5192=CARTESIAN_POINT('',(-2.299999999998,-1.349999999998,4.34));
#5193=CARTESIAN_POINT('',(-2.299999999998,-1.349999999998,4.34));
#5194=CARTESIAN_POINT('Origin',(-1.939999999998,-1.349999999998,4.34));
#5195=CARTESIAN_POINT('Origin',(-1.849999999998,1.350000000002,4.3));
#5196=CARTESIAN_POINT('',(-1.849999999998,1.350000000002,4.3));
#5197=CARTESIAN_POINT('',(-1.849999999998,1.350000000002,4.7));
#5198=CARTESIAN_POINT('',(-1.849999999998,1.350000000002,4.3));
#5199=CARTESIAN_POINT('',(-1.849999999998,1.350000000002,4.3));
#5200=CARTESIAN_POINT('',(-1.849999999998,1.350000000002,4.7));
#5201=CARTESIAN_POINT('Origin',(-2.299999999998,-1.349999999998,4.3));
#5202=CARTESIAN_POINT('',(-2.299999999998,-1.349999999998,4.3));
#5203=CARTESIAN_POINT('',(-2.299999999998,-1.349999999998,4.3));
#5204=CARTESIAN_POINT('',(-2.299999999998,-1.349999999998,4.3));
#5205=CARTESIAN_POINT('Origin',(-1.899999999998,1.350000000002,4.3));
#5206=CARTESIAN_POINT('',(-1.899999999998,1.350000000002,3.9));
#5207=CARTESIAN_POINT('',(-1.899999999998,1.350000000002,4.3));
#5208=CARTESIAN_POINT('',(-2.299999999998,1.350000000002,3.9));
#5209=CARTESIAN_POINT('',(-1.899999999998,1.350000000002,3.9));
#5210=CARTESIAN_POINT('',(-2.299999999998,1.350000000002,4.3));
#5211=CARTESIAN_POINT('Origin',(-1.899999999998,-1.349999999998,4.3));
#5212=CARTESIAN_POINT('',(-1.899999999998,-1.349999999998,4.3));
#5213=CARTESIAN_POINT('',(-1.899999999998,-1.349999999998,4.3));
#5214=CARTESIAN_POINT('',(-1.899999999998,-1.349999999998,4.3));
#5215=CARTESIAN_POINT('Origin',(2.000000000003,2.88258E-12,4.7));
#5216=CARTESIAN_POINT('',(-1.849999999996,-1.349999999998,4.7));
#5217=CARTESIAN_POINT('',(-1.899999999998,-1.349999999998,4.7));
#5218=CARTESIAN_POINT('',(-1.849999999996,-1.749999999998,4.7));
#5219=CARTESIAN_POINT('',(-1.849999999996,-1.349999999998,4.7));
#5220=CARTESIAN_POINT('',(5.849999999996,-1.749999999998,4.7));
#5221=CARTESIAN_POINT('',(-1.849999999996,-1.749999999998,4.7));
#5222=CARTESIAN_POINT('',(5.849999999996,-1.349999999996,4.7));
#5223=CARTESIAN_POINT('',(5.849999999996,-1.749999999998,4.7));
#5224=CARTESIAN_POINT('',(5.900000000002,-1.349999999996,4.7));
#5225=CARTESIAN_POINT('',(5.849999999996,-1.349999999996,4.7));
#5226=CARTESIAN_POINT('',(5.900000000002,1.349999999996,4.7));
#5227=CARTESIAN_POINT('',(5.900000000002,-1.349999999996,4.7));
#5228=CARTESIAN_POINT('',(5.850000000047,1.349999999996,4.7));
#5229=CARTESIAN_POINT('',(5.900000000002,1.349999999996,4.7));
#5230=CARTESIAN_POINT('',(5.850000000047,1.750000000002,4.7));
#5231=CARTESIAN_POINT('',(5.850000000047,1.349999999996,4.7));
#5232=CARTESIAN_POINT('',(-1.849999999998,1.750000000002,4.7));
#5233=CARTESIAN_POINT('',(5.850000000047,1.750000000002,4.7));
#5234=CARTESIAN_POINT('',(-1.849999999998,1.350000000002,4.7));
#5235=CARTESIAN_POINT('',(0.,-1.,4.7));
#5236=CARTESIAN_POINT('',(0.,1.,4.7));
#5237=CARTESIAN_POINT('',(0.,-1.,4.7));
#5238=CARTESIAN_POINT('',(4.,1.,4.7));
#5239=CARTESIAN_POINT('',(0.,1.,4.7));
#5240=CARTESIAN_POINT('',(4.,-1.,4.7));
#5241=CARTESIAN_POINT('',(4.,1.,4.7));
#5242=CARTESIAN_POINT('',(4.,-1.,4.7));
#5243=CARTESIAN_POINT('Origin',(-1.849999999998,1.350000000002,4.3));
#5244=CARTESIAN_POINT('',(-1.849999999998,1.750000000002,4.3));
#5245=CARTESIAN_POINT('',(-1.849999999998,1.750000000002,4.3));
#5246=CARTESIAN_POINT('',(-1.849999999998,1.350000000002,4.3));
#5247=CARTESIAN_POINT('Origin',(2.000000000003,2.88258E-12,4.3));
#5248=CARTESIAN_POINT('',(-1.899999999998,-1.349999999998,4.3));
#5249=CARTESIAN_POINT('',(5.850000000047,1.750000000002,4.3));
#5250=CARTESIAN_POINT('',(5.850000000047,1.750000000002,4.3));
#5251=CARTESIAN_POINT('',(5.850000000047,1.349999999996,4.3));
#5252=CARTESIAN_POINT('',(5.850000000047,1.349999999996,4.3));
#5253=CARTESIAN_POINT('',(5.900000000002,1.349999999996,4.3));
#5254=CARTESIAN_POINT('',(5.900000000002,1.349999999996,4.3));
#5255=CARTESIAN_POINT('',(5.900000000002,-1.349999999996,4.3));
#5256=CARTESIAN_POINT('',(5.900000000002,-1.349999999996,4.3));
#5257=CARTESIAN_POINT('',(5.849999999996,-1.349999999996,4.3));
#5258=CARTESIAN_POINT('',(5.849999999996,-1.349999999996,4.3));
#5259=CARTESIAN_POINT('',(5.849999999996,-1.749999999998,4.3));
#5260=CARTESIAN_POINT('',(5.849999999996,-1.749999999998,4.3));
#5261=CARTESIAN_POINT('',(-1.849999999996,-1.749999999998,4.3));
#5262=CARTESIAN_POINT('',(-1.849999999996,-1.749999999998,4.3));
#5263=CARTESIAN_POINT('',(-1.849999999996,-1.349999999998,4.3));
#5264=CARTESIAN_POINT('',(-1.849999999996,-1.349999999998,4.3));
#5265=CARTESIAN_POINT('',(-1.899999999998,-1.349999999998,4.3));
#5266=CARTESIAN_POINT('',(0.,-1.,4.3));
#5267=CARTESIAN_POINT('',(0.,1.,4.3));
#5268=CARTESIAN_POINT('',(0.,-0.499999999999,4.3));
#5269=CARTESIAN_POINT('',(4.,-1.,4.3));
#5270=CARTESIAN_POINT('',(3.000000000002,-1.,4.3));
#5271=CARTESIAN_POINT('',(4.,1.,4.3));
#5272=CARTESIAN_POINT('',(4.,0.500000000001,4.3));
#5273=CARTESIAN_POINT('',(1.000000000002,1.,4.3));
#5274=CARTESIAN_POINT('Origin',(-2.299999999998,-1.349999999998,4.3));
#5275=CARTESIAN_POINT('',(-2.299999999998,-1.349999999998,3.9));
#5276=CARTESIAN_POINT('',(-2.299999999998,-1.349999999998,4.3));
#5277=CARTESIAN_POINT('',(-2.299999999998,-1.349999999998,3.9));
#5278=CARTESIAN_POINT('Origin',(-1.899999999998,-1.349999999998,4.3));
#5279=CARTESIAN_POINT('',(-1.899999999998,-1.349999999998,3.9));
#5280=CARTESIAN_POINT('',(-1.899999999998,-1.349999999998,4.3));
#5281=CARTESIAN_POINT('',(-1.899999999998,-1.349999999998,3.9));
#5282=CARTESIAN_POINT('Origin',(-1.899999999998,1.350000000002,3.9));
#5283=CARTESIAN_POINT('',(-1.899999999998,2.150000000002,3.9));
#5284=CARTESIAN_POINT('',(-1.899999999998,1.350000000002,3.9));
#5285=CARTESIAN_POINT('',(-2.299999999998,2.150000000002,3.9));
#5286=CARTESIAN_POINT('',(-1.899999999998,2.150000000002,3.9));
#5287=CARTESIAN_POINT('',(-2.299999999998,1.350000000002,3.9));
#5288=CARTESIAN_POINT('Origin',(-1.899999999998,-1.349999999998,4.3));
#5289=CARTESIAN_POINT('',(-1.849999999996,-1.349999999998,4.3));
#5290=CARTESIAN_POINT('Origin',(-1.899999999998,-1.349999999998,4.3));
#5291=CARTESIAN_POINT('',(-1.899999999998,-1.349999999998,3.9));
#5292=CARTESIAN_POINT('Origin',(-1.849999999996,-1.349999999998,4.3));
#5293=CARTESIAN_POINT('',(-1.849999999996,-1.749999999998,4.3));
#5294=CARTESIAN_POINT('Origin',(-1.849999999996,-1.749999999998,4.7));
#5295=CARTESIAN_POINT('',(-1.849999999996,-1.789999999998,4.7));
#5296=CARTESIAN_POINT('',(-1.849999999996,-1.749999999998,4.7));
#5297=CARTESIAN_POINT('',(5.849999999996,-1.789999999998,4.7));
#5298=CARTESIAN_POINT('',(-1.849999999996,-1.789999999998,4.7));
#5299=CARTESIAN_POINT('',(5.849999999996,-1.749999999998,4.7));
#5300=CARTESIAN_POINT('Origin',(5.850000000047,1.750000000002,4.7));
#5301=CARTESIAN_POINT('',(5.850000000047,1.790000000002,4.7));
#5302=CARTESIAN_POINT('',(5.850000000047,1.750000000002,4.7));
#5303=CARTESIAN_POINT('',(-1.849999999998,1.790000000002,4.7));
#5304=CARTESIAN_POINT('',(5.850000000047,1.790000000002,4.7));
#5305=CARTESIAN_POINT('',(-1.849999999998,1.750000000002,4.7));
#5306=CARTESIAN_POINT('Origin',(5.849999999996,-1.749999999998,4.3));
#5307=CARTESIAN_POINT('',(5.849999999996,-1.749999999998,4.3));
#5308=CARTESIAN_POINT('',(5.849999999996,-1.349999999996,4.3));
#5309=CARTESIAN_POINT('Origin',(5.850000000047,1.349999999996,4.3));
#5310=CARTESIAN_POINT('',(5.850000000047,1.349999999996,4.3));
#5311=CARTESIAN_POINT('',(5.850000000047,1.750000000002,4.3));
#5312=CARTESIAN_POINT('Origin',(5.849999999996,-1.349999999996,4.3));
#5313=CARTESIAN_POINT('',(5.900000000002,-1.349999999996,4.3));
#5314=CARTESIAN_POINT('Origin',(5.900000000002,1.349999999996,4.3));
#5315=CARTESIAN_POINT('',(5.900000000002,1.349999999996,4.3));
#5316=CARTESIAN_POINT('Origin',(5.900000000002,-1.349999999996,4.7));
#5317=CARTESIAN_POINT('',(5.940000000002,-1.349999999996,4.7));
#5318=CARTESIAN_POINT('',(5.900000000002,-1.349999999996,4.7));
#5319=CARTESIAN_POINT('',(5.940000000002,1.349999999996,4.7));
#5320=CARTESIAN_POINT('',(5.940000000002,-1.349999999996,4.7));
#5321=CARTESIAN_POINT('',(5.900000000002,1.349999999996,4.7));
#5322=CARTESIAN_POINT('Origin',(0.,-1.,4.7));
#5323=CARTESIAN_POINT('',(0.,-1.,4.7));
#5324=CARTESIAN_POINT('',(0.,1.,4.7));
#5325=CARTESIAN_POINT('Origin',(4.,-1.,4.7));
#5326=CARTESIAN_POINT('',(4.,-1.,4.7));
#5327=CARTESIAN_POINT('Origin',(4.,1.,4.7));
#5328=CARTESIAN_POINT('',(4.,1.,4.7));
#5329=CARTESIAN_POINT('Origin',(0.,1.,4.7));
#5330=CARTESIAN_POINT('Origin',(-1.849999999998,1.750000000002,4.3));
#5331=CARTESIAN_POINT('',(-1.849999999998,2.150000000002,4.34));
#5332=CARTESIAN_POINT('Origin',(-1.849999999998,1.790000000002,4.34));
#5333=CARTESIAN_POINT('',(-1.849999999998,2.150000000002,4.3));
#5334=CARTESIAN_POINT('',(-1.849999999998,2.150000000002,4.3));
#5335=CARTESIAN_POINT('',(-1.849999999998,1.750000000002,4.3));
#5336=CARTESIAN_POINT('Origin',(-1.849999999996,-1.749999999998,4.3));
#5337=CARTESIAN_POINT('',(-1.849999999996,-1.749999999998,1.3));
#5338=CARTESIAN_POINT('',(-1.849999999996,-1.749999999998,4.3));
#5339=CARTESIAN_POINT('',(5.849999999996,-1.749999999998,1.3));
#5340=CARTESIAN_POINT('',(5.849999999996,-1.749999999998,4.3));
#5341=CARTESIAN_POINT('',(4.499999999996,-1.749999999998,1.3));
#5342=CARTESIAN_POINT('',(-1.849999999996,-1.749999999998,1.3));
#5343=CARTESIAN_POINT('',(-0.499999999996,-1.749999999998,1.3));
#5344=CARTESIAN_POINT('',(-1.849999999996,-1.749999999998,1.3));
#5345=CARTESIAN_POINT('',(-1.849999999996,-1.749999999998,1.3));
#5346=CARTESIAN_POINT('',(1.2,-1.749999999998,3.5));
#5347=CARTESIAN_POINT('',(0.6,-1.749999999998,3.5));
#5348=CARTESIAN_POINT('',(-0.624999999998,-1.749999999998,3.5));
#5349=CARTESIAN_POINT('',(0.6,-1.749999999998,2.1));
#5350=CARTESIAN_POINT('',(0.6,-1.749999999998,3.2));
#5351=CARTESIAN_POINT('',(1.2,-1.749999999998,2.1));
#5352=CARTESIAN_POINT('',(-0.324999999998,-1.749999999998,2.1));
#5353=CARTESIAN_POINT('',(1.2,-1.749999999998,3.9));
#5354=CARTESIAN_POINT('',(2.8,-1.749999999998,2.1));
#5355=CARTESIAN_POINT('',(2.8,-1.749999999998,3.5));
#5356=CARTESIAN_POINT('',(2.8,-1.749999999998,3.2));
#5357=CARTESIAN_POINT('',(3.400000000007,-1.749999999998,2.1));
#5358=CARTESIAN_POINT('',(0.775000000005,-1.749999999998,2.1));
#5359=CARTESIAN_POINT('',(3.400000000007,-1.749999999998,3.5));
#5360=CARTESIAN_POINT('',(3.400000000007,-1.749999999998,3.9));
#5361=CARTESIAN_POINT('',(0.475000000002,-1.749999999998,3.5));
#5362=CARTESIAN_POINT('Origin',(5.850000000047,1.750000000002,4.3));
#5363=CARTESIAN_POINT('',(5.850000000047,1.750000000002,1.3));
#5364=CARTESIAN_POINT('',(5.850000000047,1.750000000002,4.3));
#5365=CARTESIAN_POINT('',(-1.849999999997,1.750000000002,1.3));
#5366=CARTESIAN_POINT('',(-1.849999999998,1.750000000002,4.3));
#5367=CARTESIAN_POINT('',(-0.499999999996,1.750000000002,1.3));
#5368=CARTESIAN_POINT('',(5.850000000047,1.750000000002,1.3));
#5369=CARTESIAN_POINT('',(4.499999999996,1.750000000002,1.3));
#5370=CARTESIAN_POINT('',(5.850000000047,1.750000000002,1.3));
#5371=CARTESIAN_POINT('',(5.850000000047,1.750000000002,1.3));
#5372=CARTESIAN_POINT('Origin',(5.900000000002,-1.349999999996,4.3));
#5373=CARTESIAN_POINT('',(5.900000000002,-1.349999999996,3.9));
#5374=CARTESIAN_POINT('',(5.900000000002,-1.349999999996,4.3));
#5375=CARTESIAN_POINT('',(5.900000000002,1.349999999996,3.9));
#5376=CARTESIAN_POINT('',(5.900000000002,1.349999999996,4.3));
#5377=CARTESIAN_POINT('',(5.900000000002,-1.349999999996,3.9));
#5378=CARTESIAN_POINT('Origin',(-2.299999999998,-1.349999999998,3.9));
#5379=CARTESIAN_POINT('',(-2.299999999998,1.350000000002,0.));
#5380=CARTESIAN_POINT('',(-2.299999999998,1.350000000002,3.9));
#5381=CARTESIAN_POINT('',(-2.299999999998,1.250000000002,0.));
#5382=CARTESIAN_POINT('',(-2.299999999998,-1.349999999998,-1.110223024625E-16));
#5383=CARTESIAN_POINT('',(-2.299999999998,0.4,0.));
#5384=CARTESIAN_POINT('Origin',(-2.299999999998,0.825000000001,0.));
#5385=CARTESIAN_POINT('',(-2.299999999998,-0.4,0.));
#5386=CARTESIAN_POINT('',(-2.299999999998,-1.349999999998,-1.110223024625E-16));
#5387=CARTESIAN_POINT('',(-2.299999999998,-1.249999999997,0.));
#5388=CARTESIAN_POINT('Origin',(-2.299999999998,-0.824999999999,0.));
#5389=CARTESIAN_POINT('',(-2.299999999998,-1.349999999998,0.));
#5390=CARTESIAN_POINT('',(-2.299999999998,-1.349999999998,-1.110223024625E-16));
#5391=CARTESIAN_POINT('',(-2.299999999998,-1.349999999998,3.9));
#5392=CARTESIAN_POINT('Origin',(-1.899999999998,-1.349999999998,3.9));
#5393=CARTESIAN_POINT('',(-1.899999999998,-1.349999999998,0.));
#5394=CARTESIAN_POINT('',(-1.899999999998,-1.349999999998,3.9));
#5395=CARTESIAN_POINT('',(-1.899999999998,-1.249999999997,0.));
#5396=CARTESIAN_POINT('',(-1.899999999998,-1.349999999998,-1.110223024625E-16));
#5397=CARTESIAN_POINT('',(-1.899999999998,-0.4,0.));
#5398=CARTESIAN_POINT('Origin',(-1.899999999998,-0.824999999999,0.));
#5399=CARTESIAN_POINT('',(-1.899999999998,0.4,0.));
#5400=CARTESIAN_POINT('',(-1.899999999998,-1.349999999998,-1.110223024625E-16));
#5401=CARTESIAN_POINT('',(-1.899999999998,1.250000000002,0.));
#5402=CARTESIAN_POINT('Origin',(-1.899999999998,0.825000000001,0.));
#5403=CARTESIAN_POINT('',(-1.899999999998,1.350000000002,0.));
#5404=CARTESIAN_POINT('',(-1.899999999998,-1.349999999998,-1.110223024625E-16));
#5405=CARTESIAN_POINT('',(-1.899999999998,1.350000000002,3.9));
#5406=CARTESIAN_POINT('Origin',(-1.899999999998,1.350000000002,3.9));
#5407=CARTESIAN_POINT('',(-1.899999999998,2.150000000002,0.));
#5408=CARTESIAN_POINT('',(-1.899999999998,1.350000000002,0.));
#5409=CARTESIAN_POINT('',(-1.899999999998,2.150000000002,3.9));
#5410=CARTESIAN_POINT('Origin',(-2.299999999998,1.350000000002,3.9));
#5411=CARTESIAN_POINT('',(-2.299999999998,2.150000000002,0.));
#5412=CARTESIAN_POINT('',(-2.299999999998,2.150000000002,3.9));
#5413=CARTESIAN_POINT('',(-2.299999999998,1.350000000002,0.));
#5414=CARTESIAN_POINT('Origin',(-1.899999999998,2.150000000002,3.9));
#5415=CARTESIAN_POINT('',(-1.899999999998,2.150000000002,-1.110223024625E-16));
#5416=CARTESIAN_POINT('Origin',(-1.899999999998,-1.349999999998,3.9));
#5417=CARTESIAN_POINT('',(-1.899999999998,-2.149999999998,3.9));
#5418=CARTESIAN_POINT('',(-1.899999999998,-1.349999999998,3.9));
#5419=CARTESIAN_POINT('',(-2.299999999998,-2.149999999998,3.9));
#5420=CARTESIAN_POINT('',(-2.299999999998,-1.349999999998,3.9));
#5421=CARTESIAN_POINT('',(-1.899999999998,-2.149999999998,3.9));
#5422=CARTESIAN_POINT('Origin',(-1.849999999996,-1.749999999998,4.3));
#5423=CARTESIAN_POINT('',(-1.849999999996,-2.149999999998,4.3));
#5424=CARTESIAN_POINT('',(-1.849999999996,-1.749999999998,4.3));
#5425=CARTESIAN_POINT('',(-1.849999999996,-2.149999999998,4.34));
#5426=CARTESIAN_POINT('',(-1.849999999996,-2.149999999998,4.3));
#5427=CARTESIAN_POINT('Origin',(-1.849999999996,-1.789999999998,4.34));
#5428=CARTESIAN_POINT('Origin',(-1.849999999996,-1.789999999998,4.34));
#5429=CARTESIAN_POINT('',(5.849999999996,-2.149999999998,4.34));
#5430=CARTESIAN_POINT('',(-1.849999999996,-2.149999999998,4.34));
#5431=CARTESIAN_POINT('Origin',(5.849999999996,-1.789999999998,4.34));
#5432=CARTESIAN_POINT('Origin',(5.849999999996,-1.749999999998,4.3));
#5433=CARTESIAN_POINT('',(5.849999999996,-2.149999999998,4.3));
#5434=CARTESIAN_POINT('',(5.849999999996,-2.149999999998,4.3));
#5435=CARTESIAN_POINT('',(5.849999999996,-1.749999999998,4.3));
#5436=CARTESIAN_POINT('Origin',(5.850000000047,1.750000000002,4.3));
#5437=CARTESIAN_POINT('',(5.850000000047,2.150000000002,4.3));
#5438=CARTESIAN_POINT('',(5.850000000047,1.750000000002,4.3));
#5439=CARTESIAN_POINT('',(5.850000000047,2.150000000002,4.34));
#5440=CARTESIAN_POINT('',(5.850000000047,2.150000000002,4.3));
#5441=CARTESIAN_POINT('Origin',(5.850000000047,1.790000000002,4.34));
#5442=CARTESIAN_POINT('Origin',(5.850000000047,1.790000000002,4.34));
#5443=CARTESIAN_POINT('',(5.850000000047,2.150000000002,4.34));
#5444=CARTESIAN_POINT('Origin',(5.900000000002,-1.349999999996,4.3));
#5445=CARTESIAN_POINT('',(6.300000000002,-1.349999999996,4.3));
#5446=CARTESIAN_POINT('',(5.900000000002,-1.349999999996,4.3));
#5447=CARTESIAN_POINT('',(6.300000000002,-1.349999999996,4.34));
#5448=CARTESIAN_POINT('',(6.300000000002,-1.349999999996,4.3));
#5449=CARTESIAN_POINT('Origin',(5.940000000002,-1.349999999996,4.34));
#5450=CARTESIAN_POINT('Origin',(5.900000000002,1.349999999996,4.3));
#5451=CARTESIAN_POINT('',(6.300000000002,1.349999999996,4.34));
#5452=CARTESIAN_POINT('Origin',(5.940000000002,1.349999999996,4.34));
#5453=CARTESIAN_POINT('',(6.300000000002,1.349999999996,4.3));
#5454=CARTESIAN_POINT('',(6.300000000002,1.349999999996,4.3));
#5455=CARTESIAN_POINT('',(5.900000000002,1.349999999996,4.3));
#5456=CARTESIAN_POINT('Origin',(5.940000000002,-1.349999999996,4.34));
#5457=CARTESIAN_POINT('',(6.300000000002,-1.349999999996,4.34));
#5458=CARTESIAN_POINT('Origin',(5.850000000047,2.150000000002,4.3));
#5459=CARTESIAN_POINT('',(5.850000000047,2.150000000002,4.3));
#5460=CARTESIAN_POINT('Origin',(-1.849999999998,1.750000000002,4.3));
#5461=CARTESIAN_POINT('',(-1.849999999997,2.150000000002,1.3));
#5462=CARTESIAN_POINT('',(-1.849999999998,2.150000000002,4.3));
#5463=CARTESIAN_POINT('',(-1.849999999998,1.750000000002,1.3));
#5464=CARTESIAN_POINT('Origin',(-1.849999999996,-1.749999999998,4.3));
#5465=CARTESIAN_POINT('',(-1.849999999996,-2.149999999998,1.3));
#5466=CARTESIAN_POINT('',(-1.849999999996,-1.749999999998,1.3));
#5467=CARTESIAN_POINT('',(-1.849999999996,-2.149999999998,4.3));
#5468=CARTESIAN_POINT('Origin',(-1.849999999996,-1.749999999998,1.3));
#5469=CARTESIAN_POINT('',(-1.849999999996,-1.749999999998,0.7));
#5470=CARTESIAN_POINT('',(-1.849999999996,-1.749999999998,1.3));
#5471=CARTESIAN_POINT('',(-0.499999999996,-1.749999999998,0.7));
#5472=CARTESIAN_POINT('',(-0.499999999996,-1.749999999998,1.3));
#5473=CARTESIAN_POINT('',(-1.849999999996,-1.749999999998,0.7));
#5474=CARTESIAN_POINT('Origin',(5.849999999996,-1.749999999998,4.3));
#5475=CARTESIAN_POINT('',(5.849999999996,-2.149999999998,1.3));
#5476=CARTESIAN_POINT('',(5.849999999996,-2.149999999998,4.3));
#5477=CARTESIAN_POINT('',(5.849999999996,-1.749999999998,1.3));
#5478=CARTESIAN_POINT('Origin',(-1.849999999996,-1.749999999998,1.3));
#5479=CARTESIAN_POINT('',(4.499999999996,-2.149999999998,1.3));
#5480=CARTESIAN_POINT('',(4.499999999996,-2.149999999998,1.3));
#5481=CARTESIAN_POINT('',(-0.499999999996,-2.149999999998,1.3));
#5482=CARTESIAN_POINT('',(-1.849999999996,-2.149999999998,1.3));
#5483=CARTESIAN_POINT('',(-0.499999999996,-1.749999999998,1.3));
#5484=CARTESIAN_POINT('Origin',(4.499999999996,-1.749999999998,1.3));
#5485=CARTESIAN_POINT('',(4.499999999996,-1.749999999998,0.7));
#5486=CARTESIAN_POINT('',(4.499999999996,-1.749999999998,1.3));
#5487=CARTESIAN_POINT('',(5.849999999996,-1.749999999998,0.7));
#5488=CARTESIAN_POINT('',(5.849999999996,-1.749999999998,1.3));
#5489=CARTESIAN_POINT('',(4.499999999996,-1.749999999998,0.7));
#5490=CARTESIAN_POINT('Origin',(0.6,-2.149999999998,3.5));
#5491=CARTESIAN_POINT('',(0.6,-2.149999999998,3.5));
#5492=CARTESIAN_POINT('',(1.2,-2.149999999998,3.5));
#5493=CARTESIAN_POINT('',(0.6,-2.149999999998,3.5));
#5494=CARTESIAN_POINT('',(0.6,-2.149999999998,3.5));
#5495=CARTESIAN_POINT('',(1.2,-2.149999999998,3.5));
#5496=CARTESIAN_POINT('Origin',(0.6,-2.149999999998,2.1));
#5497=CARTESIAN_POINT('',(0.6,-2.149999999998,2.1));
#5498=CARTESIAN_POINT('',(0.6,-2.149999999998,2.1));
#5499=CARTESIAN_POINT('',(0.6,-2.149999999998,2.1));
#5500=CARTESIAN_POINT('Origin',(1.2,-2.149999999998,2.1));
#5501=CARTESIAN_POINT('',(1.2,-2.149999999998,2.1));
#5502=CARTESIAN_POINT('',(1.2,-2.149999999998,2.1));
#5503=CARTESIAN_POINT('',(1.2,-2.149999999998,2.1));
#5504=CARTESIAN_POINT('Origin',(1.2,-2.149999999998,3.5));
#5505=CARTESIAN_POINT('',(1.2,-2.149999999998,3.5));
#5506=CARTESIAN_POINT('Origin',(2.8,-2.149999999998,2.1));
#5507=CARTESIAN_POINT('',(2.8,-2.149999999998,2.1));
#5508=CARTESIAN_POINT('',(2.8,-2.149999999998,3.5));
#5509=CARTESIAN_POINT('',(2.8,-2.149999999998,2.1));
#5510=CARTESIAN_POINT('',(2.8,-2.149999999998,2.1));
#5511=CARTESIAN_POINT('',(2.8,-2.149999999998,3.5));
#5512=CARTESIAN_POINT('Origin',(3.400000000007,-2.149999999998,2.1));
#5513=CARTESIAN_POINT('',(3.400000000007,-2.149999999998,2.1));
#5514=CARTESIAN_POINT('',(3.400000000007,-2.149999999998,2.1));
#5515=CARTESIAN_POINT('',(3.400000000007,-2.149999999998,2.1));
#5516=CARTESIAN_POINT('Origin',(2.8,-2.149999999998,3.5));
#5517=CARTESIAN_POINT('',(3.400000000007,-2.149999999998,3.5));
#5518=CARTESIAN_POINT('',(2.8,-2.149999999998,3.5));
#5519=CARTESIAN_POINT('',(3.400000000007,-2.149999999998,3.5));
#5520=CARTESIAN_POINT('Origin',(3.400000000007,-2.149999999998,3.5));
#5521=CARTESIAN_POINT('',(3.400000000007,-2.149999999998,3.5));
#5522=CARTESIAN_POINT('Origin',(5.850000000047,1.750000000002,4.3));
#5523=CARTESIAN_POINT('',(5.850000000047,2.150000000002,1.3));
#5524=CARTESIAN_POINT('',(5.850000000047,1.750000000002,1.3));
#5525=CARTESIAN_POINT('',(5.850000000047,2.150000000002,4.3));
#5526=CARTESIAN_POINT('Origin',(5.850000000047,1.750000000002,1.3));
#5527=CARTESIAN_POINT('',(5.850000000047,1.750000000002,0.7));
#5528=CARTESIAN_POINT('',(5.850000000047,1.750000000002,1.3));
#5529=CARTESIAN_POINT('',(4.499999999996,1.750000000002,0.7));
#5530=CARTESIAN_POINT('',(4.499999999996,1.750000000002,1.3));
#5531=CARTESIAN_POINT('',(5.850000000047,1.750000000002,0.7));
#5532=CARTESIAN_POINT('Origin',(5.850000000047,1.750000000002,1.3));
#5533=CARTESIAN_POINT('',(-0.499999999996,2.150000000002,1.3));
#5534=CARTESIAN_POINT('',(-0.499999999996,2.150000000002,1.3));
#5535=CARTESIAN_POINT('',(4.499999999996,2.150000000002,1.3));
#5536=CARTESIAN_POINT('',(5.850000000047,2.150000000002,1.3));
#5537=CARTESIAN_POINT('',(4.499999999996,1.750000000002,1.3));
#5538=CARTESIAN_POINT('Origin',(-0.499999999996,1.750000000002,1.3));
#5539=CARTESIAN_POINT('',(-0.499999999996,1.750000000002,0.7));
#5540=CARTESIAN_POINT('',(-0.499999999996,1.750000000002,1.3));
#5541=CARTESIAN_POINT('',(-1.849999999996,1.750000000002,0.7));
#5542=CARTESIAN_POINT('',(-1.849999999996,1.750000000002,1.3));
#5543=CARTESIAN_POINT('',(-0.499999999996,1.750000000002,0.7));
#5544=CARTESIAN_POINT('Origin',(5.900000000002,-1.349999999996,4.3));
#5545=CARTESIAN_POINT('',(6.300000000002,-1.349999999996,3.9));
#5546=CARTESIAN_POINT('',(5.900000000002,-1.349999999996,3.9));
#5547=CARTESIAN_POINT('',(6.300000000002,-1.349999999996,4.3));
#5548=CARTESIAN_POINT('Origin',(5.900000000002,1.349999999996,4.3));
#5549=CARTESIAN_POINT('',(6.300000000002,1.349999999996,3.9));
#5550=CARTESIAN_POINT('',(6.300000000002,1.349999999996,4.3));
#5551=CARTESIAN_POINT('',(5.900000000002,1.349999999996,3.9));
#5552=CARTESIAN_POINT('Origin',(5.900000000002,-1.349999999996,3.9));
#5553=CARTESIAN_POINT('',(5.900000000002,1.349999999996,0.));
#5554=CARTESIAN_POINT('',(5.900000000002,1.349999999996,3.9));
#5555=CARTESIAN_POINT('',(5.900000000002,1.250000000002,0.));
#5556=CARTESIAN_POINT('',(5.900000000002,-1.349999999996,-1.110223024625E-16));
#5557=CARTESIAN_POINT('',(5.900000000002,0.4,0.));
#5558=CARTESIAN_POINT('Origin',(5.900000000002,0.825000000001,0.));
#5559=CARTESIAN_POINT('',(5.900000000002,-0.4,0.));
#5560=CARTESIAN_POINT('',(5.900000000002,-1.349999999996,-1.110223024625E-16));
#5561=CARTESIAN_POINT('',(5.900000000002,-1.249999999997,0.));
#5562=CARTESIAN_POINT('Origin',(5.900000000002,-0.824999999999,0.));
#5563=CARTESIAN_POINT('',(5.900000000002,-1.349999999996,0.));
#5564=CARTESIAN_POINT('',(5.900000000002,-1.349999999996,-1.110223024625E-16));
#5565=CARTESIAN_POINT('',(5.900000000002,-1.349999999996,3.9));
#5566=CARTESIAN_POINT('Origin',(-2.299999999998,1.350000000002,0.));
#5567=CARTESIAN_POINT('',(-1.899999999998,1.350000000002,-1.110223024625E-16));
#5568=CARTESIAN_POINT('',(-2.299999999998,1.250000000002,0.));
#5569=CARTESIAN_POINT('Origin',(-2.299999999998,0.825000000001,0.));
#5570=CARTESIAN_POINT('',(-2.299999999998,0.4,0.));
#5571=CARTESIAN_POINT('Origin',(-2.299999999998,-1.349999999998,0.));
#5572=CARTESIAN_POINT('',(-2.299999999998,-0.2,-2.8));
#5573=CARTESIAN_POINT('',(-2.299999999998,-0.6,-1.5));
#5574=CARTESIAN_POINT('',(-2.299999999998,-0.2,-2.8));
#5575=CARTESIAN_POINT('',(-2.299999999998,-0.6,-1.5));
#5576=CARTESIAN_POINT('',(-2.299999999998,0.6,-1.5));
#5577=CARTESIAN_POINT('',(-2.299999999998,0.4,0.));
#5578=CARTESIAN_POINT('',(-2.299999999998,0.2,-2.8));
#5579=CARTESIAN_POINT('',(-2.299999999998,0.6,-1.5));
#5580=CARTESIAN_POINT('',(-2.299999999998,0.2,-2.8));
#5581=CARTESIAN_POINT('Origin',(-2.299999999998,-0.824999999999,0.));
#5582=CARTESIAN_POINT('',(-2.299999999998,-0.4,0.));
#5583=CARTESIAN_POINT('',(-2.299999999998,-1.249999999997,0.));
#5584=CARTESIAN_POINT('Origin',(-2.299999999998,-1.249999999997,0.));
#5585=CARTESIAN_POINT('',(-1.899999999998,-1.349999999998,-1.110223024625E-16));
#5586=CARTESIAN_POINT('Origin',(-2.299999999998,-1.349999999998,3.9));
#5587=CARTESIAN_POINT('',(-2.299999999998,-2.149999999998,0.));
#5588=CARTESIAN_POINT('',(-2.299999999998,-1.349999999998,0.));
#5589=CARTESIAN_POINT('',(-2.299999999998,-2.149999999998,3.9));
#5590=CARTESIAN_POINT('Origin',(-1.899999999998,-1.349999999998,0.));
#5591=CARTESIAN_POINT('',(-1.899999999998,-0.6,-1.5));
#5592=CARTESIAN_POINT('',(-1.899999999998,-0.2,-2.8));
#5593=CARTESIAN_POINT('',(-1.899999999998,-0.643243243243,-1.35945945946));
#5594=CARTESIAN_POINT('',(-1.899999999998,0.2,-2.8));
#5595=CARTESIAN_POINT('',(-1.899999999998,-1.349999999998,-2.8));
#5596=CARTESIAN_POINT('',(-1.899999999998,0.6,-1.5));
#5597=CARTESIAN_POINT('',(-1.899999999998,0.726486486487,-1.088918918919));
#5598=CARTESIAN_POINT('',(-1.899999999998,0.384716157205,0.114628820961));
#5599=CARTESIAN_POINT('',(-1.899999999998,-0.508296943231,-0.812227074236));
#5600=CARTESIAN_POINT('Origin',(-1.899999999998,-1.349999999998,3.9));
#5601=CARTESIAN_POINT('',(-1.899999999998,-2.149999999998,0.));
#5602=CARTESIAN_POINT('',(-1.899999999998,-2.149999999998,3.9));
#5603=CARTESIAN_POINT('',(-1.899999999998,-1.349999999998,0.));
#5604=CARTESIAN_POINT('Origin',(-1.899999999998,1.350000000002,0.));
#5605=CARTESIAN_POINT('Origin',(-1.899999999998,-2.149999999998,3.9));
#5606=CARTESIAN_POINT('',(-1.899999999998,-2.149999999998,-1.110223024625E-16));
#5607=CARTESIAN_POINT('Origin',(-1.849999999996,-2.149999999998,4.3));
#5608=CARTESIAN_POINT('',(-1.849999999996,-2.149999999998,4.3));
#5609=CARTESIAN_POINT('Origin',(6.300000000002,-1.349999999996,4.3));
#5610=CARTESIAN_POINT('',(6.300000000002,-1.349999999996,4.3));
#5611=CARTESIAN_POINT('Origin',(5.850000000047,2.150000000002,4.3));
#5612=CARTESIAN_POINT('',(5.850000000047,2.150000000002,1.3));
#5613=CARTESIAN_POINT('',(5.850000000047,2.150000000002,1.3));
#5614=CARTESIAN_POINT('Origin',(-1.849999999996,1.750000000002,1.3));
#5615=CARTESIAN_POINT('',(-1.849999999996,2.150000000002,0.7));
#5616=CARTESIAN_POINT('',(-1.849999999996,2.150000000002,1.3));
#5617=CARTESIAN_POINT('',(-1.849999999996,1.750000000002,0.7));
#5618=CARTESIAN_POINT('Origin',(-1.849999999996,-2.149999999998,4.3));
#5619=CARTESIAN_POINT('',(-1.849999999996,-2.149999999998,1.3));
#5620=CARTESIAN_POINT('',(-1.849999999996,-2.149999999998,1.3));
#5621=CARTESIAN_POINT('Origin',(-1.849999999996,-2.149999999998,1.3));
#5622=CARTESIAN_POINT('',(-1.849999999996,-2.149999999998,0.7));
#5623=CARTESIAN_POINT('',(-1.849999999996,-2.149999999998,1.3));
#5624=CARTESIAN_POINT('',(-1.849999999996,-2.149999999998,0.7));
#5625=CARTESIAN_POINT('Origin',(-0.499999999996,-1.749999999998,1.3));
#5626=CARTESIAN_POINT('',(-0.499999999996,-2.149999999998,0.7));
#5627=CARTESIAN_POINT('',(-0.499999999996,-2.149999999998,1.3));
#5628=CARTESIAN_POINT('',(-0.499999999996,-1.749999999998,0.7));
#5629=CARTESIAN_POINT('Origin',(-1.849999999996,-1.749999999998,0.7));
#5630=CARTESIAN_POINT('',(-1.849999999996,-0.749999999998,0.7));
#5631=CARTESIAN_POINT('',(-1.849999999996,-1.749999999998,0.7));
#5632=CARTESIAN_POINT('',(-0.499999999996,-0.749999999998,0.7));
#5633=CARTESIAN_POINT('',(-0.499999999996,-1.749999999998,0.7));
#5634=CARTESIAN_POINT('',(-1.849999999996,-0.749999999998,0.7));
#5635=CARTESIAN_POINT('Origin',(5.849999999996,-1.749999999998,1.3));
#5636=CARTESIAN_POINT('',(5.849999999996,-2.149999999998,0.7));
#5637=CARTESIAN_POINT('',(5.849999999996,-2.149999999998,1.3));
#5638=CARTESIAN_POINT('',(5.849999999996,-1.749999999998,0.7));
#5639=CARTESIAN_POINT('Origin',(4.499999999996,-2.149999999998,1.3));
#5640=CARTESIAN_POINT('',(4.499999999996,-2.149999999998,0.7));
#5641=CARTESIAN_POINT('',(4.499999999996,-2.149999999998,1.3));
#5642=CARTESIAN_POINT('',(4.499999999996,-2.149999999998,0.7));
#5643=CARTESIAN_POINT('Origin',(4.499999999996,-1.749999999998,0.7));
#5644=CARTESIAN_POINT('',(4.499999999996,-0.749999999998,0.7));
#5645=CARTESIAN_POINT('',(4.499999999996,-1.749999999998,0.7));
#5646=CARTESIAN_POINT('',(5.849999999996,-0.749999999998,0.7));
#5647=CARTESIAN_POINT('',(5.849999999996,-1.749999999998,0.7));
#5648=CARTESIAN_POINT('',(4.499999999996,-0.749999999998,0.7));
#5649=CARTESIAN_POINT('Origin',(5.850000000047,2.150000000002,1.3));
#5650=CARTESIAN_POINT('',(5.850000000047,2.150000000002,0.7));
#5651=CARTESIAN_POINT('',(5.850000000047,2.150000000002,1.3));
#5652=CARTESIAN_POINT('',(5.850000000047,2.150000000002,0.7));
#5653=CARTESIAN_POINT('Origin',(4.499999999996,1.750000000002,1.3));
#5654=CARTESIAN_POINT('',(4.499999999996,2.150000000002,0.7));
#5655=CARTESIAN_POINT('',(4.499999999996,2.150000000002,1.3));
#5656=CARTESIAN_POINT('',(4.499999999996,1.750000000002,0.7));
#5657=CARTESIAN_POINT('Origin',(5.850000000047,1.750000000002,0.7));
#5658=CARTESIAN_POINT('',(5.850000000047,0.750000000002,0.7));
#5659=CARTESIAN_POINT('',(5.850000000047,1.750000000002,0.7));
#5660=CARTESIAN_POINT('',(4.499999999996,0.750000000002,0.7));
#5661=CARTESIAN_POINT('',(4.499999999996,1.750000000002,0.7));
#5662=CARTESIAN_POINT('',(5.850000000047,0.750000000002,0.7));
#5663=CARTESIAN_POINT('Origin',(-0.499999999996,2.150000000002,1.3));
#5664=CARTESIAN_POINT('',(-0.499999999996,2.150000000002,0.7));
#5665=CARTESIAN_POINT('',(-0.499999999996,2.150000000002,1.3));
#5666=CARTESIAN_POINT('',(-0.499999999996,2.150000000002,0.7));
#5667=CARTESIAN_POINT('Origin',(-0.499999999996,1.750000000002,0.7));
#5668=CARTESIAN_POINT('',(-0.499999999996,0.750000000002,0.7));
#5669=CARTESIAN_POINT('',(-0.499999999996,1.750000000002,0.7));
#5670=CARTESIAN_POINT('',(-1.849999999996,0.750000000002,0.7));
#5671=CARTESIAN_POINT('',(-1.849999999996,1.750000000002,0.7));
#5672=CARTESIAN_POINT('',(-0.499999999996,0.750000000002,0.7));
#5673=CARTESIAN_POINT('Origin',(6.300000000002,-1.349999999996,4.3));
#5674=CARTESIAN_POINT('',(6.300000000002,-1.349999999996,3.9));
#5675=CARTESIAN_POINT('Origin',(5.900000000002,-1.349999999996,3.9));
#5676=CARTESIAN_POINT('',(5.900000000002,-2.149999999996,3.9));
#5677=CARTESIAN_POINT('',(5.900000000002,-1.349999999996,3.9));
#5678=CARTESIAN_POINT('',(6.300000000002,-2.149999999996,3.9));
#5679=CARTESIAN_POINT('',(5.900000000002,-2.149999999996,3.9));
#5680=CARTESIAN_POINT('',(6.300000000002,-1.349999999996,3.9));
#5681=CARTESIAN_POINT('Origin',(5.900000000002,1.349999999996,3.9));
#5682=CARTESIAN_POINT('',(5.900000000002,2.149999999996,3.9));
#5683=CARTESIAN_POINT('',(5.900000000002,1.349999999996,3.9));
#5684=CARTESIAN_POINT('',(6.300000000002,2.149999999996,3.9));
#5685=CARTESIAN_POINT('',(6.300000000002,1.349999999996,3.9));
#5686=CARTESIAN_POINT('',(5.900000000002,2.149999999996,3.9));
#5687=CARTESIAN_POINT('Origin',(5.900000000002,1.349999999996,3.9));
#5688=CARTESIAN_POINT('',(5.900000000002,2.149999999996,0.));
#5689=CARTESIAN_POINT('',(5.900000000002,2.149999999996,3.9));
#5690=CARTESIAN_POINT('',(5.900000000002,1.349999999996,0.));
#5691=CARTESIAN_POINT('Origin',(-2.299999999998,1.350000000002,0.));
#5692=CARTESIAN_POINT('',(6.300000000002,1.349999999996,0.));
#5693=CARTESIAN_POINT('',(5.900000000002,1.349999999996,-1.110223024625E-16));
#5694=CARTESIAN_POINT('',(6.300000000002,1.250000000002,0.));
#5695=CARTESIAN_POINT('',(6.300000000002,-1.349999999996,-1.110223024625E-16));
#5696=CARTESIAN_POINT('',(-2.299999999998,1.250000000002,0.));
#5697=CARTESIAN_POINT('Origin',(-2.299999999998,0.825000000001,0.));
#5698=CARTESIAN_POINT('',(6.300000000002,0.4,0.));
#5699=CARTESIAN_POINT('Origin',(6.300000000002,0.825000000001,0.));
#5700=CARTESIAN_POINT('',(-2.299999999998,0.4,0.));
#5701=CARTESIAN_POINT('Origin',(5.900000000002,-1.349999999996,0.));
#5702=CARTESIAN_POINT('',(5.900000000002,-0.6,-1.5));
#5703=CARTESIAN_POINT('',(5.900000000002,-0.2,-2.8));
#5704=CARTESIAN_POINT('',(5.900000000002,-0.643243243243,-1.35945945946));
#5705=CARTESIAN_POINT('',(5.900000000002,-0.508296943231,-0.812227074236));
#5706=CARTESIAN_POINT('',(5.900000000002,0.6,-1.5));
#5707=CARTESIAN_POINT('',(5.900000000002,0.384716157205,0.11462882096));
#5708=CARTESIAN_POINT('',(5.900000000002,0.2,-2.8));
#5709=CARTESIAN_POINT('',(5.900000000002,0.726486486487,-1.088918918918));
#5710=CARTESIAN_POINT('',(5.900000000002,-1.349999999996,-2.8));
#5711=CARTESIAN_POINT('Origin',(-2.299999999998,-0.824999999999,0.));
#5712=CARTESIAN_POINT('',(6.300000000002,-0.4,0.));
#5713=CARTESIAN_POINT('',(-2.299999999998,-0.4,0.));
#5714=CARTESIAN_POINT('',(6.300000000002,-1.249999999997,0.));
#5715=CARTESIAN_POINT('Origin',(6.300000000002,-0.824999999999,0.));
#5716=CARTESIAN_POINT('',(-2.299999999998,-1.249999999997,0.));
#5717=CARTESIAN_POINT('Origin',(-2.299999999998,-1.249999999997,0.));
#5718=CARTESIAN_POINT('',(6.300000000002,-1.349999999996,0.));
#5719=CARTESIAN_POINT('',(6.300000000002,-1.349999999996,-1.110223024625E-16));
#5720=CARTESIAN_POINT('',(5.900000000002,-1.349999999996,-1.110223024625E-16));
#5721=CARTESIAN_POINT('Origin',(5.900000000002,-1.349999999996,3.9));
#5722=CARTESIAN_POINT('',(5.900000000002,-2.149999999996,0.));
#5723=CARTESIAN_POINT('',(5.900000000002,-1.349999999996,0.));
#5724=CARTESIAN_POINT('',(5.900000000002,-2.149999999996,3.9));
#5725=CARTESIAN_POINT('Origin',(-2.299999999998,0.4,0.));
#5726=CARTESIAN_POINT('',(-2.299999999998,0.6,-1.5));
#5727=CARTESIAN_POINT('Origin',(-2.299999999998,-0.2,-2.8));
#5728=CARTESIAN_POINT('',(-2.299999999998,-0.2,-2.8));
#5729=CARTESIAN_POINT('',(-2.299999999998,-0.6,-1.5));
#5730=CARTESIAN_POINT('Origin',(-2.299999999998,-0.6,-1.5));
#5731=CARTESIAN_POINT('Origin',(-2.299999999998,0.6,-1.5));
#5732=CARTESIAN_POINT('',(-2.299999999998,0.2,-2.8));
#5733=CARTESIAN_POINT('Origin',(-1.899999999998,-1.349999999998,-2.8));
#5734=CARTESIAN_POINT('Origin',(-1.899999999998,-1.349999999998,0.));
#5735=CARTESIAN_POINT('Origin',(4.499999999996,2.150000000002,1.3));
#5736=CARTESIAN_POINT('',(4.499999999996,2.150000000002,0.7));
#5737=CARTESIAN_POINT('Origin',(-1.849999999996,2.150000000002,1.3));
#5738=CARTESIAN_POINT('',(-1.849999999996,2.150000000002,0.7));
#5739=CARTESIAN_POINT('Origin',(-1.849999999996,1.750000000002,0.7));
#5740=CARTESIAN_POINT('',(-1.849999999996,2.150000000002,0.66));
#5741=CARTESIAN_POINT('',(-1.849999999996,2.150000000002,0.7));
#5742=CARTESIAN_POINT('',(-1.849999999996,1.790000000002,0.3));
#5743=CARTESIAN_POINT('Origin',(-1.849999999996,1.790000000002,0.66));
#5744=CARTESIAN_POINT('',(-1.849999999996,1.750000000002,0.3));
#5745=CARTESIAN_POINT('',(-1.849999999996,1.750000000002,0.3));
#5746=CARTESIAN_POINT('',(-1.849999999996,1.750000000002,0.7));
#5747=CARTESIAN_POINT('Origin',(-0.499999999996,-2.149999999998,1.3));
#5748=CARTESIAN_POINT('',(-0.499999999996,-2.149999999998,0.7));
#5749=CARTESIAN_POINT('Origin',(5.849999999996,-2.149999999998,1.3));
#5750=CARTESIAN_POINT('',(5.849999999996,-2.149999999998,0.7));
#5751=CARTESIAN_POINT('Origin',(-1.849999999996,-2.149999999998,0.7));
#5752=CARTESIAN_POINT('',(-1.849999999996,-2.149999999998,0.66));
#5753=CARTESIAN_POINT('',(-1.849999999996,-2.149999999998,0.7));
#5754=CARTESIAN_POINT('',(-1.849999999996,-1.749999999998,0.3));
#5755=CARTESIAN_POINT('',(-1.849999999996,-1.749999999998,0.7));
#5756=CARTESIAN_POINT('',(-1.849999999996,-1.789999999998,0.3));
#5757=CARTESIAN_POINT('',(-1.849999999996,-2.149999999998,0.3));
#5758=CARTESIAN_POINT('Origin',(-1.849999999996,-1.789999999998,0.66));
#5759=CARTESIAN_POINT('Origin',(-0.499999999996,-1.749999999998,0.7));
#5760=CARTESIAN_POINT('',(-0.499999999996,-2.149999999998,0.66));
#5761=CARTESIAN_POINT('',(-0.499999999996,-2.149999999998,0.7));
#5762=CARTESIAN_POINT('',(-0.499999999996,-1.789999999998,0.3));
#5763=CARTESIAN_POINT('Origin',(-0.499999999996,-1.789999999998,0.66));
#5764=CARTESIAN_POINT('',(-0.499999999996,-1.749999999998,0.3));
#5765=CARTESIAN_POINT('',(-0.499999999996,-1.749999999998,0.3));
#5766=CARTESIAN_POINT('',(-0.499999999996,-1.749999999998,0.7));
#5767=CARTESIAN_POINT('Origin',(-1.849999999996,-1.749999999998,0.7));
#5768=CARTESIAN_POINT('',(-1.849999999996,-0.749999999998,0.3));
#5769=CARTESIAN_POINT('',(-1.849999999996,-0.749999999998,0.7));
#5770=CARTESIAN_POINT('',(-1.849999999996,-1.749999999998,0.3));
#5771=CARTESIAN_POINT('Origin',(-0.499999999996,-1.749999999998,0.7));
#5772=CARTESIAN_POINT('',(-0.499999999996,-0.749999999998,0.3));
#5773=CARTESIAN_POINT('',(-0.499999999996,-1.749999999998,0.3));
#5774=CARTESIAN_POINT('',(-0.499999999996,-0.749999999998,0.7));
#5775=CARTESIAN_POINT('Origin',(-1.849999999996,-0.749999999998,0.7));
#5776=CARTESIAN_POINT('',(-1.849999999996,-0.749999999998,0.3));
#5777=CARTESIAN_POINT('Origin',(5.849999999996,-1.749999999998,0.7));
#5778=CARTESIAN_POINT('',(5.849999999996,-2.149999999998,0.66));
#5779=CARTESIAN_POINT('',(5.849999999996,-2.149999999998,0.7));
#5780=CARTESIAN_POINT('',(5.849999999996,-1.789999999998,0.3));
#5781=CARTESIAN_POINT('Origin',(5.849999999996,-1.789999999998,0.66));
#5782=CARTESIAN_POINT('',(5.849999999996,-1.749999999998,0.3));
#5783=CARTESIAN_POINT('',(5.849999999996,-1.749999999998,0.3));
#5784=CARTESIAN_POINT('',(5.849999999996,-1.749999999998,0.7));
#5785=CARTESIAN_POINT('Origin',(4.499999999996,-2.149999999998,0.7));
#5786=CARTESIAN_POINT('',(4.499999999996,-2.149999999998,0.66));
#5787=CARTESIAN_POINT('',(4.499999999996,-2.149999999998,0.7));
#5788=CARTESIAN_POINT('',(4.499999999996,-1.749999999998,0.3));
#5789=CARTESIAN_POINT('',(4.499999999996,-1.749999999998,0.7));
#5790=CARTESIAN_POINT('',(4.499999999996,-1.789999999998,0.3));
#5791=CARTESIAN_POINT('',(4.499999999996,-2.149999999998,0.3));
#5792=CARTESIAN_POINT('Origin',(4.499999999996,-1.789999999998,0.66));
#5793=CARTESIAN_POINT('Origin',(4.499999999996,-1.749999999998,0.7));
#5794=CARTESIAN_POINT('',(4.499999999996,-0.749999999998,0.3));
#5795=CARTESIAN_POINT('',(4.499999999996,-0.749999999998,0.7));
#5796=CARTESIAN_POINT('',(4.499999999996,-1.749999999998,0.3));
#5797=CARTESIAN_POINT('Origin',(5.849999999996,-1.749999999998,0.7));
#5798=CARTESIAN_POINT('',(5.849999999996,-0.749999999998,0.3));
#5799=CARTESIAN_POINT('',(5.849999999996,-1.749999999998,0.3));
#5800=CARTESIAN_POINT('',(5.849999999996,-0.749999999998,0.7));
#5801=CARTESIAN_POINT('Origin',(4.499999999996,-0.749999999998,0.7));
#5802=CARTESIAN_POINT('',(4.499999999996,-0.749999999998,0.3));
#5803=CARTESIAN_POINT('Origin',(5.850000000047,2.150000000002,0.7));
#5804=CARTESIAN_POINT('',(5.850000000047,2.150000000002,0.66));
#5805=CARTESIAN_POINT('',(5.850000000047,2.150000000002,0.7));
#5806=CARTESIAN_POINT('',(5.850000000047,1.750000000002,0.3));
#5807=CARTESIAN_POINT('',(5.850000000047,1.750000000002,0.7));
#5808=CARTESIAN_POINT('',(5.850000000047,1.790000000002,0.3));
#5809=CARTESIAN_POINT('',(5.850000000047,2.150000000002,0.3));
#5810=CARTESIAN_POINT('Origin',(5.850000000047,1.790000000002,0.66));
#5811=CARTESIAN_POINT('Origin',(4.499999999996,1.750000000002,0.7));
#5812=CARTESIAN_POINT('',(4.499999999996,2.150000000002,0.66));
#5813=CARTESIAN_POINT('',(4.499999999996,2.150000000002,0.7));
#5814=CARTESIAN_POINT('',(4.499999999996,1.790000000002,0.3));
#5815=CARTESIAN_POINT('Origin',(4.499999999996,1.790000000002,0.66));
#5816=CARTESIAN_POINT('',(4.499999999996,1.750000000002,0.3));
#5817=CARTESIAN_POINT('',(4.499999999996,1.750000000002,0.3));
#5818=CARTESIAN_POINT('',(4.499999999996,1.750000000002,0.7));
#5819=CARTESIAN_POINT('Origin',(5.850000000047,1.750000000002,0.7));
#5820=CARTESIAN_POINT('',(5.850000000047,0.750000000002,0.3));
#5821=CARTESIAN_POINT('',(5.850000000047,0.750000000002,0.7));
#5822=CARTESIAN_POINT('',(5.850000000047,1.750000000002,0.3));
#5823=CARTESIAN_POINT('Origin',(4.499999999996,1.750000000002,0.7));
#5824=CARTESIAN_POINT('',(4.499999999996,0.750000000002,0.3));
#5825=CARTESIAN_POINT('',(4.499999999996,1.750000000002,0.3));
#5826=CARTESIAN_POINT('',(4.499999999996,0.750000000002,0.7));
#5827=CARTESIAN_POINT('Origin',(5.850000000047,0.750000000002,0.7));
#5828=CARTESIAN_POINT('',(5.850000000047,0.750000000002,0.3));
#5829=CARTESIAN_POINT('Origin',(-0.499999999996,2.150000000002,0.7));
#5830=CARTESIAN_POINT('',(-0.499999999996,2.150000000002,0.66));
#5831=CARTESIAN_POINT('',(-0.499999999996,2.150000000002,0.7));
#5832=CARTESIAN_POINT('',(-0.499999999996,1.750000000002,0.3));
#5833=CARTESIAN_POINT('',(-0.499999999996,1.750000000002,0.7));
#5834=CARTESIAN_POINT('',(-0.499999999996,1.790000000002,0.3));
#5835=CARTESIAN_POINT('',(-0.499999999996,2.150000000002,0.3));
#5836=CARTESIAN_POINT('Origin',(-0.499999999996,1.790000000002,0.66));
#5837=CARTESIAN_POINT('Origin',(-0.499999999996,1.750000000002,0.7));
#5838=CARTESIAN_POINT('',(-0.499999999996,0.750000000002,0.3));
#5839=CARTESIAN_POINT('',(-0.499999999996,0.750000000002,0.7));
#5840=CARTESIAN_POINT('',(-0.499999999996,1.750000000002,0.3));
#5841=CARTESIAN_POINT('Origin',(-1.849999999996,1.750000000002,0.7));
#5842=CARTESIAN_POINT('',(-1.849999999996,0.750000000002,0.3));
#5843=CARTESIAN_POINT('',(-1.849999999996,1.750000000002,0.3));
#5844=CARTESIAN_POINT('',(-1.849999999996,0.750000000002,0.7));
#5845=CARTESIAN_POINT('Origin',(-0.499999999996,0.750000000002,0.7));
#5846=CARTESIAN_POINT('',(-0.499999999996,0.750000000002,0.3));
#5847=CARTESIAN_POINT('Origin',(6.300000000002,-1.349999999996,3.9));
#5848=CARTESIAN_POINT('',(6.300000000002,-1.349999999996,3.9));
#5849=CARTESIAN_POINT('',(6.300000000002,-1.349999999996,-1.110223024625E-16));
#5850=CARTESIAN_POINT('',(6.300000000002,1.349999999996,3.9));
#5851=CARTESIAN_POINT('Origin',(6.300000000002,-1.349999999996,3.9));
#5852=CARTESIAN_POINT('',(6.300000000002,-2.149999999996,0.));
#5853=CARTESIAN_POINT('',(6.300000000002,-2.149999999996,3.9));
#5854=CARTESIAN_POINT('',(6.300000000002,-1.349999999996,0.));
#5855=CARTESIAN_POINT('Origin',(5.900000000002,-2.149999999996,3.9));
#5856=CARTESIAN_POINT('',(5.900000000002,-2.149999999996,-1.110223024625E-16));
#5857=CARTESIAN_POINT('Origin',(6.300000000002,1.349999999996,3.9));
#5858=CARTESIAN_POINT('',(6.300000000002,2.149999999996,0.));
#5859=CARTESIAN_POINT('',(6.300000000002,1.349999999996,0.));
#5860=CARTESIAN_POINT('',(6.300000000002,2.149999999996,3.9));
#5861=CARTESIAN_POINT('Origin',(5.900000000002,2.149999999996,3.9));
#5862=CARTESIAN_POINT('',(5.900000000002,2.149999999996,-1.110223024625E-16));
#5863=CARTESIAN_POINT('Origin',(5.900000000002,1.349999999996,0.));
#5864=CARTESIAN_POINT('Origin',(-2.299999999998,0.4,0.));
#5865=CARTESIAN_POINT('',(6.300000000002,0.6,-1.5));
#5866=CARTESIAN_POINT('',(6.300000000002,0.384716157205,0.11462882096));
#5867=CARTESIAN_POINT('',(-2.299999999998,0.6,-1.5));
#5868=CARTESIAN_POINT('Origin',(-2.299999999998,-0.2,-2.8));
#5869=CARTESIAN_POINT('',(6.300000000002,-0.2,-2.8));
#5870=CARTESIAN_POINT('',(-2.299999999998,-0.2,-2.8));
#5871=CARTESIAN_POINT('',(6.300000000002,-0.6,-1.5));
#5872=CARTESIAN_POINT('',(6.300000000002,-0.643243243243,-1.35945945946));
#5873=CARTESIAN_POINT('',(-2.299999999998,-0.6,-1.5));
#5874=CARTESIAN_POINT('Origin',(-2.299999999998,-0.6,-1.5));
#5875=CARTESIAN_POINT('',(6.300000000002,-0.508296943231,-0.812227074236));
#5876=CARTESIAN_POINT('Origin',(-2.299999999998,0.6,-1.5));
#5877=CARTESIAN_POINT('',(6.300000000002,0.2,-2.8));
#5878=CARTESIAN_POINT('',(6.300000000002,0.726486486487,-1.088918918918));
#5879=CARTESIAN_POINT('',(-2.299999999998,0.2,-2.8));
#5880=CARTESIAN_POINT('Origin',(5.900000000002,-1.349999999996,-2.8));
#5881=CARTESIAN_POINT('',(6.300000000002,-1.349999999996,-2.8));
#5882=CARTESIAN_POINT('Origin',(5.900000000002,-1.349999999996,0.));
#5883=CARTESIAN_POINT('Origin',(4.499999999996,2.150000000002,0.7));
#5884=CARTESIAN_POINT('',(4.499999999996,2.150000000002,0.66));
#5885=CARTESIAN_POINT('Origin',(-1.849999999996,2.150000000002,0.7));
#5886=CARTESIAN_POINT('',(-1.849999999996,2.150000000002,0.66));
#5887=CARTESIAN_POINT('Origin',(-1.849999999996,1.790000000002,0.66));
#5888=CARTESIAN_POINT('',(-1.849999999996,1.790000000002,0.3));
#5889=CARTESIAN_POINT('Origin',(2.00000000003,1.624186896076E-11,0.3));
#5890=CARTESIAN_POINT('',(-0.499999999996,1.750000000002,0.3));
#5891=CARTESIAN_POINT('Origin',(-0.499999999996,-2.149999999998,0.7));
#5892=CARTESIAN_POINT('',(-0.499999999996,-2.149999999998,0.66));
#5893=CARTESIAN_POINT('Origin',(5.849999999996,-2.149999999998,0.7));
#5894=CARTESIAN_POINT('',(5.849999999996,-2.149999999998,0.66));
#5895=CARTESIAN_POINT('Origin',(-0.499999999996,-1.789999999998,0.66));
#5896=CARTESIAN_POINT('',(-0.499999999996,-1.789999999998,0.3));
#5897=CARTESIAN_POINT('Origin',(2.00000000003,1.624186896076E-11,0.3));
#5898=CARTESIAN_POINT('',(-1.849999999996,-1.749999999998,0.3));
#5899=CARTESIAN_POINT('Origin',(-1.849999999996,-1.749999999998,0.3));
#5900=CARTESIAN_POINT('Origin',(5.849999999996,-1.789999999998,0.66));
#5901=CARTESIAN_POINT('',(5.849999999996,-1.789999999998,0.3));
#5902=CARTESIAN_POINT('Origin',(2.00000000003,1.624186896076E-11,0.3));
#5903=CARTESIAN_POINT('',(4.499999999996,-1.749999999998,0.3));
#5904=CARTESIAN_POINT('Origin',(4.499999999996,-1.749999999998,0.3));
#5905=CARTESIAN_POINT('Origin',(4.499999999996,1.790000000002,0.66));
#5906=CARTESIAN_POINT('',(4.499999999996,1.790000000002,0.3));
#5907=CARTESIAN_POINT('Origin',(2.00000000003,1.624186896076E-11,0.3));
#5908=CARTESIAN_POINT('',(5.850000000047,1.750000000002,0.3));
#5909=CARTESIAN_POINT('Origin',(5.850000000047,1.750000000002,0.3));
#5910=CARTESIAN_POINT('Origin',(-0.499999999996,1.750000000002,0.3));
#5911=CARTESIAN_POINT('Origin',(6.300000000002,-1.349999999996,0.));
#5912=CARTESIAN_POINT('Origin',(-1.85,1.725,0.7));
#5913=CARTESIAN_POINT('',(-1.85,1.725,0.7));
#5914=CARTESIAN_POINT('',(-1.85,1.725,1.3));
#5915=CARTESIAN_POINT('',(-1.85,1.725,0.7));
#5916=CARTESIAN_POINT('',(-0.45,1.725,1.3));
#5917=CARTESIAN_POINT('',(-1.85,1.725,1.3));
#5918=CARTESIAN_POINT('',(-0.45,1.725,0.7));
#5919=CARTESIAN_POINT('',(-0.45,1.725,0.7));
#5920=CARTESIAN_POINT('',(-1.85,1.725,0.7));
#5921=CARTESIAN_POINT('Origin',(-0.45,1.725,0.7));
#5922=CARTESIAN_POINT('',(-0.45,2.125,1.3));
#5923=CARTESIAN_POINT('',(-0.45,1.725,1.3));
#5924=CARTESIAN_POINT('',(-0.45,2.125,0.7));
#5925=CARTESIAN_POINT('',(-0.45,2.125,0.7));
#5926=CARTESIAN_POINT('',(-0.45,1.725,0.7));
#5927=CARTESIAN_POINT('Origin',(-0.45,2.125,0.7));
#5928=CARTESIAN_POINT('',(4.45,2.125,1.3));
#5929=CARTESIAN_POINT('',(-0.45,2.125,1.3));
#5930=CARTESIAN_POINT('',(4.45,2.125,0.7));
#5931=CARTESIAN_POINT('',(4.45,2.125,0.7));
#5932=CARTESIAN_POINT('',(-0.45,2.125,0.7));
#5933=CARTESIAN_POINT('Origin',(4.45,2.125,0.7));
#5934=CARTESIAN_POINT('',(4.45,1.725,1.3));
#5935=CARTESIAN_POINT('',(4.45,2.125,1.3));
#5936=CARTESIAN_POINT('',(4.45,1.725,0.7));
#5937=CARTESIAN_POINT('',(4.45,1.725,0.7));
#5938=CARTESIAN_POINT('',(4.45,2.125,0.7));
#5939=CARTESIAN_POINT('Origin',(4.45,1.725,0.7));
#5940=CARTESIAN_POINT('',(5.850000000004,1.725,1.3));
#5941=CARTESIAN_POINT('',(4.45,1.725,1.3));
#5942=CARTESIAN_POINT('',(5.850000000004,1.725,0.7));
#5943=CARTESIAN_POINT('',(5.850000000004,1.725,0.7));
#5944=CARTESIAN_POINT('',(4.45,1.725,0.7));
#5945=CARTESIAN_POINT('Origin',(5.850000000004,1.725,0.7));
#5946=CARTESIAN_POINT('',(5.850000000004,-1.725,1.3));
#5947=CARTESIAN_POINT('',(5.850000000004,1.725,1.3));
#5948=CARTESIAN_POINT('',(5.850000000004,-1.725,0.7));
#5949=CARTESIAN_POINT('',(5.850000000004,-1.725,0.7));
#5950=CARTESIAN_POINT('',(5.850000000004,1.725,0.7));
#5951=CARTESIAN_POINT('Origin',(5.850000000004,-1.725,0.7));
#5952=CARTESIAN_POINT('',(4.45,-1.725,1.3));
#5953=CARTESIAN_POINT('',(5.850000000004,-1.725,1.3));
#5954=CARTESIAN_POINT('',(4.45,-1.725,0.7));
#5955=CARTESIAN_POINT('',(4.45,-1.725,0.7));
#5956=CARTESIAN_POINT('',(5.850000000004,-1.725,0.7));
#5957=CARTESIAN_POINT('Origin',(4.45,-1.725,0.7));
#5958=CARTESIAN_POINT('',(4.45,-2.125,1.3));
#5959=CARTESIAN_POINT('',(4.45,-1.725,1.3));
#5960=CARTESIAN_POINT('',(4.45,-2.125,0.7));
#5961=CARTESIAN_POINT('',(4.45,-2.125,0.7));
#5962=CARTESIAN_POINT('',(4.45,-1.725,0.7));
#5963=CARTESIAN_POINT('Origin',(4.45,-2.125,0.7));
#5964=CARTESIAN_POINT('',(-0.45,-2.125,1.3));
#5965=CARTESIAN_POINT('',(4.45,-2.125,1.3));
#5966=CARTESIAN_POINT('',(-0.45,-2.125,0.7));
#5967=CARTESIAN_POINT('',(-0.45,-2.125,0.7));
#5968=CARTESIAN_POINT('',(4.45,-2.125,0.7));
#5969=CARTESIAN_POINT('Origin',(-0.45,-2.125,0.7));
#5970=CARTESIAN_POINT('',(-0.45,-1.725,1.3));
#5971=CARTESIAN_POINT('',(-0.45,-2.125,1.3));
#5972=CARTESIAN_POINT('',(-0.45,-1.725,0.7));
#5973=CARTESIAN_POINT('',(-0.45,-1.725,0.7));
#5974=CARTESIAN_POINT('',(-0.45,-2.125,0.7));
#5975=CARTESIAN_POINT('Origin',(-0.45,-1.725,0.7));
#5976=CARTESIAN_POINT('',(-1.85,-1.725,1.3));
#5977=CARTESIAN_POINT('',(-0.45,-1.725,1.3));
#5978=CARTESIAN_POINT('',(-1.85,-1.725,0.7));
#5979=CARTESIAN_POINT('',(-1.85,-1.725,0.7));
#5980=CARTESIAN_POINT('',(-0.45,-1.725,0.7));
#5981=CARTESIAN_POINT('Origin',(-1.85,-1.725,0.7));
#5982=CARTESIAN_POINT('',(-1.85,-1.725,1.3));
#5983=CARTESIAN_POINT('',(-1.85,-1.725,0.7));
#5984=CARTESIAN_POINT('Origin',(2.000000000002,-1.114868309247E-16,0.7));
#5985=CARTESIAN_POINT('Origin',(2.000000000002,-1.114868309247E-16,1.3));
#5986=CARTESIAN_POINT('Origin',(1.75,0.15,0.8));
#5987=CARTESIAN_POINT('',(1.75,0.15,0.8));
#5988=CARTESIAN_POINT('',(1.75,0.15,-2.65));
#5989=CARTESIAN_POINT('',(1.75,0.15,0.8));
#5990=CARTESIAN_POINT('',(2.25,0.15,0.8));
#5991=CARTESIAN_POINT('',(1.75,0.15,0.8));
#5992=CARTESIAN_POINT('',(2.25,0.15,-2.65));
#5993=CARTESIAN_POINT('',(2.25,0.15,0.8));
#5994=CARTESIAN_POINT('',(2.1,0.15,-2.8));
#5995=CARTESIAN_POINT('',(2.95,0.15,-1.95));
#5996=CARTESIAN_POINT('',(1.9,0.15,-2.8));
#5997=CARTESIAN_POINT('',(1.75,0.15,-2.8));
#5998=CARTESIAN_POINT('',(0.925,0.15,-1.825));
#5999=CARTESIAN_POINT('Origin',(1.75,-0.15,0.8));
#6000=CARTESIAN_POINT('',(1.75,-0.15,0.8));
#6001=CARTESIAN_POINT('',(1.75,-0.15,-2.65));
#6002=CARTESIAN_POINT('',(1.75,-0.15,0.8));
#6003=CARTESIAN_POINT('',(1.75,-0.15,0.8));
#6004=CARTESIAN_POINT('',(1.75,-0.15,-2.65));
#6005=CARTESIAN_POINT('Origin',(1.825,-0.15,-2.725));
#6006=CARTESIAN_POINT('',(1.9,-0.15,-2.8));
#6007=CARTESIAN_POINT('',(1.05,-0.15,-1.95));
#6008=CARTESIAN_POINT('',(1.9,-0.15,-2.8));
#6009=CARTESIAN_POINT('Origin',(2.,1.E-17,0.8));
#6010=CARTESIAN_POINT('',(2.25,-0.15,0.8));
#6011=CARTESIAN_POINT('',(2.25,-0.15,0.8));
#6012=CARTESIAN_POINT('',(2.25,0.15,0.8));
#6013=CARTESIAN_POINT('Origin',(2.,1.E-17,-2.8));
#6014=CARTESIAN_POINT('',(2.1,-0.15,-2.8));
#6015=CARTESIAN_POINT('',(2.1,0.15,-2.8));
#6016=CARTESIAN_POINT('',(2.25,-0.15,-2.8));
#6017=CARTESIAN_POINT('Origin',(2.25,0.15,0.8));
#6018=CARTESIAN_POINT('',(2.25,-0.15,-2.65));
#6019=CARTESIAN_POINT('',(2.25,-0.15,0.8));
#6020=CARTESIAN_POINT('',(2.25,0.15,-2.65));
#6021=CARTESIAN_POINT('Origin',(2.175,0.15,-2.725));
#6022=CARTESIAN_POINT('',(3.075,-0.15,-1.825));
#6023=CARTESIAN_POINT('Origin',(2.25,-0.15,0.8));
#6024=CARTESIAN_POINT('Origin',(3.75,0.15,0.8));
#6025=CARTESIAN_POINT('',(3.75,0.15,0.8));
#6026=CARTESIAN_POINT('',(3.75,0.15,-2.65));
#6027=CARTESIAN_POINT('',(3.75,0.15,0.8));
#6028=CARTESIAN_POINT('',(4.25,0.15,0.8));
#6029=CARTESIAN_POINT('',(3.75,0.15,0.8));
#6030=CARTESIAN_POINT('',(4.25,0.15,-2.65));
#6031=CARTESIAN_POINT('',(4.25,0.15,0.8));
#6032=CARTESIAN_POINT('',(4.1,0.15,-2.8));
#6033=CARTESIAN_POINT('',(4.95,0.15,-1.95));
#6034=CARTESIAN_POINT('',(3.9,0.15,-2.8));
#6035=CARTESIAN_POINT('',(3.75,0.15,-2.8));
#6036=CARTESIAN_POINT('',(2.925,0.15,-1.825));
#6037=CARTESIAN_POINT('Origin',(3.75,-0.15,0.8));
#6038=CARTESIAN_POINT('',(3.75,-0.15,0.8));
#6039=CARTESIAN_POINT('',(3.75,-0.15,-2.65));
#6040=CARTESIAN_POINT('',(3.75,-0.15,0.8));
#6041=CARTESIAN_POINT('',(3.75,-0.15,0.8));
#6042=CARTESIAN_POINT('',(3.75,-0.15,-2.65));
#6043=CARTESIAN_POINT('Origin',(3.825,-0.15,-2.725));
#6044=CARTESIAN_POINT('',(3.9,-0.15,-2.8));
#6045=CARTESIAN_POINT('',(3.05,-0.15,-1.95));
#6046=CARTESIAN_POINT('',(3.9,-0.15,-2.8));
#6047=CARTESIAN_POINT('Origin',(4.,1.E-17,0.8));
#6048=CARTESIAN_POINT('',(4.25,-0.15,0.8));
#6049=CARTESIAN_POINT('',(4.25,-0.15,0.8));
#6050=CARTESIAN_POINT('',(4.25,0.15,0.8));
#6051=CARTESIAN_POINT('Origin',(4.,1.E-17,-2.8));
#6052=CARTESIAN_POINT('',(4.1,-0.15,-2.8));
#6053=CARTESIAN_POINT('',(4.1,0.15,-2.8));
#6054=CARTESIAN_POINT('',(4.25,-0.15,-2.8));
#6055=CARTESIAN_POINT('Origin',(4.25,0.15,0.8));
#6056=CARTESIAN_POINT('',(4.25,-0.15,-2.65));
#6057=CARTESIAN_POINT('',(4.25,-0.15,0.8));
#6058=CARTESIAN_POINT('',(4.25,0.15,-2.65));
#6059=CARTESIAN_POINT('Origin',(4.175,0.15,-2.725));
#6060=CARTESIAN_POINT('',(5.075,-0.15,-1.825));
#6061=CARTESIAN_POINT('Origin',(4.25,-0.15,0.8));
#6062=CARTESIAN_POINT('Origin',(-0.25,0.15,0.8));
#6063=CARTESIAN_POINT('',(-0.25,0.15,0.8));
#6064=CARTESIAN_POINT('',(-0.25,0.15,-2.65));
#6065=CARTESIAN_POINT('',(-0.25,0.15,0.8));
#6066=CARTESIAN_POINT('',(0.25,0.15,0.8));
#6067=CARTESIAN_POINT('',(-0.25,0.15,0.8));
#6068=CARTESIAN_POINT('',(0.25,0.15,-2.65));
#6069=CARTESIAN_POINT('',(0.25,0.15,0.8));
#6070=CARTESIAN_POINT('',(0.1,0.15,-2.8));
#6071=CARTESIAN_POINT('',(0.95,0.15,-1.95));
#6072=CARTESIAN_POINT('',(-0.1,0.15,-2.8));
#6073=CARTESIAN_POINT('',(-0.25,0.15,-2.8));
#6074=CARTESIAN_POINT('',(-1.075,0.15,-1.825));
#6075=CARTESIAN_POINT('Origin',(-0.25,-0.15,0.8));
#6076=CARTESIAN_POINT('',(-0.25,-0.15,0.8));
#6077=CARTESIAN_POINT('',(-0.25,-0.15,-2.65));
#6078=CARTESIAN_POINT('',(-0.25,-0.15,0.8));
#6079=CARTESIAN_POINT('',(-0.25,-0.15,0.8));
#6080=CARTESIAN_POINT('',(-0.25,-0.15,-2.65));
#6081=CARTESIAN_POINT('Origin',(-0.175,-0.15,-2.725));
#6082=CARTESIAN_POINT('',(-0.1,-0.15,-2.8));
#6083=CARTESIAN_POINT('',(-0.95,-0.15,-1.95));
#6084=CARTESIAN_POINT('',(-0.1,-0.15,-2.8));
#6085=CARTESIAN_POINT('Origin',(1.E-17,1.E-17,0.8));
#6086=CARTESIAN_POINT('',(0.25,-0.15,0.8));
#6087=CARTESIAN_POINT('',(0.25,-0.15,0.8));
#6088=CARTESIAN_POINT('',(0.25,0.15,0.8));
#6089=CARTESIAN_POINT('Origin',(1.E-17,1.E-17,-2.8));
#6090=CARTESIAN_POINT('',(0.1,-0.15,-2.8));
#6091=CARTESIAN_POINT('',(0.1,0.15,-2.8));
#6092=CARTESIAN_POINT('',(0.25,-0.15,-2.8));
#6093=CARTESIAN_POINT('Origin',(0.25,0.15,0.8));
#6094=CARTESIAN_POINT('',(0.25,-0.15,-2.65));
#6095=CARTESIAN_POINT('',(0.25,-0.15,0.8));
#6096=CARTESIAN_POINT('',(0.25,0.15,-2.65));
#6097=CARTESIAN_POINT('Origin',(0.175,0.15,-2.725));
#6098=CARTESIAN_POINT('',(1.075,-0.15,-1.825));
#6099=CARTESIAN_POINT('Origin',(0.25,-0.15,0.8));
#6100=CARTESIAN_POINT('Origin',(0.,1.000000000003,1.4));
#6101=CARTESIAN_POINT('',(0.,1.000000000003,1.4));
#6102=CARTESIAN_POINT('',(0.,1.000000000003,4.2));
#6103=CARTESIAN_POINT('',(0.,1.000000000003,1.4));
#6104=CARTESIAN_POINT('',(2.,1.000000000003,4.2));
#6105=CARTESIAN_POINT('',(0.,1.000000000003,4.2));
#6106=CARTESIAN_POINT('',(2.,1.000000000003,1.4));
#6107=CARTESIAN_POINT('',(2.,1.000000000003,1.4));
#6108=CARTESIAN_POINT('',(0.,1.000000000003,1.4));
#6109=CARTESIAN_POINT('Origin',(0.,1.000000000003,1.4));
#6110=CARTESIAN_POINT('',(-1.8,1.000000000003,1.4));
#6111=CARTESIAN_POINT('',(0.,1.000000000003,1.4));
#6112=CARTESIAN_POINT('',(-1.8,1.000000000003,4.2));
#6113=CARTESIAN_POINT('',(-1.8,1.000000000003,1.4));
#6114=CARTESIAN_POINT('',(0.,1.000000000003,4.2));
#6115=CARTESIAN_POINT('Origin',(2.,1.000000000003,1.4));
#6116=CARTESIAN_POINT('',(3.8,1.000000000003,1.4));
#6117=CARTESIAN_POINT('',(2.,1.000000000003,1.4));
#6118=CARTESIAN_POINT('',(3.8,1.000000000003,4.2));
#6119=CARTESIAN_POINT('',(2.,1.000000000003,4.2));
#6120=CARTESIAN_POINT('',(3.8,1.000000000003,1.4));
#6121=CARTESIAN_POINT('Origin',(1.,0.,1.4));
#6122=CARTESIAN_POINT('',(2.,-1.000000000003,1.4));
#6123=CARTESIAN_POINT('',(2.,1.000000000003,1.4));
#6124=CARTESIAN_POINT('',(0.,-1.000000000003,1.4));
#6125=CARTESIAN_POINT('',(2.,-1.000000000003,1.4));
#6126=CARTESIAN_POINT('',(0.,-1.000000000003,1.4));
#6127=CARTESIAN_POINT('Origin',(0.,1.000000000003,4.2));
#6128=CARTESIAN_POINT('',(0.,1.000000000003,8.7));
#6129=CARTESIAN_POINT('',(0.,1.000000000003,4.2));
#6130=CARTESIAN_POINT('',(0.6,1.000000000003,8.7));
#6131=CARTESIAN_POINT('',(0.,1.000000000003,8.7));
#6132=CARTESIAN_POINT('',(1.,1.000000000003,8.3));
#6133=CARTESIAN_POINT('',(1.575,1.000000000003,7.725));
#6134=CARTESIAN_POINT('',(1.4,1.000000000003,8.7));
#6135=CARTESIAN_POINT('',(-0.275,1.000000000003,7.025));
#6136=CARTESIAN_POINT('',(2.,1.000000000003,8.7));
#6137=CARTESIAN_POINT('',(0.,1.000000000003,8.7));
#6138=CARTESIAN_POINT('',(2.,1.000000000003,4.2));
#6139=CARTESIAN_POINT('Origin',(0.,-1.000000000003,1.4));
#6140=CARTESIAN_POINT('',(-1.8,-1.000000000003,1.4));
#6141=CARTESIAN_POINT('',(0.,-1.000000000003,1.4));
#6142=CARTESIAN_POINT('',(-1.8,-1.000000000003,1.4));
#6143=CARTESIAN_POINT('Origin',(0.,-1.000000000003,4.2));
#6144=CARTESIAN_POINT('',(0.,-1.000000000003,4.2));
#6145=CARTESIAN_POINT('',(-1.8,-1.000000000003,4.2));
#6146=CARTESIAN_POINT('',(0.,-1.000000000003,4.2));
#6147=CARTESIAN_POINT('',(0.,-1.000000000003,4.2));
#6148=CARTESIAN_POINT('',(-1.8,-1.000000000003,4.2));
#6149=CARTESIAN_POINT('Origin',(-1.8,-1.000000000003,1.4));
#6150=CARTESIAN_POINT('',(-1.8,-1.000000000003,1.4));
#6151=CARTESIAN_POINT('Origin',(2.,1.000000000003,1.4));
#6152=CARTESIAN_POINT('',(3.8,-1.000000000003,1.4));
#6153=CARTESIAN_POINT('',(3.8,1.000000000003,1.4));
#6154=CARTESIAN_POINT('',(2.,-1.000000000003,1.4));
#6155=CARTESIAN_POINT('Origin',(2.,1.000000000003,4.2));
#6156=CARTESIAN_POINT('',(2.,-1.000000000003,4.2));
#6157=CARTESIAN_POINT('',(2.,1.000000000003,4.2));
#6158=CARTESIAN_POINT('',(3.8,-1.000000000003,4.2));
#6159=CARTESIAN_POINT('',(2.,-1.000000000003,4.2));
#6160=CARTESIAN_POINT('',(3.8,1.000000000003,4.2));
#6161=CARTESIAN_POINT('Origin',(3.8,1.000000000003,1.4));
#6162=CARTESIAN_POINT('',(3.8,-1.000000000003,1.4));
#6163=CARTESIAN_POINT('Origin',(2.,-1.000000000003,1.4));
#6164=CARTESIAN_POINT('',(2.,-1.000000000003,1.4));
#6165=CARTESIAN_POINT('',(2.,-1.000000000003,4.2));
#6166=CARTESIAN_POINT('',(0.,-1.000000000003,1.4));
#6167=CARTESIAN_POINT('Origin',(2.,1.000000000003,4.2));
#6168=CARTESIAN_POINT('',(2.,-1.000000000003,8.7));
#6169=CARTESIAN_POINT('',(2.,1.000000000003,8.7));
#6170=CARTESIAN_POINT('',(2.,-1.000000000003,4.2));
#6171=CARTESIAN_POINT('Origin',(1.,0.,8.7));
#6172=CARTESIAN_POINT('',(1.4,-1.000000000002,8.7));
#6173=CARTESIAN_POINT('',(1.4,-1.000000000002,8.7));
#6174=CARTESIAN_POINT('',(2.,-1.000000000003,8.7));
#6175=CARTESIAN_POINT('Origin',(1.,-1.000000000002,8.3));
#6176=CARTESIAN_POINT('',(1.,-1.000000000002,8.3));
#6177=CARTESIAN_POINT('',(1.,-1.000000000002,8.3));
#6178=CARTESIAN_POINT('',(1.,-1.000000000002,8.3));
#6179=CARTESIAN_POINT('Origin',(0.6,-1.000000000002,8.7));
#6180=CARTESIAN_POINT('',(0.6,-1.000000000002,8.7));
#6181=CARTESIAN_POINT('',(0.6,-1.000000000002,8.7));
#6182=CARTESIAN_POINT('',(0.6,-1.000000000002,8.7));
#6183=CARTESIAN_POINT('Origin',(1.,0.,8.7));
#6184=CARTESIAN_POINT('',(0.,-1.000000000003,8.7));
#6185=CARTESIAN_POINT('',(0.,-1.000000000003,8.7));
#6186=CARTESIAN_POINT('',(2.,-1.000000000003,8.7));
#6187=CARTESIAN_POINT('Origin',(0.,-1.000000000003,4.2));
#6188=CARTESIAN_POINT('',(0.,-1.000000000003,4.2));
#6189=CARTESIAN_POINT('Origin',(0.,-1.000000000003,1.4));
#6190=CARTESIAN_POINT('Origin',(2.,-1.000000000003,1.4));
#6191=CARTESIAN_POINT('Origin',(2.,-1.000000000003,4.2));
#6192=CARTESIAN_POINT('',(0.,0.,0.));
#6193=UNCERTAINTY_MEASURE_WITH_UNIT(LENGTH_MEASURE(0.01),#6199,
'DISTANCE_ACCURACY_VALUE',
'Maximum model space distance between geometric entities at asserted c
onnectivities');
#6194=UNCERTAINTY_MEASURE_WITH_UNIT(LENGTH_MEASURE(0.01),#6199,
'DISTANCE_ACCURACY_VALUE',
'Maximum model space distance between geometric entities at asserted c
onnectivities');
#6195=UNCERTAINTY_MEASURE_WITH_UNIT(LENGTH_MEASURE(0.01),#6199,
'DISTANCE_ACCURACY_VALUE',
'Maximum model space distance between geometric entities at asserted c
onnectivities');
#6196=(
GEOMETRIC_REPRESENTATION_CONTEXT(3)
GLOBAL_UNCERTAINTY_ASSIGNED_CONTEXT((#6193))
GLOBAL_UNIT_ASSIGNED_CONTEXT((#6199,#6201,#6202))
REPRESENTATION_CONTEXT('','3D')
);
#6197=(
GEOMETRIC_REPRESENTATION_CONTEXT(3)
GLOBAL_UNCERTAINTY_ASSIGNED_CONTEXT((#6194))
GLOBAL_UNIT_ASSIGNED_CONTEXT((#6199,#6201,#6202))
REPRESENTATION_CONTEXT('','3D')
);
#6198=(
GEOMETRIC_REPRESENTATION_CONTEXT(3)
GLOBAL_UNCERTAINTY_ASSIGNED_CONTEXT((#6195))
GLOBAL_UNIT_ASSIGNED_CONTEXT((#6199,#6201,#6202))
REPRESENTATION_CONTEXT('','3D')
);
#6199=(
LENGTH_UNIT()
NAMED_UNIT(*)
SI_UNIT(.MILLI.,.METRE.)
);
#6200=(
LENGTH_UNIT()
NAMED_UNIT(*)
SI_UNIT($,.METRE.)
);
#6201=(
NAMED_UNIT(*)
PLANE_ANGLE_UNIT()
SI_UNIT($,.RADIAN.)
);
#6202=(
NAMED_UNIT(*)
SI_UNIT($,.STERADIAN.)
SOLID_ANGLE_UNIT()
);
#6203=SHAPE_DEFINITION_REPRESENTATION(#6205,#6208);
#6204=SHAPE_DEFINITION_REPRESENTATION(#6206,#6209);
#6205=PRODUCT_DEFINITION_SHAPE('',$,#6211);
#6206=PRODUCT_DEFINITION_SHAPE('',$,#6212);
#6207=PRODUCT_DEFINITION_SHAPE($,$,#14);
#6208=SHAPE_REPRESENTATION('',(#3949,#4196),#6196);
#6209=SHAPE_REPRESENTATION('',(#3950),#6197);
#6210=PRODUCT_DEFINITION_CONTEXT('part definition',#6218,'design');
#6211=PRODUCT_DEFINITION('2026-09-16-09-39-05-448',
'SW_Slide_SPDT_Straight_CK_OS102011MS2Q (1)',#6213,#6210);
#6212=PRODUCT_DEFINITION('2026-09-16-09-39-05-448_1',
'SW_Slide_SPDT_Straight_CK_OS102011MS2Q',#6214,#6210);
#6213=PRODUCT_DEFINITION_FORMATION('',$,#6220);
#6214=PRODUCT_DEFINITION_FORMATION('',$,#6221);
#6215=PRODUCT_RELATED_PRODUCT_CATEGORY(
'SW_Slide_SPDT_Straight_CK_OS102011MS2Q (1)',
'SW_Slide_SPDT_Straight_CK_OS102011MS2Q (1)',(#6220));
#6216=PRODUCT_RELATED_PRODUCT_CATEGORY(
'SW_Slide_SPDT_Straight_CK_OS102011MS2Q',
'SW_Slide_SPDT_Straight_CK_OS102011MS2Q',(#6221));
#6217=APPLICATION_PROTOCOL_DEFINITION('international standard',
'automotive_design',2009,#6218);
#6218=APPLICATION_CONTEXT(
'Core Data for Automotive Mechanical Design Process');
#6219=PRODUCT_CONTEXT('part definition',#6218,'mechanical');
#6220=PRODUCT('2026-09-16-09-39-05-448',
'SW_Slide_SPDT_Straight_CK_OS102011MS2Q (1)',$,(#6219));
#6221=PRODUCT('2026-09-16-09-39-05-448_1',
'SW_Slide_SPDT_Straight_CK_OS102011MS2Q',$,(#6219));
#6222=PRESENTATION_STYLE_ASSIGNMENT((#6227));
#6223=PRESENTATION_STYLE_ASSIGNMENT((#6228));
#6224=PRESENTATION_STYLE_ASSIGNMENT((#6229));
#6225=PRESENTATION_STYLE_ASSIGNMENT((#6230));
#6226=PRESENTATION_STYLE_ASSIGNMENT((#6231));
#6227=SURFACE_STYLE_USAGE(.BOTH.,#6232);
#6228=SURFACE_STYLE_USAGE(.BOTH.,#6233);
#6229=SURFACE_STYLE_USAGE(.BOTH.,#6234);
#6230=SURFACE_STYLE_USAGE(.BOTH.,#6235);
#6231=SURFACE_STYLE_USAGE(.BOTH.,#6236);
#6232=SURFACE_SIDE_STYLE('',(#6237));
#6233=SURFACE_SIDE_STYLE('',(#6238));
#6234=SURFACE_SIDE_STYLE('',(#6239));
#6235=SURFACE_SIDE_STYLE('',(#6240));
#6236=SURFACE_SIDE_STYLE('',(#6241));
#6237=SURFACE_STYLE_FILL_AREA(#6242);
#6238=SURFACE_STYLE_FILL_AREA(#6243);
#6239=SURFACE_STYLE_FILL_AREA(#6244);
#6240=SURFACE_STYLE_FILL_AREA(#6245);
#6241=SURFACE_STYLE_FILL_AREA(#6246);
#6242=FILL_AREA_STYLE('Steel - Satin',(#6247));
#6243=FILL_AREA_STYLE('Opaque(204,204,204)',(#6248));
#6244=FILL_AREA_STYLE('Opaque(210,209,199)',(#6249));
#6245=FILL_AREA_STYLE('Opaque(212,173,17)',(#6250));
#6246=FILL_AREA_STYLE('Opaque(70,70,70)',(#6251));
#6247=FILL_AREA_STYLE_COLOUR('Steel - Satin',#6252);
#6248=FILL_AREA_STYLE_COLOUR('Opaque(204,204,204)',#6253);
#6249=FILL_AREA_STYLE_COLOUR('Opaque(210,209,199)',#6254);
#6250=FILL_AREA_STYLE_COLOUR('Opaque(212,173,17)',#6255);
#6251=FILL_AREA_STYLE_COLOUR('Opaque(70,70,70)',#6256);
#6252=COLOUR_RGB('Steel - Satin',0.627450980392157,0.627450980392157,0.627450980392157);
#6253=COLOUR_RGB('Opaque(204,204,204)',0.8,0.8,0.8);
#6254=COLOUR_RGB('Opaque(210,209,199)',0.823529411764706,0.819607843137255,
0.780392156862745);
#6255=COLOUR_RGB('Opaque(212,173,17)',0.831372549019608,0.67843137254902,
0.0666666666666667);
#6256=COLOUR_RGB('Opaque(70,70,70)',0.274509803921569,0.274509803921569,
0.274509803921569);
ENDSEC;
END-ISO-10303-21;
