# Rhino

mtllib usb-c breakout.mtl
usemtl diffuse_0
v 4.5 2.2000000476837158 -8.3000001907348633
v 4.5 2.2000000476837158 -1
v 4.4833054542541504 2.3819630146026611 -8.3000001907348633
v 4.4833054542541504 2.3819630146026611 -1
v 4.4297881126403809 2.5680947303771973 -8.3000001907348633
v 4.4297881126403809 2.5680947303771973 -1
v 4.3369956016540527 2.7472097873687744 -8.3000001907348633
v 4.3369956016540527 2.7472097873687744 -1
v 4.2071065902709961 2.907106876373291 -8.3000001907348633
v 4.2071065902709961 2.907106876373291 -1
v 4.0472097396850586 3.0369954109191895 -8.3000001907348633
v 4.0472097396850586 3.0369954109191895 -1
v 3.8680946826934814 3.1297883987426758 -8.3000001907348633
v 3.8680946826934814 3.1297883987426758 -1
v 3.6819629669189453 3.1833052635192871 -8.3000001907348633
v 3.6819629669189453 3.1833052635192871 -1
v 3.5 3.2000000476837158 -8.3000001907348633
v 3.5 3.2000000476837158 -1
v -3.5 3.2000000476837158 -8.3000001907348633
v -3.5 3.2000000476837158 -1
v -3.6819629669189453 3.1833052635192871 -8.3000001907348633
v -3.6819629669189453 3.1833052635192871 -1
v -3.8680946826934814 3.1297883987426758 -8.3000001907348633
v -3.8680946826934814 3.1297883987426758 -1
v -4.0472097396850586 3.0369954109191895 -8.3000001907348633
v -4.0472097396850586 3.0369954109191895 -1
v -4.2071065902709961 2.907106876373291 -8.3000001907348633
v -4.2071065902709961 2.907106876373291 -1
v -4.3369956016540527 2.7472097873687744 -8.3000001907348633
v -4.3369956016540527 2.7472097873687744 -1
v -4.4297881126403809 2.5680947303771973 -8.3000001907348633
v -4.4297881126403809 2.5680947303771973 -1
v -4.4833054542541504 2.3819630146026611 -8.3000001907348633
v -4.4833054542541504 2.3819630146026611 -1
v -4.5 2.2000000476837158 -8.3000001907348633
v -4.5 2.2000000476837158 -1
v -4.5 1 -8.3000001907348633
v -4.5 1 -1
v -4.4833054542541504 0.81803697347640991 -8.3000001907348633
v -4.4833054542541504 0.81803697347640991 -1
v -4.4297881126403809 0.63190531730651855 -8.3000001907348633
v -4.4297881126403809 0.63190531730651855 -1
v -4.3369956016540527 0.45279026031494141 -8.3000001907348633
v -4.3369956016540527 0.45279026031494141 -1
v -4.2071065902709961 0.29289323091506958 -8.3000001907348633
v -4.2071065902709961 0.29289323091506958 -1
v -4.0472097396850586 0.16300448775291443 -8.3000001907348633
v -4.0472097396850586 0.16300448775291443 -1
v -3.8680946826934814 0.070211701095104218 -8.3000001907348633
v -3.8680946826934814 0.070211701095104218 -1
v -3.6819629669189453 0.016694631427526474 -8.3000001907348633
v -3.6819629669189453 0.016694631427526474 -1
v -3.5 0 -8.3000001907348633
v -3.5 0 -1
v 3.5 0 -8.3000001907348633
v 3.5 0 -1
v 3.6819629669189453 0.016694631427526474 -8.3000001907348633
v 3.6819629669189453 0.016694631427526474 -1
v 3.8680946826934814 0.070211701095104218 -8.3000001907348633
v 3.8680946826934814 0.070211701095104218 -1
v 4.0472097396850586 0.16300448775291443 -8.3000001907348633
v 4.0472097396850586 0.16300448775291443 -1
v 4.2071065902709961 0.29289323091506958 -8.3000001907348633
v 4.2071065902709961 0.29289323091506958 -1
v 4.3369956016540527 0.45279026031494141 -8.3000001907348633
v 4.3369956016540527 0.45279026031494141 -1
v 4.4297881126403809 0.63190531730651855 -8.3000001907348633
v 4.4297881126403809 0.63190531730651855 -1
v 4.4833054542541504 0.81803697347640991 -8.3000001907348633
v 4.4833054542541504 0.81803697347640991 -1
v 4.5 1 -8.3000001907348633
v 4.5 1 -1
v 4.5 2.2000000476837158 -8.3000001907348633
v 4.5 2.2000000476837158 -1
v 4.5 2.2000000476837158 -8.3000001907348633
v 4.4833054542541504 2.3819630146026611 -8.3000001907348633
v 4.4297881126403809 2.5680947303771973 -8.3000001907348633
v 4.3369956016540527 2.7472097873687744 -8.3000001907348633
v 4.2071065902709961 2.907106876373291 -8.3000001907348633
v 4.0472097396850586 3.0369954109191895 -8.3000001907348633
v 3.8680946826934814 3.1297883987426758 -8.3000001907348633
v 3.6819629669189453 3.1833052635192871 -8.3000001907348633
v 3.5 3.2000000476837158 -8.3000001907348633
v -3.5 3.2000000476837158 -8.3000001907348633
v -3.6819629669189453 3.1833052635192871 -8.3000001907348633
v -3.8680946826934814 3.1297883987426758 -8.3000001907348633
v -4.0472097396850586 3.0369954109191895 -8.3000001907348633
v -4.2071065902709961 2.907106876373291 -8.3000001907348633
v -4.3369956016540527 2.7472097873687744 -8.3000001907348633
v -4.4297881126403809 2.5680947303771973 -8.3000001907348633
v -4.4833054542541504 2.3819630146026611 -8.3000001907348633
v -4.5 2.2000000476837158 -8.3000001907348633
v -4.5 1 -8.3000001907348633
v -4.4833054542541504 0.81803697347640991 -8.3000001907348633
v -4.4297881126403809 0.63190531730651855 -8.3000001907348633
v -4.3369956016540527 0.45279026031494141 -8.3000001907348633
v -4.2071065902709961 0.29289323091506958 -8.3000001907348633
v -4.0472097396850586 0.16300448775291443 -8.3000001907348633
v -3.8680946826934814 0.070211701095104218 -8.3000001907348633
v -3.6819629669189453 0.016694631427526474 -8.3000001907348633
v -3.5 0 -8.3000001907348633
v 3.5 0 -8.3000001907348633
v 3.6819629669189453 0.016694631427526474 -8.3000001907348633
v 3.8680946826934814 0.070211701095104218 -8.3000001907348633
v 4.0472097396850586 0.16300448775291443 -8.3000001907348633
v 4.2071065902709961 0.29289323091506958 -8.3000001907348633
v 4.3369956016540527 0.45279026031494141 -8.3000001907348633
v 4.4297881126403809 0.63190531730651855 -8.3000001907348633
v 4.4833054542541504 0.81803697347640991 -8.3000001907348633
v 4.5 1 -8.3000001907348633
v 4.5 2.2000000476837158 -1
v 4.4833054542541504 2.3819630146026611 -1
v 4.4297881126403809 2.5680947303771973 -1
v 4.3369956016540527 2.7472097873687744 -1
v 4.2071065902709961 2.907106876373291 -1
v 4.0472097396850586 3.0369954109191895 -1
v 3.8680946826934814 3.1297883987426758 -1
v 3.6819629669189453 3.1833052635192871 -1
v 3.5 3.2000000476837158 -1
v -3.5 3.2000000476837158 -1
v -3.6819629669189453 3.1833052635192871 -1
v -3.8680946826934814 3.1297883987426758 -1
v -4.0472097396850586 3.0369954109191895 -1
v -4.2071065902709961 2.907106876373291 -1
v -4.3369956016540527 2.7472097873687744 -1
v -4.4297881126403809 2.5680947303771973 -1
v -4.4833054542541504 2.3819630146026611 -1
v -4.5 2.2000000476837158 -1
v -4.5 1 -1
v -4.4833054542541504 0.81803697347640991 -1
v -4.4297881126403809 0.63190531730651855 -1
v -4.3369956016540527 0.45279026031494141 -1
v -4.2071065902709961 0.29289323091506958 -1
v -4.0472097396850586 0.16300448775291443 -1
v -3.8680946826934814 0.070211701095104218 -1
v -3.6819629669189453 0.016694631427526474 -1
v -3.5 0 -1
v 3.5 0 -1
v 3.6819629669189453 0.016694631427526474 -1
v 3.8680946826934814 0.070211701095104218 -1
v 4.0472097396850586 0.16300448775291443 -1
v 4.2071065902709961 0.29289323091506958 -1
v 4.3369956016540527 0.45279026031494141 -1
v 4.4297881126403809 0.63190531730651855 -1
v 4.4833054542541504 0.81803697347640991 -1
v 4.5 1 -1
vt 0 0
vt 0 0.76642274856567383
vt 0.0086561711505055428 0
vt 0.0086561711505055428 0.76642274856567383
vt 0.017312342301011086 0
vt 0.017312342301011086 0.76642274856567383
vt 0.025968514382839203 0
vt 0.025968514382839203 0.76642274856567383
vt 0.034624684602022171 0
vt 0.034624684602022171 0.76642274856567383
vt 0.043280858546495438 0
vt 0.043280858546495438 0.76642274856567383
vt 0.051937028765678406 0
vt 0.051937028765678406 0.76642274856567383
vt 0.060593198984861374 0
vt 0.060593198984861374 0.76642274856567383
vt 0.069249369204044342 0
vt 0.069249369204044342 0.76642274856567383
vt 0.37784799933433533 0
vt 0.37784799933433533 0.76642274856567383
vt 0.38650417327880859 0
vt 0.38650417327880859 0.76642274856567383
vt 0.39516034722328186 0
vt 0.39516034722328186 0.76642274856567383
vt 0.40381652116775513 0
vt 0.40381652116775513 0.76642274856567383
vt 0.41247269511222839 0
vt 0.41247269511222839 0.76642274856567383
vt 0.42112886905670166 0
vt 0.42112886905670166 0.76642274856567383
vt 0.42978504300117493 0
vt 0.42978504300117493 0.76642274856567383
vt 0.43844121694564819 0
vt 0.43844121694564819 0.76642274856567383
vt 0.44709739089012146 0
vt 0.44709739089012146 0.76642274856567383
vt 0.5 0
vt 0.5 0.76642274856567383
vt 0.50865614414215088 0
vt 0.50865614414215088 0.76642274856567383
vt 0.51731234788894653 0
vt 0.51731234788894653 0.76642274856567383
vt 0.52596849203109741 0
vt 0.52596849203109741 0.76642274856567383
vt 0.53462469577789307 0
vt 0.53462469577789307 0.76642274856567383
vt 0.54328083992004395 0
vt 0.54328083992004395 0.76642274856567383
vt 0.5519370436668396 0
vt 0.5519370436668396 0.76642274856567383
vt 0.56059318780899048 0
vt 0.56059318780899048 0.76642274856567383
vt 0.56924939155578613 0
vt 0.56924939155578613 0.76642274856567383
vt 0.87784802913665771 0
vt 0.87784802913665771 0.76642274856567383
vt 0.88650417327880859 0
vt 0.88650417327880859 0.76642274856567383
vt 0.89516037702560425 0
vt 0.89516037702560425 0.76642274856567383
vt 0.90381652116775513 0
vt 0.90381652116775513 0.76642274856567383
vt 0.91247266530990601 0
vt 0.91247266530990601 0.76642274856567383
vt 0.92112886905670166 0
vt 0.92112886905670166 0.76642274856567383
vt 0.92978501319885254 0
vt 0.92978501319885254 0.76642274856567383
vt 0.93844121694564819 0
vt 0.93844121694564819 0.76642274856567383
vt 0.94709736108779907 0
vt 0.94709736108779907 0.76642274856567383
vt 1 0
vt 1 0.76642274856567383
vt 0 0.92700737714767456
vt 0.00073632097337394953 0.94028931856155396
vt 0.0030967048369348049 0.95387554168701172
vt 0.0071893543936312199 0.96694964170455933
vt 0.012918130494654179 0.97862094640731812
vt 0.019970430061221123 0.98810189962387085
vt 0.027870343998074532 0.99487507343292236
vt 0.036079727113246918 0.99878144264221191
vt 0.044105254113674164 1
vt 0.35284203290939331 1
vt 0.36086755990982056 0.99878144264221191
vt 0.3690769374370575 0.99487507343292236
vt 0.37697687745094299 0.98810189962387085
vt 0.38402917981147766 0.97862094640731812
vt 0.38975793123245239 0.96694964170455933
vt 0.39385059475898743 0.95387554168701172
vt 0.39621096849441528 0.94028931856155396
vt 0.39694729447364807 0.92700737714767456
vt 0.39694729447364807 0.83941620588302612
vt 0.39621096849441528 0.82613420486450195
vt 0.39385059475898743 0.81254798173904419
vt 0.38975793123245239 0.79947388172149658
vt 0.38402917981147766 0.78780257701873779
vt 0.37697687745094299 0.77832168340682983
vt 0.3690769374370575 0.77154844999313354
vt 0.36086755990982056 0.76764214038848877
vt 0.35284203290939331 0.76642352342605591
vt 0.044105254113674164 0.76642352342605591
vt 0.036079727113246918 0.76764214038848877
vt 0.027870343998074532 0.77154844999313354
vt 0.019970430061221123 0.77832168340682983
vt 0.012918130494654179 0.78780257701873779
vt 0.0071893543936312199 0.79947388172149658
vt 0.0030967048369348049 0.81254798173904419
vt 0.00073632097337394953 0.82613420486450195
vt 0 0.83941620588302612
vt 0 0.83941620588302612
vt 0.00073632097337394953 0.82613420486450195
vt 0.0030967048369348049 0.81254798173904419
vt 0.0071893543936312199 0.79947388172149658
vt 0.012918130494654179 0.78780257701873779
vt 0.019970430061221123 0.77832168340682983
vt 0.027870343998074532 0.77154844999313354
vt 0.036079727113246918 0.76764214038848877
vt 0.044105254113674164 0.76642352342605591
vt 0.35284203290939331 0.76642352342605591
vt 0.36086755990982056 0.76764214038848877
vt 0.3690769374370575 0.77154844999313354
vt 0.37697687745094299 0.77832168340682983
vt 0.38402917981147766 0.78780257701873779
vt 0.38975793123245239 0.79947388172149658
vt 0.39385059475898743 0.81254798173904419
vt 0.39621096849441528 0.82613420486450195
vt 0.39694729447364807 0.83941620588302612
vt 0.39694729447364807 0.92700737714767456
vt 0.39621096849441528 0.94028931856155396
vt 0.39385059475898743 0.95387554168701172
vt 0.38975793123245239 0.96694964170455933
vt 0.38402917981147766 0.97862094640731812
vt 0.37697687745094299 0.98810189962387085
vt 0.3690769374370575 0.99487507343292236
vt 0.36086755990982056 0.99878144264221191
vt 0.35284203290939331 1
vt 0.044105254113674164 1
vt 0.036079727113246918 0.99878144264221191
vt 0.027870343998074532 0.99487507343292236
vt 0.019970430061221123 0.98810189962387085
vt 0.012918130494654179 0.97862094640731812
vt 0.0071893543936312199 0.96694964170455933
vt 0.0030967048369348049 0.95387554168701172
vt 0.00073632097337394953 0.94028931856155396
vt 0 0.92700737714767456
vn 1 0 0
vn 1 0 0
vn 0.98330539464950562 0.18196305632591248 0
vn 0.98330539464950562 0.18196305632591248 0
vn 0.92978829145431519 0.36809471249580383 0
vn 0.92978829145431519 0.36809471249580383 0
vn 0.83699548244476318 0.54720973968505859 0
vn 0.83699548244476318 0.54720973968505859 0
vn 0.70710676908493042 0.70710676908493042 0
vn 0.70710676908493042 0.70710676908493042 0
vn 0.54720973968505859 0.83699548244476318 0
vn 0.54720973968505859 0.83699548244476318 0
vn 0.36809471249580383 0.92978829145431519 0
vn 0.36809471249580383 0.92978829145431519 0
vn 0.18196305632591248 0.98330539464950562 0
vn 0.18196305632591248 0.98330539464950562 0
vn 0 1 0
vn 0 1 0
vn 0 1 0
vn 0 1 0
vn -0.18196305632591248 0.98330539464950562 0
vn -0.18196305632591248 0.98330539464950562 0
vn -0.36809471249580383 0.92978829145431519 0
vn -0.36809471249580383 0.92978829145431519 0
vn -0.54720973968505859 0.83699548244476318 0
vn -0.54720973968505859 0.83699548244476318 0
vn -0.70710676908493042 0.70710676908493042 0
vn -0.70710676908493042 0.70710676908493042 0
vn -0.83699548244476318 0.54720973968505859 0
vn -0.83699548244476318 0.54720973968505859 0
vn -0.92978829145431519 0.36809471249580383 0
vn -0.92978829145431519 0.36809471249580383 0
vn -0.98330539464950562 0.18196305632591248 0
vn -0.98330539464950562 0.18196305632591248 0
vn -1 0 0
vn -1 0 0
vn -1 0 0
vn -1 0 0
vn -0.98330539464950562 -0.18196305632591248 0
vn -0.98330539464950562 -0.18196305632591248 0
vn -0.92978829145431519 -0.36809471249580383 0
vn -0.92978829145431519 -0.36809471249580383 0
vn -0.83699548244476318 -0.54720973968505859 0
vn -0.83699548244476318 -0.54720973968505859 0
vn -0.70710676908493042 -0.70710676908493042 0
vn -0.70710676908493042 -0.70710676908493042 0
vn -0.54720973968505859 -0.83699548244476318 0
vn -0.54720973968505859 -0.83699548244476318 0
vn -0.36809471249580383 -0.92978829145431519 0
vn -0.36809471249580383 -0.92978829145431519 0
vn -0.18196305632591248 -0.98330539464950562 0
vn -0.18196305632591248 -0.98330539464950562 0
vn 0 -1 0
vn 0 -1 0
vn 0 -1 0
vn 0 -1 0
vn 0.18196305632591248 -0.98330539464950562 0
vn 0.18196305632591248 -0.98330539464950562 0
vn 0.36809471249580383 -0.92978829145431519 0
vn 0.36809471249580383 -0.92978829145431519 0
vn 0.54720973968505859 -0.83699548244476318 0
vn 0.54720973968505859 -0.83699548244476318 0
vn 0.70710676908493042 -0.70710676908493042 0
vn 0.70710676908493042 -0.70710676908493042 0
vn 0.83699548244476318 -0.54720973968505859 0
vn 0.83699548244476318 -0.54720973968505859 0
vn 0.92978829145431519 -0.36809471249580383 0
vn 0.92978829145431519 -0.36809471249580383 0
vn 0.98330539464950562 -0.18196305632591248 0
vn 0.98330539464950562 -0.18196305632591248 0
vn 1 0 0
vn 1 0 0
vn 1 0 0
vn 1 0 0
vn 0 0 -1
vn 0 0 -1
vn 0 0 -1
vn 0 0 -1
vn 0 0 -1
vn 0 0 -1
vn 0 0 -1
vn 0 0 -1
vn 0 0 -1
vn 0 0 -1
vn 0 0 -1
vn 0 0 -1
vn 0 0 -1
vn 0 0 -1
vn 0 0 -1
vn 0 0 -1
vn 0 0 -1
vn 0 0 -1
vn 0 0 -1
vn 0 0 -1
vn 0 0 -1
vn 0 0 -1
vn 0 0 -1
vn 0 0 -1
vn 0 0 -1
vn 0 0 -1
vn 0 0 -1
vn 0 0 -1
vn 0 0 -1
vn 0 0 -1
vn 0 0 -1
vn 0 0 -1
vn 0 0 -1
vn 0 0 -1
vn 0 0 -1
vn 0 0 -1
vn 0 0 1
vn 0 0 1
vn 0 0 1
vn 0 0 1
vn 0 0 1
vn 0 0 1
vn 0 0 1
vn 0 0 1
vn 0 0 1
vn 0 0 1
vn 0 0 1
vn 0 0 1
vn 0 0 1
vn 0 0 1
vn 0 0 1
vn 0 0 1
vn 0 0 1
vn 0 0 1
vn 0 0 1
vn 0 0 1
vn 0 0 1
vn 0 0 1
vn 0 0 1
vn 0 0 1
vn 0 0 1
vn 0 0 1
vn 0 0 1
vn 0 0 1
vn 0 0 1
vn 0 0 1
vn 0 0 1
vn 0 0 1
vn 0 0 1
vn 0 0 1
vn 0 0 1
vn 0 0 1
f 1/1/1 3/3/3 4/4/4 2/2/2
f 3/3/3 5/5/5 6/6/6 4/4/4
f 5/5/5 7/7/7 8/8/8 6/6/6
f 7/7/7 9/9/9 10/10/10 8/8/8
f 9/9/9 11/11/11 12/12/12 10/10/10
f 11/11/11 13/13/13 14/14/14 12/12/12
f 13/13/13 15/15/15 16/16/16 14/14/14
f 15/15/15 17/17/17 18/18/18 16/16/16
f 17/17/17 19/19/19 20/20/20 18/18/18
f 19/19/19 21/21/21 22/22/22 20/20/20
f 21/21/21 23/23/23 24/24/24 22/22/22
f 23/23/23 25/25/25 26/26/26 24/24/24
f 25/25/25 27/27/27 28/28/28 26/26/26
f 27/27/27 29/29/29 30/30/30 28/28/28
f 29/29/29 31/31/31 32/32/32 30/30/30
f 31/31/31 33/33/33 34/34/34 32/32/32
f 33/33/33 35/35/35 36/36/36 34/34/34
f 35/35/35 37/37/37 38/38/38 36/36/36
f 37/37/37 39/39/39 40/40/40 38/38/38
f 39/39/39 41/41/41 42/42/42 40/40/40
f 41/41/41 43/43/43 44/44/44 42/42/42
f 43/43/43 45/45/45 46/46/46 44/44/44
f 45/45/45 47/47/47 48/48/48 46/46/46
f 47/47/47 49/49/49 50/50/50 48/48/48
f 49/49/49 51/51/51 52/52/52 50/50/50
f 51/51/51 53/53/53 54/54/54 52/52/52
f 53/53/53 55/55/55 56/56/56 54/54/54
f 55/55/55 57/57/57 58/58/58 56/56/56
f 57/57/57 59/59/59 60/60/60 58/58/58
f 59/59/59 61/61/61 62/62/62 60/60/60
f 61/61/61 63/63/63 64/64/64 62/62/62
f 63/63/63 65/65/65 66/66/66 64/64/64
f 65/65/65 67/67/67 68/68/68 66/66/66
f 67/67/67 69/69/69 70/70/70 68/68/68
f 69/69/69 71/71/71 72/72/72 70/70/70
f 71/71/71 73/73/73 74/74/74 72/72/72
f 76/76/76 78/78/78 77/77/77
f 78/78/78 76/76/76 75/75/75
f 75/75/75 81/81/81 78/78/78
f 81/81/81 83/83/83 82/82/82
f 81/81/81 80/80/80 79/79/79
f 75/75/75 83/83/83 81/81/81
f 81/81/81 79/79/79 78/78/78
f 102/102/102 83/83/83 75/75/75
f 102/102/102 109/109/109 108/108/108
f 108/108/108 107/107/107 102/102/102
f 110/110/110 109/109/109 102/102/102
f 104/104/104 106/106/106 105/105/105
f 103/103/103 102/102/102 104/104/104
f 106/106/106 104/104/104 102/102/102
f 102/102/102 107/107/107 106/106/106
f 102/102/102 75/75/75 110/110/110
f 102/102/102 84/84/84 83/83/83
f 85/85/85 84/84/84 92/92/92
f 85/85/85 87/87/87 86/86/86
f 87/87/87 85/85/85 91/91/91
f 91/91/91 89/89/89 88/88/88
f 91/91/91 85/85/85 92/92/92
f 90/90/90 89/89/89 91/91/91
f 88/88/88 87/87/87 91/91/91
f 101/101/101 92/92/92 84/84/84
f 101/101/101 99/99/99 98/98/98
f 99/99/99 101/101/101 100/100/100
f 96/96/96 101/101/101 98/98/98
f 95/95/95 94/94/94 93/93/93
f 98/98/98 97/97/97 96/96/96
f 95/95/95 93/93/93 96/96/96
f 93/93/93 101/101/101 96/96/96
f 93/93/93 92/92/92 101/101/101
f 102/102/102 101/101/101 84/84/84
f 112/112/112 113/113/113 114/114/114
f 114/114/114 111/111/111 112/112/112
f 111/111/111 114/114/114 117/117/117
f 117/117/117 118/118/118 119/119/119
f 117/117/117 115/115/115 116/116/116
f 111/111/111 117/117/117 119/119/119
f 117/117/117 114/114/114 115/115/115
f 138/138/138 111/111/111 119/119/119
f 138/138/138 144/144/144 145/145/145
f 144/144/144 138/138/138 143/143/143
f 146/146/146 138/138/138 145/145/145
f 140/140/140 141/141/141 142/142/142
f 139/139/139 140/140/140 138/138/138
f 142/142/142 138/138/138 140/140/140
f 138/138/138 142/142/142 143/143/143
f 138/138/138 146/146/146 111/111/111
f 138/138/138 119/119/119 120/120/120
f 121/121/121 128/128/128 120/120/120
f 121/121/121 122/122/122 123/123/123
f 123/123/123 127/127/127 121/121/121
f 127/127/127 124/124/124 125/125/125
f 127/127/127 128/128/128 121/121/121
f 126/126/126 127/127/127 125/125/125
f 124/124/124 127/127/127 123/123/123
f 137/137/137 120/120/120 128/128/128
f 137/137/137 134/134/134 135/135/135
f 135/135/135 136/136/136 137/137/137
f 132/132/132 134/134/134 137/137/137
f 131/131/131 129/129/129 130/130/130
f 134/134/134 132/132/132 133/133/133
f 131/131/131 132/132/132 129/129/129
f 129/129/129 132/132/132 137/137/137
f 129/129/129 137/137/137 128/128/128
f 138/138/138 120/120/120 137/137/137
usemtl diffuse_0
v -10.800000190734863 0 6.3000001907348633
v -10.800000190734863 -1.6000000238418579 6.3000001907348633
v -10.800000190734863 0 -6.3000001907348633
v -10.800000190734863 -1.6000000238418579 -6.3000001907348633
v -10.800000190734863 0 -6.3000001907348633
v -10.800000190734863 -1.6000000238418579 -6.3000001907348633
v 10.800000190734863 0 -6.3000001907348633
v 10.800000190734863 -1.6000000238418579 -6.3000001907348633
v 10.800000190734863 0 -6.3000001907348633
v 10.800000190734863 -1.6000000238418579 -6.3000001907348633
v 10.800000190734863 0 6.3000001907348633
v 10.800000190734863 -1.6000000238418579 6.3000001907348633
v 10.800000190734863 0 6.3000001907348633
v 10.800000190734863 -1.6000000238418579 6.3000001907348633
v -10.800000190734863 0 6.3000001907348633
v -10.800000190734863 -1.6000000238418579 6.3000001907348633
v -6.8499999046325684 0 -3.9500000476837158
v -6.8499999046325684 -1.6000000238418579 -3.9500000476837158
v -6.8564720153808594 0 -4.0937671661376953
v -6.8564720153808594 -1.6000000238418579 -4.0937671661376953
v -6.876711368560791 0 -4.2411408424377441
v -6.876711368560791 -1.6000000238418579 -4.2411408424377441
v -6.9117617607116699 0 -4.3902530670166016
v -6.9117617607116699 -1.6000000238418579 -4.3902530670166016
v -6.962338924407959 0 -4.5389513969421387
v -6.962338924407959 -1.6000000238418579 -4.5389513969421387
v -7.0287456512451172 0 -4.6848711967468262
v -7.0287456512451172 -1.6000000238418579 -4.6848711967468262
v -7.1108074188232422 0 -4.825535774230957
v -7.1108074188232422 -1.6000000238418579 -4.825535774230957
v -7.2078347206115723 0 -4.9584770202636719
v -7.2078347206115723 -1.6000000238418579 -4.9584770202636719
v -7.318629264831543 0 -5.0813708305358887
v -7.318629264831543 -1.6000000238418579 -5.0813708305358887
v -7.4415230751037598 0 -5.1921648979187012
v -7.4415230751037598 -1.6000000238418579 -5.1921648979187012
v -7.5744643211364746 0 -5.2891926765441895
v -7.5744643211364746 -1.6000000238418579 -5.2891926765441895
v -7.7151284217834473 0 -5.3712544441223145
v -7.7151284217834473 -1.6000000238418579 -5.3712544441223145
v -7.861048698425293 0 -5.4376611709594727
v -7.861048698425293 -1.6000000238418579 -5.4376611709594727
v -8.0097465515136719 0 -5.4882383346557617
v -8.0097465515136719 -1.6000000238418579 -5.4882383346557617
v -8.1588592529296875 0 -5.5232887268066406
v -8.1588592529296875 -1.6000000238418579 -5.5232887268066406
v -8.3062324523925781 0 -5.5435280799865723
v -8.3062324523925781 -1.6000000238418579 -5.5435280799865723
v -8.4499998092651367 0 -5.5500001907348633
v -8.4499998092651367 -1.6000000238418579 -5.5500001907348633
v -8.5937671661376953 0 -5.5435280799865723
v -8.5937671661376953 -1.6000000238418579 -5.5435280799865723
v -8.7411413192749023 0 -5.5232887268066406
v -8.7411413192749023 -1.6000000238418579 -5.5232887268066406
v -8.8902530670166016 0 -5.4882383346557617
v -8.8902530670166016 -1.6000000238418579 -5.4882383346557617
v -9.0389518737792969 0 -5.4376611709594727
v -9.0389518737792969 -1.6000000238418579 -5.4376611709594727
v -9.1848716735839844 0 -5.3712544441223145
v -9.1848716735839844 -1.6000000238418579 -5.3712544441223145
v -9.325535774230957 0 -5.2891926765441895
v -9.325535774230957 -1.6000000238418579 -5.2891926765441895
v -9.4584770202636719 0 -5.1921648979187012
v -9.4584770202636719 -1.6000000238418579 -5.1921648979187012
v -9.5813713073730469 0 -5.0813708305358887
v -9.5813713073730469 -1.6000000238418579 -5.0813708305358887
v -9.6921653747558594 0 -4.9584770202636719
v -9.6921653747558594 -1.6000000238418579 -4.9584770202636719
v -9.7891931533813477 0 -4.825535774230957
v -9.7891931533813477 -1.6000000238418579 -4.825535774230957
v -9.8712539672851563 0 -4.6848711967468262
v -9.8712539672851563 -1.6000000238418579 -4.6848711967468262
v -9.9376611709594727 0 -4.5389513969421387
v -9.9376611709594727 -1.6000000238418579 -4.5389513969421387
v -9.9882383346557617 0 -4.3902530670166016
v -9.9882383346557617 -1.6000000238418579 -4.3902530670166016
v -10.023288726806641 0 -4.2411408424377441
v -10.023288726806641 -1.6000000238418579 -4.2411408424377441
v -10.043527603149414 0 -4.0937671661376953
v -10.043527603149414 -1.6000000238418579 -4.0937671661376953
v -10.050000190734863 0 -3.9500000476837158
v -10.050000190734863 -1.6000000238418579 -3.9500000476837158
v -10.043527603149414 0 -3.8062329292297363
v -10.043527603149414 -1.6000000238418579 -3.8062329292297363
v -10.023288726806641 0 -3.6588590145111084
v -10.023288726806641 -1.6000000238418579 -3.6588590145111084
v -9.9882383346557617 0 -3.509746789932251
v -9.9882383346557617 -1.6000000238418579 -3.509746789932251
v -9.9376611709594727 0 -3.3610484600067139
v -9.9376611709594727 -1.6000000238418579 -3.3610484600067139
v -9.8712539672851563 0 -3.2151286602020264
v -9.8712539672851563 -1.6000000238418579 -3.2151286602020264
v -9.7891931533813477 0 -3.0744643211364746
v -9.7891931533813477 -1.6000000238418579 -3.0744643211364746
v -9.6921653747558594 0 -2.9415230751037598
v -9.6921653747558594 -1.6000000238418579 -2.9415230751037598
v -9.5813713073730469 0 -2.818629264831543
v -9.5813713073730469 -1.6000000238418579 -2.818629264831543
v -9.4584770202636719 0 -2.7078349590301514
v -9.4584770202636719 -1.6000000238418579 -2.7078349590301514
v -9.325535774230957 0 -2.6108071804046631
v -9.325535774230957 -1.6000000238418579 -2.6108071804046631
v -9.1848716735839844 0 -2.5287456512451172
v -9.1848716735839844 -1.6000000238418579 -2.5287456512451172
v -9.0389518737792969 0 -2.4623386859893799
v -9.0389518737792969 -1.6000000238418579 -2.4623386859893799
v -8.8902530670166016 0 -2.4117617607116699
v -8.8902530670166016 -1.6000000238418579 -2.4117617607116699
v -8.7411413192749023 0 -2.376711368560791
v -8.7411413192749023 -1.6000000238418579 -2.376711368560791
v -8.5937671661376953 0 -2.3564722537994385
v -8.5937671661376953 -1.6000000238418579 -2.3564722537994385
v -8.4499998092651367 0 -2.3499999046325684
v -8.4499998092651367 -1.6000000238418579 -2.3499999046325684
v -8.3062324523925781 0 -2.3564722537994385
v -8.3062324523925781 -1.6000000238418579 -2.3564722537994385
v -8.1588592529296875 0 -2.376711368560791
v -8.1588592529296875 -1.6000000238418579 -2.376711368560791
v -8.0097465515136719 0 -2.4117617607116699
v -8.0097465515136719 -1.6000000238418579 -2.4117617607116699
v -7.861048698425293 0 -2.4623386859893799
v -7.861048698425293 -1.6000000238418579 -2.4623386859893799
v -7.7151284217834473 0 -2.5287456512451172
v -7.7151284217834473 -1.6000000238418579 -2.5287456512451172
v -7.5744643211364746 0 -2.6108071804046631
v -7.5744643211364746 -1.6000000238418579 -2.6108071804046631
v -7.4415230751037598 0 -2.7078349590301514
v -7.4415230751037598 -1.6000000238418579 -2.7078349590301514
v -7.318629264831543 0 -2.818629264831543
v -7.318629264831543 -1.6000000238418579 -2.818629264831543
v -7.2078347206115723 0 -2.9415230751037598
v -7.2078347206115723 -1.6000000238418579 -2.9415230751037598
v -7.1108074188232422 0 -3.0744643211364746
v -7.1108074188232422 -1.6000000238418579 -3.0744643211364746
v -7.0287456512451172 0 -3.2151286602020264
v -7.0287456512451172 -1.6000000238418579 -3.2151286602020264
v -6.962338924407959 0 -3.3610484600067139
v -6.962338924407959 -1.6000000238418579 -3.3610484600067139
v -6.9117617607116699 0 -3.509746789932251
v -6.9117617607116699 -1.6000000238418579 -3.509746789932251
v -6.876711368560791 0 -3.6588590145111084
v -6.876711368560791 -1.6000000238418579 -3.6588590145111084
v -6.8564720153808594 0 -3.8062329292297363
v -6.8564720153808594 -1.6000000238418579 -3.8062329292297363
v -6.8499999046325684 0 -3.9500000476837158
v -6.8499999046325684 -1.6000000238418579 -3.9500000476837158
v 6.8499999046325684 0 -3.9500000476837158
v 6.8499999046325684 -1.6000000238418579 -3.9500000476837158
v 6.8564720153808594 0 -3.8062329292297363
v 6.8564720153808594 -1.6000000238418579 -3.8062329292297363
v 6.876711368560791 0 -3.6588590145111084
v 6.876711368560791 -1.6000000238418579 -3.6588590145111084
v 6.9117617607116699 0 -3.509746789932251
v 6.9117617607116699 -1.6000000238418579 -3.509746789932251
v 6.962338924407959 0 -3.3610484600067139
v 6.962338924407959 -1.6000000238418579 -3.3610484600067139
v 7.0287456512451172 0 -3.2151286602020264
v 7.0287456512451172 -1.6000000238418579 -3.2151286602020264
v 7.1108074188232422 0 -3.0744643211364746
v 7.1108074188232422 -1.6000000238418579 -3.0744643211364746
v 7.2078347206115723 0 -2.9415230751037598
v 7.2078347206115723 -1.6000000238418579 -2.9415230751037598
v 7.318629264831543 0 -2.818629264831543
v 7.318629264831543 -1.6000000238418579 -2.818629264831543
v 7.4415230751037598 0 -2.7078349590301514
v 7.4415230751037598 -1.6000000238418579 -2.7078349590301514
v 7.5744643211364746 0 -2.6108071804046631
v 7.5744643211364746 -1.6000000238418579 -2.6108071804046631
v 7.7151284217834473 0 -2.5287456512451172
v 7.7151284217834473 -1.6000000238418579 -2.5287456512451172
v 7.861048698425293 0 -2.4623386859893799
v 7.861048698425293 -1.6000000238418579 -2.4623386859893799
v 8.0097465515136719 0 -2.4117617607116699
v 8.0097465515136719 -1.6000000238418579 -2.4117617607116699
v 8.1588592529296875 0 -2.376711368560791
v 8.1588592529296875 -1.6000000238418579 -2.376711368560791
v 8.3062324523925781 0 -2.3564722537994385
v 8.3062324523925781 -1.6000000238418579 -2.3564722537994385
v 8.4499998092651367 0 -2.3499999046325684
v 8.4499998092651367 -1.6000000238418579 -2.3499999046325684
v 8.5937671661376953 0 -2.3564722537994385
v 8.5937671661376953 -1.6000000238418579 -2.3564722537994385
v 8.7411413192749023 0 -2.376711368560791
v 8.7411413192749023 -1.6000000238418579 -2.376711368560791
v 8.8902530670166016 0 -2.4117617607116699
v 8.8902530670166016 -1.6000000238418579 -2.4117617607116699
v 9.0389518737792969 0 -2.4623386859893799
v 9.0389518737792969 -1.6000000238418579 -2.4623386859893799
v 9.1848716735839844 0 -2.5287456512451172
v 9.1848716735839844 -1.6000000238418579 -2.5287456512451172
v 9.325535774230957 0 -2.6108071804046631
v 9.325535774230957 -1.6000000238418579 -2.6108071804046631
v 9.4584770202636719 0 -2.7078349590301514
v 9.4584770202636719 -1.6000000238418579 -2.7078349590301514
v 9.5813713073730469 0 -2.818629264831543
v 9.5813713073730469 -1.6000000238418579 -2.818629264831543
v 9.6921653747558594 0 -2.9415230751037598
v 9.6921653747558594 -1.6000000238418579 -2.9415230751037598
v 9.7891931533813477 0 -3.0744643211364746
v 9.7891931533813477 -1.6000000238418579 -3.0744643211364746
v 9.8712539672851563 0 -3.2151286602020264
v 9.8712539672851563 -1.6000000238418579 -3.2151286602020264
v 9.9376611709594727 0 -3.3610484600067139
v 9.9376611709594727 -1.6000000238418579 -3.3610484600067139
v 9.9882383346557617 0 -3.509746789932251
v 9.9882383346557617 -1.6000000238418579 -3.509746789932251
v 10.023288726806641 0 -3.6588590145111084
v 10.023288726806641 -1.6000000238418579 -3.6588590145111084
v 10.043527603149414 0 -3.8062329292297363
v 10.043527603149414 -1.6000000238418579 -3.8062329292297363
v 10.050000190734863 0 -3.9500000476837158
v 10.050000190734863 -1.6000000238418579 -3.9500000476837158
v 10.043527603149414 0 -4.0937671661376953
v 10.043527603149414 -1.6000000238418579 -4.0937671661376953
v 10.023288726806641 0 -4.2411408424377441
v 10.023288726806641 -1.6000000238418579 -4.2411408424377441
v 9.9882383346557617 0 -4.3902530670166016
v 9.9882383346557617 -1.6000000238418579 -4.3902530670166016
v 9.9376611709594727 0 -4.5389513969421387
v 9.9376611709594727 -1.6000000238418579 -4.5389513969421387
v 9.8712539672851563 0 -4.6848711967468262
v 9.8712539672851563 -1.6000000238418579 -4.6848711967468262
v 9.7891931533813477 0 -4.825535774230957
v 9.7891931533813477 -1.6000000238418579 -4.825535774230957
v 9.6921653747558594 0 -4.9584770202636719
v 9.6921653747558594 -1.6000000238418579 -4.9584770202636719
v 9.5813713073730469 0 -5.0813708305358887
v 9.5813713073730469 -1.6000000238418579 -5.0813708305358887
v 9.4584770202636719 0 -5.1921648979187012
v 9.4584770202636719 -1.6000000238418579 -5.1921648979187012
v 9.325535774230957 0 -5.2891926765441895
v 9.325535774230957 -1.6000000238418579 -5.2891926765441895
v 9.1848716735839844 0 -5.3712544441223145
v 9.1848716735839844 -1.6000000238418579 -5.3712544441223145
v 9.0389518737792969 0 -5.4376611709594727
v 9.0389518737792969 -1.6000000238418579 -5.4376611709594727
v 8.8902530670166016 0 -5.4882383346557617
v 8.8902530670166016 -1.6000000238418579 -5.4882383346557617
v 8.7411413192749023 0 -5.5232887268066406
v 8.7411413192749023 -1.6000000238418579 -5.5232887268066406
v 8.5937671661376953 0 -5.5435280799865723
v 8.5937671661376953 -1.6000000238418579 -5.5435280799865723
v 8.4499998092651367 0 -5.5500001907348633
v 8.4499998092651367 -1.6000000238418579 -5.5500001907348633
v 8.3062324523925781 0 -5.5435280799865723
v 8.3062324523925781 -1.6000000238418579 -5.5435280799865723
v 8.1588592529296875 0 -5.5232887268066406
v 8.1588592529296875 -1.6000000238418579 -5.5232887268066406
v 8.0097465515136719 0 -5.4882383346557617
v 8.0097465515136719 -1.6000000238418579 -5.4882383346557617
v 7.861048698425293 0 -5.4376611709594727
v 7.861048698425293 -1.6000000238418579 -5.4376611709594727
v 7.7151284217834473 0 -5.3712544441223145
v 7.7151284217834473 -1.6000000238418579 -5.3712544441223145
v 7.5744643211364746 0 -5.2891926765441895
v 7.5744643211364746 -1.6000000238418579 -5.2891926765441895
v 7.4415230751037598 0 -5.1921648979187012
v 7.4415230751037598 -1.6000000238418579 -5.1921648979187012
v 7.318629264831543 0 -5.0813708305358887
v 7.318629264831543 -1.6000000238418579 -5.0813708305358887
v 7.2078347206115723 0 -4.9584770202636719
v 7.2078347206115723 -1.6000000238418579 -4.9584770202636719
v 7.1108074188232422 0 -4.825535774230957
v 7.1108074188232422 -1.6000000238418579 -4.825535774230957
v 7.0287456512451172 0 -4.6848711967468262
v 7.0287456512451172 -1.6000000238418579 -4.6848711967468262
v 6.962338924407959 0 -4.5389513969421387
v 6.962338924407959 -1.6000000238418579 -4.5389513969421387
v 6.9117617607116699 0 -4.3902530670166016
v 6.9117617607116699 -1.6000000238418579 -4.3902530670166016
v 6.876711368560791 0 -4.2411408424377441
v 6.876711368560791 -1.6000000238418579 -4.2411408424377441
v 6.8564720153808594 0 -4.0937671661376953
v 6.8564720153808594 -1.6000000238418579 -4.0937671661376953
v 6.8499999046325684 0 -3.9500000476837158
v 6.8499999046325684 -1.6000000238418579 -3.9500000476837158
v -5.75 0 4.8000001907348633
v -5.75 -1.6000000238418579 4.8000001907348633
v -5.7520227432250977 0 4.7550725936889648
v -5.7520227432250977 -1.6000000238418579 4.7550725936889648
v -5.7583475112915039 0 4.7090187072753906
v -5.7583475112915039 -1.6000000238418579 4.7090187072753906
v -5.7693004608154297 0 4.6624207496643066
v -5.7693004608154297 -1.6000000238418579 4.6624207496643066
v -5.7851057052612305 0 4.6159524917602539
v -5.7851057052612305 -1.6000000238418579 4.6159524917602539
v -5.8058581352233887 0 4.5703525543212891
v -5.8058581352233887 -1.6000000238418579 4.5703525543212891
v -5.8315024375915527 0 4.526395320892334
v -5.8315024375915527 -1.6000000238418579 4.526395320892334
v -5.861823558807373 0 4.4848508834838867
v -5.861823558807373 -1.6000000238418579 4.4848508834838867
v -5.896446704864502 0 4.446446418762207
v -5.896446704864502 -1.6000000238418579 4.446446418762207
v -5.9348511695861816 0 4.4118232727050781
v -5.9348511695861816 -1.6000000238418579 4.4118232727050781
v -5.9763951301574707 0 4.3815021514892578
v -5.9763951301574707 -1.6000000238418579 4.3815021514892578
v -6.020352840423584 0 4.3558578491210938
v -6.020352840423584 -1.6000000238418579 4.3558578491210938
v -6.0659527778625488 0 4.3351058959960938
v -6.0659527778625488 -1.6000000238418579 4.3351058959960938
v -6.1124210357666016 0 4.319300651550293
v -6.1124210357666016 -1.6000000238418579 4.319300651550293
v -6.1590185165405273 0 4.308347225189209
v -6.1590185165405273 -1.6000000238418579 4.308347225189209
v -6.2050728797912598 0 4.3020224571228027
v -6.2050728797912598 -1.6000000238418579 4.3020224571228027
v -6.25 0 4.3000001907348633
v -6.25 -1.6000000238418579 4.3000001907348633
v -6.2949271202087402 0 4.3020224571228027
v -6.2949271202087402 -1.6000000238418579 4.3020224571228027
v -6.3409814834594727 0 4.308347225189209
v -6.3409814834594727 -1.6000000238418579 4.308347225189209
v -6.3875789642333984 0 4.319300651550293
v -6.3875789642333984 -1.6000000238418579 4.319300651550293
v -6.4340472221374512 0 4.3351058959960938
v -6.4340472221374512 -1.6000000238418579 4.3351058959960938
v -6.479647159576416 0 4.3558578491210938
v -6.479647159576416 -1.6000000238418579 4.3558578491210938
v -6.5236048698425293 0 4.3815021514892578
v -6.5236048698425293 -1.6000000238418579 4.3815021514892578
v -6.5651488304138184 0 4.4118232727050781
v -6.5651488304138184 -1.6000000238418579 4.4118232727050781
v -6.603553295135498 0 4.446446418762207
v -6.603553295135498 -1.6000000238418579 4.446446418762207
v -6.638176441192627 0 4.4848508834838867
v -6.638176441192627 -1.6000000238418579 4.4848508834838867
v -6.6684975624084473 0 4.526395320892334
v -6.6684975624084473 -1.6000000238418579 4.526395320892334
v -6.6941418647766113 0 4.5703525543212891
v -6.6941418647766113 -1.6000000238418579 4.5703525543212891
v -6.7148942947387695 0 4.6159524917602539
v -6.7148942947387695 -1.6000000238418579 4.6159524917602539
v -6.7306995391845703 0 4.6624207496643066
v -6.7306995391845703 -1.6000000238418579 4.6624207496643066
v -6.7416524887084961 0 4.7090187072753906
v -6.7416524887084961 -1.6000000238418579 4.7090187072753906
v -6.7479772567749023 0 4.7550725936889648
v -6.7479772567749023 -1.6000000238418579 4.7550725936889648
v -6.75 0 4.8000001907348633
v -6.75 -1.6000000238418579 4.8000001907348633
v -6.7479772567749023 0 4.8449273109436035
v -6.7479772567749023 -1.6000000238418579 4.8449273109436035
v -6.7416524887084961 0 4.8909816741943359
v -6.7416524887084961 -1.6000000238418579 4.8909816741943359
v -6.7306995391845703 0 4.9375791549682617
v -6.7306995391845703 -1.6000000238418579 4.9375791549682617
v -6.7148942947387695 0 4.9840474128723145
v -6.7148942947387695 -1.6000000238418579 4.9840474128723145
v -6.6941418647766113 0 5.0296473503112793
v -6.6941418647766113 -1.6000000238418579 5.0296473503112793
v -6.6684975624084473 0 5.0736050605773926
v -6.6684975624084473 -1.6000000238418579 5.0736050605773926
v -6.638176441192627 0 5.1151490211486816
v -6.638176441192627 -1.6000000238418579 5.1151490211486816
v -6.603553295135498 0 5.1535534858703613
v -6.603553295135498 -1.6000000238418579 5.1535534858703613
v -6.5651488304138184 0 5.1881766319274902
v -6.5651488304138184 -1.6000000238418579 5.1881766319274902
v -6.5236048698425293 0 5.2184977531433105
v -6.5236048698425293 -1.6000000238418579 5.2184977531433105
v -6.479647159576416 0 5.2441420555114746
v -6.479647159576416 -1.6000000238418579 5.2441420555114746
v -6.4340472221374512 0 5.2648940086364746
v -6.4340472221374512 -1.6000000238418579 5.2648940086364746
v -6.3875789642333984 0 5.2806992530822754
v -6.3875789642333984 -1.6000000238418579 5.2806992530822754
v -6.3409814834594727 0 5.2916526794433594
v -6.3409814834594727 -1.6000000238418579 5.2916526794433594
v -6.2949271202087402 0 5.2979774475097656
v -6.2949271202087402 -1.6000000238418579 5.2979774475097656
v -6.25 0 5.3000001907348633
v -6.25 -1.6000000238418579 5.3000001907348633
v -6.2050728797912598 0 5.2979774475097656
v -6.2050728797912598 -1.6000000238418579 5.2979774475097656
v -6.1590185165405273 0 5.2916526794433594
v -6.1590185165405273 -1.6000000238418579 5.2916526794433594
v -6.1124210357666016 0 5.2806992530822754
v -6.1124210357666016 -1.6000000238418579 5.2806992530822754
v -6.0659527778625488 0 5.2648940086364746
v -6.0659527778625488 -1.6000000238418579 5.2648940086364746
v -6.020352840423584 0 5.2441420555114746
v -6.020352840423584 -1.6000000238418579 5.2441420555114746
v -5.9763951301574707 0 5.2184977531433105
v -5.9763951301574707 -1.6000000238418579 5.2184977531433105
v -5.9348511695861816 0 5.1881766319274902
v -5.9348511695861816 -1.6000000238418579 5.1881766319274902
v -5.896446704864502 0 5.1535534858703613
v -5.896446704864502 -1.6000000238418579 5.1535534858703613
v -5.861823558807373 0 5.1151490211486816
v -5.861823558807373 -1.6000000238418579 5.1151490211486816
v -5.8315024375915527 0 5.0736050605773926
v -5.8315024375915527 -1.6000000238418579 5.0736050605773926
v -5.8058581352233887 0 5.0296473503112793
v -5.8058581352233887 -1.6000000238418579 5.0296473503112793
v -5.7851057052612305 0 4.9840474128723145
v -5.7851057052612305 -1.6000000238418579 4.9840474128723145
v -5.7693004608154297 0 4.9375791549682617
v -5.7693004608154297 -1.6000000238418579 4.9375791549682617
v -5.7583475112915039 0 4.8909816741943359
v -5.7583475112915039 -1.6000000238418579 4.8909816741943359
v -5.7520227432250977 0 4.8449273109436035
v -5.7520227432250977 -1.6000000238418579 4.8449273109436035
v -5.75 0 4.8000001907348633
v -5.75 -1.6000000238418579 4.8000001907348633
v -3.25 0 4.8000001907348633
v -3.25 -1.6000000238418579 4.8000001907348633
v -3.2520225048065186 0 4.7550725936889648
v -3.2520225048065186 -1.6000000238418579 4.7550725936889648
v -3.2583472728729248 0 4.7090187072753906
v -3.2583472728729248 -1.6000000238418579 4.7090187072753906
v -3.2693004608154297 0 4.6624207496643066
v -3.2693004608154297 -1.6000000238418579 4.6624207496643066
v -3.2851059436798096 0 4.6159524917602539
v -3.2851059436798096 -1.6000000238418579 4.6159524917602539
v -3.3058578968048096 0 4.5703525543212891
v -3.3058578968048096 -1.6000000238418579 4.5703525543212891
v -3.3315021991729736 0 4.526395320892334
v -3.3315021991729736 -1.6000000238418579 4.526395320892334
v -3.3618233203887939 0 4.4848508834838867
v -3.3618233203887939 -1.6000000238418579 4.4848508834838867
v -3.396446704864502 0 4.446446418762207
v -3.396446704864502 -1.6000000238418579 4.446446418762207
v -3.4348509311676025 0 4.4118232727050781
v -3.4348509311676025 -1.6000000238418579 4.4118232727050781
v -3.4763951301574707 0 4.3815021514892578
v -3.4763951301574707 -1.6000000238418579 4.3815021514892578
v -3.5203526020050049 0 4.3558578491210938
v -3.5203526020050049 -1.6000000238418579 4.3558578491210938
v -3.5659525394439697 0 4.3351058959960938
v -3.5659525394439697 -1.6000000238418579 4.3351058959960938
v -3.6124207973480225 0 4.319300651550293
v -3.6124207973480225 -1.6000000238418579 4.319300651550293
v -3.6590185165405273 0 4.308347225189209
v -3.6590185165405273 -1.6000000238418579 4.308347225189209
v -3.7050728797912598 0 4.3020224571228027
v -3.7050728797912598 -1.6000000238418579 4.3020224571228027
v -3.75 0 4.3000001907348633
v -3.75 -1.6000000238418579 4.3000001907348633
v -3.7949271202087402 0 4.3020224571228027
v -3.7949271202087402 -1.6000000238418579 4.3020224571228027
v -3.8409814834594727 0 4.308347225189209
v -3.8409814834594727 -1.6000000238418579 4.308347225189209
v -3.8875792026519775 0 4.319300651550293
v -3.8875792026519775 -1.6000000238418579 4.319300651550293
v -3.9340474605560303 0 4.3351058959960938
v -3.9340474605560303 -1.6000000238418579 4.3351058959960938
v -3.9796473979949951 0 4.3558578491210938
v -3.9796473979949951 -1.6000000238418579 4.3558578491210938
v -4.0236048698425293 0 4.3815021514892578
v -4.0236048698425293 -1.6000000238418579 4.3815021514892578
v -4.0651488304138184 0 4.4118232727050781
v -4.0651488304138184 -1.6000000238418579 4.4118232727050781
v -4.103553295135498 0 4.446446418762207
v -4.103553295135498 -1.6000000238418579 4.446446418762207
v -4.138176441192627 0 4.4848508834838867
v -4.138176441192627 -1.6000000238418579 4.4848508834838867
v -4.1684975624084473 0 4.526395320892334
v -4.1684975624084473 -1.6000000238418579 4.526395320892334
v -4.1941418647766113 0 4.5703525543212891
v -4.1941418647766113 -1.6000000238418579 4.5703525543212891
v -4.2148942947387695 0 4.6159524917602539
v -4.2148942947387695 -1.6000000238418579 4.6159524917602539
v -4.2306995391845703 0 4.6624207496643066
v -4.2306995391845703 -1.6000000238418579 4.6624207496643066
v -4.2416524887084961 0 4.7090187072753906
v -4.2416524887084961 -1.6000000238418579 4.7090187072753906
v -4.2479772567749023 0 4.7550725936889648
v -4.2479772567749023 -1.6000000238418579 4.7550725936889648
v -4.25 0 4.8000001907348633
v -4.25 -1.6000000238418579 4.8000001907348633
v -4.2479772567749023 0 4.8449273109436035
v -4.2479772567749023 -1.6000000238418579 4.8449273109436035
v -4.2416524887084961 0 4.8909816741943359
v -4.2416524887084961 -1.6000000238418579 4.8909816741943359
v -4.2306995391845703 0 4.9375791549682617
v -4.2306995391845703 -1.6000000238418579 4.9375791549682617
v -4.2148942947387695 0 4.9840474128723145
v -4.2148942947387695 -1.6000000238418579 4.9840474128723145
v -4.1941418647766113 0 5.0296473503112793
v -4.1941418647766113 -1.6000000238418579 5.0296473503112793
v -4.1684975624084473 0 5.0736050605773926
v -4.1684975624084473 -1.6000000238418579 5.0736050605773926
v -4.138176441192627 0 5.1151490211486816
v -4.138176441192627 -1.6000000238418579 5.1151490211486816
v -4.103553295135498 0 5.1535534858703613
v -4.103553295135498 -1.6000000238418579 5.1535534858703613
v -4.0651488304138184 0 5.1881766319274902
v -4.0651488304138184 -1.6000000238418579 5.1881766319274902
v -4.0236048698425293 0 5.2184977531433105
v -4.0236048698425293 -1.6000000238418579 5.2184977531433105
v -3.9796473979949951 0 5.2441420555114746
v -3.9796473979949951 -1.6000000238418579 5.2441420555114746
v -3.9340474605560303 0 5.2648940086364746
v -3.9340474605560303 -1.6000000238418579 5.2648940086364746
v -3.8875792026519775 0 5.2806992530822754
v -3.8875792026519775 -1.6000000238418579 5.2806992530822754
v -3.8409814834594727 0 5.2916526794433594
v -3.8409814834594727 -1.6000000238418579 5.2916526794433594
v -3.7949271202087402 0 5.2979774475097656
v -3.7949271202087402 -1.6000000238418579 5.2979774475097656
v -3.75 0 5.3000001907348633
v -3.75 -1.6000000238418579 5.3000001907348633
v -3.7050728797912598 0 5.2979774475097656
v -3.7050728797912598 -1.6000000238418579 5.2979774475097656
v -3.6590185165405273 0 5.2916526794433594
v -3.6590185165405273 -1.6000000238418579 5.2916526794433594
v -3.6124207973480225 0 5.2806992530822754
v -3.6124207973480225 -1.6000000238418579 5.2806992530822754
v -3.5659525394439697 0 5.2648940086364746
v -3.5659525394439697 -1.6000000238418579 5.2648940086364746
v -3.5203526020050049 0 5.2441420555114746
v -3.5203526020050049 -1.6000000238418579 5.2441420555114746
v -3.4763951301574707 0 5.2184977531433105
v -3.4763951301574707 -1.6000000238418579 5.2184977531433105
v -3.4348509311676025 0 5.1881766319274902
v -3.4348509311676025 -1.6000000238418579 5.1881766319274902
v -3.396446704864502 0 5.1535534858703613
v -3.396446704864502 -1.6000000238418579 5.1535534858703613
v -3.3618233203887939 0 5.1151490211486816
v -3.3618233203887939 -1.6000000238418579 5.1151490211486816
v -3.3315021991729736 0 5.0736050605773926
v -3.3315021991729736 -1.6000000238418579 5.0736050605773926
v -3.3058578968048096 0 5.0296473503112793
v -3.3058578968048096 -1.6000000238418579 5.0296473503112793
v -3.2851059436798096 0 4.9840474128723145
v -3.2851059436798096 -1.6000000238418579 4.9840474128723145
v -3.2693004608154297 0 4.9375791549682617
v -3.2693004608154297 -1.6000000238418579 4.9375791549682617
v -3.2583472728729248 0 4.8909816741943359
v -3.2583472728729248 -1.6000000238418579 4.8909816741943359
v -3.2520225048065186 0 4.8449273109436035
v -3.2520225048065186 -1.6000000238418579 4.8449273109436035
v -3.25 0 4.8000001907348633
v -3.25 -1.6000000238418579 4.8000001907348633
v -0.75 0 4.8000001907348633
v -0.75 -1.6000000238418579 4.8000001907348633
v -0.75202256441116333 0 4.7550725936889648
v -0.75202256441116333 -1.6000000238418579 4.7550725936889648
v -0.75834733247756958 0 4.7090187072753906
v -0.75834733247756958 -1.6000000238418579 4.7090187072753906
v -0.76930052042007446 0 4.6624207496643066
v -0.76930052042007446 -1.6000000238418579 4.6624207496643066
v -0.78510582447052002 0 4.6159524917602539
v -0.78510582447052002 -1.6000000238418579 4.6159524917602539
v -0.80585801601409912 0 4.5703525543212891
v -0.80585801601409912 -1.6000000238418579 4.5703525543212891
v -0.83150225877761841 0 4.526395320892334
v -0.83150225877761841 -1.6000000238418579 4.526395320892334
v -0.86182337999343872 0 4.4848508834838867
v -0.86182337999343872 -1.6000000238418579 4.4848508834838867
v -0.8964465856552124 0 4.446446418762207
v -0.8964465856552124 -1.6000000238418579 4.446446418762207
v -0.93485093116760254 0 4.4118232727050781
v -0.93485093116760254 -1.6000000238418579 4.4118232727050781
v -0.9763951301574707 0 4.3815021514892578
v -0.9763951301574707 -1.6000000238418579 4.3815021514892578
v -1.0203527212142944 0 4.3558578491210938
v -1.0203527212142944 -1.6000000238418579 4.3558578491210938
v -1.0659526586532593 0 4.3351058959960938
v -1.0659526586532593 -1.6000000238418579 4.3351058959960938
v -1.112420916557312 0 4.319300651550293
v -1.112420916557312 -1.6000000238418579 4.319300651550293
v -1.1590185165405273 0 4.308347225189209
v -1.1590185165405273 -1.6000000238418579 4.308347225189209
v -1.2050727605819702 0 4.3020224571228027
v -1.2050727605819702 -1.6000000238418579 4.3020224571228027
v -1.25 0 4.3000001907348633
v -1.25 -1.6000000238418579 4.3000001907348633
v -1.2949272394180298 0 4.3020224571228027
v -1.2949272394180298 -1.6000000238418579 4.3020224571228027
v -1.3409814834594727 0 4.308347225189209
v -1.3409814834594727 -1.6000000238418579 4.308347225189209
v -1.387579083442688 0 4.319300651550293
v -1.387579083442688 -1.6000000238418579 4.319300651550293
v -1.4340473413467407 0 4.3351058959960938
v -1.4340473413467407 -1.6000000238418579 4.3351058959960938
v -1.4796472787857056 0 4.3558578491210938
v -1.4796472787857056 -1.6000000238418579 4.3558578491210938
v -1.5236048698425293 0 4.3815021514892578
v -1.5236048698425293 -1.6000000238418579 4.3815021514892578
v -1.5651490688323975 0 4.4118232727050781
v -1.5651490688323975 -1.6000000238418579 4.4118232727050781
v -1.6035534143447876 0 4.446446418762207
v -1.6035534143447876 -1.6000000238418579 4.446446418762207
v -1.6381765604019165 0 4.4848508834838867
v -1.6381765604019165 -1.6000000238418579 4.4848508834838867
v -1.6684978008270264 0 4.526395320892334
v -1.6684978008270264 -1.6000000238418579 4.526395320892334
v -1.6941419839859009 0 4.5703525543212891
v -1.6941419839859009 -1.6000000238418579 4.5703525543212891
v -1.71489417552948 0 4.6159524917602539
v -1.71489417552948 -1.6000000238418579 4.6159524917602539
v -1.7306994199752808 0 4.6624207496643066
v -1.7306994199752808 -1.6000000238418579 4.6624207496643066
v -1.7416527271270752 0 4.7090187072753906
v -1.7416527271270752 -1.6000000238418579 4.7090187072753906
v -1.7479774951934814 0 4.7550725936889648
v -1.7479774951934814 -1.6000000238418579 4.7550725936889648
v -1.75 0 4.8000001907348633
v -1.75 -1.6000000238418579 4.8000001907348633
v -1.7479774951934814 0 4.8449273109436035
v -1.7479774951934814 -1.6000000238418579 4.8449273109436035
v -1.7416527271270752 0 4.8909816741943359
v -1.7416527271270752 -1.6000000238418579 4.8909816741943359
v -1.7306994199752808 0 4.9375791549682617
v -1.7306994199752808 -1.6000000238418579 4.9375791549682617
v -1.71489417552948 0 4.9840474128723145
v -1.71489417552948 -1.6000000238418579 4.9840474128723145
v -1.6941419839859009 0 5.0296473503112793
v -1.6941419839859009 -1.6000000238418579 5.0296473503112793
v -1.6684978008270264 0 5.0736050605773926
v -1.6684978008270264 -1.6000000238418579 5.0736050605773926
v -1.6381765604019165 0 5.1151490211486816
v -1.6381765604019165 -1.6000000238418579 5.1151490211486816
v -1.6035534143447876 0 5.1535534858703613
v -1.6035534143447876 -1.6000000238418579 5.1535534858703613
v -1.5651490688323975 0 5.1881766319274902
v -1.5651490688323975 -1.6000000238418579 5.1881766319274902
v -1.5236048698425293 0 5.2184977531433105
v -1.5236048698425293 -1.6000000238418579 5.2184977531433105
v -1.4796472787857056 0 5.2441420555114746
v -1.4796472787857056 -1.6000000238418579 5.2441420555114746
v -1.4340473413467407 0 5.2648940086364746
v -1.4340473413467407 -1.6000000238418579 5.2648940086364746
v -1.387579083442688 0 5.2806992530822754
v -1.387579083442688 -1.6000000238418579 5.2806992530822754
v -1.3409814834594727 0 5.2916526794433594
v -1.3409814834594727 -1.6000000238418579 5.2916526794433594
v -1.2949272394180298 0 5.2979774475097656
v -1.2949272394180298 -1.6000000238418579 5.2979774475097656
v -1.25 0 5.3000001907348633
v -1.25 -1.6000000238418579 5.3000001907348633
v -1.2050727605819702 0 5.2979774475097656
v -1.2050727605819702 -1.6000000238418579 5.2979774475097656
v -1.1590185165405273 0 5.2916526794433594
v -1.1590185165405273 -1.6000000238418579 5.2916526794433594
v -1.112420916557312 0 5.2806992530822754
v -1.112420916557312 -1.6000000238418579 5.2806992530822754
v -1.0659526586532593 0 5.2648940086364746
v -1.0659526586532593 -1.6000000238418579 5.2648940086364746
v -1.0203527212142944 0 5.2441420555114746
v -1.0203527212142944 -1.6000000238418579 5.2441420555114746
v -0.9763951301574707 0 5.2184977531433105
v -0.9763951301574707 -1.6000000238418579 5.2184977531433105
v -0.93485093116760254 0 5.1881766319274902
v -0.93485093116760254 -1.6000000238418579 5.1881766319274902
v -0.8964465856552124 0 5.1535534858703613
v -0.8964465856552124 -1.6000000238418579 5.1535534858703613
v -0.86182337999343872 0 5.1151490211486816
v -0.86182337999343872 -1.6000000238418579 5.1151490211486816
v -0.83150225877761841 0 5.0736050605773926
v -0.83150225877761841 -1.6000000238418579 5.0736050605773926
v -0.80585801601409912 0 5.0296473503112793
v -0.80585801601409912 -1.6000000238418579 5.0296473503112793
v -0.78510582447052002 0 4.9840474128723145
v -0.78510582447052002 -1.6000000238418579 4.9840474128723145
v -0.76930052042007446 0 4.9375791549682617
v -0.76930052042007446 -1.6000000238418579 4.9375791549682617
v -0.75834733247756958 0 4.8909816741943359
v -0.75834733247756958 -1.6000000238418579 4.8909816741943359
v -0.75202256441116333 0 4.8449273109436035
v -0.75202256441116333 -1.6000000238418579 4.8449273109436035
v -0.75 0 4.8000001907348633
v -0.75 -1.6000000238418579 4.8000001907348633
v 1.75 0 4.8000001907348633
v 1.75 -1.6000000238418579 4.8000001907348633
v 1.7479774951934814 0 4.7550725936889648
v 1.7479774951934814 -1.6000000238418579 4.7550725936889648
v 1.7416527271270752 0 4.7090187072753906
v 1.7416527271270752 -1.6000000238418579 4.7090187072753906
v 1.7306994199752808 0 4.6624207496643066
v 1.7306994199752808 -1.6000000238418579 4.6624207496643066
v 1.71489417552948 0 4.6159524917602539
v 1.71489417552948 -1.6000000238418579 4.6159524917602539
v 1.6941419839859009 0 4.5703525543212891
v 1.6941419839859009 -1.6000000238418579 4.5703525543212891
v 1.6684978008270264 0 4.526395320892334
v 1.6684978008270264 -1.6000000238418579 4.526395320892334
v 1.6381765604019165 0 4.4848508834838867
v 1.6381765604019165 -1.6000000238418579 4.4848508834838867
v 1.6035534143447876 0 4.446446418762207
v 1.6035534143447876 -1.6000000238418579 4.446446418762207
v 1.5651490688323975 0 4.4118232727050781
v 1.5651490688323975 -1.6000000238418579 4.4118232727050781
v 1.5236048698425293 0 4.3815021514892578
v 1.5236048698425293 -1.6000000238418579 4.3815021514892578
v 1.4796472787857056 0 4.3558578491210938
v 1.4796472787857056 -1.6000000238418579 4.3558578491210938
v 1.4340473413467407 0 4.3351058959960938
v 1.4340473413467407 -1.6000000238418579 4.3351058959960938
v 1.387579083442688 0 4.319300651550293
v 1.387579083442688 -1.6000000238418579 4.319300651550293
v 1.3409814834594727 0 4.308347225189209
v 1.3409814834594727 -1.6000000238418579 4.308347225189209
v 1.2949272394180298 0 4.3020224571228027
v 1.2949272394180298 -1.6000000238418579 4.3020224571228027
v 1.25 0 4.3000001907348633
v 1.25 -1.6000000238418579 4.3000001907348633
v 1.2050727605819702 0 4.3020224571228027
v 1.2050727605819702 -1.6000000238418579 4.3020224571228027
v 1.1590185165405273 0 4.308347225189209
v 1.1590185165405273 -1.6000000238418579 4.308347225189209
v 1.112420916557312 0 4.319300651550293
v 1.112420916557312 -1.6000000238418579 4.319300651550293
v 1.0659526586532593 0 4.3351058959960938
v 1.0659526586532593 -1.6000000238418579 4.3351058959960938
v 1.0203527212142944 0 4.3558578491210938
v 1.0203527212142944 -1.6000000238418579 4.3558578491210938
v 0.9763951301574707 0 4.3815021514892578
v 0.9763951301574707 -1.6000000238418579 4.3815021514892578
v 0.93485093116760254 0 4.4118232727050781
v 0.93485093116760254 -1.6000000238418579 4.4118232727050781
v 0.8964465856552124 0 4.446446418762207
v 0.8964465856552124 -1.6000000238418579 4.446446418762207
v 0.86182337999343872 0 4.4848508834838867
v 0.86182337999343872 -1.6000000238418579 4.4848508834838867
v 0.83150225877761841 0 4.526395320892334
v 0.83150225877761841 -1.6000000238418579 4.526395320892334
v 0.80585801601409912 0 4.5703525543212891
v 0.80585801601409912 -1.6000000238418579 4.5703525543212891
v 0.78510582447052002 0 4.6159524917602539
v 0.78510582447052002 -1.6000000238418579 4.6159524917602539
v 0.76930052042007446 0 4.6624207496643066
v 0.76930052042007446 -1.6000000238418579 4.6624207496643066
v 0.75834733247756958 0 4.7090187072753906
v 0.75834733247756958 -1.6000000238418579 4.7090187072753906
v 0.75202256441116333 0 4.7550725936889648
v 0.75202256441116333 -1.6000000238418579 4.7550725936889648
v 0.75 0 4.8000001907348633
v 0.75 -1.6000000238418579 4.8000001907348633
v 0.75202256441116333 0 4.8449273109436035
v 0.75202256441116333 -1.6000000238418579 4.8449273109436035
v 0.75834733247756958 0 4.8909816741943359
v 0.75834733247756958 -1.6000000238418579 4.8909816741943359
v 0.76930052042007446 0 4.9375791549682617
v 0.76930052042007446 -1.6000000238418579 4.9375791549682617
v 0.78510582447052002 0 4.9840474128723145
v 0.78510582447052002 -1.6000000238418579 4.9840474128723145
v 0.80585801601409912 0 5.0296473503112793
v 0.80585801601409912 -1.6000000238418579 5.0296473503112793
v 0.83150225877761841 0 5.0736050605773926
v 0.83150225877761841 -1.6000000238418579 5.0736050605773926
v 0.86182337999343872 0 5.1151490211486816
v 0.86182337999343872 -1.6000000238418579 5.1151490211486816
v 0.8964465856552124 0 5.1535534858703613
v 0.8964465856552124 -1.6000000238418579 5.1535534858703613
v 0.93485093116760254 0 5.1881766319274902
v 0.93485093116760254 -1.6000000238418579 5.1881766319274902
v 0.9763951301574707 0 5.2184977531433105
v 0.9763951301574707 -1.6000000238418579 5.2184977531433105
v 1.0203527212142944 0 5.2441420555114746
v 1.0203527212142944 -1.6000000238418579 5.2441420555114746
v 1.0659526586532593 0 5.2648940086364746
v 1.0659526586532593 -1.6000000238418579 5.2648940086364746
v 1.112420916557312 0 5.2806992530822754
v 1.112420916557312 -1.6000000238418579 5.2806992530822754
v 1.1590185165405273 0 5.2916526794433594
v 1.1590185165405273 -1.6000000238418579 5.2916526794433594
v 1.2050727605819702 0 5.2979774475097656
v 1.2050727605819702 -1.6000000238418579 5.2979774475097656
v 1.25 0 5.3000001907348633
v 1.25 -1.6000000238418579 5.3000001907348633
v 1.2949272394180298 0 5.2979774475097656
v 1.2949272394180298 -1.6000000238418579 5.2979774475097656
v 1.3409814834594727 0 5.2916526794433594
v 1.3409814834594727 -1.6000000238418579 5.2916526794433594
v 1.387579083442688 0 5.2806992530822754
v 1.387579083442688 -1.6000000238418579 5.2806992530822754
v 1.4340473413467407 0 5.2648940086364746
v 1.4340473413467407 -1.6000000238418579 5.2648940086364746
v 1.4796472787857056 0 5.2441420555114746
v 1.4796472787857056 -1.6000000238418579 5.2441420555114746
v 1.5236048698425293 0 5.2184977531433105
v 1.5236048698425293 -1.6000000238418579 5.2184977531433105
v 1.5651490688323975 0 5.1881766319274902
v 1.5651490688323975 -1.6000000238418579 5.1881766319274902
v 1.6035534143447876 0 5.1535534858703613
v 1.6035534143447876 -1.6000000238418579 5.1535534858703613
v 1.6381765604019165 0 5.1151490211486816
v 1.6381765604019165 -1.6000000238418579 5.1151490211486816
v 1.6684978008270264 0 5.0736050605773926
v 1.6684978008270264 -1.6000000238418579 5.0736050605773926
v 1.6941419839859009 0 5.0296473503112793
v 1.6941419839859009 -1.6000000238418579 5.0296473503112793
v 1.71489417552948 0 4.9840474128723145
v 1.71489417552948 -1.6000000238418579 4.9840474128723145
v 1.7306994199752808 0 4.9375791549682617
v 1.7306994199752808 -1.6000000238418579 4.9375791549682617
v 1.7416527271270752 0 4.8909816741943359
v 1.7416527271270752 -1.6000000238418579 4.8909816741943359
v 1.7479774951934814 0 4.8449273109436035
v 1.7479774951934814 -1.6000000238418579 4.8449273109436035
v 1.75 0 4.8000001907348633
v 1.75 -1.6000000238418579 4.8000001907348633
v 4.25 0 4.8000001907348633
v 4.25 -1.6000000238418579 4.8000001907348633
v 4.2479772567749023 0 4.7550725936889648
v 4.2479772567749023 -1.6000000238418579 4.7550725936889648
v 4.2416524887084961 0 4.7090187072753906
v 4.2416524887084961 -1.6000000238418579 4.7090187072753906
v 4.2306995391845703 0 4.6624207496643066
v 4.2306995391845703 -1.6000000238418579 4.6624207496643066
v 4.2148942947387695 0 4.6159524917602539
v 4.2148942947387695 -1.6000000238418579 4.6159524917602539
v 4.1941418647766113 0 4.5703525543212891
v 4.1941418647766113 -1.6000000238418579 4.5703525543212891
v 4.1684975624084473 0 4.526395320892334
v 4.1684975624084473 -1.6000000238418579 4.526395320892334
v 4.138176441192627 0 4.4848508834838867
v 4.138176441192627 -1.6000000238418579 4.4848508834838867
v 4.103553295135498 0 4.446446418762207
v 4.103553295135498 -1.6000000238418579 4.446446418762207
v 4.0651488304138184 0 4.4118232727050781
v 4.0651488304138184 -1.6000000238418579 4.4118232727050781
v 4.0236048698425293 0 4.3815021514892578
v 4.0236048698425293 -1.6000000238418579 4.3815021514892578
v 3.9796473979949951 0 4.3558578491210938
v 3.9796473979949951 -1.6000000238418579 4.3558578491210938
v 3.9340474605560303 0 4.3351058959960938
v 3.9340474605560303 -1.6000000238418579 4.3351058959960938
v 3.8875792026519775 0 4.319300651550293
v 3.8875792026519775 -1.6000000238418579 4.319300651550293
v 3.8409814834594727 0 4.308347225189209
v 3.8409814834594727 -1.6000000238418579 4.308347225189209
v 3.7949271202087402 0 4.3020224571228027
v 3.7949271202087402 -1.6000000238418579 4.3020224571228027
v 3.75 0 4.3000001907348633
v 3.75 -1.6000000238418579 4.3000001907348633
v 3.7050728797912598 0 4.3020224571228027
v 3.7050728797912598 -1.6000000238418579 4.3020224571228027
v 3.6590185165405273 0 4.308347225189209
v 3.6590185165405273 -1.6000000238418579 4.308347225189209
v 3.6124207973480225 0 4.319300651550293
v 3.6124207973480225 -1.6000000238418579 4.319300651550293
v 3.5659525394439697 0 4.3351058959960938
v 3.5659525394439697 -1.6000000238418579 4.3351058959960938
v 3.5203526020050049 0 4.3558578491210938
v 3.5203526020050049 -1.6000000238418579 4.3558578491210938
v 3.4763951301574707 0 4.3815021514892578
v 3.4763951301574707 -1.6000000238418579 4.3815021514892578
v 3.4348509311676025 0 4.4118232727050781
v 3.4348509311676025 -1.6000000238418579 4.4118232727050781
v 3.396446704864502 0 4.446446418762207
v 3.396446704864502 -1.6000000238418579 4.446446418762207
v 3.3618233203887939 0 4.4848508834838867
v 3.3618233203887939 -1.6000000238418579 4.4848508834838867
v 3.3315021991729736 0 4.526395320892334
v 3.3315021991729736 -1.6000000238418579 4.526395320892334
v 3.3058578968048096 0 4.5703525543212891
v 3.3058578968048096 -1.6000000238418579 4.5703525543212891
v 3.2851059436798096 0 4.6159524917602539
v 3.2851059436798096 -1.6000000238418579 4.6159524917602539
v 3.2693004608154297 0 4.6624207496643066
v 3.2693004608154297 -1.6000000238418579 4.6624207496643066
v 3.2583472728729248 0 4.7090187072753906
v 3.2583472728729248 -1.6000000238418579 4.7090187072753906
v 3.2520225048065186 0 4.7550725936889648
v 3.2520225048065186 -1.6000000238418579 4.7550725936889648
v 3.25 0 4.8000001907348633
v 3.25 -1.6000000238418579 4.8000001907348633
v 3.2520225048065186 0 4.8449273109436035
v 3.2520225048065186 -1.6000000238418579 4.8449273109436035
v 3.2583472728729248 0 4.8909816741943359
v 3.2583472728729248 -1.6000000238418579 4.8909816741943359
v 3.2693004608154297 0 4.9375791549682617
v 3.2693004608154297 -1.6000000238418579 4.9375791549682617
v 3.2851059436798096 0 4.9840474128723145
v 3.2851059436798096 -1.6000000238418579 4.9840474128723145
v 3.3058578968048096 0 5.0296473503112793
v 3.3058578968048096 -1.6000000238418579 5.0296473503112793
v 3.3315021991729736 0 5.0736050605773926
v 3.3315021991729736 -1.6000000238418579 5.0736050605773926
v 3.3618233203887939 0 5.1151490211486816
v 3.3618233203887939 -1.6000000238418579 5.1151490211486816
v 3.396446704864502 0 5.1535534858703613
v 3.396446704864502 -1.6000000238418579 5.1535534858703613
v 3.4348509311676025 0 5.1881766319274902
v 3.4348509311676025 -1.6000000238418579 5.1881766319274902
v 3.4763951301574707 0 5.2184977531433105
v 3.4763951301574707 -1.6000000238418579 5.2184977531433105
v 3.5203526020050049 0 5.2441420555114746
v 3.5203526020050049 -1.6000000238418579 5.2441420555114746
v 3.5659525394439697 0 5.2648940086364746
v 3.5659525394439697 -1.6000000238418579 5.2648940086364746
v 3.6124207973480225 0 5.2806992530822754
v 3.6124207973480225 -1.6000000238418579 5.2806992530822754
v 3.6590185165405273 0 5.2916526794433594
v 3.6590185165405273 -1.6000000238418579 5.2916526794433594
v 3.7050728797912598 0 5.2979774475097656
v 3.7050728797912598 -1.6000000238418579 5.2979774475097656
v 3.75 0 5.3000001907348633
v 3.75 -1.6000000238418579 5.3000001907348633
v 3.7949271202087402 0 5.2979774475097656
v 3.7949271202087402 -1.6000000238418579 5.2979774475097656
v 3.8409814834594727 0 5.2916526794433594
v 3.8409814834594727 -1.6000000238418579 5.2916526794433594
v 3.8875792026519775 0 5.2806992530822754
v 3.8875792026519775 -1.6000000238418579 5.2806992530822754
v 3.9340474605560303 0 5.2648940086364746
v 3.9340474605560303 -1.6000000238418579 5.2648940086364746
v 3.9796473979949951 0 5.2441420555114746
v 3.9796473979949951 -1.6000000238418579 5.2441420555114746
v 4.0236048698425293 0 5.2184977531433105
v 4.0236048698425293 -1.6000000238418579 5.2184977531433105
v 4.0651488304138184 0 5.1881766319274902
v 4.0651488304138184 -1.6000000238418579 5.1881766319274902
v 4.103553295135498 0 5.1535534858703613
v 4.103553295135498 -1.6000000238418579 5.1535534858703613
v 4.138176441192627 0 5.1151490211486816
v 4.138176441192627 -1.6000000238418579 5.1151490211486816
v 4.1684975624084473 0 5.0736050605773926
v 4.1684975624084473 -1.6000000238418579 5.0736050605773926
v 4.1941418647766113 0 5.0296473503112793
v 4.1941418647766113 -1.6000000238418579 5.0296473503112793
v 4.2148942947387695 0 4.9840474128723145
v 4.2148942947387695 -1.6000000238418579 4.9840474128723145
v 4.2306995391845703 0 4.9375791549682617
v 4.2306995391845703 -1.6000000238418579 4.9375791549682617
v 4.2416524887084961 0 4.8909816741943359
v 4.2416524887084961 -1.6000000238418579 4.8909816741943359
v 4.2479772567749023 0 4.8449273109436035
v 4.2479772567749023 -1.6000000238418579 4.8449273109436035
v 4.25 0 4.8000001907348633
v 4.25 -1.6000000238418579 4.8000001907348633
v 6.75 0 4.8000001907348633
v 6.75 -1.6000000238418579 4.8000001907348633
v 6.7479772567749023 0 4.7550725936889648
v 6.7479772567749023 -1.6000000238418579 4.7550725936889648
v 6.7416524887084961 0 4.7090187072753906
v 6.7416524887084961 -1.6000000238418579 4.7090187072753906
v 6.7306995391845703 0 4.6624207496643066
v 6.7306995391845703 -1.6000000238418579 4.6624207496643066
v 6.7148942947387695 0 4.6159524917602539
v 6.7148942947387695 -1.6000000238418579 4.6159524917602539
v 6.6941418647766113 0 4.5703525543212891
v 6.6941418647766113 -1.6000000238418579 4.5703525543212891
v 6.6684975624084473 0 4.526395320892334
v 6.6684975624084473 -1.6000000238418579 4.526395320892334
v 6.638176441192627 0 4.4848508834838867
v 6.638176441192627 -1.6000000238418579 4.4848508834838867
v 6.603553295135498 0 4.446446418762207
v 6.603553295135498 -1.6000000238418579 4.446446418762207
v 6.5651488304138184 0 4.4118232727050781
v 6.5651488304138184 -1.6000000238418579 4.4118232727050781
v 6.5236048698425293 0 4.3815021514892578
v 6.5236048698425293 -1.6000000238418579 4.3815021514892578
v 6.479647159576416 0 4.3558578491210938
v 6.479647159576416 -1.6000000238418579 4.3558578491210938
v 6.4340472221374512 0 4.3351058959960938
v 6.4340472221374512 -1.6000000238418579 4.3351058959960938
v 6.3875789642333984 0 4.319300651550293
v 6.3875789642333984 -1.6000000238418579 4.319300651550293
v 6.3409814834594727 0 4.308347225189209
v 6.3409814834594727 -1.6000000238418579 4.308347225189209
v 6.2949271202087402 0 4.3020224571228027
v 6.2949271202087402 -1.6000000238418579 4.3020224571228027
v 6.25 0 4.3000001907348633
v 6.25 -1.6000000238418579 4.3000001907348633
v 6.2050728797912598 0 4.3020224571228027
v 6.2050728797912598 -1.6000000238418579 4.3020224571228027
v 6.1590185165405273 0 4.308347225189209
v 6.1590185165405273 -1.6000000238418579 4.308347225189209
v 6.1124210357666016 0 4.319300651550293
v 6.1124210357666016 -1.6000000238418579 4.319300651550293
v 6.0659527778625488 0 4.3351058959960938
v 6.0659527778625488 -1.6000000238418579 4.3351058959960938
v 6.020352840423584 0 4.3558578491210938
v 6.020352840423584 -1.6000000238418579 4.3558578491210938
v 5.9763951301574707 0 4.3815021514892578
v 5.9763951301574707 -1.6000000238418579 4.3815021514892578
v 5.9348511695861816 0 4.4118232727050781
v 5.9348511695861816 -1.6000000238418579 4.4118232727050781
v 5.896446704864502 0 4.446446418762207
v 5.896446704864502 -1.6000000238418579 4.446446418762207
v 5.861823558807373 0 4.4848508834838867
v 5.861823558807373 -1.6000000238418579 4.4848508834838867
v 5.8315024375915527 0 4.526395320892334
v 5.8315024375915527 -1.6000000238418579 4.526395320892334
v 5.8058581352233887 0 4.5703525543212891
v 5.8058581352233887 -1.6000000238418579 4.5703525543212891
v 5.7851057052612305 0 4.6159524917602539
v 5.7851057052612305 -1.6000000238418579 4.6159524917602539
v 5.7693004608154297 0 4.6624207496643066
v 5.7693004608154297 -1.6000000238418579 4.6624207496643066
v 5.7583475112915039 0 4.7090187072753906
v 5.7583475112915039 -1.6000000238418579 4.7090187072753906
v 5.7520227432250977 0 4.7550725936889648
v 5.7520227432250977 -1.6000000238418579 4.7550725936889648
v 5.75 0 4.8000001907348633
v 5.75 -1.6000000238418579 4.8000001907348633
v 5.7520227432250977 0 4.8449273109436035
v 5.7520227432250977 -1.6000000238418579 4.8449273109436035
v 5.7583475112915039 0 4.8909816741943359
v 5.7583475112915039 -1.6000000238418579 4.8909816741943359
v 5.7693004608154297 0 4.9375791549682617
v 5.7693004608154297 -1.6000000238418579 4.9375791549682617
v 5.7851057052612305 0 4.9840474128723145
v 5.7851057052612305 -1.6000000238418579 4.9840474128723145
v 5.8058581352233887 0 5.0296473503112793
v 5.8058581352233887 -1.6000000238418579 5.0296473503112793
v 5.8315024375915527 0 5.0736050605773926
v 5.8315024375915527 -1.6000000238418579 5.0736050605773926
v 5.861823558807373 0 5.1151490211486816
v 5.861823558807373 -1.6000000238418579 5.1151490211486816
v 5.896446704864502 0 5.1535534858703613
v 5.896446704864502 -1.6000000238418579 5.1535534858703613
v 5.9348511695861816 0 5.1881766319274902
v 5.9348511695861816 -1.6000000238418579 5.1881766319274902
v 5.9763951301574707 0 5.2184977531433105
v 5.9763951301574707 -1.6000000238418579 5.2184977531433105
v 6.020352840423584 0 5.2441420555114746
v 6.020352840423584 -1.6000000238418579 5.2441420555114746
v 6.0659527778625488 0 5.2648940086364746
v 6.0659527778625488 -1.6000000238418579 5.2648940086364746
v 6.1124210357666016 0 5.2806992530822754
v 6.1124210357666016 -1.6000000238418579 5.2806992530822754
v 6.1590185165405273 0 5.2916526794433594
v 6.1590185165405273 -1.6000000238418579 5.2916526794433594
v 6.2050728797912598 0 5.2979774475097656
v 6.2050728797912598 -1.6000000238418579 5.2979774475097656
v 6.25 0 5.3000001907348633
v 6.25 -1.6000000238418579 5.3000001907348633
v 6.2949271202087402 0 5.2979774475097656
v 6.2949271202087402 -1.6000000238418579 5.2979774475097656
v 6.3409814834594727 0 5.2916526794433594
v 6.3409814834594727 -1.6000000238418579 5.2916526794433594
v 6.3875789642333984 0 5.2806992530822754
v 6.3875789642333984 -1.6000000238418579 5.2806992530822754
v 6.4340472221374512 0 5.2648940086364746
v 6.4340472221374512 -1.6000000238418579 5.2648940086364746
v 6.479647159576416 0 5.2441420555114746
v 6.479647159576416 -1.6000000238418579 5.2441420555114746
v 6.5236048698425293 0 5.2184977531433105
v 6.5236048698425293 -1.6000000238418579 5.2184977531433105
v 6.5651488304138184 0 5.1881766319274902
v 6.5651488304138184 -1.6000000238418579 5.1881766319274902
v 6.603553295135498 0 5.1535534858703613
v 6.603553295135498 -1.6000000238418579 5.1535534858703613
v 6.638176441192627 0 5.1151490211486816
v 6.638176441192627 -1.6000000238418579 5.1151490211486816
v 6.6684975624084473 0 5.0736050605773926
v 6.6684975624084473 -1.6000000238418579 5.0736050605773926
v 6.6941418647766113 0 5.0296473503112793
v 6.6941418647766113 -1.6000000238418579 5.0296473503112793
v 6.7148942947387695 0 4.9840474128723145
v 6.7148942947387695 -1.6000000238418579 4.9840474128723145
v 6.7306995391845703 0 4.9375791549682617
v 6.7306995391845703 -1.6000000238418579 4.9375791549682617
v 6.7416524887084961 0 4.8909816741943359
v 6.7416524887084961 -1.6000000238418579 4.8909816741943359
v 6.7479772567749023 0 4.8449273109436035
v 6.7479772567749023 -1.6000000238418579 4.8449273109436035
v 6.75 0 4.8000001907348633
v 6.75 -1.6000000238418579 4.8000001907348633
v -10.800000190734863 0 6.3000001907348633
v -10.800000190734863 0 -6.3000001907348633
v 10.800000190734863 0 -6.3000001907348633
v 10.800000190734863 0 6.3000001907348633
v -6.8499999046325684 0 -3.9500000476837158
v -6.8564720153808594 0 -4.0937671661376953
v -6.876711368560791 0 -4.2411408424377441
v -6.9117617607116699 0 -4.3902530670166016
v -6.962338924407959 0 -4.5389513969421387
v -7.0287456512451172 0 -4.6848711967468262
v -7.1108074188232422 0 -4.825535774230957
v -7.2078347206115723 0 -4.9584770202636719
v -7.318629264831543 0 -5.0813708305358887
v -7.4415230751037598 0 -5.1921648979187012
v -7.5744643211364746 0 -5.2891926765441895
v -7.7151284217834473 0 -5.3712544441223145
v -7.861048698425293 0 -5.4376611709594727
v -8.0097465515136719 0 -5.4882383346557617
v -8.1588592529296875 0 -5.5232887268066406
v -8.3062324523925781 0 -5.5435280799865723
v -8.4499998092651367 0 -5.5500001907348633
v -8.5937671661376953 0 -5.5435280799865723
v -8.7411413192749023 0 -5.5232887268066406
v -8.8902530670166016 0 -5.4882383346557617
v -9.0389518737792969 0 -5.4376611709594727
v -9.1848716735839844 0 -5.3712544441223145
v -9.325535774230957 0 -5.2891926765441895
v -9.4584770202636719 0 -5.1921648979187012
v -9.5813713073730469 0 -5.0813708305358887
v -9.6921653747558594 0 -4.9584770202636719
v -9.7891931533813477 0 -4.825535774230957
v -9.8712539672851563 0 -4.6848711967468262
v -9.9376611709594727 0 -4.5389513969421387
v -9.9882383346557617 0 -4.3902530670166016
v -10.023288726806641 0 -4.2411408424377441
v -10.043527603149414 0 -4.0937671661376953
v -10.050000190734863 0 -3.9500000476837158
v -10.043527603149414 0 -3.8062329292297363
v -10.023288726806641 0 -3.6588590145111084
v -9.9882383346557617 0 -3.509746789932251
v -9.9376611709594727 0 -3.3610484600067139
v -9.8712539672851563 0 -3.2151286602020264
v -9.7891931533813477 0 -3.0744643211364746
v -9.6921653747558594 0 -2.9415230751037598
v -9.5813713073730469 0 -2.818629264831543
v -9.4584770202636719 0 -2.7078349590301514
v -9.325535774230957 0 -2.6108071804046631
v -9.1848716735839844 0 -2.5287456512451172
v -9.0389518737792969 0 -2.4623386859893799
v -8.8902530670166016 0 -2.4117617607116699
v -8.7411413192749023 0 -2.376711368560791
v -8.5937671661376953 0 -2.3564722537994385
v -8.4499998092651367 0 -2.3499999046325684
v -8.3062324523925781 0 -2.3564722537994385
v -8.1588592529296875 0 -2.376711368560791
v -8.0097465515136719 0 -2.4117617607116699
v -7.861048698425293 0 -2.4623386859893799
v -7.7151284217834473 0 -2.5287456512451172
v -7.5744643211364746 0 -2.6108071804046631
v -7.4415230751037598 0 -2.7078349590301514
v -7.318629264831543 0 -2.818629264831543
v -7.2078347206115723 0 -2.9415230751037598
v -7.1108074188232422 0 -3.0744643211364746
v -7.0287456512451172 0 -3.2151286602020264
v -6.962338924407959 0 -3.3610484600067139
v -6.9117617607116699 0 -3.509746789932251
v -6.876711368560791 0 -3.6588590145111084
v -6.8564720153808594 0 -3.8062329292297363
v 6.8499999046325684 0 -3.9500000476837158
v 6.8564720153808594 0 -3.8062329292297363
v 6.876711368560791 0 -3.6588590145111084
v 6.9117617607116699 0 -3.509746789932251
v 6.962338924407959 0 -3.3610484600067139
v 7.0287456512451172 0 -3.2151286602020264
v 7.1108074188232422 0 -3.0744643211364746
v 7.2078347206115723 0 -2.9415230751037598
v 7.318629264831543 0 -2.818629264831543
v 7.4415230751037598 0 -2.7078349590301514
v 7.5744643211364746 0 -2.6108071804046631
v 7.7151284217834473 0 -2.5287456512451172
v 7.861048698425293 0 -2.4623386859893799
v 8.0097465515136719 0 -2.4117617607116699
v 8.1588592529296875 0 -2.376711368560791
v 8.3062324523925781 0 -2.3564722537994385
v 8.4499998092651367 0 -2.3499999046325684
v 8.5937671661376953 0 -2.3564722537994385
v 8.7411413192749023 0 -2.376711368560791
v 8.8902530670166016 0 -2.4117617607116699
v 9.0389518737792969 0 -2.4623386859893799
v 9.1848716735839844 0 -2.5287456512451172
v 9.325535774230957 0 -2.6108071804046631
v 9.4584770202636719 0 -2.7078349590301514
v 9.5813713073730469 0 -2.818629264831543
v 9.6921653747558594 0 -2.9415230751037598
v 9.7891931533813477 0 -3.0744643211364746
v 9.8712539672851563 0 -3.2151286602020264
v 9.9376611709594727 0 -3.3610484600067139
v 9.9882383346557617 0 -3.509746789932251
v 10.023288726806641 0 -3.6588590145111084
v 10.043527603149414 0 -3.8062329292297363
v 10.050000190734863 0 -3.9500000476837158
v 10.043527603149414 0 -4.0937671661376953
v 10.023288726806641 0 -4.2411408424377441
v 9.9882383346557617 0 -4.3902530670166016
v 9.9376611709594727 0 -4.5389513969421387
v 9.8712539672851563 0 -4.6848711967468262
v 9.7891931533813477 0 -4.825535774230957
v 9.6921653747558594 0 -4.9584770202636719
v 9.5813713073730469 0 -5.0813708305358887
v 9.4584770202636719 0 -5.1921648979187012
v 9.325535774230957 0 -5.2891926765441895
v 9.1848716735839844 0 -5.3712544441223145
v 9.0389518737792969 0 -5.4376611709594727
v 8.8902530670166016 0 -5.4882383346557617
v 8.7411413192749023 0 -5.5232887268066406
v 8.5937671661376953 0 -5.5435280799865723
v 8.4499998092651367 0 -5.5500001907348633
v 8.3062324523925781 0 -5.5435280799865723
v 8.1588592529296875 0 -5.5232887268066406
v 8.0097465515136719 0 -5.4882383346557617
v 7.861048698425293 0 -5.4376611709594727
v 7.7151284217834473 0 -5.3712544441223145
v 7.5744643211364746 0 -5.2891926765441895
v 7.4415230751037598 0 -5.1921648979187012
v 7.318629264831543 0 -5.0813708305358887
v 7.2078347206115723 0 -4.9584770202636719
v 7.1108074188232422 0 -4.825535774230957
v 7.0287456512451172 0 -4.6848711967468262
v 6.962338924407959 0 -4.5389513969421387
v 6.9117617607116699 0 -4.3902530670166016
v 6.876711368560791 0 -4.2411408424377441
v 6.8564720153808594 0 -4.0937671661376953
v -5.75 0 4.8000001907348633
v -5.7520227432250977 0 4.7550725936889648
v -5.7583475112915039 0 4.7090187072753906
v -5.7693004608154297 0 4.6624207496643066
v -5.7851057052612305 0 4.6159524917602539
v -5.8058581352233887 0 4.5703525543212891
v -5.8315024375915527 0 4.526395320892334
v -5.861823558807373 0 4.4848508834838867
v -5.896446704864502 0 4.446446418762207
v -5.9348511695861816 0 4.4118232727050781
v -5.9763951301574707 0 4.3815021514892578
v -6.020352840423584 0 4.3558578491210938
v -6.0659527778625488 0 4.3351058959960938
v -6.1124210357666016 0 4.319300651550293
v -6.1590185165405273 0 4.308347225189209
v -6.2050728797912598 0 4.3020224571228027
v -6.25 0 4.3000001907348633
v -6.2949271202087402 0 4.3020224571228027
v -6.3409814834594727 0 4.308347225189209
v -6.3875789642333984 0 4.319300651550293
v -6.4340472221374512 0 4.3351058959960938
v -6.479647159576416 0 4.3558578491210938
v -6.5236048698425293 0 4.3815021514892578
v -6.5651488304138184 0 4.4118232727050781
v -6.603553295135498 0 4.446446418762207
v -6.638176441192627 0 4.4848508834838867
v -6.6684975624084473 0 4.526395320892334
v -6.6941418647766113 0 4.5703525543212891
v -6.7148942947387695 0 4.6159524917602539
v -6.7306995391845703 0 4.6624207496643066
v -6.7416524887084961 0 4.7090187072753906
v -6.7479772567749023 0 4.7550725936889648
v -6.75 0 4.8000001907348633
v -6.7479772567749023 0 4.8449273109436035
v -6.7416524887084961 0 4.8909816741943359
v -6.7306995391845703 0 4.9375791549682617
v -6.7148942947387695 0 4.9840474128723145
v -6.6941418647766113 0 5.0296473503112793
v -6.6684975624084473 0 5.0736050605773926
v -6.638176441192627 0 5.1151490211486816
v -6.603553295135498 0 5.1535534858703613
v -6.5651488304138184 0 5.1881766319274902
v -6.5236048698425293 0 5.2184977531433105
v -6.479647159576416 0 5.2441420555114746
v -6.4340472221374512 0 5.2648940086364746
v -6.3875789642333984 0 5.2806992530822754
v -6.3409814834594727 0 5.2916526794433594
v -6.2949271202087402 0 5.2979774475097656
v -6.25 0 5.3000001907348633
v -6.2050728797912598 0 5.2979774475097656
v -6.1590185165405273 0 5.2916526794433594
v -6.1124210357666016 0 5.2806992530822754
v -6.0659527778625488 0 5.2648940086364746
v -6.020352840423584 0 5.2441420555114746
v -5.9763951301574707 0 5.2184977531433105
v -5.9348511695861816 0 5.1881766319274902
v -5.896446704864502 0 5.1535534858703613
v -5.861823558807373 0 5.1151490211486816
v -5.8315024375915527 0 5.0736050605773926
v -5.8058581352233887 0 5.0296473503112793
v -5.7851057052612305 0 4.9840474128723145
v -5.7693004608154297 0 4.9375791549682617
v -5.7583475112915039 0 4.8909816741943359
v -5.7520227432250977 0 4.8449273109436035
v -3.25 0 4.8000001907348633
v -3.2520225048065186 0 4.7550725936889648
v -3.2583472728729248 0 4.7090187072753906
v -3.2693004608154297 0 4.6624207496643066
v -3.2851059436798096 0 4.6159524917602539
v -3.3058578968048096 0 4.5703525543212891
v -3.3315021991729736 0 4.526395320892334
v -3.3618233203887939 0 4.4848508834838867
v -3.396446704864502 0 4.446446418762207
v -3.4348509311676025 0 4.4118232727050781
v -3.4763951301574707 0 4.3815021514892578
v -3.5203526020050049 0 4.3558578491210938
v -3.5659525394439697 0 4.3351058959960938
v -3.6124207973480225 0 4.319300651550293
v -3.6590185165405273 0 4.308347225189209
v -3.7050728797912598 0 4.3020224571228027
v -3.75 0 4.3000001907348633
v -3.7949271202087402 0 4.3020224571228027
v -3.8409814834594727 0 4.308347225189209
v -3.8875792026519775 0 4.319300651550293
v -3.9340474605560303 0 4.3351058959960938
v -3.9796473979949951 0 4.3558578491210938
v -4.0236048698425293 0 4.3815021514892578
v -4.0651488304138184 0 4.4118232727050781
v -4.103553295135498 0 4.446446418762207
v -4.138176441192627 0 4.4848508834838867
v -4.1684975624084473 0 4.526395320892334
v -4.1941418647766113 0 4.5703525543212891
v -4.2148942947387695 0 4.6159524917602539
v -4.2306995391845703 0 4.6624207496643066
v -4.2416524887084961 0 4.7090187072753906
v -4.2479772567749023 0 4.7550725936889648
v -4.25 0 4.8000001907348633
v -4.2479772567749023 0 4.8449273109436035
v -4.2416524887084961 0 4.8909816741943359
v -4.2306995391845703 0 4.9375791549682617
v -4.2148942947387695 0 4.9840474128723145
v -4.1941418647766113 0 5.0296473503112793
v -4.1684975624084473 0 5.0736050605773926
v -4.138176441192627 0 5.1151490211486816
v -4.103553295135498 0 5.1535534858703613
v -4.0651488304138184 0 5.1881766319274902
v -4.0236048698425293 0 5.2184977531433105
v -3.9796473979949951 0 5.2441420555114746
v -3.9340474605560303 0 5.2648940086364746
v -3.8875792026519775 0 5.2806992530822754
v -3.8409814834594727 0 5.2916526794433594
v -3.7949271202087402 0 5.2979774475097656
v -3.75 0 5.3000001907348633
v -3.7050728797912598 0 5.2979774475097656
v -3.6590185165405273 0 5.2916526794433594
v -3.6124207973480225 0 5.2806992530822754
v -3.5659525394439697 0 5.2648940086364746
v -3.5203526020050049 0 5.2441420555114746
v -3.4763951301574707 0 5.2184977531433105
v -3.4348509311676025 0 5.1881766319274902
v -3.396446704864502 0 5.1535534858703613
v -3.3618233203887939 0 5.1151490211486816
v -3.3315021991729736 0 5.0736050605773926
v -3.3058578968048096 0 5.0296473503112793
v -3.2851059436798096 0 4.9840474128723145
v -3.2693004608154297 0 4.9375791549682617
v -3.2583472728729248 0 4.8909816741943359
v -3.2520225048065186 0 4.8449273109436035
v -0.75 0 4.8000001907348633
v -0.75202256441116333 0 4.7550725936889648
v -0.75834733247756958 0 4.7090187072753906
v -0.76930052042007446 0 4.6624207496643066
v -0.78510582447052002 0 4.6159524917602539
v -0.80585801601409912 0 4.5703525543212891
v -0.83150225877761841 0 4.526395320892334
v -0.86182337999343872 0 4.4848508834838867
v -0.8964465856552124 0 4.446446418762207
v -0.93485093116760254 0 4.4118232727050781
v -0.9763951301574707 0 4.3815021514892578
v -1.0203527212142944 0 4.3558578491210938
v -1.0659526586532593 0 4.3351058959960938
v -1.112420916557312 0 4.319300651550293
v -1.1590185165405273 0 4.308347225189209
v -1.2050727605819702 0 4.3020224571228027
v -1.25 0 4.3000001907348633
v -1.2949272394180298 0 4.3020224571228027
v -1.3409814834594727 0 4.308347225189209
v -1.387579083442688 0 4.319300651550293
v -1.4340473413467407 0 4.3351058959960938
v -1.4796472787857056 0 4.3558578491210938
v -1.5236048698425293 0 4.3815021514892578
v -1.5651490688323975 0 4.4118232727050781
v -1.6035534143447876 0 4.446446418762207
v -1.6381765604019165 0 4.4848508834838867
v -1.6684978008270264 0 4.526395320892334
v -1.6941419839859009 0 4.5703525543212891
v -1.71489417552948 0 4.6159524917602539
v -1.7306994199752808 0 4.6624207496643066
v -1.7416527271270752 0 4.7090187072753906
v -1.7479774951934814 0 4.7550725936889648
v -1.75 0 4.8000001907348633
v -1.7479774951934814 0 4.8449273109436035
v -1.7416527271270752 0 4.8909816741943359
v -1.7306994199752808 0 4.9375791549682617
v -1.71489417552948 0 4.9840474128723145
v -1.6941419839859009 0 5.0296473503112793
v -1.6684978008270264 0 5.0736050605773926
v -1.6381765604019165 0 5.1151490211486816
v -1.6035534143447876 0 5.1535534858703613
v -1.5651490688323975 0 5.1881766319274902
v -1.5236048698425293 0 5.2184977531433105
v -1.4796472787857056 0 5.2441420555114746
v -1.4340473413467407 0 5.2648940086364746
v -1.387579083442688 0 5.2806992530822754
v -1.3409814834594727 0 5.2916526794433594
v -1.2949272394180298 0 5.2979774475097656
v -1.25 0 5.3000001907348633
v -1.2050727605819702 0 5.2979774475097656
v -1.1590185165405273 0 5.2916526794433594
v -1.112420916557312 0 5.2806992530822754
v -1.0659526586532593 0 5.2648940086364746
v -1.0203527212142944 0 5.2441420555114746
v -0.9763951301574707 0 5.2184977531433105
v -0.93485093116760254 0 5.1881766319274902
v -0.8964465856552124 0 5.1535534858703613
v -0.86182337999343872 0 5.1151490211486816
v -0.83150225877761841 0 5.0736050605773926
v -0.80585801601409912 0 5.0296473503112793
v -0.78510582447052002 0 4.9840474128723145
v -0.76930052042007446 0 4.9375791549682617
v -0.75834733247756958 0 4.8909816741943359
v -0.75202256441116333 0 4.8449273109436035
v 1.75 0 4.8000001907348633
v 1.7479774951934814 0 4.7550725936889648
v 1.7416527271270752 0 4.7090187072753906
v 1.7306994199752808 0 4.6624207496643066
v 1.71489417552948 0 4.6159524917602539
v 1.6941419839859009 0 4.5703525543212891
v 1.6684978008270264 0 4.526395320892334
v 1.6381765604019165 0 4.4848508834838867
v 1.6035534143447876 0 4.446446418762207
v 1.5651490688323975 0 4.4118232727050781
v 1.5236048698425293 0 4.3815021514892578
v 1.4796472787857056 0 4.3558578491210938
v 1.4340473413467407 0 4.3351058959960938
v 1.387579083442688 0 4.319300651550293
v 1.3409814834594727 0 4.308347225189209
v 1.2949272394180298 0 4.3020224571228027
v 1.25 0 4.3000001907348633
v 1.2050727605819702 0 4.3020224571228027
v 1.1590185165405273 0 4.308347225189209
v 1.112420916557312 0 4.319300651550293
v 1.0659526586532593 0 4.3351058959960938
v 1.0203527212142944 0 4.3558578491210938
v 0.9763951301574707 0 4.3815021514892578
v 0.93485093116760254 0 4.4118232727050781
v 0.8964465856552124 0 4.446446418762207
v 0.86182337999343872 0 4.4848508834838867
v 0.83150225877761841 0 4.526395320892334
v 0.80585801601409912 0 4.5703525543212891
v 0.78510582447052002 0 4.6159524917602539
v 0.76930052042007446 0 4.6624207496643066
v 0.75834733247756958 0 4.7090187072753906
v 0.75202256441116333 0 4.7550725936889648
v 0.75 0 4.8000001907348633
v 0.75202256441116333 0 4.8449273109436035
v 0.75834733247756958 0 4.8909816741943359
v 0.76930052042007446 0 4.9375791549682617
v 0.78510582447052002 0 4.9840474128723145
v 0.80585801601409912 0 5.0296473503112793
v 0.83150225877761841 0 5.0736050605773926
v 0.86182337999343872 0 5.1151490211486816
v 0.8964465856552124 0 5.1535534858703613
v 0.93485093116760254 0 5.1881766319274902
v 0.9763951301574707 0 5.2184977531433105
v 1.0203527212142944 0 5.2441420555114746
v 1.0659526586532593 0 5.2648940086364746
v 1.112420916557312 0 5.2806992530822754
v 1.1590185165405273 0 5.2916526794433594
v 1.2050727605819702 0 5.2979774475097656
v 1.25 0 5.3000001907348633
v 1.2949272394180298 0 5.2979774475097656
v 1.3409814834594727 0 5.2916526794433594
v 1.387579083442688 0 5.2806992530822754
v 1.4340473413467407 0 5.2648940086364746
v 1.4796472787857056 0 5.2441420555114746
v 1.5236048698425293 0 5.2184977531433105
v 1.5651490688323975 0 5.1881766319274902
v 1.6035534143447876 0 5.1535534858703613
v 1.6381765604019165 0 5.1151490211486816
v 1.6684978008270264 0 5.0736050605773926
v 1.6941419839859009 0 5.0296473503112793
v 1.71489417552948 0 4.9840474128723145
v 1.7306994199752808 0 4.9375791549682617
v 1.7416527271270752 0 4.8909816741943359
v 1.7479774951934814 0 4.8449273109436035
v 4.25 0 4.8000001907348633
v 4.2479772567749023 0 4.7550725936889648
v 4.2416524887084961 0 4.7090187072753906
v 4.2306995391845703 0 4.6624207496643066
v 4.2148942947387695 0 4.6159524917602539
v 4.1941418647766113 0 4.5703525543212891
v 4.1684975624084473 0 4.526395320892334
v 4.138176441192627 0 4.4848508834838867
v 4.103553295135498 0 4.446446418762207
v 4.0651488304138184 0 4.4118232727050781
v 4.0236048698425293 0 4.3815021514892578
v 3.9796473979949951 0 4.3558578491210938
v 3.9340474605560303 0 4.3351058959960938
v 3.8875792026519775 0 4.319300651550293
v 3.8409814834594727 0 4.308347225189209
v 3.7949271202087402 0 4.3020224571228027
v 3.75 0 4.3000001907348633
v 3.7050728797912598 0 4.3020224571228027
v 3.6590185165405273 0 4.308347225189209
v 3.6124207973480225 0 4.319300651550293
v 3.5659525394439697 0 4.3351058959960938
v 3.5203526020050049 0 4.3558578491210938
v 3.4763951301574707 0 4.3815021514892578
v 3.4348509311676025 0 4.4118232727050781
v 3.396446704864502 0 4.446446418762207
v 3.3618233203887939 0 4.4848508834838867
v 3.3315021991729736 0 4.526395320892334
v 3.3058578968048096 0 4.5703525543212891
v 3.2851059436798096 0 4.6159524917602539
v 3.2693004608154297 0 4.6624207496643066
v 3.2583472728729248 0 4.7090187072753906
v 3.2520225048065186 0 4.7550725936889648
v 3.25 0 4.8000001907348633
v 3.2520225048065186 0 4.8449273109436035
v 3.2583472728729248 0 4.8909816741943359
v 3.2693004608154297 0 4.9375791549682617
v 3.2851059436798096 0 4.9840474128723145
v 3.3058578968048096 0 5.0296473503112793
v 3.3315021991729736 0 5.0736050605773926
v 3.3618233203887939 0 5.1151490211486816
v 3.396446704864502 0 5.1535534858703613
v 3.4348509311676025 0 5.1881766319274902
v 3.4763951301574707 0 5.2184977531433105
v 3.5203526020050049 0 5.2441420555114746
v 3.5659525394439697 0 5.2648940086364746
v 3.6124207973480225 0 5.2806992530822754
v 3.6590185165405273 0 5.2916526794433594
v 3.7050728797912598 0 5.2979774475097656
v 3.75 0 5.3000001907348633
v 3.7949271202087402 0 5.2979774475097656
v 3.8409814834594727 0 5.2916526794433594
v 3.8875792026519775 0 5.2806992530822754
v 3.9340474605560303 0 5.2648940086364746
v 3.9796473979949951 0 5.2441420555114746
v 4.0236048698425293 0 5.2184977531433105
v 4.0651488304138184 0 5.1881766319274902
v 4.103553295135498 0 5.1535534858703613
v 4.138176441192627 0 5.1151490211486816
v 4.1684975624084473 0 5.0736050605773926
v 4.1941418647766113 0 5.0296473503112793
v 4.2148942947387695 0 4.9840474128723145
v 4.2306995391845703 0 4.9375791549682617
v 4.2416524887084961 0 4.8909816741943359
v 4.2479772567749023 0 4.8449273109436035
v 6.75 0 4.8000001907348633
v 6.7479772567749023 0 4.7550725936889648
v 6.7416524887084961 0 4.7090187072753906
v 6.7306995391845703 0 4.6624207496643066
v 6.7148942947387695 0 4.6159524917602539
v 6.6941418647766113 0 4.5703525543212891
v 6.6684975624084473 0 4.526395320892334
v 6.638176441192627 0 4.4848508834838867
v 6.603553295135498 0 4.446446418762207
v 6.5651488304138184 0 4.4118232727050781
v 6.5236048698425293 0 4.3815021514892578
v 6.479647159576416 0 4.3558578491210938
v 6.4340472221374512 0 4.3351058959960938
v 6.3875789642333984 0 4.319300651550293
v 6.3409814834594727 0 4.308347225189209
v 6.2949271202087402 0 4.3020224571228027
v 6.25 0 4.3000001907348633
v 6.2050728797912598 0 4.3020224571228027
v 6.1590185165405273 0 4.308347225189209
v 6.1124210357666016 0 4.319300651550293
v 6.0659527778625488 0 4.3351058959960938
v 6.020352840423584 0 4.3558578491210938
v 5.9763951301574707 0 4.3815021514892578
v 5.9348511695861816 0 4.4118232727050781
v 5.896446704864502 0 4.446446418762207
v 5.861823558807373 0 4.4848508834838867
v 5.8315024375915527 0 4.526395320892334
v 5.8058581352233887 0 4.5703525543212891
v 5.7851057052612305 0 4.6159524917602539
v 5.7693004608154297 0 4.6624207496643066
v 5.7583475112915039 0 4.7090187072753906
v 5.7520227432250977 0 4.7550725936889648
v 5.75 0 4.8000001907348633
v 5.7520227432250977 0 4.8449273109436035
v 5.7583475112915039 0 4.8909816741943359
v 5.7693004608154297 0 4.9375791549682617
v 5.7851057052612305 0 4.9840474128723145
v 5.8058581352233887 0 5.0296473503112793
v 5.8315024375915527 0 5.0736050605773926
v 5.861823558807373 0 5.1151490211486816
v 5.896446704864502 0 5.1535534858703613
v 5.9348511695861816 0 5.1881766319274902
v 5.9763951301574707 0 5.2184977531433105
v 6.020352840423584 0 5.2441420555114746
v 6.0659527778625488 0 5.2648940086364746
v 6.1124210357666016 0 5.2806992530822754
v 6.1590185165405273 0 5.2916526794433594
v 6.2050728797912598 0 5.2979774475097656
v 6.25 0 5.3000001907348633
v 6.2949271202087402 0 5.2979774475097656
v 6.3409814834594727 0 5.2916526794433594
v 6.3875789642333984 0 5.2806992530822754
v 6.4340472221374512 0 5.2648940086364746
v 6.479647159576416 0 5.2441420555114746
v 6.5236048698425293 0 5.2184977531433105
v 6.5651488304138184 0 5.1881766319274902
v 6.603553295135498 0 5.1535534858703613
v 6.638176441192627 0 5.1151490211486816
v 6.6684975624084473 0 5.0736050605773926
v 6.6941418647766113 0 5.0296473503112793
v 6.7148942947387695 0 4.9840474128723145
v 6.7306995391845703 0 4.9375791549682617
v 6.7416524887084961 0 4.8909816741943359
v 6.7479772567749023 0 4.8449273109436035
v -10.800000190734863 -1.6000000238418579 6.3000001907348633
v -10.800000190734863 -1.6000000238418579 -6.3000001907348633
v 10.800000190734863 -1.6000000238418579 -6.3000001907348633
v 10.800000190734863 -1.6000000238418579 6.3000001907348633
v -6.8499999046325684 -1.6000000238418579 -3.9500000476837158
v -6.8564720153808594 -1.6000000238418579 -4.0937671661376953
v -6.876711368560791 -1.6000000238418579 -4.2411408424377441
v -6.9117617607116699 -1.6000000238418579 -4.3902530670166016
v -6.962338924407959 -1.6000000238418579 -4.5389513969421387
v -7.0287456512451172 -1.6000000238418579 -4.6848711967468262
v -7.1108074188232422 -1.6000000238418579 -4.825535774230957
v -7.2078347206115723 -1.6000000238418579 -4.9584770202636719
v -7.318629264831543 -1.6000000238418579 -5.0813708305358887
v -7.4415230751037598 -1.6000000238418579 -5.1921648979187012
v -7.5744643211364746 -1.6000000238418579 -5.2891926765441895
v -7.7151284217834473 -1.6000000238418579 -5.3712544441223145
v -7.861048698425293 -1.6000000238418579 -5.4376611709594727
v -8.0097465515136719 -1.6000000238418579 -5.4882383346557617
v -8.1588592529296875 -1.6000000238418579 -5.5232887268066406
v -8.3062324523925781 -1.6000000238418579 -5.5435280799865723
v -8.4499998092651367 -1.6000000238418579 -5.5500001907348633
v -8.5937671661376953 -1.6000000238418579 -5.5435280799865723
v -8.7411413192749023 -1.6000000238418579 -5.5232887268066406
v -8.8902530670166016 -1.6000000238418579 -5.4882383346557617
v -9.0389518737792969 -1.6000000238418579 -5.4376611709594727
v -9.1848716735839844 -1.6000000238418579 -5.3712544441223145
v -9.325535774230957 -1.6000000238418579 -5.2891926765441895
v -9.4584770202636719 -1.6000000238418579 -5.1921648979187012
v -9.5813713073730469 -1.6000000238418579 -5.0813708305358887
v -9.6921653747558594 -1.6000000238418579 -4.9584770202636719
v -9.7891931533813477 -1.6000000238418579 -4.825535774230957
v -9.8712539672851563 -1.6000000238418579 -4.6848711967468262
v -9.9376611709594727 -1.6000000238418579 -4.5389513969421387
v -9.9882383346557617 -1.6000000238418579 -4.3902530670166016
v -10.023288726806641 -1.6000000238418579 -4.2411408424377441
v -10.043527603149414 -1.6000000238418579 -4.0937671661376953
v -10.050000190734863 -1.6000000238418579 -3.9500000476837158
v -10.043527603149414 -1.6000000238418579 -3.8062329292297363
v -10.023288726806641 -1.6000000238418579 -3.6588590145111084
v -9.9882383346557617 -1.6000000238418579 -3.509746789932251
v -9.9376611709594727 -1.6000000238418579 -3.3610484600067139
v -9.8712539672851563 -1.6000000238418579 -3.2151286602020264
v -9.7891931533813477 -1.6000000238418579 -3.0744643211364746
v -9.6921653747558594 -1.6000000238418579 -2.9415230751037598
v -9.5813713073730469 -1.6000000238418579 -2.818629264831543
v -9.4584770202636719 -1.6000000238418579 -2.7078349590301514
v -9.325535774230957 -1.6000000238418579 -2.6108071804046631
v -9.1848716735839844 -1.6000000238418579 -2.5287456512451172
v -9.0389518737792969 -1.6000000238418579 -2.4623386859893799
v -8.8902530670166016 -1.6000000238418579 -2.4117617607116699
v -8.7411413192749023 -1.6000000238418579 -2.376711368560791
v -8.5937671661376953 -1.6000000238418579 -2.3564722537994385
v -8.4499998092651367 -1.6000000238418579 -2.3499999046325684
v -8.3062324523925781 -1.6000000238418579 -2.3564722537994385
v -8.1588592529296875 -1.6000000238418579 -2.376711368560791
v -8.0097465515136719 -1.6000000238418579 -2.4117617607116699
v -7.861048698425293 -1.6000000238418579 -2.4623386859893799
v -7.7151284217834473 -1.6000000238418579 -2.5287456512451172
v -7.5744643211364746 -1.6000000238418579 -2.6108071804046631
v -7.4415230751037598 -1.6000000238418579 -2.7078349590301514
v -7.318629264831543 -1.6000000238418579 -2.818629264831543
v -7.2078347206115723 -1.6000000238418579 -2.9415230751037598
v -7.1108074188232422 -1.6000000238418579 -3.0744643211364746
v -7.0287456512451172 -1.6000000238418579 -3.2151286602020264
v -6.962338924407959 -1.6000000238418579 -3.3610484600067139
v -6.9117617607116699 -1.6000000238418579 -3.509746789932251
v -6.876711368560791 -1.6000000238418579 -3.6588590145111084
v -6.8564720153808594 -1.6000000238418579 -3.8062329292297363
v 6.8499999046325684 -1.6000000238418579 -3.9500000476837158
v 6.8564720153808594 -1.6000000238418579 -3.8062329292297363
v 6.876711368560791 -1.6000000238418579 -3.6588590145111084
v 6.9117617607116699 -1.6000000238418579 -3.509746789932251
v 6.962338924407959 -1.6000000238418579 -3.3610484600067139
v 7.0287456512451172 -1.6000000238418579 -3.2151286602020264
v 7.1108074188232422 -1.6000000238418579 -3.0744643211364746
v 7.2078347206115723 -1.6000000238418579 -2.9415230751037598
v 7.318629264831543 -1.6000000238418579 -2.818629264831543
v 7.4415230751037598 -1.6000000238418579 -2.7078349590301514
v 7.5744643211364746 -1.6000000238418579 -2.6108071804046631
v 7.7151284217834473 -1.6000000238418579 -2.5287456512451172
v 7.861048698425293 -1.6000000238418579 -2.4623386859893799
v 8.0097465515136719 -1.6000000238418579 -2.4117617607116699
v 8.1588592529296875 -1.6000000238418579 -2.376711368560791
v 8.3062324523925781 -1.6000000238418579 -2.3564722537994385
v 8.4499998092651367 -1.6000000238418579 -2.3499999046325684
v 8.5937671661376953 -1.6000000238418579 -2.3564722537994385
v 8.7411413192749023 -1.6000000238418579 -2.376711368560791
v 8.8902530670166016 -1.6000000238418579 -2.4117617607116699
v 9.0389518737792969 -1.6000000238418579 -2.4623386859893799
v 9.1848716735839844 -1.6000000238418579 -2.5287456512451172
v 9.325535774230957 -1.6000000238418579 -2.6108071804046631
v 9.4584770202636719 -1.6000000238418579 -2.7078349590301514
v 9.5813713073730469 -1.6000000238418579 -2.818629264831543
v 9.6921653747558594 -1.6000000238418579 -2.9415230751037598
v 9.7891931533813477 -1.6000000238418579 -3.0744643211364746
v 9.8712539672851563 -1.6000000238418579 -3.2151286602020264
v 9.9376611709594727 -1.6000000238418579 -3.3610484600067139
v 9.9882383346557617 -1.6000000238418579 -3.509746789932251
v 10.023288726806641 -1.6000000238418579 -3.6588590145111084
v 10.043527603149414 -1.6000000238418579 -3.8062329292297363
v 10.050000190734863 -1.6000000238418579 -3.9500000476837158
v 10.043527603149414 -1.6000000238418579 -4.0937671661376953
v 10.023288726806641 -1.6000000238418579 -4.2411408424377441
v 9.9882383346557617 -1.6000000238418579 -4.3902530670166016
v 9.9376611709594727 -1.6000000238418579 -4.5389513969421387
v 9.8712539672851563 -1.6000000238418579 -4.6848711967468262
v 9.7891931533813477 -1.6000000238418579 -4.825535774230957
v 9.6921653747558594 -1.6000000238418579 -4.9584770202636719
v 9.5813713073730469 -1.6000000238418579 -5.0813708305358887
v 9.4584770202636719 -1.6000000238418579 -5.1921648979187012
v 9.325535774230957 -1.6000000238418579 -5.2891926765441895
v 9.1848716735839844 -1.6000000238418579 -5.3712544441223145
v 9.0389518737792969 -1.6000000238418579 -5.4376611709594727
v 8.8902530670166016 -1.6000000238418579 -5.4882383346557617
v 8.7411413192749023 -1.6000000238418579 -5.5232887268066406
v 8.5937671661376953 -1.6000000238418579 -5.5435280799865723
v 8.4499998092651367 -1.6000000238418579 -5.5500001907348633
v 8.3062324523925781 -1.6000000238418579 -5.5435280799865723
v 8.1588592529296875 -1.6000000238418579 -5.5232887268066406
v 8.0097465515136719 -1.6000000238418579 -5.4882383346557617
v 7.861048698425293 -1.6000000238418579 -5.4376611709594727
v 7.7151284217834473 -1.6000000238418579 -5.3712544441223145
v 7.5744643211364746 -1.6000000238418579 -5.2891926765441895
v 7.4415230751037598 -1.6000000238418579 -5.1921648979187012
v 7.318629264831543 -1.6000000238418579 -5.0813708305358887
v 7.2078347206115723 -1.6000000238418579 -4.9584770202636719
v 7.1108074188232422 -1.6000000238418579 -4.825535774230957
v 7.0287456512451172 -1.6000000238418579 -4.6848711967468262
v 6.962338924407959 -1.6000000238418579 -4.5389513969421387
v 6.9117617607116699 -1.6000000238418579 -4.3902530670166016
v 6.876711368560791 -1.6000000238418579 -4.2411408424377441
v 6.8564720153808594 -1.6000000238418579 -4.0937671661376953
v -5.75 -1.6000000238418579 4.8000001907348633
v -5.7520227432250977 -1.6000000238418579 4.7550725936889648
v -5.7583475112915039 -1.6000000238418579 4.7090187072753906
v -5.7693004608154297 -1.6000000238418579 4.6624207496643066
v -5.7851057052612305 -1.6000000238418579 4.6159524917602539
v -5.8058581352233887 -1.6000000238418579 4.5703525543212891
v -5.8315024375915527 -1.6000000238418579 4.526395320892334
v -5.861823558807373 -1.6000000238418579 4.4848508834838867
v -5.896446704864502 -1.6000000238418579 4.446446418762207
v -5.9348511695861816 -1.6000000238418579 4.4118232727050781
v -5.9763951301574707 -1.6000000238418579 4.3815021514892578
v -6.020352840423584 -1.6000000238418579 4.3558578491210938
v -6.0659527778625488 -1.6000000238418579 4.3351058959960938
v -6.1124210357666016 -1.6000000238418579 4.319300651550293
v -6.1590185165405273 -1.6000000238418579 4.308347225189209
v -6.2050728797912598 -1.6000000238418579 4.3020224571228027
v -6.25 -1.6000000238418579 4.3000001907348633
v -6.2949271202087402 -1.6000000238418579 4.3020224571228027
v -6.3409814834594727 -1.6000000238418579 4.308347225189209
v -6.3875789642333984 -1.6000000238418579 4.319300651550293
v -6.4340472221374512 -1.6000000238418579 4.3351058959960938
v -6.479647159576416 -1.6000000238418579 4.3558578491210938
v -6.5236048698425293 -1.6000000238418579 4.3815021514892578
v -6.5651488304138184 -1.6000000238418579 4.4118232727050781
v -6.603553295135498 -1.6000000238418579 4.446446418762207
v -6.638176441192627 -1.6000000238418579 4.4848508834838867
v -6.6684975624084473 -1.6000000238418579 4.526395320892334
v -6.6941418647766113 -1.6000000238418579 4.5703525543212891
v -6.7148942947387695 -1.6000000238418579 4.6159524917602539
v -6.7306995391845703 -1.6000000238418579 4.6624207496643066
v -6.7416524887084961 -1.6000000238418579 4.7090187072753906
v -6.7479772567749023 -1.6000000238418579 4.7550725936889648
v -6.75 -1.6000000238418579 4.8000001907348633
v -6.7479772567749023 -1.6000000238418579 4.8449273109436035
v -6.7416524887084961 -1.6000000238418579 4.8909816741943359
v -6.7306995391845703 -1.6000000238418579 4.9375791549682617
v -6.7148942947387695 -1.6000000238418579 4.9840474128723145
v -6.6941418647766113 -1.6000000238418579 5.0296473503112793
v -6.6684975624084473 -1.6000000238418579 5.0736050605773926
v -6.638176441192627 -1.6000000238418579 5.1151490211486816
v -6.603553295135498 -1.6000000238418579 5.1535534858703613
v -6.5651488304138184 -1.6000000238418579 5.1881766319274902
v -6.5236048698425293 -1.6000000238418579 5.2184977531433105
v -6.479647159576416 -1.6000000238418579 5.2441420555114746
v -6.4340472221374512 -1.6000000238418579 5.2648940086364746
v -6.3875789642333984 -1.6000000238418579 5.2806992530822754
v -6.3409814834594727 -1.6000000238418579 5.2916526794433594
v -6.2949271202087402 -1.6000000238418579 5.2979774475097656
v -6.25 -1.6000000238418579 5.3000001907348633
v -6.2050728797912598 -1.6000000238418579 5.2979774475097656
v -6.1590185165405273 -1.6000000238418579 5.2916526794433594
v -6.1124210357666016 -1.6000000238418579 5.2806992530822754
v -6.0659527778625488 -1.6000000238418579 5.2648940086364746
v -6.020352840423584 -1.6000000238418579 5.2441420555114746
v -5.9763951301574707 -1.6000000238418579 5.2184977531433105
v -5.9348511695861816 -1.6000000238418579 5.1881766319274902
v -5.896446704864502 -1.6000000238418579 5.1535534858703613
v -5.861823558807373 -1.6000000238418579 5.1151490211486816
v -5.8315024375915527 -1.6000000238418579 5.0736050605773926
v -5.8058581352233887 -1.6000000238418579 5.0296473503112793
v -5.7851057052612305 -1.6000000238418579 4.9840474128723145
v -5.7693004608154297 -1.6000000238418579 4.9375791549682617
v -5.7583475112915039 -1.6000000238418579 4.8909816741943359
v -5.7520227432250977 -1.6000000238418579 4.8449273109436035
v -3.25 -1.6000000238418579 4.8000001907348633
v -3.2520225048065186 -1.6000000238418579 4.7550725936889648
v -3.2583472728729248 -1.6000000238418579 4.7090187072753906
v -3.2693004608154297 -1.6000000238418579 4.6624207496643066
v -3.2851059436798096 -1.6000000238418579 4.6159524917602539
v -3.3058578968048096 -1.6000000238418579 4.5703525543212891
v -3.3315021991729736 -1.6000000238418579 4.526395320892334
v -3.3618233203887939 -1.6000000238418579 4.4848508834838867
v -3.396446704864502 -1.6000000238418579 4.446446418762207
v -3.4348509311676025 -1.6000000238418579 4.4118232727050781
v -3.4763951301574707 -1.6000000238418579 4.3815021514892578
v -3.5203526020050049 -1.6000000238418579 4.3558578491210938
v -3.5659525394439697 -1.6000000238418579 4.3351058959960938
v -3.6124207973480225 -1.6000000238418579 4.319300651550293
v -3.6590185165405273 -1.6000000238418579 4.308347225189209
v -3.7050728797912598 -1.6000000238418579 4.3020224571228027
v -3.75 -1.6000000238418579 4.3000001907348633
v -3.7949271202087402 -1.6000000238418579 4.3020224571228027
v -3.8409814834594727 -1.6000000238418579 4.308347225189209
v -3.8875792026519775 -1.6000000238418579 4.319300651550293
v -3.9340474605560303 -1.6000000238418579 4.3351058959960938
v -3.9796473979949951 -1.6000000238418579 4.3558578491210938
v -4.0236048698425293 -1.6000000238418579 4.3815021514892578
v -4.0651488304138184 -1.6000000238418579 4.4118232727050781
v -4.103553295135498 -1.6000000238418579 4.446446418762207
v -4.138176441192627 -1.6000000238418579 4.4848508834838867
v -4.1684975624084473 -1.6000000238418579 4.526395320892334
v -4.1941418647766113 -1.6000000238418579 4.5703525543212891
v -4.2148942947387695 -1.6000000238418579 4.6159524917602539
v -4.2306995391845703 -1.6000000238418579 4.6624207496643066
v -4.2416524887084961 -1.6000000238418579 4.7090187072753906
v -4.2479772567749023 -1.6000000238418579 4.7550725936889648
v -4.25 -1.6000000238418579 4.8000001907348633
v -4.2479772567749023 -1.6000000238418579 4.8449273109436035
v -4.2416524887084961 -1.6000000238418579 4.8909816741943359
v -4.2306995391845703 -1.6000000238418579 4.9375791549682617
v -4.2148942947387695 -1.6000000238418579 4.9840474128723145
v -4.1941418647766113 -1.6000000238418579 5.0296473503112793
v -4.1684975624084473 -1.6000000238418579 5.0736050605773926
v -4.138176441192627 -1.6000000238418579 5.1151490211486816
v -4.103553295135498 -1.6000000238418579 5.1535534858703613
v -4.0651488304138184 -1.6000000238418579 5.1881766319274902
v -4.0236048698425293 -1.6000000238418579 5.2184977531433105
v -3.9796473979949951 -1.6000000238418579 5.2441420555114746
v -3.9340474605560303 -1.6000000238418579 5.2648940086364746
v -3.8875792026519775 -1.6000000238418579 5.2806992530822754
v -3.8409814834594727 -1.6000000238418579 5.2916526794433594
v -3.7949271202087402 -1.6000000238418579 5.2979774475097656
v -3.75 -1.6000000238418579 5.3000001907348633
v -3.7050728797912598 -1.6000000238418579 5.2979774475097656
v -3.6590185165405273 -1.6000000238418579 5.2916526794433594
v -3.6124207973480225 -1.6000000238418579 5.2806992530822754
v -3.5659525394439697 -1.6000000238418579 5.2648940086364746
v -3.5203526020050049 -1.6000000238418579 5.2441420555114746
v -3.4763951301574707 -1.6000000238418579 5.2184977531433105
v -3.4348509311676025 -1.6000000238418579 5.1881766319274902
v -3.396446704864502 -1.6000000238418579 5.1535534858703613
v -3.3618233203887939 -1.6000000238418579 5.1151490211486816
v -3.3315021991729736 -1.6000000238418579 5.0736050605773926
v -3.3058578968048096 -1.6000000238418579 5.0296473503112793
v -3.2851059436798096 -1.6000000238418579 4.9840474128723145
v -3.2693004608154297 -1.6000000238418579 4.9375791549682617
v -3.2583472728729248 -1.6000000238418579 4.8909816741943359
v -3.2520225048065186 -1.6000000238418579 4.8449273109436035
v -0.75 -1.6000000238418579 4.8000001907348633
v -0.75202256441116333 -1.6000000238418579 4.7550725936889648
v -0.75834733247756958 -1.6000000238418579 4.7090187072753906
v -0.76930052042007446 -1.6000000238418579 4.6624207496643066
v -0.78510582447052002 -1.6000000238418579 4.6159524917602539
v -0.80585801601409912 -1.6000000238418579 4.5703525543212891
v -0.83150225877761841 -1.6000000238418579 4.526395320892334
v -0.86182337999343872 -1.6000000238418579 4.4848508834838867
v -0.8964465856552124 -1.6000000238418579 4.446446418762207
v -0.93485093116760254 -1.6000000238418579 4.4118232727050781
v -0.9763951301574707 -1.6000000238418579 4.3815021514892578
v -1.0203527212142944 -1.6000000238418579 4.3558578491210938
v -1.0659526586532593 -1.6000000238418579 4.3351058959960938
v -1.112420916557312 -1.6000000238418579 4.319300651550293
v -1.1590185165405273 -1.6000000238418579 4.308347225189209
v -1.2050727605819702 -1.6000000238418579 4.3020224571228027
v -1.25 -1.6000000238418579 4.3000001907348633
v -1.2949272394180298 -1.6000000238418579 4.3020224571228027
v -1.3409814834594727 -1.6000000238418579 4.308347225189209
v -1.387579083442688 -1.6000000238418579 4.319300651550293
v -1.4340473413467407 -1.6000000238418579 4.3351058959960938
v -1.4796472787857056 -1.6000000238418579 4.3558578491210938
v -1.5236048698425293 -1.6000000238418579 4.3815021514892578
v -1.5651490688323975 -1.6000000238418579 4.4118232727050781
v -1.6035534143447876 -1.6000000238418579 4.446446418762207
v -1.6381765604019165 -1.6000000238418579 4.4848508834838867
v -1.6684978008270264 -1.6000000238418579 4.526395320892334
v -1.6941419839859009 -1.6000000238418579 4.5703525543212891
v -1.71489417552948 -1.6000000238418579 4.6159524917602539
v -1.7306994199752808 -1.6000000238418579 4.6624207496643066
v -1.7416527271270752 -1.6000000238418579 4.7090187072753906
v -1.7479774951934814 -1.6000000238418579 4.7550725936889648
v -1.75 -1.6000000238418579 4.8000001907348633
v -1.7479774951934814 -1.6000000238418579 4.8449273109436035
v -1.7416527271270752 -1.6000000238418579 4.8909816741943359
v -1.7306994199752808 -1.6000000238418579 4.9375791549682617
v -1.71489417552948 -1.6000000238418579 4.9840474128723145
v -1.6941419839859009 -1.6000000238418579 5.0296473503112793
v -1.6684978008270264 -1.6000000238418579 5.0736050605773926
v -1.6381765604019165 -1.6000000238418579 5.1151490211486816
v -1.6035534143447876 -1.6000000238418579 5.1535534858703613
v -1.5651490688323975 -1.6000000238418579 5.1881766319274902
v -1.5236048698425293 -1.6000000238418579 5.2184977531433105
v -1.4796472787857056 -1.6000000238418579 5.2441420555114746
v -1.4340473413467407 -1.6000000238418579 5.2648940086364746
v -1.387579083442688 -1.6000000238418579 5.2806992530822754
v -1.3409814834594727 -1.6000000238418579 5.2916526794433594
v -1.2949272394180298 -1.6000000238418579 5.2979774475097656
v -1.25 -1.6000000238418579 5.3000001907348633
v -1.2050727605819702 -1.6000000238418579 5.2979774475097656
v -1.1590185165405273 -1.6000000238418579 5.2916526794433594
v -1.112420916557312 -1.6000000238418579 5.2806992530822754
v -1.0659526586532593 -1.6000000238418579 5.2648940086364746
v -1.0203527212142944 -1.6000000238418579 5.2441420555114746
v -0.9763951301574707 -1.6000000238418579 5.2184977531433105
v -0.93485093116760254 -1.6000000238418579 5.1881766319274902
v -0.8964465856552124 -1.6000000238418579 5.1535534858703613
v -0.86182337999343872 -1.6000000238418579 5.1151490211486816
v -0.83150225877761841 -1.6000000238418579 5.0736050605773926
v -0.80585801601409912 -1.6000000238418579 5.0296473503112793
v -0.78510582447052002 -1.6000000238418579 4.9840474128723145
v -0.76930052042007446 -1.6000000238418579 4.9375791549682617
v -0.75834733247756958 -1.6000000238418579 4.8909816741943359
v -0.75202256441116333 -1.6000000238418579 4.8449273109436035
v 1.75 -1.6000000238418579 4.8000001907348633
v 1.7479774951934814 -1.6000000238418579 4.7550725936889648
v 1.7416527271270752 -1.6000000238418579 4.7090187072753906
v 1.7306994199752808 -1.6000000238418579 4.6624207496643066
v 1.71489417552948 -1.6000000238418579 4.6159524917602539
v 1.6941419839859009 -1.6000000238418579 4.5703525543212891
v 1.6684978008270264 -1.6000000238418579 4.526395320892334
v 1.6381765604019165 -1.6000000238418579 4.4848508834838867
v 1.6035534143447876 -1.6000000238418579 4.446446418762207
v 1.5651490688323975 -1.6000000238418579 4.4118232727050781
v 1.5236048698425293 -1.6000000238418579 4.3815021514892578
v 1.4796472787857056 -1.6000000238418579 4.3558578491210938
v 1.4340473413467407 -1.6000000238418579 4.3351058959960938
v 1.387579083442688 -1.6000000238418579 4.319300651550293
v 1.3409814834594727 -1.6000000238418579 4.308347225189209
v 1.2949272394180298 -1.6000000238418579 4.3020224571228027
v 1.25 -1.6000000238418579 4.3000001907348633
v 1.2050727605819702 -1.6000000238418579 4.3020224571228027
v 1.1590185165405273 -1.6000000238418579 4.308347225189209
v 1.112420916557312 -1.6000000238418579 4.319300651550293
v 1.0659526586532593 -1.6000000238418579 4.3351058959960938
v 1.0203527212142944 -1.6000000238418579 4.3558578491210938
v 0.9763951301574707 -1.6000000238418579 4.3815021514892578
v 0.93485093116760254 -1.6000000238418579 4.4118232727050781
v 0.8964465856552124 -1.6000000238418579 4.446446418762207
v 0.86182337999343872 -1.6000000238418579 4.4848508834838867
v 0.83150225877761841 -1.6000000238418579 4.526395320892334
v 0.80585801601409912 -1.6000000238418579 4.5703525543212891
v 0.78510582447052002 -1.6000000238418579 4.6159524917602539
v 0.76930052042007446 -1.6000000238418579 4.6624207496643066
v 0.75834733247756958 -1.6000000238418579 4.7090187072753906
v 0.75202256441116333 -1.6000000238418579 4.7550725936889648
v 0.75 -1.6000000238418579 4.8000001907348633
v 0.75202256441116333 -1.6000000238418579 4.8449273109436035
v 0.75834733247756958 -1.6000000238418579 4.8909816741943359
v 0.76930052042007446 -1.6000000238418579 4.9375791549682617
v 0.78510582447052002 -1.6000000238418579 4.9840474128723145
v 0.80585801601409912 -1.6000000238418579 5.0296473503112793
v 0.83150225877761841 -1.6000000238418579 5.0736050605773926
v 0.86182337999343872 -1.6000000238418579 5.1151490211486816
v 0.8964465856552124 -1.6000000238418579 5.1535534858703613
v 0.93485093116760254 -1.6000000238418579 5.1881766319274902
v 0.9763951301574707 -1.6000000238418579 5.2184977531433105
v 1.0203527212142944 -1.6000000238418579 5.2441420555114746
v 1.0659526586532593 -1.6000000238418579 5.2648940086364746
v 1.112420916557312 -1.6000000238418579 5.2806992530822754
v 1.1590185165405273 -1.6000000238418579 5.2916526794433594
v 1.2050727605819702 -1.6000000238418579 5.2979774475097656
v 1.25 -1.6000000238418579 5.3000001907348633
v 1.2949272394180298 -1.6000000238418579 5.2979774475097656
v 1.3409814834594727 -1.6000000238418579 5.2916526794433594
v 1.387579083442688 -1.6000000238418579 5.2806992530822754
v 1.4340473413467407 -1.6000000238418579 5.2648940086364746
v 1.4796472787857056 -1.6000000238418579 5.2441420555114746
v 1.5236048698425293 -1.6000000238418579 5.2184977531433105
v 1.5651490688323975 -1.6000000238418579 5.1881766319274902
v 1.6035534143447876 -1.6000000238418579 5.1535534858703613
v 1.6381765604019165 -1.6000000238418579 5.1151490211486816
v 1.6684978008270264 -1.6000000238418579 5.0736050605773926
v 1.6941419839859009 -1.6000000238418579 5.0296473503112793
v 1.71489417552948 -1.6000000238418579 4.9840474128723145
v 1.7306994199752808 -1.6000000238418579 4.9375791549682617
v 1.7416527271270752 -1.6000000238418579 4.8909816741943359
v 1.7479774951934814 -1.6000000238418579 4.8449273109436035
v 4.25 -1.6000000238418579 4.8000001907348633
v 4.2479772567749023 -1.6000000238418579 4.7550725936889648
v 4.2416524887084961 -1.6000000238418579 4.7090187072753906
v 4.2306995391845703 -1.6000000238418579 4.6624207496643066
v 4.2148942947387695 -1.6000000238418579 4.6159524917602539
v 4.1941418647766113 -1.6000000238418579 4.5703525543212891
v 4.1684975624084473 -1.6000000238418579 4.526395320892334
v 4.138176441192627 -1.6000000238418579 4.4848508834838867
v 4.103553295135498 -1.6000000238418579 4.446446418762207
v 4.0651488304138184 -1.6000000238418579 4.4118232727050781
v 4.0236048698425293 -1.6000000238418579 4.3815021514892578
v 3.9796473979949951 -1.6000000238418579 4.3558578491210938
v 3.9340474605560303 -1.6000000238418579 4.3351058959960938
v 3.8875792026519775 -1.6000000238418579 4.319300651550293
v 3.8409814834594727 -1.6000000238418579 4.308347225189209
v 3.7949271202087402 -1.6000000238418579 4.3020224571228027
v 3.75 -1.6000000238418579 4.3000001907348633
v 3.7050728797912598 -1.6000000238418579 4.3020224571228027
v 3.6590185165405273 -1.6000000238418579 4.308347225189209
v 3.6124207973480225 -1.6000000238418579 4.319300651550293
v 3.5659525394439697 -1.6000000238418579 4.3351058959960938
v 3.5203526020050049 -1.6000000238418579 4.3558578491210938
v 3.4763951301574707 -1.6000000238418579 4.3815021514892578
v 3.4348509311676025 -1.6000000238418579 4.4118232727050781
v 3.396446704864502 -1.6000000238418579 4.446446418762207
v 3.3618233203887939 -1.6000000238418579 4.4848508834838867
v 3.3315021991729736 -1.6000000238418579 4.526395320892334
v 3.3058578968048096 -1.6000000238418579 4.5703525543212891
v 3.2851059436798096 -1.6000000238418579 4.6159524917602539
v 3.2693004608154297 -1.6000000238418579 4.6624207496643066
v 3.2583472728729248 -1.6000000238418579 4.7090187072753906
v 3.2520225048065186 -1.6000000238418579 4.7550725936889648
v 3.25 -1.6000000238418579 4.8000001907348633
v 3.2520225048065186 -1.6000000238418579 4.8449273109436035
v 3.2583472728729248 -1.6000000238418579 4.8909816741943359
v 3.2693004608154297 -1.6000000238418579 4.9375791549682617
v 3.2851059436798096 -1.6000000238418579 4.9840474128723145
v 3.3058578968048096 -1.6000000238418579 5.0296473503112793
v 3.3315021991729736 -1.6000000238418579 5.0736050605773926
v 3.3618233203887939 -1.6000000238418579 5.1151490211486816
v 3.396446704864502 -1.6000000238418579 5.1535534858703613
v 3.4348509311676025 -1.6000000238418579 5.1881766319274902
v 3.4763951301574707 -1.6000000238418579 5.2184977531433105
v 3.5203526020050049 -1.6000000238418579 5.2441420555114746
v 3.5659525394439697 -1.6000000238418579 5.2648940086364746
v 3.6124207973480225 -1.6000000238418579 5.2806992530822754
v 3.6590185165405273 -1.6000000238418579 5.2916526794433594
v 3.7050728797912598 -1.6000000238418579 5.2979774475097656
v 3.75 -1.6000000238418579 5.3000001907348633
v 3.7949271202087402 -1.6000000238418579 5.2979774475097656
v 3.8409814834594727 -1.6000000238418579 5.2916526794433594
v 3.8875792026519775 -1.6000000238418579 5.2806992530822754
v 3.9340474605560303 -1.6000000238418579 5.2648940086364746
v 3.9796473979949951 -1.6000000238418579 5.2441420555114746
v 4.0236048698425293 -1.6000000238418579 5.2184977531433105
v 4.0651488304138184 -1.6000000238418579 5.1881766319274902
v 4.103553295135498 -1.6000000238418579 5.1535534858703613
v 4.138176441192627 -1.6000000238418579 5.1151490211486816
v 4.1684975624084473 -1.6000000238418579 5.0736050605773926
v 4.1941418647766113 -1.6000000238418579 5.0296473503112793
v 4.2148942947387695 -1.6000000238418579 4.9840474128723145
v 4.2306995391845703 -1.6000000238418579 4.9375791549682617
v 4.2416524887084961 -1.6000000238418579 4.8909816741943359
v 4.2479772567749023 -1.6000000238418579 4.8449273109436035
v 6.75 -1.6000000238418579 4.8000001907348633
v 6.7479772567749023 -1.6000000238418579 4.7550725936889648
v 6.7416524887084961 -1.6000000238418579 4.7090187072753906
v 6.7306995391845703 -1.6000000238418579 4.6624207496643066
v 6.7148942947387695 -1.6000000238418579 4.6159524917602539
v 6.6941418647766113 -1.6000000238418579 4.5703525543212891
v 6.6684975624084473 -1.6000000238418579 4.526395320892334
v 6.638176441192627 -1.6000000238418579 4.4848508834838867
v 6.603553295135498 -1.6000000238418579 4.446446418762207
v 6.5651488304138184 -1.6000000238418579 4.4118232727050781
v 6.5236048698425293 -1.6000000238418579 4.3815021514892578
v 6.479647159576416 -1.6000000238418579 4.3558578491210938
v 6.4340472221374512 -1.6000000238418579 4.3351058959960938
v 6.3875789642333984 -1.6000000238418579 4.319300651550293
v 6.3409814834594727 -1.6000000238418579 4.308347225189209
v 6.2949271202087402 -1.6000000238418579 4.3020224571228027
v 6.25 -1.6000000238418579 4.3000001907348633
v 6.2050728797912598 -1.6000000238418579 4.3020224571228027
v 6.1590185165405273 -1.6000000238418579 4.308347225189209
v 6.1124210357666016 -1.6000000238418579 4.319300651550293
v 6.0659527778625488 -1.6000000238418579 4.3351058959960938
v 6.020352840423584 -1.6000000238418579 4.3558578491210938
v 5.9763951301574707 -1.6000000238418579 4.3815021514892578
v 5.9348511695861816 -1.6000000238418579 4.4118232727050781
v 5.896446704864502 -1.6000000238418579 4.446446418762207
v 5.861823558807373 -1.6000000238418579 4.4848508834838867
v 5.8315024375915527 -1.6000000238418579 4.526395320892334
v 5.8058581352233887 -1.6000000238418579 4.5703525543212891
v 5.7851057052612305 -1.6000000238418579 4.6159524917602539
v 5.7693004608154297 -1.6000000238418579 4.6624207496643066
v 5.7583475112915039 -1.6000000238418579 4.7090187072753906
v 5.7520227432250977 -1.6000000238418579 4.7550725936889648
v 5.75 -1.6000000238418579 4.8000001907348633
v 5.7520227432250977 -1.6000000238418579 4.8449273109436035
v 5.7583475112915039 -1.6000000238418579 4.8909816741943359
v 5.7693004608154297 -1.6000000238418579 4.9375791549682617
v 5.7851057052612305 -1.6000000238418579 4.9840474128723145
v 5.8058581352233887 -1.6000000238418579 5.0296473503112793
v 5.8315024375915527 -1.6000000238418579 5.0736050605773926
v 5.861823558807373 -1.6000000238418579 5.1151490211486816
v 5.896446704864502 -1.6000000238418579 5.1535534858703613
v 5.9348511695861816 -1.6000000238418579 5.1881766319274902
v 5.9763951301574707 -1.6000000238418579 5.2184977531433105
v 6.020352840423584 -1.6000000238418579 5.2441420555114746
v 6.0659527778625488 -1.6000000238418579 5.2648940086364746
v 6.1124210357666016 -1.6000000238418579 5.2806992530822754
v 6.1590185165405273 -1.6000000238418579 5.2916526794433594
v 6.2050728797912598 -1.6000000238418579 5.2979774475097656
v 6.25 -1.6000000238418579 5.3000001907348633
v 6.2949271202087402 -1.6000000238418579 5.2979774475097656
v 6.3409814834594727 -1.6000000238418579 5.2916526794433594
v 6.3875789642333984 -1.6000000238418579 5.2806992530822754
v 6.4340472221374512 -1.6000000238418579 5.2648940086364746
v 6.479647159576416 -1.6000000238418579 5.2441420555114746
v 6.5236048698425293 -1.6000000238418579 5.2184977531433105
v 6.5651488304138184 -1.6000000238418579 5.1881766319274902
v 6.603553295135498 -1.6000000238418579 5.1535534858703613
v 6.638176441192627 -1.6000000238418579 5.1151490211486816
v 6.6684975624084473 -1.6000000238418579 5.0736050605773926
v 6.6941418647766113 -1.6000000238418579 5.0296473503112793
v 6.7148942947387695 -1.6000000238418579 4.9840474128723145
v 6.7306995391845703 -1.6000000238418579 4.9375791549682617
v 6.7416524887084961 -1.6000000238418579 4.8909816741943359
v 6.7479772567749023 -1.6000000238418579 4.8449273109436035
vt 0 0
vt 0 0.52985048294067383
vt 0.11736679077148438 0
vt 0.11736679077148438 0.52985048294067383
vt 0.11736679077148438 0
vt 0.11736679077148438 0.52985048294067383
vt 0.31856700778007507 0
vt 0.31856700778007507 0.52985048294067383
vt 0.31856700778007507 0
vt 0.31856700778007507 0.52985048294067383
vt 0.43593379855155945 0
vt 0.43593379855155945 0.52985048294067383
vt 0.43593379855155945 0
vt 0.43593379855155945 0.52985048294067383
vt 0.63713401556015015 0
vt 0.63713401556015015 0.52985048294067383
vt 0.63713401556015015 0
vt 0.63713401556015015 0.52985048294067383
vt 0.63859719038009644 0
vt 0.63859719038009644 0.52985048294067383
vt 0.64006036520004272 0
vt 0.64006036520004272 0.52985048294067383
vt 0.64152354001998901 0
vt 0.64152354001998901 0.52985048294067383
vt 0.6429867148399353 0
vt 0.6429867148399353 0.52985048294067383
vt 0.64444988965988159 0
vt 0.64444988965988159 0.52985048294067383
vt 0.64591306447982788 0
vt 0.64591306447982788 0.52985048294067383
vt 0.64737617969512939 0
vt 0.64737617969512939 0.52985048294067383
vt 0.64883935451507568 0
vt 0.64883935451507568 0.52985048294067383
vt 0.65030252933502197 0
vt 0.65030252933502197 0.52985048294067383
vt 0.65176570415496826 0
vt 0.65176570415496826 0.52985048294067383
vt 0.65322887897491455 0
vt 0.65322887897491455 0.52985048294067383
vt 0.65469205379486084 0
vt 0.65469205379486084 0.52985048294067383
vt 0.65615522861480713 0
vt 0.65615522861480713 0.52985048294067383
vt 0.65761840343475342 0
vt 0.65761840343475342 0.52985048294067383
vt 0.65908157825469971 0
vt 0.65908157825469971 0.52985048294067383
vt 0.660544753074646 0
vt 0.660544753074646 0.52985048294067383
vt 0.66200792789459229 0
vt 0.66200792789459229 0.52985048294067383
vt 0.6634710431098938 0
vt 0.6634710431098938 0.52985048294067383
vt 0.66493421792984009 0
vt 0.66493421792984009 0.52985048294067383
vt 0.66639739274978638 0
vt 0.66639739274978638 0.52985048294067383
vt 0.66786056756973267 0
vt 0.66786056756973267 0.52985048294067383
vt 0.66932374238967896 0
vt 0.66932374238967896 0.52985048294067383
vt 0.67078691720962524 0
vt 0.67078691720962524 0.52985048294067383
vt 0.67225009202957153 0
vt 0.67225009202957153 0.52985048294067383
vt 0.67371326684951782 0
vt 0.67371326684951782 0.52985048294067383
vt 0.67517644166946411 0
vt 0.67517644166946411 0.52985048294067383
vt 0.6766396164894104 0
vt 0.6766396164894104 0.52985048294067383
vt 0.67810273170471191 0
vt 0.67810273170471191 0.52985048294067383
vt 0.6795659065246582 0
vt 0.6795659065246582 0.52985048294067383
vt 0.68102908134460449 0
vt 0.68102908134460449 0.52985048294067383
vt 0.68249225616455078 0
vt 0.68249225616455078 0.52985048294067383
vt 0.68395543098449707 0
vt 0.68395543098449707 0.52985048294067383
vt 0.68541860580444336 0
vt 0.68541860580444336 0.52985048294067383
vt 0.68688178062438965 0
vt 0.68688178062438965 0.52985048294067383
vt 0.68834495544433594 0
vt 0.68834495544433594 0.52985048294067383
vt 0.68980813026428223 0
vt 0.68980813026428223 0.52985048294067383
vt 0.69127130508422852 0
vt 0.69127130508422852 0.52985048294067383
vt 0.6927344799041748 0
vt 0.6927344799041748 0.52985048294067383
vt 0.69419759511947632 0
vt 0.69419759511947632 0.52985048294067383
vt 0.69566076993942261 0
vt 0.69566076993942261 0.52985048294067383
vt 0.6971239447593689 0
vt 0.6971239447593689 0.52985048294067383
vt 0.69858711957931519 0
vt 0.69858711957931519 0.52985048294067383
vt 0.70005029439926147 0
vt 0.70005029439926147 0.52985048294067383
vt 0.70151346921920776 0
vt 0.70151346921920776 0.52985048294067383
vt 0.70297664403915405 0
vt 0.70297664403915405 0.52985048294067383
vt 0.70443981885910034 0
vt 0.70443981885910034 0.52985048294067383
vt 0.70590299367904663 0
vt 0.70590299367904663 0.52985048294067383
vt 0.70736616849899292 0
vt 0.70736616849899292 0.52985048294067383
vt 0.70882934331893921 0
vt 0.70882934331893921 0.52985048294067383
vt 0.71029245853424072 0
vt 0.71029245853424072 0.52985048294067383
vt 0.71175563335418701 0
vt 0.71175563335418701 0.52985048294067383
vt 0.7132188081741333 0
vt 0.7132188081741333 0.52985048294067383
vt 0.71468198299407959 0
vt 0.71468198299407959 0.52985048294067383
vt 0.71614515781402588 0
vt 0.71614515781402588 0.52985048294067383
vt 0.71760833263397217 0
vt 0.71760833263397217 0.52985048294067383
vt 0.71907150745391846 0
vt 0.71907150745391846 0.52985048294067383
vt 0.72053468227386475 0
vt 0.72053468227386475 0.52985048294067383
vt 0.72199785709381104 0
vt 0.72199785709381104 0.52985048294067383
vt 0.72346103191375732 0
vt 0.72346103191375732 0.52985048294067383
vt 0.72492420673370361 0
vt 0.72492420673370361 0.52985048294067383
vt 0.72638732194900513 0
vt 0.72638732194900513 0.52985048294067383
vt 0.72785049676895142 0
vt 0.72785049676895142 0.52985048294067383
vt 0.72931367158889771 0
vt 0.72931367158889771 0.52985048294067383
vt 0.73077684640884399 0
vt 0.73077684640884399 0.52985048294067383
vt 0.73077684640884399 0
vt 0.73077684640884399 0.52985048294067383
vt 0.73224002122879028 0
vt 0.73224002122879028 0.52985048294067383
vt 0.73370319604873657 0
vt 0.73370319604873657 0.52985048294067383
vt 0.73516637086868286 0
vt 0.73516637086868286 0.52985048294067383
vt 0.73662954568862915 0
vt 0.73662954568862915 0.52985048294067383
vt 0.73809272050857544 0
vt 0.73809272050857544 0.52985048294067383
vt 0.73955589532852173 0
vt 0.73955589532852173 0.52985048294067383
vt 0.74101901054382324 0
vt 0.74101901054382324 0.52985048294067383
vt 0.74248218536376953 0
vt 0.74248218536376953 0.52985048294067383
vt 0.74394536018371582 0
vt 0.74394536018371582 0.52985048294067383
vt 0.74540853500366211 0
vt 0.74540853500366211 0.52985048294067383
vt 0.7468717098236084 0
vt 0.7468717098236084 0.52985048294067383
vt 0.74833488464355469 0
vt 0.74833488464355469 0.52985048294067383
vt 0.74979805946350098 0
vt 0.74979805946350098 0.52985048294067383
vt 0.75126123428344727 0
vt 0.75126123428344727 0.52985048294067383
vt 0.75272440910339355 0
vt 0.75272440910339355 0.52985048294067383
vt 0.75418758392333984 0
vt 0.75418758392333984 0.52985048294067383
vt 0.75565075874328613 0
vt 0.75565075874328613 0.52985048294067383
vt 0.75711387395858765 0
vt 0.75711387395858765 0.52985048294067383
vt 0.75857704877853394 0
vt 0.75857704877853394 0.52985048294067383
vt 0.76004022359848022 0
vt 0.76004022359848022 0.52985048294067383
vt 0.76150339841842651 0
vt 0.76150339841842651 0.52985048294067383
vt 0.7629665732383728 0
vt 0.7629665732383728 0.52985048294067383
vt 0.76442974805831909 0
vt 0.76442974805831909 0.52985048294067383
vt 0.76589292287826538 0
vt 0.76589292287826538 0.52985048294067383
vt 0.76735609769821167 0
vt 0.76735609769821167 0.52985048294067383
vt 0.76881927251815796 0
vt 0.76881927251815796 0.52985048294067383
vt 0.77028244733810425 0
vt 0.77028244733810425 0.52985048294067383
vt 0.77174562215805054 0
vt 0.77174562215805054 0.52985048294067383
vt 0.77320873737335205 0
vt 0.77320873737335205 0.52985048294067383
vt 0.77467191219329834 0
vt 0.77467191219329834 0.52985048294067383
vt 0.77613508701324463 0
vt 0.77613508701324463 0.52985048294067383
vt 0.77759826183319092 0
vt 0.77759826183319092 0.52985048294067383
vt 0.77906143665313721 0
vt 0.77906143665313721 0.52985048294067383
vt 0.7805246114730835 0
vt 0.7805246114730835 0.52985048294067383
vt 0.78198778629302979 0
vt 0.78198778629302979 0.52985048294067383
vt 0.78345096111297607 0
vt 0.78345096111297607 0.52985048294067383
vt 0.78491413593292236 0
vt 0.78491413593292236 0.52985048294067383
vt 0.78637731075286865 0
vt 0.78637731075286865 0.52985048294067383
vt 0.78784048557281494 0
vt 0.78784048557281494 0.52985048294067383
vt 0.78930360078811646 0
vt 0.78930360078811646 0.52985048294067383
vt 0.79076677560806274 0
vt 0.79076677560806274 0.52985048294067383
vt 0.79222995042800903 0
vt 0.79222995042800903 0.52985048294067383
vt 0.79369312524795532 0
vt 0.79369312524795532 0.52985048294067383
vt 0.79515630006790161 0
vt 0.79515630006790161 0.52985048294067383
vt 0.7966194748878479 0
vt 0.7966194748878479 0.52985048294067383
vt 0.79808264970779419 0
vt 0.79808264970779419 0.52985048294067383
vt 0.79954582452774048 0
vt 0.79954582452774048 0.52985048294067383
vt 0.80100899934768677 0
vt 0.80100899934768677 0.52985048294067383
vt 0.80247217416763306 0
vt 0.80247217416763306 0.52985048294067383
vt 0.80393528938293457 0
vt 0.80393528938293457 0.52985048294067383
vt 0.80539846420288086 0
vt 0.80539846420288086 0.52985048294067383
vt 0.80686163902282715 0
vt 0.80686163902282715 0.52985048294067383
vt 0.80832481384277344 0
vt 0.80832481384277344 0.52985048294067383
vt 0.80978798866271973 0
vt 0.80978798866271973 0.52985048294067383
vt 0.81125116348266602 0
vt 0.81125116348266602 0.52985048294067383
vt 0.8127143383026123 0
vt 0.8127143383026123 0.52985048294067383
vt 0.81417751312255859 0
vt 0.81417751312255859 0.52985048294067383
vt 0.81564068794250488 0
vt 0.81564068794250488 0.52985048294067383
vt 0.81710386276245117 0
vt 0.81710386276245117 0.52985048294067383
vt 0.81856703758239746 0
vt 0.81856703758239746 0.52985048294067383
vt 0.82003015279769897 0
vt 0.82003015279769897 0.52985048294067383
vt 0.82149332761764526 0
vt 0.82149332761764526 0.52985048294067383
vt 0.82295650243759155 0
vt 0.82295650243759155 0.52985048294067383
vt 0.82441967725753784 0
vt 0.82441967725753784 0.52985048294067383
vt 0.82441967725753784 0
vt 0.82441967725753784 0.52985048294067383
vt 0.82487690448760986 0
vt 0.82487690448760986 0.52985048294067383
vt 0.82533419132232666 0
vt 0.82533419132232666 0.52985048294067383
vt 0.82579141855239868 0
vt 0.82579141855239868 0.52985048294067383
vt 0.8262486457824707 0
vt 0.8262486457824707 0.52985048294067383
vt 0.82670587301254272 0
vt 0.82670587301254272 0.52985048294067383
vt 0.82716315984725952 0
vt 0.82716315984725952 0.52985048294067383
vt 0.82762038707733154 0
vt 0.82762038707733154 0.52985048294067383
vt 0.82807761430740356 0
vt 0.82807761430740356 0.52985048294067383
vt 0.82853484153747559 0
vt 0.82853484153747559 0.52985048294067383
vt 0.82899206876754761 0
vt 0.82899206876754761 0.52985048294067383
vt 0.8294493556022644 0
vt 0.8294493556022644 0.52985048294067383
vt 0.82990658283233643 0
vt 0.82990658283233643 0.52985048294067383
vt 0.83036381006240845 0
vt 0.83036381006240845 0.52985048294067383
vt 0.83082103729248047 0
vt 0.83082103729248047 0.52985048294067383
vt 0.83127826452255249 0
vt 0.83127826452255249 0.52985048294067383
vt 0.83173555135726929 0
vt 0.83173555135726929 0.52985048294067383
vt 0.83219277858734131 0
vt 0.83219277858734131 0.52985048294067383
vt 0.83265000581741333 0
vt 0.83265000581741333 0.52985048294067383
vt 0.83310723304748535 0
vt 0.83310723304748535 0.52985048294067383
vt 0.83356451988220215 0
vt 0.83356451988220215 0.52985048294067383
vt 0.83402174711227417 0
vt 0.83402174711227417 0.52985048294067383
vt 0.83447897434234619 0
vt 0.83447897434234619 0.52985048294067383
vt 0.83493620157241821 0
vt 0.83493620157241821 0.52985048294067383
vt 0.83539342880249023 0
vt 0.83539342880249023 0.52985048294067383
vt 0.83585071563720703 0
vt 0.83585071563720703 0.52985048294067383
vt 0.83630794286727905 0
vt 0.83630794286727905 0.52985048294067383
vt 0.83676517009735107 0
vt 0.83676517009735107 0.52985048294067383
vt 0.8372223973274231 0
vt 0.8372223973274231 0.52985048294067383
vt 0.83767968416213989 0
vt 0.83767968416213989 0.52985048294067383
vt 0.83813691139221191 0
vt 0.83813691139221191 0.52985048294067383
vt 0.83859413862228394 0
vt 0.83859413862228394 0.52985048294067383
vt 0.83905136585235596 0
vt 0.83905136585235596 0.52985048294067383
vt 0.83950859308242798 0
vt 0.83950859308242798 0.52985048294067383
vt 0.83996587991714478 0
vt 0.83996587991714478 0.52985048294067383
vt 0.8404231071472168 0
vt 0.8404231071472168 0.52985048294067383
vt 0.84088033437728882 0
vt 0.84088033437728882 0.52985048294067383
vt 0.84133756160736084 0
vt 0.84133756160736084 0.52985048294067383
vt 0.84179484844207764 0
vt 0.84179484844207764 0.52985048294067383
vt 0.84225207567214966 0
vt 0.84225207567214966 0.52985048294067383
vt 0.84270930290222168 0
vt 0.84270930290222168 0.52985048294067383
vt 0.8431665301322937 0
vt 0.8431665301322937 0.52985048294067383
vt 0.84362375736236572 0
vt 0.84362375736236572 0.52985048294067383
vt 0.84408104419708252 0
vt 0.84408104419708252 0.52985048294067383
vt 0.84453827142715454 0
vt 0.84453827142715454 0.52985048294067383
vt 0.84499549865722656 0
vt 0.84499549865722656 0.52985048294067383
vt 0.84545272588729858 0
vt 0.84545272588729858 0.52985048294067383
vt 0.84591001272201538 0
vt 0.84591001272201538 0.52985048294067383
vt 0.8463672399520874 0
vt 0.8463672399520874 0.52985048294067383
vt 0.84682446718215942 0
vt 0.84682446718215942 0.52985048294067383
vt 0.84728169441223145 0
vt 0.84728169441223145 0.52985048294067383
vt 0.84773892164230347 0
vt 0.84773892164230347 0.52985048294067383
vt 0.84819620847702026 0
vt 0.84819620847702026 0.52985048294067383
vt 0.84865343570709229 0
vt 0.84865343570709229 0.52985048294067383
vt 0.84911066293716431 0
vt 0.84911066293716431 0.52985048294067383
vt 0.84956789016723633 0
vt 0.84956789016723633 0.52985048294067383
vt 0.85002517700195313 0
vt 0.85002517700195313 0.52985048294067383
vt 0.85048240423202515 0
vt 0.85048240423202515 0.52985048294067383
vt 0.85093963146209717 0
vt 0.85093963146209717 0.52985048294067383
vt 0.85139685869216919 0
vt 0.85139685869216919 0.52985048294067383
vt 0.85185408592224121 0
vt 0.85185408592224121 0.52985048294067383
vt 0.85231137275695801 0
vt 0.85231137275695801 0.52985048294067383
vt 0.85276859998703003 0
vt 0.85276859998703003 0.52985048294067383
vt 0.85322582721710205 0
vt 0.85322582721710205 0.52985048294067383
vt 0.85368305444717407 0
vt 0.85368305444717407 0.52985048294067383
vt 0.85368305444717407 0
vt 0.85368305444717407 0.52985048294067383
vt 0.85414034128189087 0
vt 0.85414034128189087 0.52985048294067383
vt 0.85459756851196289 0
vt 0.85459756851196289 0.52985048294067383
vt 0.85505479574203491 0
vt 0.85505479574203491 0.52985048294067383
vt 0.85551202297210693 0
vt 0.85551202297210693 0.52985048294067383
vt 0.85596925020217896 0
vt 0.85596925020217896 0.52985048294067383
vt 0.85642653703689575 0
vt 0.85642653703689575 0.52985048294067383
vt 0.85688376426696777 0
vt 0.85688376426696777 0.52985048294067383
vt 0.85734099149703979 0
vt 0.85734099149703979 0.52985048294067383
vt 0.85779821872711182 0
vt 0.85779821872711182 0.52985048294067383
vt 0.85825550556182861 0
vt 0.85825550556182861 0.52985048294067383
vt 0.85871273279190063 0
vt 0.85871273279190063 0.52985048294067383
vt 0.85916996002197266 0
vt 0.85916996002197266 0.52985048294067383
vt 0.85962718725204468 0
vt 0.85962718725204468 0.52985048294067383
vt 0.8600844144821167 0
vt 0.8600844144821167 0.52985048294067383
vt 0.8605417013168335 0
vt 0.8605417013168335 0.52985048294067383
vt 0.86099892854690552 0
vt 0.86099892854690552 0.52985048294067383
vt 0.86145615577697754 0
vt 0.86145615577697754 0.52985048294067383
vt 0.86191338300704956 0
vt 0.86191338300704956 0.52985048294067383
vt 0.86237066984176636 0
vt 0.86237066984176636 0.52985048294067383
vt 0.86282789707183838 0
vt 0.86282789707183838 0.52985048294067383
vt 0.8632851243019104 0
vt 0.8632851243019104 0.52985048294067383
vt 0.86374235153198242 0
vt 0.86374235153198242 0.52985048294067383
vt 0.86419957876205444 0
vt 0.86419957876205444 0.52985048294067383
vt 0.86465686559677124 0
vt 0.86465686559677124 0.52985048294067383
vt 0.86511409282684326 0
vt 0.86511409282684326 0.52985048294067383
vt 0.86557132005691528 0
vt 0.86557132005691528 0.52985048294067383
vt 0.8660285472869873 0
vt 0.8660285472869873 0.52985048294067383
vt 0.86648577451705933 0
vt 0.86648577451705933 0.52985048294067383
vt 0.86694306135177612 0
vt 0.86694306135177612 0.52985048294067383
vt 0.86740028858184814 0
vt 0.86740028858184814 0.52985048294067383
vt 0.86785751581192017 0
vt 0.86785751581192017 0.52985048294067383
vt 0.86831474304199219 0
vt 0.86831474304199219 0.52985048294067383
vt 0.86877202987670898 0
vt 0.86877202987670898 0.52985048294067383
vt 0.86922925710678101 0
vt 0.86922925710678101 0.52985048294067383
vt 0.86968648433685303 0
vt 0.86968648433685303 0.52985048294067383
vt 0.87014371156692505 0
vt 0.87014371156692505 0.52985048294067383
vt 0.87060093879699707 0
vt 0.87060093879699707 0.52985048294067383
vt 0.87105822563171387 0
vt 0.87105822563171387 0.52985048294067383
vt 0.87151545286178589 0
vt 0.87151545286178589 0.52985048294067383
vt 0.87197268009185791 0
vt 0.87197268009185791 0.52985048294067383
vt 0.87242990732192993 0
vt 0.87242990732192993 0.52985048294067383
vt 0.87288719415664673 0
vt 0.87288719415664673 0.52985048294067383
vt 0.87334442138671875 0
vt 0.87334442138671875 0.52985048294067383
vt 0.87380164861679077 0
vt 0.87380164861679077 0.52985048294067383
vt 0.87425887584686279 0
vt 0.87425887584686279 0.52985048294067383
vt 0.87471610307693481 0
vt 0.87471610307693481 0.52985048294067383
vt 0.87517338991165161 0
vt 0.87517338991165161 0.52985048294067383
vt 0.87563061714172363 0
vt 0.87563061714172363 0.52985048294067383
vt 0.87608784437179565 0
vt 0.87608784437179565 0.52985048294067383
vt 0.87654507160186768 0
vt 0.87654507160186768 0.52985048294067383
vt 0.87700235843658447 0
vt 0.87700235843658447 0.52985048294067383
vt 0.87745958566665649 0
vt 0.87745958566665649 0.52985048294067383
vt 0.87791681289672852 0
vt 0.87791681289672852 0.52985048294067383
vt 0.87837404012680054 0
vt 0.87837404012680054 0.52985048294067383
vt 0.87883126735687256 0
vt 0.87883126735687256 0.52985048294067383
vt 0.87928855419158936 0
vt 0.87928855419158936 0.52985048294067383
vt 0.87974578142166138 0
vt 0.87974578142166138 0.52985048294067383
vt 0.8802030086517334 0
vt 0.8802030086517334 0.52985048294067383
vt 0.88066023588180542 0
vt 0.88066023588180542 0.52985048294067383
vt 0.88111752271652222 0
vt 0.88111752271652222 0.52985048294067383
vt 0.88157474994659424 0
vt 0.88157474994659424 0.52985048294067383
vt 0.88203197717666626 0
vt 0.88203197717666626 0.52985048294067383
vt 0.88248920440673828 0
vt 0.88248920440673828 0.52985048294067383
vt 0.8829464316368103 0
vt 0.8829464316368103 0.52985048294067383
vt 0.8829464316368103 0
vt 0.8829464316368103 0.52985048294067383
vt 0.8834037184715271 0
vt 0.8834037184715271 0.52985048294067383
vt 0.88386094570159912 0
vt 0.88386094570159912 0.52985048294067383
vt 0.88431817293167114 0
vt 0.88431817293167114 0.52985048294067383
vt 0.88477540016174316 0
vt 0.88477540016174316 0.52985048294067383
vt 0.88523268699645996 0
vt 0.88523268699645996 0.52985048294067383
vt 0.88568991422653198 0
vt 0.88568991422653198 0.52985048294067383
vt 0.886147141456604 0
vt 0.886147141456604 0.52985048294067383
vt 0.88660436868667603 0
vt 0.88660436868667603 0.52985048294067383
vt 0.88706159591674805 0
vt 0.88706159591674805 0.52985048294067383
vt 0.88751888275146484 0
vt 0.88751888275146484 0.52985048294067383
vt 0.88797610998153687 0
vt 0.88797610998153687 0.52985048294067383
vt 0.88843333721160889 0
vt 0.88843333721160889 0.52985048294067383
vt 0.88889056444168091 0
vt 0.88889056444168091 0.52985048294067383
vt 0.88934785127639771 0
vt 0.88934785127639771 0.52985048294067383
vt 0.88980507850646973 0
vt 0.88980507850646973 0.52985048294067383
vt 0.89026230573654175 0
vt 0.89026230573654175 0.52985048294067383
vt 0.89071953296661377 0
vt 0.89071953296661377 0.52985048294067383
vt 0.89117676019668579 0
vt 0.89117676019668579 0.52985048294067383
vt 0.89163404703140259 0
vt 0.89163404703140259 0.52985048294067383
vt 0.89209127426147461 0
vt 0.89209127426147461 0.52985048294067383
vt 0.89254850149154663 0
vt 0.89254850149154663 0.52985048294067383
vt 0.89300572872161865 0
vt 0.89300572872161865 0.52985048294067383
vt 0.89346301555633545 0
vt 0.89346301555633545 0.52985048294067383
vt 0.89392024278640747 0
vt 0.89392024278640747 0.52985048294067383
vt 0.89437747001647949 0
vt 0.89437747001647949 0.52985048294067383
vt 0.89483469724655151 0
vt 0.89483469724655151 0.52985048294067383
vt 0.89529192447662354 0
vt 0.89529192447662354 0.52985048294067383
vt 0.89574921131134033 0
vt 0.89574921131134033 0.52985048294067383
vt 0.89620643854141235 0
vt 0.89620643854141235 0.52985048294067383
vt 0.89666366577148438 0
vt 0.89666366577148438 0.52985048294067383
vt 0.8971208930015564 0
vt 0.8971208930015564 0.52985048294067383
vt 0.89757817983627319 0
vt 0.89757817983627319 0.52985048294067383
vt 0.89803540706634521 0
vt 0.89803540706634521 0.52985048294067383
vt 0.89849263429641724 0
vt 0.89849263429641724 0.52985048294067383
vt 0.89894986152648926 0
vt 0.89894986152648926 0.52985048294067383
vt 0.89940708875656128 0
vt 0.89940708875656128 0.52985048294067383
vt 0.89986437559127808 0
vt 0.89986437559127808 0.52985048294067383
vt 0.9003216028213501 0
vt 0.9003216028213501 0.52985048294067383
vt 0.90077883005142212 0
vt 0.90077883005142212 0.52985048294067383
vt 0.90123605728149414 0
vt 0.90123605728149414 0.52985048294067383
vt 0.90169334411621094 0
vt 0.90169334411621094 0.52985048294067383
vt 0.90215057134628296 0
vt 0.90215057134628296 0.52985048294067383
vt 0.90260779857635498 0
vt 0.90260779857635498 0.52985048294067383
vt 0.903065025806427 0
vt 0.903065025806427 0.52985048294067383
vt 0.90352225303649902 0
vt 0.90352225303649902 0.52985048294067383
vt 0.90397953987121582 0
vt 0.90397953987121582 0.52985048294067383
vt 0.90443676710128784 0
vt 0.90443676710128784 0.52985048294067383
vt 0.90489399433135986 0
vt 0.90489399433135986 0.52985048294067383
vt 0.90535122156143188 0
vt 0.90535122156143188 0.52985048294067383
vt 0.90580844879150391 0
vt 0.90580844879150391 0.52985048294067383
vt 0.9062657356262207 0
vt 0.9062657356262207 0.52985048294067383
vt 0.90672296285629272 0
vt 0.90672296285629272 0.52985048294067383
vt 0.90718019008636475 0
vt 0.90718019008636475 0.52985048294067383
vt 0.90763741731643677 0
vt 0.90763741731643677 0.52985048294067383
vt 0.90809470415115356 0
vt 0.90809470415115356 0.52985048294067383
vt 0.90855193138122559 0
vt 0.90855193138122559 0.52985048294067383
vt 0.90900915861129761 0
vt 0.90900915861129761 0.52985048294067383
vt 0.90946638584136963 0
vt 0.90946638584136963 0.52985048294067383
vt 0.90992361307144165 0
vt 0.90992361307144165 0.52985048294067383
vt 0.91038089990615845 0
vt 0.91038089990615845 0.52985048294067383
vt 0.91083812713623047 0
vt 0.91083812713623047 0.52985048294067383
vt 0.91129535436630249 0
vt 0.91129535436630249 0.52985048294067383
vt 0.91175258159637451 0
vt 0.91175258159637451 0.52985048294067383
vt 0.91220986843109131 0
vt 0.91220986843109131 0.52985048294067383
vt 0.91220986843109131 0
vt 0.91220986843109131 0.52985048294067383
vt 0.91266709566116333 0
vt 0.91266709566116333 0.52985048294067383
vt 0.91312432289123535 0
vt 0.91312432289123535 0.52985048294067383
vt 0.91358155012130737 0
vt 0.91358155012130737 0.52985048294067383
vt 0.91403877735137939 0
vt 0.91403877735137939 0.52985048294067383
vt 0.91449606418609619 0
vt 0.91449606418609619 0.52985048294067383
vt 0.91495329141616821 0
vt 0.91495329141616821 0.52985048294067383
vt 0.91541051864624023 0
vt 0.91541051864624023 0.52985048294067383
vt 0.91586774587631226 0
vt 0.91586774587631226 0.52985048294067383
vt 0.91632503271102905 0
vt 0.91632503271102905 0.52985048294067383
vt 0.91678225994110107 0
vt 0.91678225994110107 0.52985048294067383
vt 0.9172394871711731 0
vt 0.9172394871711731 0.52985048294067383
vt 0.91769671440124512 0
vt 0.91769671440124512 0.52985048294067383
vt 0.91815394163131714 0
vt 0.91815394163131714 0.52985048294067383
vt 0.91861122846603394 0
vt 0.91861122846603394 0.52985048294067383
vt 0.91906845569610596 0
vt 0.91906845569610596 0.52985048294067383
vt 0.91952568292617798 0
vt 0.91952568292617798 0.52985048294067383
vt 0.91998291015625 0
vt 0.91998291015625 0.52985048294067383
vt 0.9204401969909668 0
vt 0.9204401969909668 0.52985048294067383
vt 0.92089742422103882 0
vt 0.92089742422103882 0.52985048294067383
vt 0.92135465145111084 0
vt 0.92135465145111084 0.52985048294067383
vt 0.92181187868118286 0
vt 0.92181187868118286 0.52985048294067383
vt 0.92226910591125488 0
vt 0.92226910591125488 0.52985048294067383
vt 0.92272639274597168 0
vt 0.92272639274597168 0.52985048294067383
vt 0.9231836199760437 0
vt 0.9231836199760437 0.52985048294067383
vt 0.92364084720611572 0
vt 0.92364084720611572 0.52985048294067383
vt 0.92409807443618774 0
vt 0.92409807443618774 0.52985048294067383
vt 0.92455536127090454 0
vt 0.92455536127090454 0.52985048294067383
vt 0.92501258850097656 0
vt 0.92501258850097656 0.52985048294067383
vt 0.92546981573104858 0
vt 0.92546981573104858 0.52985048294067383
vt 0.92592704296112061 0
vt 0.92592704296112061 0.52985048294067383
vt 0.92638427019119263 0
vt 0.92638427019119263 0.52985048294067383
vt 0.92684155702590942 0
vt 0.92684155702590942 0.52985048294067383
vt 0.92729878425598145 0
vt 0.92729878425598145 0.52985048294067383
vt 0.92775601148605347 0
vt 0.92775601148605347 0.52985048294067383
vt 0.92821323871612549 0
vt 0.92821323871612549 0.52985048294067383
vt 0.92867052555084229 0
vt 0.92867052555084229 0.52985048294067383
vt 0.92912775278091431 0
vt 0.92912775278091431 0.52985048294067383
vt 0.92958498001098633 0
vt 0.92958498001098633 0.52985048294067383
vt 0.93004220724105835 0
vt 0.93004220724105835 0.52985048294067383
vt 0.93049943447113037 0
vt 0.93049943447113037 0.52985048294067383
vt 0.93095672130584717 0
vt 0.93095672130584717 0.52985048294067383
vt 0.93141394853591919 0
vt 0.93141394853591919 0.52985048294067383
vt 0.93187117576599121 0
vt 0.93187117576599121 0.52985048294067383
vt 0.93232840299606323 0
vt 0.93232840299606323 0.52985048294067383
vt 0.93278568983078003 0
vt 0.93278568983078003 0.52985048294067383
vt 0.93324291706085205 0
vt 0.93324291706085205 0.52985048294067383
vt 0.93370014429092407 0
vt 0.93370014429092407 0.52985048294067383
vt 0.93415737152099609 0
vt 0.93415737152099609 0.52985048294067383
vt 0.93461459875106812 0
vt 0.93461459875106812 0.52985048294067383
vt 0.93507188558578491 0
vt 0.93507188558578491 0.52985048294067383
vt 0.93552911281585693 0
vt 0.93552911281585693 0.52985048294067383
vt 0.93598634004592896 0
vt 0.93598634004592896 0.52985048294067383
vt 0.93644356727600098 0
vt 0.93644356727600098 0.52985048294067383
vt 0.93690085411071777 0
vt 0.93690085411071777 0.52985048294067383
vt 0.93735808134078979 0
vt 0.93735808134078979 0.52985048294067383
vt 0.93781530857086182 0
vt 0.93781530857086182 0.52985048294067383
vt 0.93827253580093384 0
vt 0.93827253580093384 0.52985048294067383
vt 0.93872976303100586 0
vt 0.93872976303100586 0.52985048294067383
vt 0.93918704986572266 0
vt 0.93918704986572266 0.52985048294067383
vt 0.93964427709579468 0
vt 0.93964427709579468 0.52985048294067383
vt 0.9401015043258667 0
vt 0.9401015043258667 0.52985048294067383
vt 0.94055873155593872 0
vt 0.94055873155593872 0.52985048294067383
vt 0.94101601839065552 0
vt 0.94101601839065552 0.52985048294067383
vt 0.94147324562072754 0
vt 0.94147324562072754 0.52985048294067383
vt 0.94147324562072754 0
vt 0.94147324562072754 0.52985048294067383
vt 0.94193047285079956 0
vt 0.94193047285079956 0.52985048294067383
vt 0.94238770008087158 0
vt 0.94238770008087158 0.52985048294067383
vt 0.9428449273109436 0
vt 0.9428449273109436 0.52985048294067383
vt 0.9433022141456604 0
vt 0.9433022141456604 0.52985048294067383
vt 0.94375944137573242 0
vt 0.94375944137573242 0.52985048294067383
vt 0.94421666860580444 0
vt 0.94421666860580444 0.52985048294067383
vt 0.94467389583587646 0
vt 0.94467389583587646 0.52985048294067383
vt 0.94513112306594849 0
vt 0.94513112306594849 0.52985048294067383
vt 0.94558840990066528 0
vt 0.94558840990066528 0.52985048294067383
vt 0.9460456371307373 0
vt 0.9460456371307373 0.52985048294067383
vt 0.94650286436080933 0
vt 0.94650286436080933 0.52985048294067383
vt 0.94696009159088135 0
vt 0.94696009159088135 0.52985048294067383
vt 0.94741737842559814 0
vt 0.94741737842559814 0.52985048294067383
vt 0.94787460565567017 0
vt 0.94787460565567017 0.52985048294067383
vt 0.94833183288574219 0
vt 0.94833183288574219 0.52985048294067383
vt 0.94878906011581421 0
vt 0.94878906011581421 0.52985048294067383
vt 0.94924628734588623 0
vt 0.94924628734588623 0.52985048294067383
vt 0.94970357418060303 0
vt 0.94970357418060303 0.52985048294067383
vt 0.95016080141067505 0
vt 0.95016080141067505 0.52985048294067383
vt 0.95061802864074707 0
vt 0.95061802864074707 0.52985048294067383
vt 0.95107525587081909 0
vt 0.95107525587081909 0.52985048294067383
vt 0.95153254270553589 0
vt 0.95153254270553589 0.52985048294067383
vt 0.95198976993560791 0
vt 0.95198976993560791 0.52985048294067383
vt 0.95244699716567993 0
vt 0.95244699716567993 0.52985048294067383
vt 0.95290422439575195 0
vt 0.95290422439575195 0.52985048294067383
vt 0.95336145162582397 0
vt 0.95336145162582397 0.52985048294067383
vt 0.95381873846054077 0
vt 0.95381873846054077 0.52985048294067383
vt 0.95427596569061279 0
vt 0.95427596569061279 0.52985048294067383
vt 0.95473319292068481 0
vt 0.95473319292068481 0.52985048294067383
vt 0.95519042015075684 0
vt 0.95519042015075684 0.52985048294067383
vt 0.95564770698547363 0
vt 0.95564770698547363 0.52985048294067383
vt 0.95610493421554565 0
vt 0.95610493421554565 0.52985048294067383
vt 0.95656216144561768 0
vt 0.95656216144561768 0.52985048294067383
vt 0.9570193886756897 0
vt 0.9570193886756897 0.52985048294067383
vt 0.95747661590576172 0
vt 0.95747661590576172 0.52985048294067383
vt 0.95793390274047852 0
vt 0.95793390274047852 0.52985048294067383
vt 0.95839112997055054 0
vt 0.95839112997055054 0.52985048294067383
vt 0.95884835720062256 0
vt 0.95884835720062256 0.52985048294067383
vt 0.95930558443069458 0
vt 0.95930558443069458 0.52985048294067383
vt 0.95976287126541138 0
vt 0.95976287126541138 0.52985048294067383
vt 0.9602200984954834 0
vt 0.9602200984954834 0.52985048294067383
vt 0.96067732572555542 0
vt 0.96067732572555542 0.52985048294067383
vt 0.96113455295562744 0
vt 0.96113455295562744 0.52985048294067383
vt 0.96159178018569946 0
vt 0.96159178018569946 0.52985048294067383
vt 0.96204906702041626 0
vt 0.96204906702041626 0.52985048294067383
vt 0.96250629425048828 0
vt 0.96250629425048828 0.52985048294067383
vt 0.9629635214805603 0
vt 0.9629635214805603 0.52985048294067383
vt 0.96342074871063232 0
vt 0.96342074871063232 0.52985048294067383
vt 0.96387803554534912 0
vt 0.96387803554534912 0.52985048294067383
vt 0.96433526277542114 0
vt 0.96433526277542114 0.52985048294067383
vt 0.96479249000549316 0
vt 0.96479249000549316 0.52985048294067383
vt 0.96524971723556519 0
vt 0.96524971723556519 0.52985048294067383
vt 0.96570694446563721 0
vt 0.96570694446563721 0.52985048294067383
vt 0.966164231300354 0
vt 0.966164231300354 0.52985048294067383
vt 0.96662145853042603 0
vt 0.96662145853042603 0.52985048294067383
vt 0.96707868576049805 0
vt 0.96707868576049805 0.52985048294067383
vt 0.96753591299057007 0
vt 0.96753591299057007 0.52985048294067383
vt 0.96799319982528687 0
vt 0.96799319982528687 0.52985048294067383
vt 0.96845042705535889 0
vt 0.96845042705535889 0.52985048294067383
vt 0.96890765428543091 0
vt 0.96890765428543091 0.52985048294067383
vt 0.96936488151550293 0
vt 0.96936488151550293 0.52985048294067383
vt 0.96982210874557495 0
vt 0.96982210874557495 0.52985048294067383
vt 0.97027939558029175 0
vt 0.97027939558029175 0.52985048294067383
vt 0.97073662281036377 0
vt 0.97073662281036377 0.52985048294067383
vt 0.97073662281036377 0
vt 0.97073662281036377 0.52985048294067383
vt 0.97119385004043579 0
vt 0.97119385004043579 0.52985048294067383
vt 0.97165107727050781 0
vt 0.97165107727050781 0.52985048294067383
vt 0.97210836410522461 0
vt 0.97210836410522461 0.52985048294067383
vt 0.97256559133529663 0
vt 0.97256559133529663 0.52985048294067383
vt 0.97302281856536865 0
vt 0.97302281856536865 0.52985048294067383
vt 0.97348004579544067 0
vt 0.97348004579544067 0.52985048294067383
vt 0.9739372730255127 0
vt 0.9739372730255127 0.52985048294067383
vt 0.97439455986022949 0
vt 0.97439455986022949 0.52985048294067383
vt 0.97485178709030151 0
vt 0.97485178709030151 0.52985048294067383
vt 0.97530901432037354 0
vt 0.97530901432037354 0.52985048294067383
vt 0.97576624155044556 0
vt 0.97576624155044556 0.52985048294067383
vt 0.97622352838516235 0
vt 0.97622352838516235 0.52985048294067383
vt 0.97668075561523438 0
vt 0.97668075561523438 0.52985048294067383
vt 0.9771379828453064 0
vt 0.9771379828453064 0.52985048294067383
vt 0.97759521007537842 0
vt 0.97759521007537842 0.52985048294067383
vt 0.97805243730545044 0
vt 0.97805243730545044 0.52985048294067383
vt 0.97850972414016724 0
vt 0.97850972414016724 0.52985048294067383
vt 0.97896695137023926 0
vt 0.97896695137023926 0.52985048294067383
vt 0.97942417860031128 0
vt 0.97942417860031128 0.52985048294067383
vt 0.9798814058303833 0
vt 0.9798814058303833 0.52985048294067383
vt 0.9803386926651001 0
vt 0.9803386926651001 0.52985048294067383
vt 0.98079591989517212 0
vt 0.98079591989517212 0.52985048294067383
vt 0.98125314712524414 0
vt 0.98125314712524414 0.52985048294067383
vt 0.98171037435531616 0
vt 0.98171037435531616 0.52985048294067383
vt 0.98216760158538818 0
vt 0.98216760158538818 0.52985048294067383
vt 0.98262488842010498 0
vt 0.98262488842010498 0.52985048294067383
vt 0.983082115650177 0
vt 0.983082115650177 0.52985048294067383
vt 0.98353934288024902 0
vt 0.98353934288024902 0.52985048294067383
vt 0.98399657011032104 0
vt 0.98399657011032104 0.52985048294067383
vt 0.98445379734039307 0
vt 0.98445379734039307 0.52985048294067383
vt 0.98491108417510986 0
vt 0.98491108417510986 0.52985048294067383
vt 0.98536831140518188 0
vt 0.98536831140518188 0.52985048294067383
vt 0.98582553863525391 0
vt 0.98582553863525391 0.52985048294067383
vt 0.98628276586532593 0
vt 0.98628276586532593 0.52985048294067383
vt 0.98674005270004272 0
vt 0.98674005270004272 0.52985048294067383
vt 0.98719727993011475 0
vt 0.98719727993011475 0.52985048294067383
vt 0.98765450716018677 0
vt 0.98765450716018677 0.52985048294067383
vt 0.98811173439025879 0
vt 0.98811173439025879 0.52985048294067383
vt 0.98856896162033081 0
vt 0.98856896162033081 0.52985048294067383
vt 0.98902624845504761 0
vt 0.98902624845504761 0.52985048294067383
vt 0.98948347568511963 0
vt 0.98948347568511963 0.52985048294067383
vt 0.98994070291519165 0
vt 0.98994070291519165 0.52985048294067383
vt 0.99039793014526367 0
vt 0.99039793014526367 0.52985048294067383
vt 0.99085521697998047 0
vt 0.99085521697998047 0.52985048294067383
vt 0.99131244421005249 0
vt 0.99131244421005249 0.52985048294067383
vt 0.99176967144012451 0
vt 0.99176967144012451 0.52985048294067383
vt 0.99222689867019653 0
vt 0.99222689867019653 0.52985048294067383
vt 0.99268412590026855 0
vt 0.99268412590026855 0.52985048294067383
vt 0.99314141273498535 0
vt 0.99314141273498535 0.52985048294067383
vt 0.99359863996505737 0
vt 0.99359863996505737 0.52985048294067383
vt 0.99405586719512939 0
vt 0.99405586719512939 0.52985048294067383
vt 0.99451309442520142 0
vt 0.99451309442520142 0.52985048294067383
vt 0.99497038125991821 0
vt 0.99497038125991821 0.52985048294067383
vt 0.99542760848999023 0
vt 0.99542760848999023 0.52985048294067383
vt 0.99588483572006226 0
vt 0.99588483572006226 0.52985048294067383
vt 0.99634206295013428 0
vt 0.99634206295013428 0.52985048294067383
vt 0.9967992901802063 0
vt 0.9967992901802063 0.52985048294067383
vt 0.9972565770149231 0
vt 0.9972565770149231 0.52985048294067383
vt 0.99771380424499512 0
vt 0.99771380424499512 0.52985048294067383
vt 0.99817103147506714 0
vt 0.99817103147506714 0.52985048294067383
vt 0.99862825870513916 0
vt 0.99862825870513916 0.52985048294067383
vt 0.99908554553985596 0
vt 0.99908554553985596 0.52985048294067383
vt 0.99954277276992798 0
vt 0.99954277276992798 0.52985048294067383
vt 1 0
vt 1 0.52985048294067383
vt 0.20122972130775452 1
vt 0.20122972130775452 0.52985101938247681
vt 0 0.52985101938247681
vt 0 1
vt 0.16443076729774475 0.61753749847412109
vt 0.16449107229709625 0.61217308044433594
vt 0.16467961668968201 0.60667407512664795
vt 0.16500616073608398 0.60111016035079956
vt 0.16547733545303345 0.59556174278259277
vt 0.16609600186347961 0.59011697769165039
vt 0.16686050593852997 0.58486831188201904
vt 0.16776442527770996 0.57990777492523193
vt 0.16879661381244659 0.57532221078872681
vt 0.16994151473045349 0.57118809223175049
vt 0.17118002474308014 0.56756764650344849
vt 0.17249047756195068 0.56450563669204712
vt 0.17384989559650421 0.56202781200408936
vt 0.17523519694805145 0.56014060974121094
vt 0.1766243577003479 0.55883276462554932
vt 0.17799732089042664 0.55807757377624512
vt 0.17933668196201324 0.55783605575561523
vt 0.18067604303359985 0.55807757377624512
vt 0.18204900622367859 0.55883276462554932
vt 0.18343816697597504 0.56014060974121094
vt 0.18482346832752228 0.56202781200408936
vt 0.18618288636207581 0.56450563669204712
vt 0.18749333918094635 0.56756764650344849
vt 0.188731849193573 0.57118809223175049
vt 0.1898767501115799 0.57532221078872681
vt 0.19090892374515533 0.57990777492523193
vt 0.19181285798549652 0.58486831188201904
vt 0.19257736206054688 0.59011697769165039
vt 0.19319601356983185 0.59556174278259277
vt 0.1936672031879425 0.60111016035079956
vt 0.19399373233318329 0.60667407512664795
vt 0.19418229162693024 0.61217308044433594
vt 0.19424258172512054 0.61753749847412109
vt 0.19418229162693024 0.62290197610855103
vt 0.19399373233318329 0.62840098142623901
vt 0.1936672031879425 0.63396483659744263
vt 0.19319601356983185 0.63951331377029419
vt 0.19257736206054688 0.64495807886123657
vt 0.19181285798549652 0.65020674467086792
vt 0.19090892374515533 0.65516722202301025
vt 0.1898767501115799 0.65975284576416016
vt 0.188731849193573 0.66388696432113647
vt 0.18749333918094635 0.6675073504447937
vt 0.18618288636207581 0.67056936025619507
vt 0.18482346832752228 0.67304724454879761
vt 0.18343816697597504 0.67493444681167603
vt 0.18204900622367859 0.67624229192733765
vt 0.18067604303359985 0.67699748277664185
vt 0.17933668196201324 0.67723900079727173
vt 0.17799732089042664 0.67699748277664185
vt 0.1766243577003479 0.67624229192733765
vt 0.17523519694805145 0.67493444681167603
vt 0.17384989559650421 0.67304724454879761
vt 0.17249047756195068 0.67056936025619507
vt 0.17118002474308014 0.6675073504447937
vt 0.16994151473045349 0.66388696432113647
vt 0.16879661381244659 0.65975284576416016
vt 0.16776442527770996 0.65516722202301025
vt 0.16686050593852997 0.65020674467086792
vt 0.16609600186347961 0.64495807886123657
vt 0.16547733545303345 0.63951331377029419
vt 0.16500616073608398 0.63396483659744263
vt 0.16467961668968201 0.62840098142623901
vt 0.16449107229709625 0.62290197610855103
vt 0.036798954010009766 0.61753749847412109
vt 0.03673866018652916 0.62290197610855103
vt 0.03655010461807251 0.62840098142623901
vt 0.036223571747541428 0.63396483659744263
vt 0.035752385854721069 0.63951331377029419
vt 0.035133726894855499 0.64495807886123657
vt 0.034369226545095444 0.65020674467086792
vt 0.033465296030044556 0.65516722202301025
vt 0.032433114945888519 0.65975284576416016
vt 0.031288214027881622 0.66388696432113647
vt 0.030049705877900124 0.6675073504447937
vt 0.02873925119638443 0.67056936025619507
vt 0.027379835024476051 0.67304724454879761
vt 0.025994531810283661 0.67493444681167603
vt 0.024605372920632362 0.67624229192733765
vt 0.023232411593198776 0.67699748277664185
vt 0.021893048658967018 0.67723900079727173
vt 0.020553687587380409 0.67699748277664185
vt 0.019180724397301674 0.67624229192733765
vt 0.017791567370295525 0.67493444681167603
vt 0.016406264156103134 0.67304724454879761
vt 0.015046847052872181 0.67056936025619507
vt 0.013736392371356487 0.6675073504447937
vt 0.012497884221374989 0.66388696432113647
vt 0.011352982372045517 0.65975284576416016
vt 0.010320801287889481 0.65516722202301025
vt 0.0094168726354837418 0.65020674467086792
vt 0.0086523713544011116 0.64495807886123657
vt 0.0080337123945355415 0.63951331377029419
vt 0.0075625269673764706 0.63396483659744263
vt 0.0072359917685389519 0.62840098142623901
vt 0.0070474389940500259 0.62290197610855103
vt 0.0069871433079242706 0.61753749847412109
vt 0.0070474389940500259 0.61217308044433594
vt 0.0072359917685389519 0.60667407512664795
vt 0.0075625269673764706 0.60111016035079956
vt 0.0080337123945355415 0.59556174278259277
vt 0.0086523713544011116 0.59011697769165039
vt 0.0094168726354837418 0.58486831188201904
vt 0.010320801287889481 0.57990777492523193
vt 0.011352982372045517 0.57532221078872681
vt 0.012497884221374989 0.57118809223175049
vt 0.013736392371356487 0.56756764650344849
vt 0.015046847052872181 0.56450563669204712
vt 0.016406264156103134 0.56202781200408936
vt 0.017791567370295525 0.56014060974121094
vt 0.019180724397301674 0.55883276462554932
vt 0.020553687587380409 0.55807757377624512
vt 0.021893048658967018 0.55783605575561523
vt 0.023232411593198776 0.55807757377624512
vt 0.024605372920632362 0.55883276462554932
vt 0.025994531810283661 0.56014060974121094
vt 0.027379835024476051 0.56202781200408936
vt 0.02873925119638443 0.56450563669204712
vt 0.030049705877900124 0.56756764650344849
vt 0.031288214027881622 0.57118809223175049
vt 0.032433114945888519 0.57532221078872681
vt 0.033465296030044556 0.57990777492523193
vt 0.034369226545095444 0.58486831188201904
vt 0.035133726894855499 0.59011697769165039
vt 0.035752385854721069 0.59556174278259277
vt 0.036223571747541428 0.60111016035079956
vt 0.03655010461807251 0.60667407512664795
vt 0.03673866018652916 0.61217308044433594
vt 0.15418295562267303 0.94402986764907837
vt 0.15420180559158325 0.94235348701477051
vt 0.15426072478294373 0.94063502550125122
vt 0.15436276793479919 0.93889635801315308
vt 0.1545100212097168 0.93716245889663696
vt 0.15470334887504578 0.93546098470687866
vt 0.15494225919246674 0.93382072448730469
vt 0.15522472560405731 0.9322705864906311
vt 0.15554729104042053 0.93083757162094116
vt 0.15590506792068481 0.92954570055007935
vt 0.15629209578037262 0.92841428518295288
vt 0.15670162439346313 0.92745745182037354
vt 0.15712644159793854 0.92668306827545166
vt 0.1575593501329422 0.92609333992004395
vt 0.15799345076084137 0.92568463087081909
vt 0.15842251479625702 0.92544865608215332
vt 0.15884105861186981 0.92537319660186768
vt 0.1592596024274826 0.92544865608215332
vt 0.15968866646289825 0.92568463087081909
vt 0.16012276709079742 0.92609333992004395
vt 0.16055567562580109 0.92668306827545166
vt 0.16098049283027649 0.92745745182037354
vt 0.16139000654220581 0.92841428518295288
vt 0.16177704930305481 0.92954570055007935
vt 0.16213482618331909 0.93083757162094116
vt 0.16245739161968231 0.9322705864906311
vt 0.16273985803127289 0.93382072448730469
vt 0.16297876834869385 0.93546098470687866
vt 0.16317209601402283 0.93716245889663696
vt 0.16331934928894043 0.93889635801315308
vt 0.1634213924407959 0.94063502550125122
vt 0.16348031163215637 0.94235348701477051
vt 0.1634991466999054 0.94402986764907837
vt 0.16348031163215637 0.94570624828338623
vt 0.1634213924407959 0.94742470979690552
vt 0.16331934928894043 0.94916343688964844
vt 0.16317209601402283 0.95089733600616455
vt 0.16297876834869385 0.95259881019592285
vt 0.16273985803127289 0.95423901081085205
vt 0.16245739161968231 0.95578914880752563
vt 0.16213482618331909 0.95722216367721558
vt 0.16177704930305481 0.95851409435272217
vt 0.16139000654220581 0.95964545011520386
vt 0.16098049283027649 0.96060234308242798
vt 0.16055567562580109 0.96137666702270508
vt 0.16012276709079742 0.96196639537811279
vt 0.15968866646289825 0.96237510442733765
vt 0.1592596024274826 0.96261113882064819
vt 0.15884105861186981 0.96268659830093384
vt 0.15842251479625702 0.96261113882064819
vt 0.15799345076084137 0.96237510442733765
vt 0.1575593501329422 0.96196639537811279
vt 0.15712644159793854 0.96137666702270508
vt 0.15670162439346313 0.96060234308242798
vt 0.15629209578037262 0.95964545011520386
vt 0.15590506792068481 0.95851409435272217
vt 0.15554729104042053 0.95722216367721558
vt 0.15522472560405731 0.95578914880752563
vt 0.15494225919246674 0.95423901081085205
vt 0.15470334887504578 0.95259881019592285
vt 0.1545100212097168 0.95089733600616455
vt 0.15436276793479919 0.94916343688964844
vt 0.15426072478294373 0.94742470979690552
vt 0.15420180559158325 0.94570624828338623
vt 0.13089248538017273 0.94402986764907837
vt 0.13091132044792175 0.94235348701477051
vt 0.13097025454044342 0.94063502550125122
vt 0.13107229769229889 0.93889635801315308
vt 0.1312195360660553 0.93716245889663696
vt 0.13141286373138428 0.93546098470687866
vt 0.13165177404880524 0.93382072448730469
vt 0.13193425536155701 0.9322705864906311
vt 0.13225680589675903 0.93083757162094116
vt 0.13261459767818451 0.92954570055007935
vt 0.13300162553787231 0.92841428518295288
vt 0.13341113924980164 0.92745745182037354
vt 0.13383595645427704 0.92668306827545166
vt 0.1342688649892807 0.92609333992004395
vt 0.13470298051834106 0.92568463087081909
vt 0.13513202965259552 0.92544865608215332
vt 0.13555057346820831 0.92537319660186768
vt 0.1359691321849823 0.92544865608215332
vt 0.13639818131923676 0.92568463087081909
vt 0.13683229684829712 0.92609333992004395
vt 0.13726520538330078 0.92668306827545166
vt 0.13769002258777618 0.92745745182037354
vt 0.13809953629970551 0.92841428518295288
vt 0.13848656415939331 0.92954570055007935
vt 0.13884435594081879 0.93083757162094116
vt 0.13916690647602081 0.9322705864906311
vt 0.13944938778877258 0.93382072448730469
vt 0.13968829810619354 0.93546098470687866
vt 0.13988162577152252 0.93716245889663696
vt 0.14002886414527893 0.93889635801315308
vt 0.1401309072971344 0.94063502550125122
vt 0.14018982648849487 0.94235348701477051
vt 0.14020867645740509 0.94402986764907837
vt 0.14018982648849487 0.94570624828338623
vt 0.1401309072971344 0.94742470979690552
vt 0.14002886414527893 0.94916343688964844
vt 0.13988162577152252 0.95089733600616455
vt 0.13968829810619354 0.95259881019592285
vt 0.13944938778877258 0.95423901081085205
vt 0.13916690647602081 0.95578914880752563
vt 0.13884435594081879 0.95722216367721558
vt 0.13848656415939331 0.95851409435272217
vt 0.13809953629970551 0.95964545011520386
vt 0.13769002258777618 0.96060234308242798
vt 0.13726520538330078 0.96137666702270508
vt 0.13683229684829712 0.96196639537811279
vt 0.13639818131923676 0.96237510442733765
vt 0.1359691321849823 0.96261113882064819
vt 0.13555057346820831 0.96268659830093384
vt 0.13513202965259552 0.96261113882064819
vt 0.13470298051834106 0.96237510442733765
vt 0.1342688649892807 0.96196639537811279
vt 0.13383595645427704 0.96137666702270508
vt 0.13341113924980164 0.96060234308242798
vt 0.13300162553787231 0.95964545011520386
vt 0.13261459767818451 0.95851409435272217
vt 0.13225680589675903 0.95722216367721558
vt 0.13193425536155701 0.95578914880752563
vt 0.13165177404880524 0.95423901081085205
vt 0.13141286373138428 0.95259881019592285
vt 0.1312195360660553 0.95089733600616455
vt 0.13107229769229889 0.94916343688964844
vt 0.13097025454044342 0.94742470979690552
vt 0.13091132044792175 0.94570624828338623
vt 0.10760200768709183 0.94402986764907837
vt 0.10762085020542145 0.94235348701477051
vt 0.10767976939678192 0.94063502550125122
vt 0.10778181254863739 0.93889635801315308
vt 0.1079290583729744 0.93716245889663696
vt 0.10812239348888397 0.93546098470687866
vt 0.10836129635572433 0.93382072448730469
vt 0.1086437776684761 0.9322705864906311
vt 0.10896632820367813 0.93083757162094116
vt 0.10932411253452301 0.92954570055007935
vt 0.10971114784479141 0.92841428518295288
vt 0.11012066155672073 0.92745745182037354
vt 0.11054547876119614 0.92668306827545166
vt 0.1109783872961998 0.92609333992004395
vt 0.11141250282526016 0.92568463087081909
vt 0.11184155195951462 0.92544865608215332
vt 0.11226010322570801 0.92537319660186768
vt 0.1126786544919014 0.92544865608215332
vt 0.11310770362615585 0.92568463087081909
vt 0.11354181915521622 0.92609333992004395
vt 0.11397472023963928 0.92668306827545166
vt 0.11439953744411469 0.92745745182037354
vt 0.1148090586066246 0.92841428518295288
vt 0.11519609391689301 0.92954570055007935
vt 0.11555387079715729 0.93083757162094116
vt 0.11587642878293991 0.9322705864906311
vt 0.11615891009569168 0.93382072448730469
vt 0.11639781296253204 0.93546098470687866
vt 0.11659114807844162 0.93716245889663696
vt 0.11673839390277863 0.93889635801315308
vt 0.1168404296040535 0.94063502550125122
vt 0.11689935624599457 0.94235348701477051
vt 0.11691819876432419 0.94402986764907837
vt 0.11689935624599457 0.94570624828338623
vt 0.1168404296040535 0.94742470979690552
vt 0.11673839390277863 0.94916343688964844
vt 0.11659114807844162 0.95089733600616455
vt 0.11639781296253204 0.95259881019592285
vt 0.11615891009569168 0.95423901081085205
vt 0.11587642878293991 0.95578914880752563
vt 0.11555387079715729 0.95722216367721558
vt 0.11519609391689301 0.95851409435272217
vt 0.1148090586066246 0.95964545011520386
vt 0.11439953744411469 0.96060234308242798
vt 0.11397472023963928 0.96137666702270508
vt 0.11354181915521622 0.96196639537811279
vt 0.11310770362615585 0.96237510442733765
vt 0.1126786544919014 0.96261113882064819
vt 0.11226010322570801 0.96268659830093384
vt 0.11184155195951462 0.96261113882064819
vt 0.11141250282526016 0.96237510442733765
vt 0.1109783872961998 0.96196639537811279
vt 0.11054547876119614 0.96137666702270508
vt 0.11012066155672073 0.96060234308242798
vt 0.10971114784479141 0.95964545011520386
vt 0.10932411253452301 0.95851409435272217
vt 0.10896632820367813 0.95722216367721558
vt 0.1086437776684761 0.95578914880752563
vt 0.10836129635572433 0.95423901081085205
vt 0.10812239348888397 0.95259881019592285
vt 0.1079290583729744 0.95089733600616455
vt 0.10778181254863739 0.94916343688964844
vt 0.10767976939678192 0.94742470979690552
vt 0.10762085020542145 0.94570624828338623
vt 0.084311529994010925 0.94402986764907837
vt 0.084330372512340546 0.94235348701477051
vt 0.084389291703701019 0.94063502550125122
vt 0.084491334855556488 0.93889635801315308
vt 0.084638580679893494 0.93716245889663696
vt 0.08483191579580307 0.93546098470687866
vt 0.085070818662643433 0.93382072448730469
vt 0.085353299975395203 0.9322705864906311
vt 0.085675850510597229 0.93083757162094116
vt 0.086033634841442108 0.92954570055007935
vt 0.08642067015171051 0.92841428518295288
vt 0.086830183863639832 0.92745745182037354
vt 0.087255001068115234 0.92668306827545166
vt 0.087687909603118896 0.92609333992004395
vt 0.08812202513217926 0.92568463087081909
vt 0.088551074266433716 0.92544865608215332
vt 0.088969625532627106 0.92537319660186768
vt 0.089388176798820496 0.92544865608215332
vt 0.089817225933074951 0.92568463087081909
vt 0.090251341462135315 0.92609333992004395
vt 0.09068424254655838 0.92668306827545166
vt 0.091109059751033783 0.92745745182037354
vt 0.091518580913543701 0.92841428518295288
vt 0.091905616223812103 0.92954570055007935
vt 0.092263393104076385 0.93083757162094116
vt 0.092585951089859009 0.9322705864906311
vt 0.092868432402610779 0.93382072448730469
vt 0.093107335269451141 0.93546098470687866
vt 0.093300670385360718 0.93716245889663696
vt 0.093447916209697723 0.93889635801315308
vt 0.093549951910972595 0.94063502550125122
vt 0.093608878552913666 0.94235348701477051
vt 0.093627721071243286 0.94402986764907837
vt 0.093608878552913666 0.94570624828338623
vt 0.093549951910972595 0.94742470979690552
vt 0.093447916209697723 0.94916343688964844
vt 0.093300670385360718 0.95089733600616455
vt 0.093107335269451141 0.95259881019592285
vt 0.092868432402610779 0.95423901081085205
vt 0.092585951089859009 0.95578914880752563
vt 0.092263393104076385 0.95722216367721558
vt 0.091905616223812103 0.95851409435272217
vt 0.091518580913543701 0.95964545011520386
vt 0.091109059751033783 0.96060234308242798
vt 0.09068424254655838 0.96137666702270508
vt 0.090251341462135315 0.96196639537811279
vt 0.089817225933074951 0.96237510442733765
vt 0.089388176798820496 0.96261113882064819
vt 0.088969625532627106 0.96268659830093384
vt 0.088551074266433716 0.96261113882064819
vt 0.08812202513217926 0.96237510442733765
vt 0.087687909603118896 0.96196639537811279
vt 0.087255001068115234 0.96137666702270508
vt 0.086830183863639832 0.96060234308242798
vt 0.08642067015171051 0.95964545011520386
vt 0.086033634841442108 0.95851409435272217
vt 0.085675850510597229 0.95722216367721558
vt 0.085353299975395203 0.95578914880752563
vt 0.085070818662643433 0.95423901081085205
vt 0.08483191579580307 0.95259881019592285
vt 0.084638580679893494 0.95089733600616455
vt 0.084491334855556488 0.94916343688964844
vt 0.084389291703701019 0.94742470979690552
vt 0.084330372512340546 0.94570624828338623
vt 0.061021052300930023 0.94402986764907837
vt 0.061039894819259644 0.94235348701477051
vt 0.061098817735910416 0.94063502550125122
vt 0.061200857162475586 0.93889635801315308
vt 0.061348102986812592 0.93716245889663696
vt 0.06154143437743187 0.93546098470687866
vt 0.061780340969562531 0.93382072448730469
vt 0.062062818557024002 0.9322705864906311
vt 0.062385376542806625 0.93083757162094116
vt 0.062743157148361206 0.92954570055007935
vt 0.063130192458629608 0.92841428518295288
vt 0.063539706170558929 0.92745745182037354
vt 0.063964523375034332 0.92668306827545166
vt 0.064397431910037994 0.92609333992004395
vt 0.064831547439098358 0.92568463087081909
vt 0.065260596573352814 0.92544865608215332
vt 0.065679147839546204 0.92537319660186768
vt 0.066097699105739594 0.92544865608215332
vt 0.066526748239994049 0.92568463087081909
vt 0.066960863769054413 0.92609333992004395
vt 0.067393764853477478 0.92668306827545166
vt 0.067818582057952881 0.92745745182037354
vt 0.068228103220462799 0.92841428518295288
vt 0.068615138530731201 0.92954570055007935
vt 0.068972915410995483 0.93083757162094116
vt 0.069295473396778107 0.9322705864906311
vt 0.069577954709529877 0.93382072448730469
vt 0.069816857576370239 0.93546098470687866
vt 0.070010192692279816 0.93716245889663696
vt 0.070157438516616821 0.93889635801315308
vt 0.070259474217891693 0.94063502550125122
vt 0.070318400859832764 0.94235348701477051
vt 0.070337243378162384 0.94402986764907837
vt 0.070318400859832764 0.94570624828338623
vt 0.070259474217891693 0.94742470979690552
vt 0.070157438516616821 0.94916343688964844
vt 0.070010192692279816 0.95089733600616455
vt 0.069816857576370239 0.95259881019592285
vt 0.069577954709529877 0.95423901081085205
vt 0.069295473396778107 0.95578914880752563
vt 0.068972915410995483 0.95722216367721558
vt 0.068615138530731201 0.95851409435272217
vt 0.068228103220462799 0.95964545011520386
vt 0.067818582057952881 0.96060234308242798
vt 0.067393764853477478 0.96137666702270508
vt 0.066960863769054413 0.96196639537811279
vt 0.066526748239994049 0.96237510442733765
vt 0.066097699105739594 0.96261113882064819
vt 0.065679147839546204 0.96268659830093384
vt 0.065260596573352814 0.96261113882064819
vt 0.064831547439098358 0.96237510442733765
vt 0.064397431910037994 0.96196639537811279
vt 0.063964523375034332 0.96137666702270508
vt 0.063539706170558929 0.96060234308242798
vt 0.063130192458629608 0.95964545011520386
vt 0.062743157148361206 0.95851409435272217
vt 0.062385376542806625 0.95722216367721558
vt 0.062062818557024002 0.95578914880752563
vt 0.061780340969562531 0.95423901081085205
vt 0.06154143437743187 0.95259881019592285
vt 0.061348102986812592 0.95089733600616455
vt 0.061200857162475586 0.94916343688964844
vt 0.061098817735910416 0.94742470979690552
vt 0.061039894819259644 0.94570624828338623
vt 0.037730574607849121 0.94402986764907837
vt 0.037749417126178741 0.94235348701477051
vt 0.037808340042829514 0.94063502550125122
vt 0.037910379469394684 0.93889635801315308
vt 0.038057625293731689 0.93716245889663696
vt 0.038250956684350967 0.93546098470687866
vt 0.038489863276481628 0.93382072448730469
vt 0.0387723408639431 0.9322705864906311
vt 0.039094898849725723 0.93083757162094116
vt 0.039452679455280304 0.92954570055007935
vt 0.039839714765548706 0.92841428518295288
vt 0.040249232202768326 0.92745745182037354
vt 0.040674049407243729 0.92668306827545166
vt 0.041106957942247391 0.92609333992004395
vt 0.041541069746017456 0.92568463087081909
vt 0.041970118880271912 0.92544865608215332
vt 0.042388670146465302 0.92537319660186768
vt 0.042807221412658691 0.92544865608215332
vt 0.043236270546913147 0.92568463087081909
vt 0.043670382350683212 0.92609333992004395
vt 0.044103290885686874 0.92668306827545166
vt 0.044528108090162277 0.92745745182037354
vt 0.044937625527381897 0.92841428518295288
vt 0.045324657112360001 0.92954570055007935
vt 0.04568244144320488 0.93083757162094116
vt 0.046004995703697205 0.9322705864906311
vt 0.046287473291158676 0.93382072448730469
vt 0.046526379883289337 0.93546098470687866
vt 0.046719711273908615 0.93716245889663696
vt 0.046866957098245621 0.93889635801315308
vt 0.046969000250101089 0.94063502550125122
vt 0.047027923166751862 0.94235348701477051
vt 0.047046765685081482 0.94402986764907837
vt 0.047027923166751862 0.94570624828338623
vt 0.046969000250101089 0.94742470979690552
vt 0.046866957098245621 0.94916343688964844
vt 0.046719711273908615 0.95089733600616455
vt 0.046526379883289337 0.95259881019592285
vt 0.046287473291158676 0.95423901081085205
vt 0.046004995703697205 0.95578914880752563
vt 0.04568244144320488 0.95722216367721558
vt 0.045324657112360001 0.95851409435272217
vt 0.044937625527381897 0.95964545011520386
vt 0.044528108090162277 0.96060234308242798
vt 0.044103290885686874 0.96137666702270508
vt 0.043670382350683212 0.96196639537811279
vt 0.043236270546913147 0.96237510442733765
vt 0.042807221412658691 0.96261113882064819
vt 0.042388670146465302 0.96268659830093384
vt 0.041970118880271912 0.96261113882064819
vt 0.041541069746017456 0.96237510442733765
vt 0.041106957942247391 0.96196639537811279
vt 0.040674049407243729 0.96137666702270508
vt 0.040249232202768326 0.96060234308242798
vt 0.039839714765548706 0.95964545011520386
vt 0.039452679455280304 0.95851409435272217
vt 0.039094898849725723 0.95722216367721558
vt 0.0387723408639431 0.95578914880752563
vt 0.038489863276481628 0.95423901081085205
vt 0.038250956684350967 0.95259881019592285
vt 0.038057625293731689 0.95089733600616455
vt 0.037910379469394684 0.94916343688964844
vt 0.037808340042829514 0.94742470979690552
vt 0.037749417126178741 0.94570624828338623
vt 0.20122972130775452 0.52985101938247681
vt 0.20122972130775452 1
vt 0 1
vt 0 0.52985101938247681
vt 0.16443076729774475 0.91231346130371094
vt 0.16449107229709625 0.91767793893814087
vt 0.16467961668968201 0.92317694425582886
vt 0.16500616073608398 0.92874079942703247
vt 0.16547733545303345 0.93428927659988403
vt 0.16609600186347961 0.93973404169082642
vt 0.16686050593852997 0.94498270750045776
vt 0.16776442527770996 0.9499431848526001
vt 0.16879661381244659 0.95452880859375
vt 0.16994151473045349 0.95866292715072632
vt 0.17118002474308014 0.96228331327438354
vt 0.17249047756195068 0.96534532308578491
vt 0.17384989559650421 0.96782320737838745
vt 0.17523519694805145 0.96971040964126587
vt 0.1766243577003479 0.97101825475692749
vt 0.17799732089042664 0.97177344560623169
vt 0.17933668196201324 0.97201496362686157
vt 0.18067604303359985 0.97177344560623169
vt 0.18204900622367859 0.97101825475692749
vt 0.18343816697597504 0.96971040964126587
vt 0.18482346832752228 0.96782320737838745
vt 0.18618288636207581 0.96534532308578491
vt 0.18749333918094635 0.96228331327438354
vt 0.188731849193573 0.95866292715072632
vt 0.1898767501115799 0.95452880859375
vt 0.19090892374515533 0.9499431848526001
vt 0.19181285798549652 0.94498270750045776
vt 0.19257736206054688 0.93973404169082642
vt 0.19319601356983185 0.93428927659988403
vt 0.1936672031879425 0.92874079942703247
vt 0.19399373233318329 0.92317694425582886
vt 0.19418229162693024 0.91767793893814087
vt 0.19424258172512054 0.91231346130371094
vt 0.19418229162693024 0.90694904327392578
vt 0.19399373233318329 0.90145003795623779
vt 0.1936672031879425 0.8958861231803894
vt 0.19319601356983185 0.89033770561218262
vt 0.19257736206054688 0.88489294052124023
vt 0.19181285798549652 0.87964427471160889
vt 0.19090892374515533 0.87468373775482178
vt 0.1898767501115799 0.87009817361831665
vt 0.188731849193573 0.86596405506134033
vt 0.18749333918094635 0.86234360933303833
vt 0.18618288636207581 0.85928159952163696
vt 0.18482346832752228 0.8568037748336792
vt 0.18343816697597504 0.85491657257080078
vt 0.18204900622367859 0.85360872745513916
vt 0.18067604303359985 0.85285353660583496
vt 0.17933668196201324 0.85261201858520508
vt 0.17799732089042664 0.85285353660583496
vt 0.1766243577003479 0.85360872745513916
vt 0.17523519694805145 0.85491657257080078
vt 0.17384989559650421 0.8568037748336792
vt 0.17249047756195068 0.85928159952163696
vt 0.17118002474308014 0.86234360933303833
vt 0.16994151473045349 0.86596405506134033
vt 0.16879661381244659 0.87009817361831665
vt 0.16776442527770996 0.87468373775482178
vt 0.16686050593852997 0.87964427471160889
vt 0.16609600186347961 0.88489294052124023
vt 0.16547733545303345 0.89033770561218262
vt 0.16500616073608398 0.8958861231803894
vt 0.16467961668968201 0.90145003795623779
vt 0.16449107229709625 0.90694904327392578
vt 0.036798954010009766 0.91231346130371094
vt 0.03673866018652916 0.90694904327392578
vt 0.03655010461807251 0.90145003795623779
vt 0.036223571747541428 0.8958861231803894
vt 0.035752385854721069 0.89033770561218262
vt 0.035133726894855499 0.88489294052124023
vt 0.034369226545095444 0.87964427471160889
vt 0.033465296030044556 0.87468373775482178
vt 0.032433114945888519 0.87009817361831665
vt 0.031288214027881622 0.86596405506134033
vt 0.030049705877900124 0.86234360933303833
vt 0.02873925119638443 0.85928159952163696
vt 0.027379835024476051 0.8568037748336792
vt 0.025994531810283661 0.85491657257080078
vt 0.024605372920632362 0.85360872745513916
vt 0.023232411593198776 0.85285353660583496
vt 0.021893048658967018 0.85261201858520508
vt 0.020553687587380409 0.85285353660583496
vt 0.019180724397301674 0.85360872745513916
vt 0.017791567370295525 0.85491657257080078
vt 0.016406264156103134 0.8568037748336792
vt 0.015046847052872181 0.85928159952163696
vt 0.013736392371356487 0.86234360933303833
vt 0.012497884221374989 0.86596405506134033
vt 0.011352982372045517 0.87009817361831665
vt 0.010320801287889481 0.87468373775482178
vt 0.0094168726354837418 0.87964427471160889
vt 0.0086523713544011116 0.88489294052124023
vt 0.0080337123945355415 0.89033770561218262
vt 0.0075625269673764706 0.8958861231803894
vt 0.0072359917685389519 0.90145003795623779
vt 0.0070474389940500259 0.90694904327392578
vt 0.0069871433079242706 0.91231346130371094
vt 0.0070474389940500259 0.91767793893814087
vt 0.0072359917685389519 0.92317694425582886
vt 0.0075625269673764706 0.92874079942703247
vt 0.0080337123945355415 0.93428927659988403
vt 0.0086523713544011116 0.93973404169082642
vt 0.0094168726354837418 0.94498270750045776
vt 0.010320801287889481 0.9499431848526001
vt 0.011352982372045517 0.95452880859375
vt 0.012497884221374989 0.95866292715072632
vt 0.013736392371356487 0.96228331327438354
vt 0.015046847052872181 0.96534532308578491
vt 0.016406264156103134 0.96782320737838745
vt 0.017791567370295525 0.96971040964126587
vt 0.019180724397301674 0.97101825475692749
vt 0.020553687587380409 0.97177344560623169
vt 0.021893048658967018 0.97201496362686157
vt 0.023232411593198776 0.97177344560623169
vt 0.024605372920632362 0.97101825475692749
vt 0.025994531810283661 0.96971040964126587
vt 0.027379835024476051 0.96782320737838745
vt 0.02873925119638443 0.96534532308578491
vt 0.030049705877900124 0.96228331327438354
vt 0.031288214027881622 0.95866292715072632
vt 0.032433114945888519 0.95452880859375
vt 0.033465296030044556 0.9499431848526001
vt 0.034369226545095444 0.94498270750045776
vt 0.035133726894855499 0.93973404169082642
vt 0.035752385854721069 0.93428927659988403
vt 0.036223571747541428 0.92874079942703247
vt 0.03655010461807251 0.92317694425582886
vt 0.03673866018652916 0.91767793893814087
vt 0.15418295562267303 0.58582109212875366
vt 0.15420180559158325 0.5874975323677063
vt 0.15426072478294373 0.58921593427658081
vt 0.15436276793479919 0.59095466136932373
vt 0.1545100212097168 0.59268856048583984
vt 0.15470334887504578 0.59439003467559814
vt 0.15494225919246674 0.59603023529052734
vt 0.15522472560405731 0.59758037328720093
vt 0.15554729104042053 0.59901338815689087
vt 0.15590506792068481 0.60030531883239746
vt 0.15629209578037262 0.60143667459487915
vt 0.15670162439346313 0.60239356756210327
vt 0.15712644159793854 0.60316789150238037
vt 0.1575593501329422 0.60375767946243286
vt 0.15799345076084137 0.60416632890701294
vt 0.15842251479625702 0.60440236330032349
vt 0.15884105861186981 0.60447782278060913
vt 0.1592596024274826 0.60440236330032349
vt 0.15968866646289825 0.60416632890701294
vt 0.16012276709079742 0.60375767946243286
vt 0.16055567562580109 0.60316789150238037
vt 0.16098049283027649 0.60239356756210327
vt 0.16139000654220581 0.60143667459487915
vt 0.16177704930305481 0.60030531883239746
vt 0.16213482618331909 0.59901338815689087
vt 0.16245739161968231 0.59758037328720093
vt 0.16273985803127289 0.59603023529052734
vt 0.16297876834869385 0.59439003467559814
vt 0.16317209601402283 0.59268856048583984
vt 0.16331934928894043 0.59095466136932373
vt 0.1634213924407959 0.58921593427658081
vt 0.16348031163215637 0.5874975323677063
vt 0.1634991466999054 0.58582109212875366
vt 0.16348031163215637 0.5841447114944458
vt 0.1634213924407959 0.58242630958557129
vt 0.16331934928894043 0.58068758249282837
vt 0.16317209601402283 0.57895368337631226
vt 0.16297876834869385 0.57725220918655396
vt 0.16273985803127289 0.57561200857162476
vt 0.16245739161968231 0.5740618109703064
vt 0.16213482618331909 0.57262885570526123
vt 0.16177704930305481 0.57133692502975464
vt 0.16139000654220581 0.57020550966262817
vt 0.16098049283027649 0.56924867630004883
vt 0.16055567562580109 0.56847435235977173
vt 0.16012276709079742 0.56788456439971924
vt 0.15968866646289825 0.56747585535049438
vt 0.1592596024274826 0.56723988056182861
vt 0.15884105861186981 0.56716442108154297
vt 0.15842251479625702 0.56723988056182861
vt 0.15799345076084137 0.56747585535049438
vt 0.1575593501329422 0.56788456439971924
vt 0.15712644159793854 0.56847435235977173
vt 0.15670162439346313 0.56924867630004883
vt 0.15629209578037262 0.57020550966262817
vt 0.15590506792068481 0.57133692502975464
vt 0.15554729104042053 0.57262885570526123
vt 0.15522472560405731 0.5740618109703064
vt 0.15494225919246674 0.57561200857162476
vt 0.15470334887504578 0.57725220918655396
vt 0.1545100212097168 0.57895368337631226
vt 0.15436276793479919 0.58068758249282837
vt 0.15426072478294373 0.58242630958557129
vt 0.15420180559158325 0.5841447114944458
vt 0.13089248538017273 0.58582109212875366
vt 0.13091132044792175 0.5874975323677063
vt 0.13097025454044342 0.58921593427658081
vt 0.13107229769229889 0.59095466136932373
vt 0.1312195360660553 0.59268856048583984
vt 0.13141286373138428 0.59439003467559814
vt 0.13165177404880524 0.59603023529052734
vt 0.13193425536155701 0.59758037328720093
vt 0.13225680589675903 0.59901338815689087
vt 0.13261459767818451 0.60030531883239746
vt 0.13300162553787231 0.60143667459487915
vt 0.13341113924980164 0.60239356756210327
vt 0.13383595645427704 0.60316789150238037
vt 0.1342688649892807 0.60375767946243286
vt 0.13470298051834106 0.60416632890701294
vt 0.13513202965259552 0.60440236330032349
vt 0.13555057346820831 0.60447782278060913
vt 0.1359691321849823 0.60440236330032349
vt 0.13639818131923676 0.60416632890701294
vt 0.13683229684829712 0.60375767946243286
vt 0.13726520538330078 0.60316789150238037
vt 0.13769002258777618 0.60239356756210327
vt 0.13809953629970551 0.60143667459487915
vt 0.13848656415939331 0.60030531883239746
vt 0.13884435594081879 0.59901338815689087
vt 0.13916690647602081 0.59758037328720093
vt 0.13944938778877258 0.59603023529052734
vt 0.13968829810619354 0.59439003467559814
vt 0.13988162577152252 0.59268856048583984
vt 0.14002886414527893 0.59095466136932373
vt 0.1401309072971344 0.58921593427658081
vt 0.14018982648849487 0.5874975323677063
vt 0.14020867645740509 0.58582109212875366
vt 0.14018982648849487 0.5841447114944458
vt 0.1401309072971344 0.58242630958557129
vt 0.14002886414527893 0.58068758249282837
vt 0.13988162577152252 0.57895368337631226
vt 0.13968829810619354 0.57725220918655396
vt 0.13944938778877258 0.57561200857162476
vt 0.13916690647602081 0.5740618109703064
vt 0.13884435594081879 0.57262885570526123
vt 0.13848656415939331 0.57133692502975464
vt 0.13809953629970551 0.57020550966262817
vt 0.13769002258777618 0.56924867630004883
vt 0.13726520538330078 0.56847435235977173
vt 0.13683229684829712 0.56788456439971924
vt 0.13639818131923676 0.56747585535049438
vt 0.1359691321849823 0.56723988056182861
vt 0.13555057346820831 0.56716442108154297
vt 0.13513202965259552 0.56723988056182861
vt 0.13470298051834106 0.56747585535049438
vt 0.1342688649892807 0.56788456439971924
vt 0.13383595645427704 0.56847435235977173
vt 0.13341113924980164 0.56924867630004883
vt 0.13300162553787231 0.57020550966262817
vt 0.13261459767818451 0.57133692502975464
vt 0.13225680589675903 0.57262885570526123
vt 0.13193425536155701 0.5740618109703064
vt 0.13165177404880524 0.57561200857162476
vt 0.13141286373138428 0.57725220918655396
vt 0.1312195360660553 0.57895368337631226
vt 0.13107229769229889 0.58068758249282837
vt 0.13097025454044342 0.58242630958557129
vt 0.13091132044792175 0.5841447114944458
vt 0.10760200768709183 0.58582109212875366
vt 0.10762085020542145 0.5874975323677063
vt 0.10767976939678192 0.58921593427658081
vt 0.10778181254863739 0.59095466136932373
vt 0.1079290583729744 0.59268856048583984
vt 0.10812239348888397 0.59439003467559814
vt 0.10836129635572433 0.59603023529052734
vt 0.1086437776684761 0.59758037328720093
vt 0.10896632820367813 0.59901338815689087
vt 0.10932411253452301 0.60030531883239746
vt 0.10971114784479141 0.60143667459487915
vt 0.11012066155672073 0.60239356756210327
vt 0.11054547876119614 0.60316789150238037
vt 0.1109783872961998 0.60375767946243286
vt 0.11141250282526016 0.60416632890701294
vt 0.11184155195951462 0.60440236330032349
vt 0.11226010322570801 0.60447782278060913
vt 0.1126786544919014 0.60440236330032349
vt 0.11310770362615585 0.60416632890701294
vt 0.11354181915521622 0.60375767946243286
vt 0.11397472023963928 0.60316789150238037
vt 0.11439953744411469 0.60239356756210327
vt 0.1148090586066246 0.60143667459487915
vt 0.11519609391689301 0.60030531883239746
vt 0.11555387079715729 0.59901338815689087
vt 0.11587642878293991 0.59758037328720093
vt 0.11615891009569168 0.59603023529052734
vt 0.11639781296253204 0.59439003467559814
vt 0.11659114807844162 0.59268856048583984
vt 0.11673839390277863 0.59095466136932373
vt 0.1168404296040535 0.58921593427658081
vt 0.11689935624599457 0.5874975323677063
vt 0.11691819876432419 0.58582109212875366
vt 0.11689935624599457 0.5841447114944458
vt 0.1168404296040535 0.58242630958557129
vt 0.11673839390277863 0.58068758249282837
vt 0.11659114807844162 0.57895368337631226
vt 0.11639781296253204 0.57725220918655396
vt 0.11615891009569168 0.57561200857162476
vt 0.11587642878293991 0.5740618109703064
vt 0.11555387079715729 0.57262885570526123
vt 0.11519609391689301 0.57133692502975464
vt 0.1148090586066246 0.57020550966262817
vt 0.11439953744411469 0.56924867630004883
vt 0.11397472023963928 0.56847435235977173
vt 0.11354181915521622 0.56788456439971924
vt 0.11310770362615585 0.56747585535049438
vt 0.1126786544919014 0.56723988056182861
vt 0.11226010322570801 0.56716442108154297
vt 0.11184155195951462 0.56723988056182861
vt 0.11141250282526016 0.56747585535049438
vt 0.1109783872961998 0.56788456439971924
vt 0.11054547876119614 0.56847435235977173
vt 0.11012066155672073 0.56924867630004883
vt 0.10971114784479141 0.57020550966262817
vt 0.10932411253452301 0.57133692502975464
vt 0.10896632820367813 0.57262885570526123
vt 0.1086437776684761 0.5740618109703064
vt 0.10836129635572433 0.57561200857162476
vt 0.10812239348888397 0.57725220918655396
vt 0.1079290583729744 0.57895368337631226
vt 0.10778181254863739 0.58068758249282837
vt 0.10767976939678192 0.58242630958557129
vt 0.10762085020542145 0.5841447114944458
vt 0.084311529994010925 0.58582109212875366
vt 0.084330372512340546 0.5874975323677063
vt 0.084389291703701019 0.58921593427658081
vt 0.084491334855556488 0.59095466136932373
vt 0.084638580679893494 0.59268856048583984
vt 0.08483191579580307 0.59439003467559814
vt 0.085070818662643433 0.59603023529052734
vt 0.085353299975395203 0.59758037328720093
vt 0.085675850510597229 0.59901338815689087
vt 0.086033634841442108 0.60030531883239746
vt 0.08642067015171051 0.60143667459487915
vt 0.086830183863639832 0.60239356756210327
vt 0.087255001068115234 0.60316789150238037
vt 0.087687909603118896 0.60375767946243286
vt 0.08812202513217926 0.60416632890701294
vt 0.088551074266433716 0.60440236330032349
vt 0.088969625532627106 0.60447782278060913
vt 0.089388176798820496 0.60440236330032349
vt 0.089817225933074951 0.60416632890701294
vt 0.090251341462135315 0.60375767946243286
vt 0.09068424254655838 0.60316789150238037
vt 0.091109059751033783 0.60239356756210327
vt 0.091518580913543701 0.60143667459487915
vt 0.091905616223812103 0.60030531883239746
vt 0.092263393104076385 0.59901338815689087
vt 0.092585951089859009 0.59758037328720093
vt 0.092868432402610779 0.59603023529052734
vt 0.093107335269451141 0.59439003467559814
vt 0.093300670385360718 0.59268856048583984
vt 0.093447916209697723 0.59095466136932373
vt 0.093549951910972595 0.58921593427658081
vt 0.093608878552913666 0.5874975323677063
vt 0.093627721071243286 0.58582109212875366
vt 0.093608878552913666 0.5841447114944458
vt 0.093549951910972595 0.58242630958557129
vt 0.093447916209697723 0.58068758249282837
vt 0.093300670385360718 0.57895368337631226
vt 0.093107335269451141 0.57725220918655396
vt 0.092868432402610779 0.57561200857162476
vt 0.092585951089859009 0.5740618109703064
vt 0.092263393104076385 0.57262885570526123
vt 0.091905616223812103 0.57133692502975464
vt 0.091518580913543701 0.57020550966262817
vt 0.091109059751033783 0.56924867630004883
vt 0.09068424254655838 0.56847435235977173
vt 0.090251341462135315 0.56788456439971924
vt 0.089817225933074951 0.56747585535049438
vt 0.089388176798820496 0.56723988056182861
vt 0.088969625532627106 0.56716442108154297
vt 0.088551074266433716 0.56723988056182861
vt 0.08812202513217926 0.56747585535049438
vt 0.087687909603118896 0.56788456439971924
vt 0.087255001068115234 0.56847435235977173
vt 0.086830183863639832 0.56924867630004883
vt 0.08642067015171051 0.57020550966262817
vt 0.086033634841442108 0.57133692502975464
vt 0.085675850510597229 0.57262885570526123
vt 0.085353299975395203 0.5740618109703064
vt 0.085070818662643433 0.57561200857162476
vt 0.08483191579580307 0.57725220918655396
vt 0.084638580679893494 0.57895368337631226
vt 0.084491334855556488 0.58068758249282837
vt 0.084389291703701019 0.58242630958557129
vt 0.084330372512340546 0.5841447114944458
vt 0.061021052300930023 0.58582109212875366
vt 0.061039894819259644 0.5874975323677063
vt 0.061098817735910416 0.58921593427658081
vt 0.061200857162475586 0.59095466136932373
vt 0.061348102986812592 0.59268856048583984
vt 0.06154143437743187 0.59439003467559814
vt 0.061780340969562531 0.59603023529052734
vt 0.062062818557024002 0.59758037328720093
vt 0.062385376542806625 0.59901338815689087
vt 0.062743157148361206 0.60030531883239746
vt 0.063130192458629608 0.60143667459487915
vt 0.063539706170558929 0.60239356756210327
vt 0.063964523375034332 0.60316789150238037
vt 0.064397431910037994 0.60375767946243286
vt 0.064831547439098358 0.60416632890701294
vt 0.065260596573352814 0.60440236330032349
vt 0.065679147839546204 0.60447782278060913
vt 0.066097699105739594 0.60440236330032349
vt 0.066526748239994049 0.60416632890701294
vt 0.066960863769054413 0.60375767946243286
vt 0.067393764853477478 0.60316789150238037
vt 0.067818582057952881 0.60239356756210327
vt 0.068228103220462799 0.60143667459487915
vt 0.068615138530731201 0.60030531883239746
vt 0.068972915410995483 0.59901338815689087
vt 0.069295473396778107 0.59758037328720093
vt 0.069577954709529877 0.59603023529052734
vt 0.069816857576370239 0.59439003467559814
vt 0.070010192692279816 0.59268856048583984
vt 0.070157438516616821 0.59095466136932373
vt 0.070259474217891693 0.58921593427658081
vt 0.070318400859832764 0.5874975323677063
vt 0.070337243378162384 0.58582109212875366
vt 0.070318400859832764 0.5841447114944458
vt 0.070259474217891693 0.58242630958557129
vt 0.070157438516616821 0.58068758249282837
vt 0.070010192692279816 0.57895368337631226
vt 0.069816857576370239 0.57725220918655396
vt 0.069577954709529877 0.57561200857162476
vt 0.069295473396778107 0.5740618109703064
vt 0.068972915410995483 0.57262885570526123
vt 0.068615138530731201 0.57133692502975464
vt 0.068228103220462799 0.57020550966262817
vt 0.067818582057952881 0.56924867630004883
vt 0.067393764853477478 0.56847435235977173
vt 0.066960863769054413 0.56788456439971924
vt 0.066526748239994049 0.56747585535049438
vt 0.066097699105739594 0.56723988056182861
vt 0.065679147839546204 0.56716442108154297
vt 0.065260596573352814 0.56723988056182861
vt 0.064831547439098358 0.56747585535049438
vt 0.064397431910037994 0.56788456439971924
vt 0.063964523375034332 0.56847435235977173
vt 0.063539706170558929 0.56924867630004883
vt 0.063130192458629608 0.57020550966262817
vt 0.062743157148361206 0.57133692502975464
vt 0.062385376542806625 0.57262885570526123
vt 0.062062818557024002 0.5740618109703064
vt 0.061780340969562531 0.57561200857162476
vt 0.06154143437743187 0.57725220918655396
vt 0.061348102986812592 0.57895368337631226
vt 0.061200857162475586 0.58068758249282837
vt 0.061098817735910416 0.58242630958557129
vt 0.061039894819259644 0.5841447114944458
vt 0.037730574607849121 0.58582109212875366
vt 0.037749417126178741 0.5874975323677063
vt 0.037808340042829514 0.58921593427658081
vt 0.037910379469394684 0.59095466136932373
vt 0.038057625293731689 0.59268856048583984
vt 0.038250956684350967 0.59439003467559814
vt 0.038489863276481628 0.59603023529052734
vt 0.0387723408639431 0.59758037328720093
vt 0.039094898849725723 0.59901338815689087
vt 0.039452679455280304 0.60030531883239746
vt 0.039839714765548706 0.60143667459487915
vt 0.040249232202768326 0.60239356756210327
vt 0.040674049407243729 0.60316789150238037
vt 0.041106957942247391 0.60375767946243286
vt 0.041541069746017456 0.60416632890701294
vt 0.041970118880271912 0.60440236330032349
vt 0.042388670146465302 0.60447782278060913
vt 0.042807221412658691 0.60440236330032349
vt 0.043236270546913147 0.60416632890701294
vt 0.043670382350683212 0.60375767946243286
vt 0.044103290885686874 0.60316789150238037
vt 0.044528108090162277 0.60239356756210327
vt 0.044937625527381897 0.60143667459487915
vt 0.045324657112360001 0.60030531883239746
vt 0.04568244144320488 0.59901338815689087
vt 0.046004995703697205 0.59758037328720093
vt 0.046287473291158676 0.59603023529052734
vt 0.046526379883289337 0.59439003467559814
vt 0.046719711273908615 0.59268856048583984
vt 0.046866957098245621 0.59095466136932373
vt 0.046969000250101089 0.58921593427658081
vt 0.047027923166751862 0.5874975323677063
vt 0.047046765685081482 0.58582109212875366
vt 0.047027923166751862 0.5841447114944458
vt 0.046969000250101089 0.58242630958557129
vt 0.046866957098245621 0.58068758249282837
vt 0.046719711273908615 0.57895368337631226
vt 0.046526379883289337 0.57725220918655396
vt 0.046287473291158676 0.57561200857162476
vt 0.046004995703697205 0.5740618109703064
vt 0.04568244144320488 0.57262885570526123
vt 0.045324657112360001 0.57133692502975464
vt 0.044937625527381897 0.57020550966262817
vt 0.044528108090162277 0.56924867630004883
vt 0.044103290885686874 0.56847435235977173
vt 0.043670382350683212 0.56788456439971924
vt 0.043236270546913147 0.56747585535049438
vt 0.042807221412658691 0.56723988056182861
vt 0.042388670146465302 0.56716442108154297
vt 0.041970118880271912 0.56723988056182861
vt 0.041541069746017456 0.56747585535049438
vt 0.041106957942247391 0.56788456439971924
vt 0.040674049407243729 0.56847435235977173
vt 0.040249232202768326 0.56924867630004883
vt 0.039839714765548706 0.57020550966262817
vt 0.039452679455280304 0.57133692502975464
vt 0.039094898849725723 0.57262885570526123
vt 0.0387723408639431 0.5740618109703064
vt 0.038489863276481628 0.57561200857162476
vt 0.038250956684350967 0.57725220918655396
vt 0.038057625293731689 0.57895368337631226
vt 0.037910379469394684 0.58068758249282837
vt 0.037808340042829514 0.58242630958557129
vt 0.037749417126178741 0.5841447114944458
vn -1 0 0
vn -1 0 0
vn -1 0 0
vn -1 0 0
vn 0 0 -1
vn 0 0 -1
vn 0 0 -1
vn 0 0 -1
vn 1 0 0
vn 1 0 0
vn 1 0 0
vn 1 0 0
vn 0 0 1
vn 0 0 1
vn 0 0 1
vn 0 0 1
vn -1 0 0
vn -1 0 0
vn -0.99595493078231812 0 0.089854441583156586
vn -0.99595493078231812 0 0.089854441583156586
vn -0.98330539464950562 0 0.18196305632591248
vn -0.98330539464950562 0 0.18196305632591248
vn -0.96139895915985107 0 0.27515822649002075
vn -0.96139895915985107 0 0.27515822649002075
vn -0.92978829145431519 0 0.36809471249580383
vn -0.92978829145431519 0 0.36809471249580383
vn -0.88828402757644653 0 0.45929458737373352
vn -0.88828402757644653 0 0.45929458737373352
vn -0.83699548244476318 0 0.54720973968505859
vn -0.83699548244476318 0 0.54720973968505859
vn -0.77635318040847778 0 0.63029813766479492
vn -0.77635318040847778 0 0.63029813766479492
vn -0.70710676908493042 0 0.70710676908493042
vn -0.70710676908493042 0 0.70710676908493042
vn -0.63029813766479492 0 0.77635318040847778
vn -0.63029813766479492 0 0.77635318040847778
vn -0.54720973968505859 0 0.83699548244476318
vn -0.54720973968505859 0 0.83699548244476318
vn -0.45929458737373352 0 0.88828402757644653
vn -0.45929458737373352 0 0.88828402757644653
vn -0.36809471249580383 0 0.92978829145431519
vn -0.36809471249580383 0 0.92978829145431519
vn -0.27515822649002075 0 0.96139895915985107
vn -0.27515822649002075 0 0.96139895915985107
vn -0.18196305632591248 0 0.98330539464950562
vn -0.18196305632591248 0 0.98330539464950562
vn -0.089854441583156586 0 0.99595493078231812
vn -0.089854441583156586 0 0.99595493078231812
vn 0 0 1
vn 0 0 1
vn 0.089854441583156586 0 0.99595493078231812
vn 0.089854441583156586 0 0.99595493078231812
vn 0.18196305632591248 0 0.98330539464950562
vn 0.18196305632591248 0 0.98330539464950562
vn 0.27515822649002075 0 0.96139895915985107
vn 0.27515822649002075 0 0.96139895915985107
vn 0.36809471249580383 0 0.92978829145431519
vn 0.36809471249580383 0 0.92978829145431519
vn 0.45929458737373352 0 0.88828402757644653
vn 0.45929458737373352 0 0.88828402757644653
vn 0.54720973968505859 0 0.83699548244476318
vn 0.54720973968505859 0 0.83699548244476318
vn 0.63029813766479492 0 0.77635318040847778
vn 0.63029813766479492 0 0.77635318040847778
vn 0.70710676908493042 0 0.70710676908493042
vn 0.70710676908493042 0 0.70710676908493042
vn 0.77635318040847778 0 0.63029813766479492
vn 0.77635318040847778 0 0.63029813766479492
vn 0.83699548244476318 0 0.54720973968505859
vn 0.83699548244476318 0 0.54720973968505859
vn 0.88828402757644653 0 0.45929458737373352
vn 0.88828402757644653 0 0.45929458737373352
vn 0.92978829145431519 0 0.36809471249580383
vn 0.92978829145431519 0 0.36809471249580383
vn 0.96139895915985107 0 0.27515822649002075
vn 0.96139895915985107 0 0.27515822649002075
vn 0.98330539464950562 0 0.18196305632591248
vn 0.98330539464950562 0 0.18196305632591248
vn 0.99595493078231812 0 0.089854441583156586
vn 0.99595493078231812 0 0.089854441583156586
vn 1 0 0
vn 1 0 0
vn 0.99595493078231812 0 -0.089854441583156586
vn 0.99595493078231812 0 -0.089854441583156586
vn 0.98330539464950562 0 -0.18196305632591248
vn 0.98330539464950562 0 -0.18196305632591248
vn 0.96139895915985107 0 -0.27515822649002075
vn 0.96139895915985107 0 -0.27515822649002075
vn 0.92978829145431519 0 -0.36809471249580383
vn 0.92978829145431519 0 -0.36809471249580383
vn 0.88828402757644653 0 -0.45929458737373352
vn 0.88828402757644653 0 -0.45929458737373352
vn 0.83699548244476318 0 -0.54720973968505859
vn 0.83699548244476318 0 -0.54720973968505859
vn 0.77635318040847778 0 -0.63029813766479492
vn 0.77635318040847778 0 -0.63029813766479492
vn 0.70710676908493042 0 -0.70710676908493042
vn 0.70710676908493042 0 -0.70710676908493042
vn 0.63029813766479492 0 -0.77635318040847778
vn 0.63029813766479492 0 -0.77635318040847778
vn 0.54720973968505859 0 -0.83699548244476318
vn 0.54720973968505859 0 -0.83699548244476318
vn 0.45929458737373352 0 -0.88828402757644653
vn 0.45929458737373352 0 -0.88828402757644653
vn 0.36809471249580383 0 -0.92978829145431519
vn 0.36809471249580383 0 -0.92978829145431519
vn 0.27515822649002075 0 -0.96139895915985107
vn 0.27515822649002075 0 -0.96139895915985107
vn 0.18196305632591248 0 -0.98330539464950562
vn 0.18196305632591248 0 -0.98330539464950562
vn 0.089854441583156586 0 -0.99595493078231812
vn 0.089854441583156586 0 -0.99595493078231812
vn 0 0 -1
vn 0 0 -1
vn -0.089854441583156586 0 -0.99595493078231812
vn -0.089854441583156586 0 -0.99595493078231812
vn -0.18196305632591248 0 -0.98330539464950562
vn -0.18196305632591248 0 -0.98330539464950562
vn -0.27515822649002075 0 -0.96139895915985107
vn -0.27515822649002075 0 -0.96139895915985107
vn -0.36809471249580383 0 -0.92978829145431519
vn -0.36809471249580383 0 -0.92978829145431519
vn -0.45929458737373352 0 -0.88828402757644653
vn -0.45929458737373352 0 -0.88828402757644653
vn -0.54720973968505859 0 -0.83699548244476318
vn -0.54720973968505859 0 -0.83699548244476318
vn -0.63029813766479492 0 -0.77635318040847778
vn -0.63029813766479492 0 -0.77635318040847778
vn -0.70710676908493042 0 -0.70710676908493042
vn -0.70710676908493042 0 -0.70710676908493042
vn -0.77635318040847778 0 -0.63029813766479492
vn -0.77635318040847778 0 -0.63029813766479492
vn -0.83699548244476318 0 -0.54720973968505859
vn -0.83699548244476318 0 -0.54720973968505859
vn -0.88828402757644653 0 -0.45929458737373352
vn -0.88828402757644653 0 -0.45929458737373352
vn -0.92978829145431519 0 -0.36809471249580383
vn -0.92978829145431519 0 -0.36809471249580383
vn -0.96139895915985107 0 -0.27515822649002075
vn -0.96139895915985107 0 -0.27515822649002075
vn -0.98330539464950562 0 -0.18196305632591248
vn -0.98330539464950562 0 -0.18196305632591248
vn -0.99595493078231812 0 -0.089854441583156586
vn -0.99595493078231812 0 -0.089854441583156586
vn -1 0 0
vn -1 0 0
vn 1 0 0
vn 1 0 0
vn 0.99595493078231812 0 -0.089854441583156586
vn 0.99595493078231812 0 -0.089854441583156586
vn 0.98330539464950562 0 -0.18196305632591248
vn 0.98330539464950562 0 -0.18196305632591248
vn 0.96139895915985107 0 -0.27515822649002075
vn 0.96139895915985107 0 -0.27515822649002075
vn 0.92978829145431519 0 -0.36809471249580383
vn 0.92978829145431519 0 -0.36809471249580383
vn 0.88828402757644653 0 -0.45929458737373352
vn 0.88828402757644653 0 -0.45929458737373352
vn 0.83699548244476318 0 -0.54720973968505859
vn 0.83699548244476318 0 -0.54720973968505859
vn 0.77635318040847778 0 -0.63029813766479492
vn 0.77635318040847778 0 -0.63029813766479492
vn 0.70710676908493042 0 -0.70710676908493042
vn 0.70710676908493042 0 -0.70710676908493042
vn 0.63029813766479492 0 -0.77635318040847778
vn 0.63029813766479492 0 -0.77635318040847778
vn 0.54720973968505859 0 -0.83699548244476318
vn 0.54720973968505859 0 -0.83699548244476318
vn 0.45929458737373352 0 -0.88828402757644653
vn 0.45929458737373352 0 -0.88828402757644653
vn 0.36809471249580383 0 -0.92978829145431519
vn 0.36809471249580383 0 -0.92978829145431519
vn 0.27515822649002075 0 -0.96139895915985107
vn 0.27515822649002075 0 -0.96139895915985107
vn 0.18196305632591248 0 -0.98330539464950562
vn 0.18196305632591248 0 -0.98330539464950562
vn 0.089854441583156586 0 -0.99595493078231812
vn 0.089854441583156586 0 -0.99595493078231812
vn 0 0 -1
vn 0 0 -1
vn -0.089854441583156586 0 -0.99595493078231812
vn -0.089854441583156586 0 -0.99595493078231812
vn -0.18196305632591248 0 -0.98330539464950562
vn -0.18196305632591248 0 -0.98330539464950562
vn -0.27515822649002075 0 -0.96139895915985107
vn -0.27515822649002075 0 -0.96139895915985107
vn -0.36809471249580383 0 -0.92978829145431519
vn -0.36809471249580383 0 -0.92978829145431519
vn -0.45929458737373352 0 -0.88828402757644653
vn -0.45929458737373352 0 -0.88828402757644653
vn -0.54720973968505859 0 -0.83699548244476318
vn -0.54720973968505859 0 -0.83699548244476318
vn -0.63029813766479492 0 -0.77635318040847778
vn -0.63029813766479492 0 -0.77635318040847778
vn -0.70710676908493042 0 -0.70710676908493042
vn -0.70710676908493042 0 -0.70710676908493042
vn -0.77635318040847778 0 -0.63029813766479492
vn -0.77635318040847778 0 -0.63029813766479492
vn -0.83699548244476318 0 -0.54720973968505859
vn -0.83699548244476318 0 -0.54720973968505859
vn -0.88828402757644653 0 -0.45929458737373352
vn -0.88828402757644653 0 -0.45929458737373352
vn -0.92978829145431519 0 -0.36809471249580383
vn -0.92978829145431519 0 -0.36809471249580383
vn -0.96139895915985107 0 -0.27515822649002075
vn -0.96139895915985107 0 -0.27515822649002075
vn -0.98330539464950562 0 -0.18196305632591248
vn -0.98330539464950562 0 -0.18196305632591248
vn -0.99595493078231812 0 -0.089854441583156586
vn -0.99595493078231812 0 -0.089854441583156586
vn -1 0 0
vn -1 0 0
vn -0.99595493078231812 0 0.089854441583156586
vn -0.99595493078231812 0 0.089854441583156586
vn -0.98330539464950562 0 0.18196305632591248
vn -0.98330539464950562 0 0.18196305632591248
vn -0.96139895915985107 0 0.27515822649002075
vn -0.96139895915985107 0 0.27515822649002075
vn -0.92978829145431519 0 0.36809471249580383
vn -0.92978829145431519 0 0.36809471249580383
vn -0.88828402757644653 0 0.45929458737373352
vn -0.88828402757644653 0 0.45929458737373352
vn -0.83699548244476318 0 0.54720973968505859
vn -0.83699548244476318 0 0.54720973968505859
vn -0.77635318040847778 0 0.63029813766479492
vn -0.77635318040847778 0 0.63029813766479492
vn -0.70710676908493042 0 0.70710676908493042
vn -0.70710676908493042 0 0.70710676908493042
vn -0.63029813766479492 0 0.77635318040847778
vn -0.63029813766479492 0 0.77635318040847778
vn -0.54720973968505859 0 0.83699548244476318
vn -0.54720973968505859 0 0.83699548244476318
vn -0.45929458737373352 0 0.88828402757644653
vn -0.45929458737373352 0 0.88828402757644653
vn -0.36809471249580383 0 0.92978829145431519
vn -0.36809471249580383 0 0.92978829145431519
vn -0.27515822649002075 0 0.96139895915985107
vn -0.27515822649002075 0 0.96139895915985107
vn -0.18196305632591248 0 0.98330539464950562
vn -0.18196305632591248 0 0.98330539464950562
vn -0.089854441583156586 0 0.99595493078231812
vn -0.089854441583156586 0 0.99595493078231812
vn 0 0 1
vn 0 0 1
vn 0.089854441583156586 0 0.99595493078231812
vn 0.089854441583156586 0 0.99595493078231812
vn 0.18196305632591248 0 0.98330539464950562
vn 0.18196305632591248 0 0.98330539464950562
vn 0.27515822649002075 0 0.96139895915985107
vn 0.27515822649002075 0 0.96139895915985107
vn 0.36809471249580383 0 0.92978829145431519
vn 0.36809471249580383 0 0.92978829145431519
vn 0.45929458737373352 0 0.88828402757644653
vn 0.45929458737373352 0 0.88828402757644653
vn 0.54720973968505859 0 0.83699548244476318
vn 0.54720973968505859 0 0.83699548244476318
vn 0.63029813766479492 0 0.77635318040847778
vn 0.63029813766479492 0 0.77635318040847778
vn 0.70710676908493042 0 0.70710676908493042
vn 0.70710676908493042 0 0.70710676908493042
vn 0.77635318040847778 0 0.63029813766479492
vn 0.77635318040847778 0 0.63029813766479492
vn 0.83699548244476318 0 0.54720973968505859
vn 0.83699548244476318 0 0.54720973968505859
vn 0.88828402757644653 0 0.45929458737373352
vn 0.88828402757644653 0 0.45929458737373352
vn 0.92978829145431519 0 0.36809471249580383
vn 0.92978829145431519 0 0.36809471249580383
vn 0.96139895915985107 0 0.27515822649002075
vn 0.96139895915985107 0 0.27515822649002075
vn 0.98330539464950562 0 0.18196305632591248
vn 0.98330539464950562 0 0.18196305632591248
vn 0.99595493078231812 0 0.089854441583156586
vn 0.99595493078231812 0 0.089854441583156586
vn 1 0 0
vn 1 0 0
vn -1 0 0
vn -1 0 0
vn -0.99595493078231812 0 0.089854441583156586
vn -0.99595493078231812 0 0.089854441583156586
vn -0.98330539464950562 0 0.18196305632591248
vn -0.98330539464950562 0 0.18196305632591248
vn -0.96139895915985107 0 0.27515822649002075
vn -0.96139895915985107 0 0.27515822649002075
vn -0.92978829145431519 0 0.36809471249580383
vn -0.92978829145431519 0 0.36809471249580383
vn -0.88828402757644653 0 0.45929458737373352
vn -0.88828402757644653 0 0.45929458737373352
vn -0.83699548244476318 0 0.54720973968505859
vn -0.83699548244476318 0 0.54720973968505859
vn -0.77635318040847778 0 0.63029813766479492
vn -0.77635318040847778 0 0.63029813766479492
vn -0.70710676908493042 0 0.70710676908493042
vn -0.70710676908493042 0 0.70710676908493042
vn -0.63029813766479492 0 0.77635318040847778
vn -0.63029813766479492 0 0.77635318040847778
vn -0.54720973968505859 0 0.83699548244476318
vn -0.54720973968505859 0 0.83699548244476318
vn -0.45929458737373352 0 0.88828402757644653
vn -0.45929458737373352 0 0.88828402757644653
vn -0.36809471249580383 0 0.92978829145431519
vn -0.36809471249580383 0 0.92978829145431519
vn -0.27515822649002075 0 0.96139895915985107
vn -0.27515822649002075 0 0.96139895915985107
vn -0.18196305632591248 0 0.98330539464950562
vn -0.18196305632591248 0 0.98330539464950562
vn -0.089854441583156586 0 0.99595493078231812
vn -0.089854441583156586 0 0.99595493078231812
vn 0 0 1
vn 0 0 1
vn 0.089854441583156586 0 0.99595493078231812
vn 0.089854441583156586 0 0.99595493078231812
vn 0.18196305632591248 0 0.98330539464950562
vn 0.18196305632591248 0 0.98330539464950562
vn 0.27515822649002075 0 0.96139895915985107
vn 0.27515822649002075 0 0.96139895915985107
vn 0.36809471249580383 0 0.92978829145431519
vn 0.36809471249580383 0 0.92978829145431519
vn 0.45929458737373352 0 0.88828402757644653
vn 0.45929458737373352 0 0.88828402757644653
vn 0.54720973968505859 0 0.83699548244476318
vn 0.54720973968505859 0 0.83699548244476318
vn 0.63029813766479492 0 0.77635318040847778
vn 0.63029813766479492 0 0.77635318040847778
vn 0.70710676908493042 0 0.70710676908493042
vn 0.70710676908493042 0 0.70710676908493042
vn 0.77635318040847778 0 0.63029813766479492
vn 0.77635318040847778 0 0.63029813766479492
vn 0.83699548244476318 0 0.54720973968505859
vn 0.83699548244476318 0 0.54720973968505859
vn 0.88828402757644653 0 0.45929458737373352
vn 0.88828402757644653 0 0.45929458737373352
vn 0.92978829145431519 0 0.36809471249580383
vn 0.92978829145431519 0 0.36809471249580383
vn 0.96139895915985107 0 0.27515822649002075
vn 0.96139895915985107 0 0.27515822649002075
vn 0.98330539464950562 0 0.18196305632591248
vn 0.98330539464950562 0 0.18196305632591248
vn 0.99595493078231812 0 0.089854441583156586
vn 0.99595493078231812 0 0.089854441583156586
vn 1 0 0
vn 1 0 0
vn 0.99595493078231812 0 -0.089854441583156586
vn 0.99595493078231812 0 -0.089854441583156586
vn 0.98330539464950562 0 -0.18196305632591248
vn 0.98330539464950562 0 -0.18196305632591248
vn 0.96139895915985107 0 -0.27515822649002075
vn 0.96139895915985107 0 -0.27515822649002075
vn 0.92978829145431519 0 -0.36809471249580383
vn 0.92978829145431519 0 -0.36809471249580383
vn 0.88828402757644653 0 -0.45929458737373352
vn 0.88828402757644653 0 -0.45929458737373352
vn 0.83699548244476318 0 -0.54720973968505859
vn 0.83699548244476318 0 -0.54720973968505859
vn 0.77635318040847778 0 -0.63029813766479492
vn 0.77635318040847778 0 -0.63029813766479492
vn 0.70710676908493042 0 -0.70710676908493042
vn 0.70710676908493042 0 -0.70710676908493042
vn 0.63029813766479492 0 -0.77635318040847778
vn 0.63029813766479492 0 -0.77635318040847778
vn 0.54720973968505859 0 -0.83699548244476318
vn 0.54720973968505859 0 -0.83699548244476318
vn 0.45929458737373352 0 -0.88828402757644653
vn 0.45929458737373352 0 -0.88828402757644653
vn 0.36809471249580383 0 -0.92978829145431519
vn 0.36809471249580383 0 -0.92978829145431519
vn 0.27515822649002075 0 -0.96139895915985107
vn 0.27515822649002075 0 -0.96139895915985107
vn 0.18196305632591248 0 -0.98330539464950562
vn 0.18196305632591248 0 -0.98330539464950562
vn 0.089854441583156586 0 -0.99595493078231812
vn 0.089854441583156586 0 -0.99595493078231812
vn 0 0 -1
vn 0 0 -1
vn -0.089854441583156586 0 -0.99595493078231812
vn -0.089854441583156586 0 -0.99595493078231812
vn -0.18196305632591248 0 -0.98330539464950562
vn -0.18196305632591248 0 -0.98330539464950562
vn -0.27515822649002075 0 -0.96139895915985107
vn -0.27515822649002075 0 -0.96139895915985107
vn -0.36809471249580383 0 -0.92978829145431519
vn -0.36809471249580383 0 -0.92978829145431519
vn -0.45929458737373352 0 -0.88828402757644653
vn -0.45929458737373352 0 -0.88828402757644653
vn -0.54720973968505859 0 -0.83699548244476318
vn -0.54720973968505859 0 -0.83699548244476318
vn -0.63029813766479492 0 -0.77635318040847778
vn -0.63029813766479492 0 -0.77635318040847778
vn -0.70710676908493042 0 -0.70710676908493042
vn -0.70710676908493042 0 -0.70710676908493042
vn -0.77635318040847778 0 -0.63029813766479492
vn -0.77635318040847778 0 -0.63029813766479492
vn -0.83699548244476318 0 -0.54720973968505859
vn -0.83699548244476318 0 -0.54720973968505859
vn -0.88828402757644653 0 -0.45929458737373352
vn -0.88828402757644653 0 -0.45929458737373352
vn -0.92978829145431519 0 -0.36809471249580383
vn -0.92978829145431519 0 -0.36809471249580383
vn -0.96139895915985107 0 -0.27515822649002075
vn -0.96139895915985107 0 -0.27515822649002075
vn -0.98330539464950562 0 -0.18196305632591248
vn -0.98330539464950562 0 -0.18196305632591248
vn -0.99595493078231812 0 -0.089854441583156586
vn -0.99595493078231812 0 -0.089854441583156586
vn -1 0 0
vn -1 0 0
vn -1 0 0
vn -1 0 0
vn -0.99595493078231812 0 0.089854441583156586
vn -0.99595493078231812 0 0.089854441583156586
vn -0.98330539464950562 0 0.18196305632591248
vn -0.98330539464950562 0 0.18196305632591248
vn -0.96139895915985107 0 0.27515822649002075
vn -0.96139895915985107 0 0.27515822649002075
vn -0.92978829145431519 0 0.36809471249580383
vn -0.92978829145431519 0 0.36809471249580383
vn -0.88828402757644653 0 0.45929458737373352
vn -0.88828402757644653 0 0.45929458737373352
vn -0.83699548244476318 0 0.54720973968505859
vn -0.83699548244476318 0 0.54720973968505859
vn -0.77635318040847778 0 0.63029813766479492
vn -0.77635318040847778 0 0.63029813766479492
vn -0.70710676908493042 0 0.70710676908493042
vn -0.70710676908493042 0 0.70710676908493042
vn -0.63029813766479492 0 0.77635318040847778
vn -0.63029813766479492 0 0.77635318040847778
vn -0.54720973968505859 0 0.83699548244476318
vn -0.54720973968505859 0 0.83699548244476318
vn -0.45929458737373352 0 0.88828402757644653
vn -0.45929458737373352 0 0.88828402757644653
vn -0.36809471249580383 0 0.92978829145431519
vn -0.36809471249580383 0 0.92978829145431519
vn -0.27515822649002075 0 0.96139895915985107
vn -0.27515822649002075 0 0.96139895915985107
vn -0.18196305632591248 0 0.98330539464950562
vn -0.18196305632591248 0 0.98330539464950562
vn -0.089854441583156586 0 0.99595493078231812
vn -0.089854441583156586 0 0.99595493078231812
vn 0 0 1
vn 0 0 1
vn 0.089854441583156586 0 0.99595493078231812
vn 0.089854441583156586 0 0.99595493078231812
vn 0.18196305632591248 0 0.98330539464950562
vn 0.18196305632591248 0 0.98330539464950562
vn 0.27515822649002075 0 0.96139895915985107
vn 0.27515822649002075 0 0.96139895915985107
vn 0.36809471249580383 0 0.92978829145431519
vn 0.36809471249580383 0 0.92978829145431519
vn 0.45929458737373352 0 0.88828402757644653
vn 0.45929458737373352 0 0.88828402757644653
vn 0.54720973968505859 0 0.83699548244476318
vn 0.54720973968505859 0 0.83699548244476318
vn 0.63029813766479492 0 0.77635318040847778
vn 0.63029813766479492 0 0.77635318040847778
vn 0.70710676908493042 0 0.70710676908493042
vn 0.70710676908493042 0 0.70710676908493042
vn 0.77635318040847778 0 0.63029813766479492
vn 0.77635318040847778 0 0.63029813766479492
vn 0.83699548244476318 0 0.54720973968505859
vn 0.83699548244476318 0 0.54720973968505859
vn 0.88828402757644653 0 0.45929458737373352
vn 0.88828402757644653 0 0.45929458737373352
vn 0.92978829145431519 0 0.36809471249580383
vn 0.92978829145431519 0 0.36809471249580383
vn 0.96139895915985107 0 0.27515822649002075
vn 0.96139895915985107 0 0.27515822649002075
vn 0.98330539464950562 0 0.18196305632591248
vn 0.98330539464950562 0 0.18196305632591248
vn 0.99595493078231812 0 0.089854441583156586
vn 0.99595493078231812 0 0.089854441583156586
vn 1 0 0
vn 1 0 0
vn 0.99595493078231812 0 -0.089854441583156586
vn 0.99595493078231812 0 -0.089854441583156586
vn 0.98330539464950562 0 -0.18196305632591248
vn 0.98330539464950562 0 -0.18196305632591248
vn 0.96139895915985107 0 -0.27515822649002075
vn 0.96139895915985107 0 -0.27515822649002075
vn 0.92978829145431519 0 -0.36809471249580383
vn 0.92978829145431519 0 -0.36809471249580383
vn 0.88828402757644653 0 -0.45929458737373352
vn 0.88828402757644653 0 -0.45929458737373352
vn 0.83699548244476318 0 -0.54720973968505859
vn 0.83699548244476318 0 -0.54720973968505859
vn 0.77635318040847778 0 -0.63029813766479492
vn 0.77635318040847778 0 -0.63029813766479492
vn 0.70710676908493042 0 -0.70710676908493042
vn 0.70710676908493042 0 -0.70710676908493042
vn 0.63029813766479492 0 -0.77635318040847778
vn 0.63029813766479492 0 -0.77635318040847778
vn 0.54720973968505859 0 -0.83699548244476318
vn 0.54720973968505859 0 -0.83699548244476318
vn 0.45929458737373352 0 -0.88828402757644653
vn 0.45929458737373352 0 -0.88828402757644653
vn 0.36809471249580383 0 -0.92978829145431519
vn 0.36809471249580383 0 -0.92978829145431519
vn 0.27515822649002075 0 -0.96139895915985107
vn 0.27515822649002075 0 -0.96139895915985107
vn 0.18196305632591248 0 -0.98330539464950562
vn 0.18196305632591248 0 -0.98330539464950562
vn 0.089854441583156586 0 -0.99595493078231812
vn 0.089854441583156586 0 -0.99595493078231812
vn 0 0 -1
vn 0 0 -1
vn -0.089854441583156586 0 -0.99595493078231812
vn -0.089854441583156586 0 -0.99595493078231812
vn -0.18196305632591248 0 -0.98330539464950562
vn -0.18196305632591248 0 -0.98330539464950562
vn -0.27515822649002075 0 -0.96139895915985107
vn -0.27515822649002075 0 -0.96139895915985107
vn -0.36809471249580383 0 -0.92978829145431519
vn -0.36809471249580383 0 -0.92978829145431519
vn -0.45929458737373352 0 -0.88828402757644653
vn -0.45929458737373352 0 -0.88828402757644653
vn -0.54720973968505859 0 -0.83699548244476318
vn -0.54720973968505859 0 -0.83699548244476318
vn -0.63029813766479492 0 -0.77635318040847778
vn -0.63029813766479492 0 -0.77635318040847778
vn -0.70710676908493042 0 -0.70710676908493042
vn -0.70710676908493042 0 -0.70710676908493042
vn -0.77635318040847778 0 -0.63029813766479492
vn -0.77635318040847778 0 -0.63029813766479492
vn -0.83699548244476318 0 -0.54720973968505859
vn -0.83699548244476318 0 -0.54720973968505859
vn -0.88828402757644653 0 -0.45929458737373352
vn -0.88828402757644653 0 -0.45929458737373352
vn -0.92978829145431519 0 -0.36809471249580383
vn -0.92978829145431519 0 -0.36809471249580383
vn -0.96139895915985107 0 -0.27515822649002075
vn -0.96139895915985107 0 -0.27515822649002075
vn -0.98330539464950562 0 -0.18196305632591248
vn -0.98330539464950562 0 -0.18196305632591248
vn -0.99595493078231812 0 -0.089854441583156586
vn -0.99595493078231812 0 -0.089854441583156586
vn -1 0 0
vn -1 0 0
vn -1 0 0
vn -1 0 0
vn -0.99595493078231812 0 0.089854441583156586
vn -0.99595493078231812 0 0.089854441583156586
vn -0.98330539464950562 0 0.18196305632591248
vn -0.98330539464950562 0 0.18196305632591248
vn -0.96139895915985107 0 0.27515822649002075
vn -0.96139895915985107 0 0.27515822649002075
vn -0.92978829145431519 0 0.36809471249580383
vn -0.92978829145431519 0 0.36809471249580383
vn -0.88828402757644653 0 0.45929458737373352
vn -0.88828402757644653 0 0.45929458737373352
vn -0.83699548244476318 0 0.54720973968505859
vn -0.83699548244476318 0 0.54720973968505859
vn -0.77635318040847778 0 0.63029813766479492
vn -0.77635318040847778 0 0.63029813766479492
vn -0.70710676908493042 0 0.70710676908493042
vn -0.70710676908493042 0 0.70710676908493042
vn -0.63029813766479492 0 0.77635318040847778
vn -0.63029813766479492 0 0.77635318040847778
vn -0.54720973968505859 0 0.83699548244476318
vn -0.54720973968505859 0 0.83699548244476318
vn -0.45929458737373352 0 0.88828402757644653
vn -0.45929458737373352 0 0.88828402757644653
vn -0.36809471249580383 0 0.92978829145431519
vn -0.36809471249580383 0 0.92978829145431519
vn -0.27515822649002075 0 0.96139895915985107
vn -0.27515822649002075 0 0.96139895915985107
vn -0.18196305632591248 0 0.98330539464950562
vn -0.18196305632591248 0 0.98330539464950562
vn -0.089854441583156586 0 0.99595493078231812
vn -0.089854441583156586 0 0.99595493078231812
vn 0 0 1
vn 0 0 1
vn 0.089854441583156586 0 0.99595493078231812
vn 0.089854441583156586 0 0.99595493078231812
vn 0.18196305632591248 0 0.98330539464950562
vn 0.18196305632591248 0 0.98330539464950562
vn 0.27515822649002075 0 0.96139895915985107
vn 0.27515822649002075 0 0.96139895915985107
vn 0.36809471249580383 0 0.92978829145431519
vn 0.36809471249580383 0 0.92978829145431519
vn 0.45929458737373352 0 0.88828402757644653
vn 0.45929458737373352 0 0.88828402757644653
vn 0.54720973968505859 0 0.83699548244476318
vn 0.54720973968505859 0 0.83699548244476318
vn 0.63029813766479492 0 0.77635318040847778
vn 0.63029813766479492 0 0.77635318040847778
vn 0.70710676908493042 0 0.70710676908493042
vn 0.70710676908493042 0 0.70710676908493042
vn 0.77635318040847778 0 0.63029813766479492
vn 0.77635318040847778 0 0.63029813766479492
vn 0.83699548244476318 0 0.54720973968505859
vn 0.83699548244476318 0 0.54720973968505859
vn 0.88828402757644653 0 0.45929458737373352
vn 0.88828402757644653 0 0.45929458737373352
vn 0.92978829145431519 0 0.36809471249580383
vn 0.92978829145431519 0 0.36809471249580383
vn 0.96139895915985107 0 0.27515822649002075
vn 0.96139895915985107 0 0.27515822649002075
vn 0.98330539464950562 0 0.18196305632591248
vn 0.98330539464950562 0 0.18196305632591248
vn 0.99595493078231812 0 0.089854441583156586
vn 0.99595493078231812 0 0.089854441583156586
vn 1 0 0
vn 1 0 0
vn 0.99595493078231812 0 -0.089854441583156586
vn 0.99595493078231812 0 -0.089854441583156586
vn 0.98330539464950562 0 -0.18196305632591248
vn 0.98330539464950562 0 -0.18196305632591248
vn 0.96139895915985107 0 -0.27515822649002075
vn 0.96139895915985107 0 -0.27515822649002075
vn 0.92978829145431519 0 -0.36809471249580383
vn 0.92978829145431519 0 -0.36809471249580383
vn 0.88828402757644653 0 -0.45929458737373352
vn 0.88828402757644653 0 -0.45929458737373352
vn 0.83699548244476318 0 -0.54720973968505859
vn 0.83699548244476318 0 -0.54720973968505859
vn 0.77635318040847778 0 -0.63029813766479492
vn 0.77635318040847778 0 -0.63029813766479492
vn 0.70710676908493042 0 -0.70710676908493042
vn 0.70710676908493042 0 -0.70710676908493042
vn 0.63029813766479492 0 -0.77635318040847778
vn 0.63029813766479492 0 -0.77635318040847778
vn 0.54720973968505859 0 -0.83699548244476318
vn 0.54720973968505859 0 -0.83699548244476318
vn 0.45929458737373352 0 -0.88828402757644653
vn 0.45929458737373352 0 -0.88828402757644653
vn 0.36809471249580383 0 -0.92978829145431519
vn 0.36809471249580383 0 -0.92978829145431519
vn 0.27515822649002075 0 -0.96139895915985107
vn 0.27515822649002075 0 -0.96139895915985107
vn 0.18196305632591248 0 -0.98330539464950562
vn 0.18196305632591248 0 -0.98330539464950562
vn 0.089854441583156586 0 -0.99595493078231812
vn 0.089854441583156586 0 -0.99595493078231812
vn 0 0 -1
vn 0 0 -1
vn -0.089854441583156586 0 -0.99595493078231812
vn -0.089854441583156586 0 -0.99595493078231812
vn -0.18196305632591248 0 -0.98330539464950562
vn -0.18196305632591248 0 -0.98330539464950562
vn -0.27515822649002075 0 -0.96139895915985107
vn -0.27515822649002075 0 -0.96139895915985107
vn -0.36809471249580383 0 -0.92978829145431519
vn -0.36809471249580383 0 -0.92978829145431519
vn -0.45929458737373352 0 -0.88828402757644653
vn -0.45929458737373352 0 -0.88828402757644653
vn -0.54720973968505859 0 -0.83699548244476318
vn -0.54720973968505859 0 -0.83699548244476318
vn -0.63029813766479492 0 -0.77635318040847778
vn -0.63029813766479492 0 -0.77635318040847778
vn -0.70710676908493042 0 -0.70710676908493042
vn -0.70710676908493042 0 -0.70710676908493042
vn -0.77635318040847778 0 -0.63029813766479492
vn -0.77635318040847778 0 -0.63029813766479492
vn -0.83699548244476318 0 -0.54720973968505859
vn -0.83699548244476318 0 -0.54720973968505859
vn -0.88828402757644653 0 -0.45929458737373352
vn -0.88828402757644653 0 -0.45929458737373352
vn -0.92978829145431519 0 -0.36809471249580383
vn -0.92978829145431519 0 -0.36809471249580383
vn -0.96139895915985107 0 -0.27515822649002075
vn -0.96139895915985107 0 -0.27515822649002075
vn -0.98330539464950562 0 -0.18196305632591248
vn -0.98330539464950562 0 -0.18196305632591248
vn -0.99595493078231812 0 -0.089854441583156586
vn -0.99595493078231812 0 -0.089854441583156586
vn -1 0 0
vn -1 0 0
vn -1 0 0
vn -1 0 0
vn -0.99595493078231812 0 0.089854441583156586
vn -0.99595493078231812 0 0.089854441583156586
vn -0.98330539464950562 0 0.18196305632591248
vn -0.98330539464950562 0 0.18196305632591248
vn -0.96139895915985107 0 0.27515822649002075
vn -0.96139895915985107 0 0.27515822649002075
vn -0.92978829145431519 0 0.36809471249580383
vn -0.92978829145431519 0 0.36809471249580383
vn -0.88828402757644653 0 0.45929458737373352
vn -0.88828402757644653 0 0.45929458737373352
vn -0.83699548244476318 0 0.54720973968505859
vn -0.83699548244476318 0 0.54720973968505859
vn -0.77635318040847778 0 0.63029813766479492
vn -0.77635318040847778 0 0.63029813766479492
vn -0.70710676908493042 0 0.70710676908493042
vn -0.70710676908493042 0 0.70710676908493042
vn -0.63029813766479492 0 0.77635318040847778
vn -0.63029813766479492 0 0.77635318040847778
vn -0.54720973968505859 0 0.83699548244476318
vn -0.54720973968505859 0 0.83699548244476318
vn -0.45929458737373352 0 0.88828402757644653
vn -0.45929458737373352 0 0.88828402757644653
vn -0.36809471249580383 0 0.92978829145431519
vn -0.36809471249580383 0 0.92978829145431519
vn -0.27515822649002075 0 0.96139895915985107
vn -0.27515822649002075 0 0.96139895915985107
vn -0.18196305632591248 0 0.98330539464950562
vn -0.18196305632591248 0 0.98330539464950562
vn -0.089854441583156586 0 0.99595493078231812
vn -0.089854441583156586 0 0.99595493078231812
vn 0 0 1
vn 0 0 1
vn 0.089854441583156586 0 0.99595493078231812
vn 0.089854441583156586 0 0.99595493078231812
vn 0.18196305632591248 0 0.98330539464950562
vn 0.18196305632591248 0 0.98330539464950562
vn 0.27515822649002075 0 0.96139895915985107
vn 0.27515822649002075 0 0.96139895915985107
vn 0.36809471249580383 0 0.92978829145431519
vn 0.36809471249580383 0 0.92978829145431519
vn 0.45929458737373352 0 0.88828402757644653
vn 0.45929458737373352 0 0.88828402757644653
vn 0.54720973968505859 0 0.83699548244476318
vn 0.54720973968505859 0 0.83699548244476318
vn 0.63029813766479492 0 0.77635318040847778
vn 0.63029813766479492 0 0.77635318040847778
vn 0.70710676908493042 0 0.70710676908493042
vn 0.70710676908493042 0 0.70710676908493042
vn 0.77635318040847778 0 0.63029813766479492
vn 0.77635318040847778 0 0.63029813766479492
vn 0.83699548244476318 0 0.54720973968505859
vn 0.83699548244476318 0 0.54720973968505859
vn 0.88828402757644653 0 0.45929458737373352
vn 0.88828402757644653 0 0.45929458737373352
vn 0.92978829145431519 0 0.36809471249580383
vn 0.92978829145431519 0 0.36809471249580383
vn 0.96139895915985107 0 0.27515822649002075
vn 0.96139895915985107 0 0.27515822649002075
vn 0.98330539464950562 0 0.18196305632591248
vn 0.98330539464950562 0 0.18196305632591248
vn 0.99595493078231812 0 0.089854441583156586
vn 0.99595493078231812 0 0.089854441583156586
vn 1 0 0
vn 1 0 0
vn 0.99595493078231812 0 -0.089854441583156586
vn 0.99595493078231812 0 -0.089854441583156586
vn 0.98330539464950562 0 -0.18196305632591248
vn 0.98330539464950562 0 -0.18196305632591248
vn 0.96139895915985107 0 -0.27515822649002075
vn 0.96139895915985107 0 -0.27515822649002075
vn 0.92978829145431519 0 -0.36809471249580383
vn 0.92978829145431519 0 -0.36809471249580383
vn 0.88828402757644653 0 -0.45929458737373352
vn 0.88828402757644653 0 -0.45929458737373352
vn 0.83699548244476318 0 -0.54720973968505859
vn 0.83699548244476318 0 -0.54720973968505859
vn 0.77635318040847778 0 -0.63029813766479492
vn 0.77635318040847778 0 -0.63029813766479492
vn 0.70710676908493042 0 -0.70710676908493042
vn 0.70710676908493042 0 -0.70710676908493042
vn 0.63029813766479492 0 -0.77635318040847778
vn 0.63029813766479492 0 -0.77635318040847778
vn 0.54720973968505859 0 -0.83699548244476318
vn 0.54720973968505859 0 -0.83699548244476318
vn 0.45929458737373352 0 -0.88828402757644653
vn 0.45929458737373352 0 -0.88828402757644653
vn 0.36809471249580383 0 -0.92978829145431519
vn 0.36809471249580383 0 -0.92978829145431519
vn 0.27515822649002075 0 -0.96139895915985107
vn 0.27515822649002075 0 -0.96139895915985107
vn 0.18196305632591248 0 -0.98330539464950562
vn 0.18196305632591248 0 -0.98330539464950562
vn 0.089854441583156586 0 -0.99595493078231812
vn 0.089854441583156586 0 -0.99595493078231812
vn 0 0 -1
vn 0 0 -1
vn -0.089854441583156586 0 -0.99595493078231812
vn -0.089854441583156586 0 -0.99595493078231812
vn -0.18196305632591248 0 -0.98330539464950562
vn -0.18196305632591248 0 -0.98330539464950562
vn -0.27515822649002075 0 -0.96139895915985107
vn -0.27515822649002075 0 -0.96139895915985107
vn -0.36809471249580383 0 -0.92978829145431519
vn -0.36809471249580383 0 -0.92978829145431519
vn -0.45929458737373352 0 -0.88828402757644653
vn -0.45929458737373352 0 -0.88828402757644653
vn -0.54720973968505859 0 -0.83699548244476318
vn -0.54720973968505859 0 -0.83699548244476318
vn -0.63029813766479492 0 -0.77635318040847778
vn -0.63029813766479492 0 -0.77635318040847778
vn -0.70710676908493042 0 -0.70710676908493042
vn -0.70710676908493042 0 -0.70710676908493042
vn -0.77635318040847778 0 -0.63029813766479492
vn -0.77635318040847778 0 -0.63029813766479492
vn -0.83699548244476318 0 -0.54720973968505859
vn -0.83699548244476318 0 -0.54720973968505859
vn -0.88828402757644653 0 -0.45929458737373352
vn -0.88828402757644653 0 -0.45929458737373352
vn -0.92978829145431519 0 -0.36809471249580383
vn -0.92978829145431519 0 -0.36809471249580383
vn -0.96139895915985107 0 -0.27515822649002075
vn -0.96139895915985107 0 -0.27515822649002075
vn -0.98330539464950562 0 -0.18196305632591248
vn -0.98330539464950562 0 -0.18196305632591248
vn -0.99595493078231812 0 -0.089854441583156586
vn -0.99595493078231812 0 -0.089854441583156586
vn -1 0 0
vn -1 0 0
vn -1 0 0
vn -1 0 0
vn -0.99595493078231812 0 0.089854441583156586
vn -0.99595493078231812 0 0.089854441583156586
vn -0.98330539464950562 0 0.18196305632591248
vn -0.98330539464950562 0 0.18196305632591248
vn -0.96139895915985107 0 0.27515822649002075
vn -0.96139895915985107 0 0.27515822649002075
vn -0.92978829145431519 0 0.36809471249580383
vn -0.92978829145431519 0 0.36809471249580383
vn -0.88828402757644653 0 0.45929458737373352
vn -0.88828402757644653 0 0.45929458737373352
vn -0.83699548244476318 0 0.54720973968505859
vn -0.83699548244476318 0 0.54720973968505859
vn -0.77635318040847778 0 0.63029813766479492
vn -0.77635318040847778 0 0.63029813766479492
vn -0.70710676908493042 0 0.70710676908493042
vn -0.70710676908493042 0 0.70710676908493042
vn -0.63029813766479492 0 0.77635318040847778
vn -0.63029813766479492 0 0.77635318040847778
vn -0.54720973968505859 0 0.83699548244476318
vn -0.54720973968505859 0 0.83699548244476318
vn -0.45929458737373352 0 0.88828402757644653
vn -0.45929458737373352 0 0.88828402757644653
vn -0.36809471249580383 0 0.92978829145431519
vn -0.36809471249580383 0 0.92978829145431519
vn -0.27515822649002075 0 0.96139895915985107
vn -0.27515822649002075 0 0.96139895915985107
vn -0.18196305632591248 0 0.98330539464950562
vn -0.18196305632591248 0 0.98330539464950562
vn -0.089854441583156586 0 0.99595493078231812
vn -0.089854441583156586 0 0.99595493078231812
vn 0 0 1
vn 0 0 1
vn 0.089854441583156586 0 0.99595493078231812
vn 0.089854441583156586 0 0.99595493078231812
vn 0.18196305632591248 0 0.98330539464950562
vn 0.18196305632591248 0 0.98330539464950562
vn 0.27515822649002075 0 0.96139895915985107
vn 0.27515822649002075 0 0.96139895915985107
vn 0.36809471249580383 0 0.92978829145431519
vn 0.36809471249580383 0 0.92978829145431519
vn 0.45929458737373352 0 0.88828402757644653
vn 0.45929458737373352 0 0.88828402757644653
vn 0.54720973968505859 0 0.83699548244476318
vn 0.54720973968505859 0 0.83699548244476318
vn 0.63029813766479492 0 0.77635318040847778
vn 0.63029813766479492 0 0.77635318040847778
vn 0.70710676908493042 0 0.70710676908493042
vn 0.70710676908493042 0 0.70710676908493042
vn 0.77635318040847778 0 0.63029813766479492
vn 0.77635318040847778 0 0.63029813766479492
vn 0.83699548244476318 0 0.54720973968505859
vn 0.83699548244476318 0 0.54720973968505859
vn 0.88828402757644653 0 0.45929458737373352
vn 0.88828402757644653 0 0.45929458737373352
vn 0.92978829145431519 0 0.36809471249580383
vn 0.92978829145431519 0 0.36809471249580383
vn 0.96139895915985107 0 0.27515822649002075
vn 0.96139895915985107 0 0.27515822649002075
vn 0.98330539464950562 0 0.18196305632591248
vn 0.98330539464950562 0 0.18196305632591248
vn 0.99595493078231812 0 0.089854441583156586
vn 0.99595493078231812 0 0.089854441583156586
vn 1 0 0
vn 1 0 0
vn 0.99595493078231812 0 -0.089854441583156586
vn 0.99595493078231812 0 -0.089854441583156586
vn 0.98330539464950562 0 -0.18196305632591248
vn 0.98330539464950562 0 -0.18196305632591248
vn 0.96139895915985107 0 -0.27515822649002075
vn 0.96139895915985107 0 -0.27515822649002075
vn 0.92978829145431519 0 -0.36809471249580383
vn 0.92978829145431519 0 -0.36809471249580383
vn 0.88828402757644653 0 -0.45929458737373352
vn 0.88828402757644653 0 -0.45929458737373352
vn 0.83699548244476318 0 -0.54720973968505859
vn 0.83699548244476318 0 -0.54720973968505859
vn 0.77635318040847778 0 -0.63029813766479492
vn 0.77635318040847778 0 -0.63029813766479492
vn 0.70710676908493042 0 -0.70710676908493042
vn 0.70710676908493042 0 -0.70710676908493042
vn 0.63029813766479492 0 -0.77635318040847778
vn 0.63029813766479492 0 -0.77635318040847778
vn 0.54720973968505859 0 -0.83699548244476318
vn 0.54720973968505859 0 -0.83699548244476318
vn 0.45929458737373352 0 -0.88828402757644653
vn 0.45929458737373352 0 -0.88828402757644653
vn 0.36809471249580383 0 -0.92978829145431519
vn 0.36809471249580383 0 -0.92978829145431519
vn 0.27515822649002075 0 -0.96139895915985107
vn 0.27515822649002075 0 -0.96139895915985107
vn 0.18196305632591248 0 -0.98330539464950562
vn 0.18196305632591248 0 -0.98330539464950562
vn 0.089854441583156586 0 -0.99595493078231812
vn 0.089854441583156586 0 -0.99595493078231812
vn 0 0 -1
vn 0 0 -1
vn -0.089854441583156586 0 -0.99595493078231812
vn -0.089854441583156586 0 -0.99595493078231812
vn -0.18196305632591248 0 -0.98330539464950562
vn -0.18196305632591248 0 -0.98330539464950562
vn -0.27515822649002075 0 -0.96139895915985107
vn -0.27515822649002075 0 -0.96139895915985107
vn -0.36809471249580383 0 -0.92978829145431519
vn -0.36809471249580383 0 -0.92978829145431519
vn -0.45929458737373352 0 -0.88828402757644653
vn -0.45929458737373352 0 -0.88828402757644653
vn -0.54720973968505859 0 -0.83699548244476318
vn -0.54720973968505859 0 -0.83699548244476318
vn -0.63029813766479492 0 -0.77635318040847778
vn -0.63029813766479492 0 -0.77635318040847778
vn -0.70710676908493042 0 -0.70710676908493042
vn -0.70710676908493042 0 -0.70710676908493042
vn -0.77635318040847778 0 -0.63029813766479492
vn -0.77635318040847778 0 -0.63029813766479492
vn -0.83699548244476318 0 -0.54720973968505859
vn -0.83699548244476318 0 -0.54720973968505859
vn -0.88828402757644653 0 -0.45929458737373352
vn -0.88828402757644653 0 -0.45929458737373352
vn -0.92978829145431519 0 -0.36809471249580383
vn -0.92978829145431519 0 -0.36809471249580383
vn -0.96139895915985107 0 -0.27515822649002075
vn -0.96139895915985107 0 -0.27515822649002075
vn -0.98330539464950562 0 -0.18196305632591248
vn -0.98330539464950562 0 -0.18196305632591248
vn -0.99595493078231812 0 -0.089854441583156586
vn -0.99595493078231812 0 -0.089854441583156586
vn -1 0 0
vn -1 0 0
vn -1 0 0
vn -1 0 0
vn -0.99595493078231812 0 0.089854441583156586
vn -0.99595493078231812 0 0.089854441583156586
vn -0.98330539464950562 0 0.18196305632591248
vn -0.98330539464950562 0 0.18196305632591248
vn -0.96139895915985107 0 0.27515822649002075
vn -0.96139895915985107 0 0.27515822649002075
vn -0.92978829145431519 0 0.36809471249580383
vn -0.92978829145431519 0 0.36809471249580383
vn -0.88828402757644653 0 0.45929458737373352
vn -0.88828402757644653 0 0.45929458737373352
vn -0.83699548244476318 0 0.54720973968505859
vn -0.83699548244476318 0 0.54720973968505859
vn -0.77635318040847778 0 0.63029813766479492
vn -0.77635318040847778 0 0.63029813766479492
vn -0.70710676908493042 0 0.70710676908493042
vn -0.70710676908493042 0 0.70710676908493042
vn -0.63029813766479492 0 0.77635318040847778
vn -0.63029813766479492 0 0.77635318040847778
vn -0.54720973968505859 0 0.83699548244476318
vn -0.54720973968505859 0 0.83699548244476318
vn -0.45929458737373352 0 0.88828402757644653
vn -0.45929458737373352 0 0.88828402757644653
vn -0.36809471249580383 0 0.92978829145431519
vn -0.36809471249580383 0 0.92978829145431519
vn -0.27515822649002075 0 0.96139895915985107
vn -0.27515822649002075 0 0.96139895915985107
vn -0.18196305632591248 0 0.98330539464950562
vn -0.18196305632591248 0 0.98330539464950562
vn -0.089854441583156586 0 0.99595493078231812
vn -0.089854441583156586 0 0.99595493078231812
vn 0 0 1
vn 0 0 1
vn 0.089854441583156586 0 0.99595493078231812
vn 0.089854441583156586 0 0.99595493078231812
vn 0.18196305632591248 0 0.98330539464950562
vn 0.18196305632591248 0 0.98330539464950562
vn 0.27515822649002075 0 0.96139895915985107
vn 0.27515822649002075 0 0.96139895915985107
vn 0.36809471249580383 0 0.92978829145431519
vn 0.36809471249580383 0 0.92978829145431519
vn 0.45929458737373352 0 0.88828402757644653
vn 0.45929458737373352 0 0.88828402757644653
vn 0.54720973968505859 0 0.83699548244476318
vn 0.54720973968505859 0 0.83699548244476318
vn 0.63029813766479492 0 0.77635318040847778
vn 0.63029813766479492 0 0.77635318040847778
vn 0.70710676908493042 0 0.70710676908493042
vn 0.70710676908493042 0 0.70710676908493042
vn 0.77635318040847778 0 0.63029813766479492
vn 0.77635318040847778 0 0.63029813766479492
vn 0.83699548244476318 0 0.54720973968505859
vn 0.83699548244476318 0 0.54720973968505859
vn 0.88828402757644653 0 0.45929458737373352
vn 0.88828402757644653 0 0.45929458737373352
vn 0.92978829145431519 0 0.36809471249580383
vn 0.92978829145431519 0 0.36809471249580383
vn 0.96139895915985107 0 0.27515822649002075
vn 0.96139895915985107 0 0.27515822649002075
vn 0.98330539464950562 0 0.18196305632591248
vn 0.98330539464950562 0 0.18196305632591248
vn 0.99595493078231812 0 0.089854441583156586
vn 0.99595493078231812 0 0.089854441583156586
vn 1 0 0
vn 1 0 0
vn 0.99595493078231812 0 -0.089854441583156586
vn 0.99595493078231812 0 -0.089854441583156586
vn 0.98330539464950562 0 -0.18196305632591248
vn 0.98330539464950562 0 -0.18196305632591248
vn 0.96139895915985107 0 -0.27515822649002075
vn 0.96139895915985107 0 -0.27515822649002075
vn 0.92978829145431519 0 -0.36809471249580383
vn 0.92978829145431519 0 -0.36809471249580383
vn 0.88828402757644653 0 -0.45929458737373352
vn 0.88828402757644653 0 -0.45929458737373352
vn 0.83699548244476318 0 -0.54720973968505859
vn 0.83699548244476318 0 -0.54720973968505859
vn 0.77635318040847778 0 -0.63029813766479492
vn 0.77635318040847778 0 -0.63029813766479492
vn 0.70710676908493042 0 -0.70710676908493042
vn 0.70710676908493042 0 -0.70710676908493042
vn 0.63029813766479492 0 -0.77635318040847778
vn 0.63029813766479492 0 -0.77635318040847778
vn 0.54720973968505859 0 -0.83699548244476318
vn 0.54720973968505859 0 -0.83699548244476318
vn 0.45929458737373352 0 -0.88828402757644653
vn 0.45929458737373352 0 -0.88828402757644653
vn 0.36809471249580383 0 -0.92978829145431519
vn 0.36809471249580383 0 -0.92978829145431519
vn 0.27515822649002075 0 -0.96139895915985107
vn 0.27515822649002075 0 -0.96139895915985107
vn 0.18196305632591248 0 -0.98330539464950562
vn 0.18196305632591248 0 -0.98330539464950562
vn 0.089854441583156586 0 -0.99595493078231812
vn 0.089854441583156586 0 -0.99595493078231812
vn 0 0 -1
vn 0 0 -1
vn -0.089854441583156586 0 -0.99595493078231812
vn -0.089854441583156586 0 -0.99595493078231812
vn -0.18196305632591248 0 -0.98330539464950562
vn -0.18196305632591248 0 -0.98330539464950562
vn -0.27515822649002075 0 -0.96139895915985107
vn -0.27515822649002075 0 -0.96139895915985107
vn -0.36809471249580383 0 -0.92978829145431519
vn -0.36809471249580383 0 -0.92978829145431519
vn -0.45929458737373352 0 -0.88828402757644653
vn -0.45929458737373352 0 -0.88828402757644653
vn -0.54720973968505859 0 -0.83699548244476318
vn -0.54720973968505859 0 -0.83699548244476318
vn -0.63029813766479492 0 -0.77635318040847778
vn -0.63029813766479492 0 -0.77635318040847778
vn -0.70710676908493042 0 -0.70710676908493042
vn -0.70710676908493042 0 -0.70710676908493042
vn -0.77635318040847778 0 -0.63029813766479492
vn -0.77635318040847778 0 -0.63029813766479492
vn -0.83699548244476318 0 -0.54720973968505859
vn -0.83699548244476318 0 -0.54720973968505859
vn -0.88828402757644653 0 -0.45929458737373352
vn -0.88828402757644653 0 -0.45929458737373352
vn -0.92978829145431519 0 -0.36809471249580383
vn -0.92978829145431519 0 -0.36809471249580383
vn -0.96139895915985107 0 -0.27515822649002075
vn -0.96139895915985107 0 -0.27515822649002075
vn -0.98330539464950562 0 -0.18196305632591248
vn -0.98330539464950562 0 -0.18196305632591248
vn -0.99595493078231812 0 -0.089854441583156586
vn -0.99595493078231812 0 -0.089854441583156586
vn -1 0 0
vn -1 0 0
vn 0 1 0
vn 0 1 0
vn 0 1 0
vn 0 1 0
vn 0 1 0
vn 0 1 0
vn 0 1 0
vn 0 1 0
vn 0 1 0
vn 0 1 0
vn 0 1 0
vn 0 1 0
vn 0 1 0
vn 0 1 0
vn 0 1 0
vn 0 1 0
vn 0 1 0
vn 0 1 0
vn 0 1 0
vn 0 1 0
vn 0 1 0
vn 0 1 0
vn 0 1 0
vn 0 1 0
vn 0 1 0
vn 0 1 0
vn 0 1 0
vn 0 1 0
vn 0 1 0
vn 0 1 0
vn 0 1 0
vn 0 1 0
vn 0 1 0
vn 0 1 0
vn 0 1 0
vn 0 1 0
vn 0 1 0
vn 0 1 0
vn 0 1 0
vn 0 1 0
vn 0 1 0
vn 0 1 0
vn 0 1 0
vn 0 1 0
vn 0 1 0
vn 0 1 0
vn 0 1 0
vn 0 1 0
vn 0 1 0
vn 0 1 0
vn 0 1 0
vn 0 1 0
vn 0 1 0
vn 0 1 0
vn 0 1 0
vn 0 1 0
vn 0 1 0
vn 0 1 0
vn 0 1 0
vn 0 1 0
vn 0 1 0
vn 0 1 0
vn 0 1 0
vn 0 1 0
vn 0 1 0
vn 0 1 0
vn 0 1 0
vn 0 1 0
vn 0 1 0
vn 0 1 0
vn 0 1 0
vn 0 1 0
vn 0 1 0
vn 0 1 0
vn 0 1 0
vn 0 1 0
vn 0 1 0
vn 0 1 0
vn 0 1 0
vn 0 1 0
vn 0 1 0
vn 0 1 0
vn 0 1 0
vn 0 1 0
vn 0 1 0
vn 0 1 0
vn 0 1 0
vn 0 1 0
vn 0 1 0
vn 0 1 0
vn 0 1 0
vn 0 1 0
vn 0 1 0
vn 0 1 0
vn 0 1 0
vn 0 1 0
vn 0 1 0
vn 0 1 0
vn 0 1 0
vn 0 1 0
vn 0 1 0
vn 0 1 0
vn 0 1 0
vn 0 1 0
vn 0 1 0
vn 0 1 0
vn 0 1 0
vn 0 1 0
vn 0 1 0
vn 0 1 0
vn 0 1 0
vn 0 1 0
vn 0 1 0
vn 0 1 0
vn 0 1 0
vn 0 1 0
vn 0 1 0
vn 0 1 0
vn 0 1 0
vn 0 1 0
vn 0 1 0
vn 0 1 0
vn 0 1 0
vn 0 1 0
vn 0 1 0
vn 0 1 0
vn 0 1 0
vn 0 1 0
vn 0 1 0
vn 0 1 0
vn 0 1 0
vn 0 1 0
vn 0 1 0
vn 0 1 0
vn 0 1 0
vn 0 1 0
vn 0 1 0
vn 0 1 0
vn 0 1 0
vn 0 1 0
vn 0 1 0
vn 0 1 0
vn 0 1 0
vn 0 1 0
vn 0 1 0
vn 0 1 0
vn 0 1 0
vn 0 1 0
vn 0 1 0
vn 0 1 0
vn 0 1 0
vn 0 1 0
vn 0 1 0
vn 0 1 0
vn 0 1 0
vn 0 1 0
vn 0 1 0
vn 0 1 0
vn 0 1 0
vn 0 1 0
vn 0 1 0
vn 0 1 0
vn 0 1 0
vn 0 1 0
vn 0 1 0
vn 0 1 0
vn 0 1 0
vn 0 1 0
vn 0 1 0
vn 0 1 0
vn 0 1 0
vn 0 1 0
vn 0 1 0
vn 0 1 0
vn 0 1 0
vn 0 1 0
vn 0 1 0
vn 0 1 0
vn 0 1 0
vn 0 1 0
vn 0 1 0
vn 0 1 0
vn 0 1 0
vn 0 1 0
vn 0 1 0
vn 0 1 0
vn 0 1 0
vn 0 1 0
vn 0 1 0
vn 0 1 0
vn 0 1 0
vn 0 1 0
vn 0 1 0
vn 0 1 0
vn 0 1 0
vn 0 1 0
vn 0 1 0
vn 0 1 0
vn 0 1 0
vn 0 1 0
vn 0 1 0
vn 0 1 0
vn 0 1 0
vn 0 1 0
vn 0 1 0
vn 0 1 0
vn 0 1 0
vn 0 1 0
vn 0 1 0
vn 0 1 0
vn 0 1 0
vn 0 1 0
vn 0 1 0
vn 0 1 0
vn 0 1 0
vn 0 1 0
vn 0 1 0
vn 0 1 0
vn 0 1 0
vn 0 1 0
vn 0 1 0
vn 0 1 0
vn 0 1 0
vn 0 1 0
vn 0 1 0
vn 0 1 0
vn 0 1 0
vn 0 1 0
vn 0 1 0
vn 0 1 0
vn 0 1 0
vn 0 1 0
vn 0 1 0
vn 0 1 0
vn 0 1 0
vn 0 1 0
vn 0 1 0
vn 0 1 0
vn 0 1 0
vn 0 1 0
vn 0 1 0
vn 0 1 0
vn 0 1 0
vn 0 1 0
vn 0 1 0
vn 0 1 0
vn 0 1 0
vn 0 1 0
vn 0 1 0
vn 0 1 0
vn 0 1 0
vn 0 1 0
vn 0 1 0
vn 0 1 0
vn 0 1 0
vn 0 1 0
vn 0 1 0
vn 0 1 0
vn 0 1 0
vn 0 1 0
vn 0 1 0
vn 0 1 0
vn 0 1 0
vn 0 1 0
vn 0 1 0
vn 0 1 0
vn 0 1 0
vn 0 1 0
vn 0 1 0
vn 0 1 0
vn 0 1 0
vn 0 1 0
vn 0 1 0
vn 0 1 0
vn 0 1 0
vn 0 1 0
vn 0 1 0
vn 0 1 0
vn 0 1 0
vn 0 1 0
vn 0 1 0
vn 0 1 0
vn 0 1 0
vn 0 1 0
vn 0 1 0
vn 0 1 0
vn 0 1 0
vn 0 1 0
vn 0 1 0
vn 0 1 0
vn 0 1 0
vn 0 1 0
vn 0 1 0
vn 0 1 0
vn 0 1 0
vn 0 1 0
vn 0 1 0
vn 0 1 0
vn 0 1 0
vn 0 1 0
vn 0 1 0
vn 0 1 0
vn 0 1 0
vn 0 1 0
vn 0 1 0
vn 0 1 0
vn 0 1 0
vn 0 1 0
vn 0 1 0
vn 0 1 0
vn 0 1 0
vn 0 1 0
vn 0 1 0
vn 0 1 0
vn 0 1 0
vn 0 1 0
vn 0 1 0
vn 0 1 0
vn 0 1 0
vn 0 1 0
vn 0 1 0
vn 0 1 0
vn 0 1 0
vn 0 1 0
vn 0 1 0
vn 0 1 0
vn 0 1 0
vn 0 1 0
vn 0 1 0
vn 0 1 0
vn 0 1 0
vn 0 1 0
vn 0 1 0
vn 0 1 0
vn 0 1 0
vn 0 1 0
vn 0 1 0
vn 0 1 0
vn 0 1 0
vn 0 1 0
vn 0 1 0
vn 0 1 0
vn 0 1 0
vn 0 1 0
vn 0 1 0
vn 0 1 0
vn 0 1 0
vn 0 1 0
vn 0 1 0
vn 0 1 0
vn 0 1 0
vn 0 1 0
vn 0 1 0
vn 0 1 0
vn 0 1 0
vn 0 1 0
vn 0 1 0
vn 0 1 0
vn 0 1 0
vn 0 1 0
vn 0 1 0
vn 0 1 0
vn 0 1 0
vn 0 1 0
vn 0 1 0
vn 0 1 0
vn 0 1 0
vn 0 1 0
vn 0 1 0
vn 0 1 0
vn 0 1 0
vn 0 1 0
vn 0 1 0
vn 0 1 0
vn 0 1 0
vn 0 1 0
vn 0 1 0
vn 0 1 0
vn 0 1 0
vn 0 1 0
vn 0 1 0
vn 0 1 0
vn 0 1 0
vn 0 1 0
vn 0 1 0
vn 0 1 0
vn 0 1 0
vn 0 1 0
vn 0 1 0
vn 0 1 0
vn 0 1 0
vn 0 1 0
vn 0 1 0
vn 0 1 0
vn 0 1 0
vn 0 1 0
vn 0 1 0
vn 0 1 0
vn 0 1 0
vn 0 1 0
vn 0 1 0
vn 0 1 0
vn 0 1 0
vn 0 1 0
vn 0 1 0
vn 0 1 0
vn 0 1 0
vn 0 1 0
vn 0 1 0
vn 0 1 0
vn 0 1 0
vn 0 1 0
vn 0 1 0
vn 0 1 0
vn 0 1 0
vn 0 1 0
vn 0 1 0
vn 0 1 0
vn 0 1 0
vn 0 1 0
vn 0 1 0
vn 0 1 0
vn 0 1 0
vn 0 1 0
vn 0 1 0
vn 0 1 0
vn 0 1 0
vn 0 1 0
vn 0 1 0
vn 0 1 0
vn 0 1 0
vn 0 1 0
vn 0 1 0
vn 0 1 0
vn 0 1 0
vn 0 1 0
vn 0 1 0
vn 0 1 0
vn 0 1 0
vn 0 1 0
vn 0 1 0
vn 0 1 0
vn 0 1 0
vn 0 1 0
vn 0 1 0
vn 0 1 0
vn 0 1 0
vn 0 1 0
vn 0 1 0
vn 0 1 0
vn 0 1 0
vn 0 1 0
vn 0 1 0
vn 0 1 0
vn 0 1 0
vn 0 1 0
vn 0 1 0
vn 0 1 0
vn 0 1 0
vn 0 1 0
vn 0 1 0
vn 0 1 0
vn 0 1 0
vn 0 1 0
vn 0 1 0
vn 0 1 0
vn 0 1 0
vn 0 1 0
vn 0 1 0
vn 0 1 0
vn 0 1 0
vn 0 1 0
vn 0 1 0
vn 0 1 0
vn 0 1 0
vn 0 1 0
vn 0 1 0
vn 0 1 0
vn 0 1 0
vn 0 1 0
vn 0 1 0
vn 0 1 0
vn 0 1 0
vn 0 1 0
vn 0 1 0
vn 0 1 0
vn 0 1 0
vn 0 1 0
vn 0 1 0
vn 0 1 0
vn 0 1 0
vn 0 1 0
vn 0 1 0
vn 0 1 0
vn 0 1 0
vn 0 1 0
vn 0 1 0
vn 0 1 0
vn 0 1 0
vn 0 1 0
vn 0 1 0
vn 0 1 0
vn 0 1 0
vn 0 1 0
vn 0 1 0
vn 0 1 0
vn 0 1 0
vn 0 1 0
vn 0 1 0
vn 0 1 0
vn 0 1 0
vn 0 1 0
vn 0 1 0
vn 0 1 0
vn 0 1 0
vn 0 1 0
vn 0 -1 0
vn 0 -1 0
vn 0 -1 0
vn 0 -1 0
vn 0 -1 0
vn 0 -1 0
vn 0 -1 0
vn 0 -1 0
vn 0 -1 0
vn 0 -1 0
vn 0 -1 0
vn 0 -1 0
vn 0 -1 0
vn 0 -1 0
vn 0 -1 0
vn 0 -1 0
vn 0 -1 0
vn 0 -1 0
vn 0 -1 0
vn 0 -1 0
vn 0 -1 0
vn 0 -1 0
vn 0 -1 0
vn 0 -1 0
vn 0 -1 0
vn 0 -1 0
vn 0 -1 0
vn 0 -1 0
vn 0 -1 0
vn 0 -1 0
vn 0 -1 0
vn 0 -1 0
vn 0 -1 0
vn 0 -1 0
vn 0 -1 0
vn 0 -1 0
vn 0 -1 0
vn 0 -1 0
vn 0 -1 0
vn 0 -1 0
vn 0 -1 0
vn 0 -1 0
vn 0 -1 0
vn 0 -1 0
vn 0 -1 0
vn 0 -1 0
vn 0 -1 0
vn 0 -1 0
vn 0 -1 0
vn 0 -1 0
vn 0 -1 0
vn 0 -1 0
vn 0 -1 0
vn 0 -1 0
vn 0 -1 0
vn 0 -1 0
vn 0 -1 0
vn 0 -1 0
vn 0 -1 0
vn 0 -1 0
vn 0 -1 0
vn 0 -1 0
vn 0 -1 0
vn 0 -1 0
vn 0 -1 0
vn 0 -1 0
vn 0 -1 0
vn 0 -1 0
vn 0 -1 0
vn 0 -1 0
vn 0 -1 0
vn 0 -1 0
vn 0 -1 0
vn 0 -1 0
vn 0 -1 0
vn 0 -1 0
vn 0 -1 0
vn 0 -1 0
vn 0 -1 0
vn 0 -1 0
vn 0 -1 0
vn 0 -1 0
vn 0 -1 0
vn 0 -1 0
vn 0 -1 0
vn 0 -1 0
vn 0 -1 0
vn 0 -1 0
vn 0 -1 0
vn 0 -1 0
vn 0 -1 0
vn 0 -1 0
vn 0 -1 0
vn 0 -1 0
vn 0 -1 0
vn 0 -1 0
vn 0 -1 0
vn 0 -1 0
vn 0 -1 0
vn 0 -1 0
vn 0 -1 0
vn 0 -1 0
vn 0 -1 0
vn 0 -1 0
vn 0 -1 0
vn 0 -1 0
vn 0 -1 0
vn 0 -1 0
vn 0 -1 0
vn 0 -1 0
vn 0 -1 0
vn 0 -1 0
vn 0 -1 0
vn 0 -1 0
vn 0 -1 0
vn 0 -1 0
vn 0 -1 0
vn 0 -1 0
vn 0 -1 0
vn 0 -1 0
vn 0 -1 0
vn 0 -1 0
vn 0 -1 0
vn 0 -1 0
vn 0 -1 0
vn 0 -1 0
vn 0 -1 0
vn 0 -1 0
vn 0 -1 0
vn 0 -1 0
vn 0 -1 0
vn 0 -1 0
vn 0 -1 0
vn 0 -1 0
vn 0 -1 0
vn 0 -1 0
vn 0 -1 0
vn 0 -1 0
vn 0 -1 0
vn 0 -1 0
vn 0 -1 0
vn 0 -1 0
vn 0 -1 0
vn 0 -1 0
vn 0 -1 0
vn 0 -1 0
vn 0 -1 0
vn 0 -1 0
vn 0 -1 0
vn 0 -1 0
vn 0 -1 0
vn 0 -1 0
vn 0 -1 0
vn 0 -1 0
vn 0 -1 0
vn 0 -1 0
vn 0 -1 0
vn 0 -1 0
vn 0 -1 0
vn 0 -1 0
vn 0 -1 0
vn 0 -1 0
vn 0 -1 0
vn 0 -1 0
vn 0 -1 0
vn 0 -1 0
vn 0 -1 0
vn 0 -1 0
vn 0 -1 0
vn 0 -1 0
vn 0 -1 0
vn 0 -1 0
vn 0 -1 0
vn 0 -1 0
vn 0 -1 0
vn 0 -1 0
vn 0 -1 0
vn 0 -1 0
vn 0 -1 0
vn 0 -1 0
vn 0 -1 0
vn 0 -1 0
vn 0 -1 0
vn 0 -1 0
vn 0 -1 0
vn 0 -1 0
vn 0 -1 0
vn 0 -1 0
vn 0 -1 0
vn 0 -1 0
vn 0 -1 0
vn 0 -1 0
vn 0 -1 0
vn 0 -1 0
vn 0 -1 0
vn 0 -1 0
vn 0 -1 0
vn 0 -1 0
vn 0 -1 0
vn 0 -1 0
vn 0 -1 0
vn 0 -1 0
vn 0 -1 0
vn 0 -1 0
vn 0 -1 0
vn 0 -1 0
vn 0 -1 0
vn 0 -1 0
vn 0 -1 0
vn 0 -1 0
vn 0 -1 0
vn 0 -1 0
vn 0 -1 0
vn 0 -1 0
vn 0 -1 0
vn 0 -1 0
vn 0 -1 0
vn 0 -1 0
vn 0 -1 0
vn 0 -1 0
vn 0 -1 0
vn 0 -1 0
vn 0 -1 0
vn 0 -1 0
vn 0 -1 0
vn 0 -1 0
vn 0 -1 0
vn 0 -1 0
vn 0 -1 0
vn 0 -1 0
vn 0 -1 0
vn 0 -1 0
vn 0 -1 0
vn 0 -1 0
vn 0 -1 0
vn 0 -1 0
vn 0 -1 0
vn 0 -1 0
vn 0 -1 0
vn 0 -1 0
vn 0 -1 0
vn 0 -1 0
vn 0 -1 0
vn 0 -1 0
vn 0 -1 0
vn 0 -1 0
vn 0 -1 0
vn 0 -1 0
vn 0 -1 0
vn 0 -1 0
vn 0 -1 0
vn 0 -1 0
vn 0 -1 0
vn 0 -1 0
vn 0 -1 0
vn 0 -1 0
vn 0 -1 0
vn 0 -1 0
vn 0 -1 0
vn 0 -1 0
vn 0 -1 0
vn 0 -1 0
vn 0 -1 0
vn 0 -1 0
vn 0 -1 0
vn 0 -1 0
vn 0 -1 0
vn 0 -1 0
vn 0 -1 0
vn 0 -1 0
vn 0 -1 0
vn 0 -1 0
vn 0 -1 0
vn 0 -1 0
vn 0 -1 0
vn 0 -1 0
vn 0 -1 0
vn 0 -1 0
vn 0 -1 0
vn 0 -1 0
vn 0 -1 0
vn 0 -1 0
vn 0 -1 0
vn 0 -1 0
vn 0 -1 0
vn 0 -1 0
vn 0 -1 0
vn 0 -1 0
vn 0 -1 0
vn 0 -1 0
vn 0 -1 0
vn 0 -1 0
vn 0 -1 0
vn 0 -1 0
vn 0 -1 0
vn 0 -1 0
vn 0 -1 0
vn 0 -1 0
vn 0 -1 0
vn 0 -1 0
vn 0 -1 0
vn 0 -1 0
vn 0 -1 0
vn 0 -1 0
vn 0 -1 0
vn 0 -1 0
vn 0 -1 0
vn 0 -1 0
vn 0 -1 0
vn 0 -1 0
vn 0 -1 0
vn 0 -1 0
vn 0 -1 0
vn 0 -1 0
vn 0 -1 0
vn 0 -1 0
vn 0 -1 0
vn 0 -1 0
vn 0 -1 0
vn 0 -1 0
vn 0 -1 0
vn 0 -1 0
vn 0 -1 0
vn 0 -1 0
vn 0 -1 0
vn 0 -1 0
vn 0 -1 0
vn 0 -1 0
vn 0 -1 0
vn 0 -1 0
vn 0 -1 0
vn 0 -1 0
vn 0 -1 0
vn 0 -1 0
vn 0 -1 0
vn 0 -1 0
vn 0 -1 0
vn 0 -1 0
vn 0 -1 0
vn 0 -1 0
vn 0 -1 0
vn 0 -1 0
vn 0 -1 0
vn 0 -1 0
vn 0 -1 0
vn 0 -1 0
vn 0 -1 0
vn 0 -1 0
vn 0 -1 0
vn 0 -1 0
vn 0 -1 0
vn 0 -1 0
vn 0 -1 0
vn 0 -1 0
vn 0 -1 0
vn 0 -1 0
vn 0 -1 0
vn 0 -1 0
vn 0 -1 0
vn 0 -1 0
vn 0 -1 0
vn 0 -1 0
vn 0 -1 0
vn 0 -1 0
vn 0 -1 0
vn 0 -1 0
vn 0 -1 0
vn 0 -1 0
vn 0 -1 0
vn 0 -1 0
vn 0 -1 0
vn 0 -1 0
vn 0 -1 0
vn 0 -1 0
vn 0 -1 0
vn 0 -1 0
vn 0 -1 0
vn 0 -1 0
vn 0 -1 0
vn 0 -1 0
vn 0 -1 0
vn 0 -1 0
vn 0 -1 0
vn 0 -1 0
vn 0 -1 0
vn 0 -1 0
vn 0 -1 0
vn 0 -1 0
vn 0 -1 0
vn 0 -1 0
vn 0 -1 0
vn 0 -1 0
vn 0 -1 0
vn 0 -1 0
vn 0 -1 0
vn 0 -1 0
vn 0 -1 0
vn 0 -1 0
vn 0 -1 0
vn 0 -1 0
vn 0 -1 0
vn 0 -1 0
vn 0 -1 0
vn 0 -1 0
vn 0 -1 0
vn 0 -1 0
vn 0 -1 0
vn 0 -1 0
vn 0 -1 0
vn 0 -1 0
vn 0 -1 0
vn 0 -1 0
vn 0 -1 0
vn 0 -1 0
vn 0 -1 0
vn 0 -1 0
vn 0 -1 0
vn 0 -1 0
vn 0 -1 0
vn 0 -1 0
vn 0 -1 0
vn 0 -1 0
vn 0 -1 0
vn 0 -1 0
vn 0 -1 0
vn 0 -1 0
vn 0 -1 0
vn 0 -1 0
vn 0 -1 0
vn 0 -1 0
vn 0 -1 0
vn 0 -1 0
vn 0 -1 0
vn 0 -1 0
vn 0 -1 0
vn 0 -1 0
vn 0 -1 0
vn 0 -1 0
vn 0 -1 0
vn 0 -1 0
vn 0 -1 0
vn 0 -1 0
vn 0 -1 0
vn 0 -1 0
vn 0 -1 0
vn 0 -1 0
vn 0 -1 0
vn 0 -1 0
vn 0 -1 0
vn 0 -1 0
vn 0 -1 0
vn 0 -1 0
vn 0 -1 0
vn 0 -1 0
vn 0 -1 0
vn 0 -1 0
vn 0 -1 0
vn 0 -1 0
vn 0 -1 0
vn 0 -1 0
vn 0 -1 0
vn 0 -1 0
vn 0 -1 0
vn 0 -1 0
vn 0 -1 0
vn 0 -1 0
vn 0 -1 0
vn 0 -1 0
vn 0 -1 0
vn 0 -1 0
vn 0 -1 0
vn 0 -1 0
vn 0 -1 0
vn 0 -1 0
vn 0 -1 0
vn 0 -1 0
vn 0 -1 0
vn 0 -1 0
vn 0 -1 0
vn 0 -1 0
vn 0 -1 0
vn 0 -1 0
vn 0 -1 0
vn 0 -1 0
vn 0 -1 0
vn 0 -1 0
vn 0 -1 0
vn 0 -1 0
vn 0 -1 0
vn 0 -1 0
vn 0 -1 0
vn 0 -1 0
vn 0 -1 0
vn 0 -1 0
vn 0 -1 0
vn 0 -1 0
vn 0 -1 0
vn 0 -1 0
vn 0 -1 0
vn 0 -1 0
vn 0 -1 0
vn 0 -1 0
vn 0 -1 0
vn 0 -1 0
vn 0 -1 0
vn 0 -1 0
vn 0 -1 0
vn 0 -1 0
vn 0 -1 0
vn 0 -1 0
vn 0 -1 0
vn 0 -1 0
vn 0 -1 0
vn 0 -1 0
vn 0 -1 0
vn 0 -1 0
f 147/147/147 149/149/149 150/150/150 148/148/148
f 151/151/151 153/153/153 154/154/154 152/152/152
f 155/155/155 157/157/157 158/158/158 156/156/156
f 159/159/159 161/161/161 162/162/162 160/160/160
f 163/163/163 165/165/165 166/166/166 164/164/164
f 165/165/165 167/167/167 168/168/168 166/166/166
f 167/167/167 169/169/169 170/170/170 168/168/168
f 169/169/169 171/171/171 172/172/172 170/170/170
f 171/171/171 173/173/173 174/174/174 172/172/172
f 173/173/173 175/175/175 176/176/176 174/174/174
f 175/175/175 177/177/177 178/178/178 176/176/176
f 177/177/177 179/179/179 180/180/180 178/178/178
f 179/179/179 181/181/181 182/182/182 180/180/180
f 181/181/181 183/183/183 184/184/184 182/182/182
f 183/183/183 185/185/185 186/186/186 184/184/184
f 185/185/185 187/187/187 188/188/188 186/186/186
f 187/187/187 189/189/189 190/190/190 188/188/188
f 189/189/189 191/191/191 192/192/192 190/190/190
f 191/191/191 193/193/193 194/194/194 192/192/192
f 193/193/193 195/195/195 196/196/196 194/194/194
f 195/195/195 197/197/197 198/198/198 196/196/196
f 197/197/197 199/199/199 200/200/200 198/198/198
f 199/199/199 201/201/201 202/202/202 200/200/200
f 201/201/201 203/203/203 204/204/204 202/202/202
f 203/203/203 205/205/205 206/206/206 204/204/204
f 205/205/205 207/207/207 208/208/208 206/206/206
f 207/207/207 209/209/209 210/210/210 208/208/208
f 209/209/209 211/211/211 212/212/212 210/210/210
f 211/211/211 213/213/213 214/214/214 212/212/212
f 213/213/213 215/215/215 216/216/216 214/214/214
f 215/215/215 217/217/217 218/218/218 216/216/216
f 217/217/217 219/219/219 220/220/220 218/218/218
f 219/219/219 221/221/221 222/222/222 220/220/220
f 221/221/221 223/223/223 224/224/224 222/222/222
f 223/223/223 225/225/225 226/226/226 224/224/224
f 225/225/225 227/227/227 228/228/228 226/226/226
f 227/227/227 229/229/229 230/230/230 228/228/228
f 229/229/229 231/231/231 232/232/232 230/230/230
f 231/231/231 233/233/233 234/234/234 232/232/232
f 233/233/233 235/235/235 236/236/236 234/234/234
f 235/235/235 237/237/237 238/238/238 236/236/236
f 237/237/237 239/239/239 240/240/240 238/238/238
f 239/239/239 241/241/241 242/242/242 240/240/240
f 241/241/241 243/243/243 244/244/244 242/242/242
f 243/243/243 245/245/245 246/246/246 244/244/244
f 245/245/245 247/247/247 248/248/248 246/246/246
f 247/247/247 249/249/249 250/250/250 248/248/248
f 249/249/249 251/251/251 252/252/252 250/250/250
f 251/251/251 253/253/253 254/254/254 252/252/252
f 253/253/253 255/255/255 256/256/256 254/254/254
f 255/255/255 257/257/257 258/258/258 256/256/256
f 257/257/257 259/259/259 260/260/260 258/258/258
f 259/259/259 261/261/261 262/262/262 260/260/260
f 261/261/261 263/263/263 264/264/264 262/262/262
f 263/263/263 265/265/265 266/266/266 264/264/264
f 265/265/265 267/267/267 268/268/268 266/266/266
f 267/267/267 269/269/269 270/270/270 268/268/268
f 269/269/269 271/271/271 272/272/272 270/270/270
f 271/271/271 273/273/273 274/274/274 272/272/272
f 273/273/273 275/275/275 276/276/276 274/274/274
f 275/275/275 277/277/277 278/278/278 276/276/276
f 277/277/277 279/279/279 280/280/280 278/278/278
f 279/279/279 281/281/281 282/282/282 280/280/280
f 281/281/281 283/283/283 284/284/284 282/282/282
f 283/283/283 285/285/285 286/286/286 284/284/284
f 285/285/285 287/287/287 288/288/288 286/286/286
f 287/287/287 289/289/289 290/290/290 288/288/288
f 289/289/289 291/291/291 292/292/292 290/290/290
f 293/293/293 295/295/295 296/296/296 294/294/294
f 295/295/295 297/297/297 298/298/298 296/296/296
f 297/297/297 299/299/299 300/300/300 298/298/298
f 299/299/299 301/301/301 302/302/302 300/300/300
f 301/301/301 303/303/303 304/304/304 302/302/302
f 303/303/303 305/305/305 306/306/306 304/304/304
f 305/305/305 307/307/307 308/308/308 306/306/306
f 307/307/307 309/309/309 310/310/310 308/308/308
f 309/309/309 311/311/311 312/312/312 310/310/310
f 311/311/311 313/313/313 314/314/314 312/312/312
f 313/313/313 315/315/315 316/316/316 314/314/314
f 315/315/315 317/317/317 318/318/318 316/316/316
f 317/317/317 319/319/319 320/320/320 318/318/318
f 319/319/319 321/321/321 322/322/322 320/320/320
f 321/321/321 323/323/323 324/324/324 322/322/322
f 323/323/323 325/325/325 326/326/326 324/324/324
f 325/325/325 327/327/327 328/328/328 326/326/326
f 327/327/327 329/329/329 330/330/330 328/328/328
f 329/329/329 331/331/331 332/332/332 330/330/330
f 331/331/331 333/333/333 334/334/334 332/332/332
f 333/333/333 335/335/335 336/336/336 334/334/334
f 335/335/335 337/337/337 338/338/338 336/336/336
f 337/337/337 339/339/339 340/340/340 338/338/338
f 339/339/339 341/341/341 342/342/342 340/340/340
f 341/341/341 343/343/343 344/344/344 342/342/342
f 343/343/343 345/345/345 346/346/346 344/344/344
f 345/345/345 347/347/347 348/348/348 346/346/346
f 347/347/347 349/349/349 350/350/350 348/348/348
f 349/349/349 351/351/351 352/352/352 350/350/350
f 351/351/351 353/353/353 354/354/354 352/352/352
f 353/353/353 355/355/355 356/356/356 354/354/354
f 355/355/355 357/357/357 358/358/358 356/356/356
f 357/357/357 359/359/359 360/360/360 358/358/358
f 359/359/359 361/361/361 362/362/362 360/360/360
f 361/361/361 363/363/363 364/364/364 362/362/362
f 363/363/363 365/365/365 366/366/366 364/364/364
f 365/365/365 367/367/367 368/368/368 366/366/366
f 367/367/367 369/369/369 370/370/370 368/368/368
f 369/369/369 371/371/371 372/372/372 370/370/370
f 371/371/371 373/373/373 374/374/374 372/372/372
f 373/373/373 375/375/375 376/376/376 374/374/374
f 375/375/375 377/377/377 378/378/378 376/376/376
f 377/377/377 379/379/379 380/380/380 378/378/378
f 379/379/379 381/381/381 382/382/382 380/380/380
f 381/381/381 383/383/383 384/384/384 382/382/382
f 383/383/383 385/385/385 386/386/386 384/384/384
f 385/385/385 387/387/387 388/388/388 386/386/386
f 387/387/387 389/389/389 390/390/390 388/388/388
f 389/389/389 391/391/391 392/392/392 390/390/390
f 391/391/391 393/393/393 394/394/394 392/392/392
f 393/393/393 395/395/395 396/396/396 394/394/394
f 395/395/395 397/397/397 398/398/398 396/396/396
f 397/397/397 399/399/399 400/400/400 398/398/398
f 399/399/399 401/401/401 402/402/402 400/400/400
f 401/401/401 403/403/403 404/404/404 402/402/402
f 403/403/403 405/405/405 406/406/406 404/404/404
f 405/405/405 407/407/407 408/408/408 406/406/406
f 407/407/407 409/409/409 410/410/410 408/408/408
f 409/409/409 411/411/411 412/412/412 410/410/410
f 411/411/411 413/413/413 414/414/414 412/412/412
f 413/413/413 415/415/415 416/416/416 414/414/414
f 415/415/415 417/417/417 418/418/418 416/416/416
f 417/417/417 419/419/419 420/420/420 418/418/418
f 419/419/419 421/421/421 422/422/422 420/420/420
f 423/423/423 425/425/425 426/426/426 424/424/424
f 425/425/425 427/427/427 428/428/428 426/426/426
f 427/427/427 429/429/429 430/430/430 428/428/428
f 429/429/429 431/431/431 432/432/432 430/430/430
f 431/431/431 433/433/433 434/434/434 432/432/432
f 433/433/433 435/435/435 436/436/436 434/434/434
f 435/435/435 437/437/437 438/438/438 436/436/436
f 437/437/437 439/439/439 440/440/440 438/438/438
f 439/439/439 441/441/441 442/442/442 440/440/440
f 441/441/441 443/443/443 444/444/444 442/442/442
f 443/443/443 445/445/445 446/446/446 444/444/444
f 445/445/445 447/447/447 448/448/448 446/446/446
f 447/447/447 449/449/449 450/450/450 448/448/448
f 449/449/449 451/451/451 452/452/452 450/450/450
f 451/451/451 453/453/453 454/454/454 452/452/452
f 453/453/453 455/455/455 456/456/456 454/454/454
f 455/455/455 457/457/457 458/458/458 456/456/456
f 457/457/457 459/459/459 460/460/460 458/458/458
f 459/459/459 461/461/461 462/462/462 460/460/460
f 461/461/461 463/463/463 464/464/464 462/462/462
f 463/463/463 465/465/465 466/466/466 464/464/464
f 465/465/465 467/467/467 468/468/468 466/466/466
f 467/467/467 469/469/469 470/470/470 468/468/468
f 469/469/469 471/471/471 472/472/472 470/470/470
f 471/471/471 473/473/473 474/474/474 472/472/472
f 473/473/473 475/475/475 476/476/476 474/474/474
f 475/475/475 477/477/477 478/478/478 476/476/476
f 477/477/477 479/479/479 480/480/480 478/478/478
f 479/479/479 481/481/481 482/482/482 480/480/480
f 481/481/481 483/483/483 484/484/484 482/482/482
f 483/483/483 485/485/485 486/486/486 484/484/484
f 485/485/485 487/487/487 488/488/488 486/486/486
f 487/487/487 489/489/489 490/490/490 488/488/488
f 489/489/489 491/491/491 492/492/492 490/490/490
f 491/491/491 493/493/493 494/494/494 492/492/492
f 493/493/493 495/495/495 496/496/496 494/494/494
f 495/495/495 497/497/497 498/498/498 496/496/496
f 497/497/497 499/499/499 500/500/500 498/498/498
f 499/499/499 501/501/501 502/502/502 500/500/500
f 501/501/501 503/503/503 504/504/504 502/502/502
f 503/503/503 505/505/505 506/506/506 504/504/504
f 505/505/505 507/507/507 508/508/508 506/506/506
f 507/507/507 509/509/509 510/510/510 508/508/508
f 509/509/509 511/511/511 512/512/512 510/510/510
f 511/511/511 513/513/513 514/514/514 512/512/512
f 513/513/513 515/515/515 516/516/516 514/514/514
f 515/515/515 517/517/517 518/518/518 516/516/516
f 517/517/517 519/519/519 520/520/520 518/518/518
f 519/519/519 521/521/521 522/522/522 520/520/520
f 521/521/521 523/523/523 524/524/524 522/522/522
f 523/523/523 525/525/525 526/526/526 524/524/524
f 525/525/525 527/527/527 528/528/528 526/526/526
f 527/527/527 529/529/529 530/530/530 528/528/528
f 529/529/529 531/531/531 532/532/532 530/530/530
f 531/531/531 533/533/533 534/534/534 532/532/532
f 533/533/533 535/535/535 536/536/536 534/534/534
f 535/535/535 537/537/537 538/538/538 536/536/536
f 537/537/537 539/539/539 540/540/540 538/538/538
f 539/539/539 541/541/541 542/542/542 540/540/540
f 541/541/541 543/543/543 544/544/544 542/542/542
f 543/543/543 545/545/545 546/546/546 544/544/544
f 545/545/545 547/547/547 548/548/548 546/546/546
f 547/547/547 549/549/549 550/550/550 548/548/548
f 549/549/549 551/551/551 552/552/552 550/550/550
f 553/553/553 555/555/555 556/556/556 554/554/554
f 555/555/555 557/557/557 558/558/558 556/556/556
f 557/557/557 559/559/559 560/560/560 558/558/558
f 559/559/559 561/561/561 562/562/562 560/560/560
f 561/561/561 563/563/563 564/564/564 562/562/562
f 563/563/563 565/565/565 566/566/566 564/564/564
f 565/565/565 567/567/567 568/568/568 566/566/566
f 567/567/567 569/569/569 570/570/570 568/568/568
f 569/569/569 571/571/571 572/572/572 570/570/570
f 571/571/571 573/573/573 574/574/574 572/572/572
f 573/573/573 575/575/575 576/576/576 574/574/574
f 575/575/575 577/577/577 578/578/578 576/576/576
f 577/577/577 579/579/579 580/580/580 578/578/578
f 579/579/579 581/581/581 582/582/582 580/580/580
f 581/581/581 583/583/583 584/584/584 582/582/582
f 583/583/583 585/585/585 586/586/586 584/584/584
f 585/585/585 587/587/587 588/588/588 586/586/586
f 587/587/587 589/589/589 590/590/590 588/588/588
f 589/589/589 591/591/591 592/592/592 590/590/590
f 591/591/591 593/593/593 594/594/594 592/592/592
f 593/593/593 595/595/595 596/596/596 594/594/594
f 595/595/595 597/597/597 598/598/598 596/596/596
f 597/597/597 599/599/599 600/600/600 598/598/598
f 599/599/599 601/601/601 602/602/602 600/600/600
f 601/601/601 603/603/603 604/604/604 602/602/602
f 603/603/603 605/605/605 606/606/606 604/604/604
f 605/605/605 607/607/607 608/608/608 606/606/606
f 607/607/607 609/609/609 610/610/610 608/608/608
f 609/609/609 611/611/611 612/612/612 610/610/610
f 611/611/611 613/613/613 614/614/614 612/612/612
f 613/613/613 615/615/615 616/616/616 614/614/614
f 615/615/615 617/617/617 618/618/618 616/616/616
f 617/617/617 619/619/619 620/620/620 618/618/618
f 619/619/619 621/621/621 622/622/622 620/620/620
f 621/621/621 623/623/623 624/624/624 622/622/622
f 623/623/623 625/625/625 626/626/626 624/624/624
f 625/625/625 627/627/627 628/628/628 626/626/626
f 627/627/627 629/629/629 630/630/630 628/628/628
f 629/629/629 631/631/631 632/632/632 630/630/630
f 631/631/631 633/633/633 634/634/634 632/632/632
f 633/633/633 635/635/635 636/636/636 634/634/634
f 635/635/635 637/637/637 638/638/638 636/636/636
f 637/637/637 639/639/639 640/640/640 638/638/638
f 639/639/639 641/641/641 642/642/642 640/640/640
f 641/641/641 643/643/643 644/644/644 642/642/642
f 643/643/643 645/645/645 646/646/646 644/644/644
f 645/645/645 647/647/647 648/648/648 646/646/646
f 647/647/647 649/649/649 650/650/650 648/648/648
f 649/649/649 651/651/651 652/652/652 650/650/650
f 651/651/651 653/653/653 654/654/654 652/652/652
f 653/653/653 655/655/655 656/656/656 654/654/654
f 655/655/655 657/657/657 658/658/658 656/656/656
f 657/657/657 659/659/659 660/660/660 658/658/658
f 659/659/659 661/661/661 662/662/662 660/660/660
f 661/661/661 663/663/663 664/664/664 662/662/662
f 663/663/663 665/665/665 666/666/666 664/664/664
f 665/665/665 667/667/667 668/668/668 666/666/666
f 667/667/667 669/669/669 670/670/670 668/668/668
f 669/669/669 671/671/671 672/672/672 670/670/670
f 671/671/671 673/673/673 674/674/674 672/672/672
f 673/673/673 675/675/675 676/676/676 674/674/674
f 675/675/675 677/677/677 678/678/678 676/676/676
f 677/677/677 679/679/679 680/680/680 678/678/678
f 679/679/679 681/681/681 682/682/682 680/680/680
f 683/683/683 685/685/685 686/686/686 684/684/684
f 685/685/685 687/687/687 688/688/688 686/686/686
f 687/687/687 689/689/689 690/690/690 688/688/688
f 689/689/689 691/691/691 692/692/692 690/690/690
f 691/691/691 693/693/693 694/694/694 692/692/692
f 693/693/693 695/695/695 696/696/696 694/694/694
f 695/695/695 697/697/697 698/698/698 696/696/696
f 697/697/697 699/699/699 700/700/700 698/698/698
f 699/699/699 701/701/701 702/702/702 700/700/700
f 701/701/701 703/703/703 704/704/704 702/702/702
f 703/703/703 705/705/705 706/706/706 704/704/704
f 705/705/705 707/707/707 708/708/708 706/706/706
f 707/707/707 709/709/709 710/710/710 708/708/708
f 709/709/709 711/711/711 712/712/712 710/710/710
f 711/711/711 713/713/713 714/714/714 712/712/712
f 713/713/713 715/715/715 716/716/716 714/714/714
f 715/715/715 717/717/717 718/718/718 716/716/716
f 717/717/717 719/719/719 720/720/720 718/718/718
f 719/719/719 721/721/721 722/722/722 720/720/720
f 721/721/721 723/723/723 724/724/724 722/722/722
f 723/723/723 725/725/725 726/726/726 724/724/724
f 725/725/725 727/727/727 728/728/728 726/726/726
f 727/727/727 729/729/729 730/730/730 728/728/728
f 729/729/729 731/731/731 732/732/732 730/730/730
f 731/731/731 733/733/733 734/734/734 732/732/732
f 733/733/733 735/735/735 736/736/736 734/734/734
f 735/735/735 737/737/737 738/738/738 736/736/736
f 737/737/737 739/739/739 740/740/740 738/738/738
f 739/739/739 741/741/741 742/742/742 740/740/740
f 741/741/741 743/743/743 744/744/744 742/742/742
f 743/743/743 745/745/745 746/746/746 744/744/744
f 745/745/745 747/747/747 748/748/748 746/746/746
f 747/747/747 749/749/749 750/750/750 748/748/748
f 749/749/749 751/751/751 752/752/752 750/750/750
f 751/751/751 753/753/753 754/754/754 752/752/752
f 753/753/753 755/755/755 756/756/756 754/754/754
f 755/755/755 757/757/757 758/758/758 756/756/756
f 757/757/757 759/759/759 760/760/760 758/758/758
f 759/759/759 761/761/761 762/762/762 760/760/760
f 761/761/761 763/763/763 764/764/764 762/762/762
f 763/763/763 765/765/765 766/766/766 764/764/764
f 765/765/765 767/767/767 768/768/768 766/766/766
f 767/767/767 769/769/769 770/770/770 768/768/768
f 769/769/769 771/771/771 772/772/772 770/770/770
f 771/771/771 773/773/773 774/774/774 772/772/772
f 773/773/773 775/775/775 776/776/776 774/774/774
f 775/775/775 777/777/777 778/778/778 776/776/776
f 777/777/777 779/779/779 780/780/780 778/778/778
f 779/779/779 781/781/781 782/782/782 780/780/780
f 781/781/781 783/783/783 784/784/784 782/782/782
f 783/783/783 785/785/785 786/786/786 784/784/784
f 785/785/785 787/787/787 788/788/788 786/786/786
f 787/787/787 789/789/789 790/790/790 788/788/788
f 789/789/789 791/791/791 792/792/792 790/790/790
f 791/791/791 793/793/793 794/794/794 792/792/792
f 793/793/793 795/795/795 796/796/796 794/794/794
f 795/795/795 797/797/797 798/798/798 796/796/796
f 797/797/797 799/799/799 800/800/800 798/798/798
f 799/799/799 801/801/801 802/802/802 800/800/800
f 801/801/801 803/803/803 804/804/804 802/802/802
f 803/803/803 805/805/805 806/806/806 804/804/804
f 805/805/805 807/807/807 808/808/808 806/806/806
f 807/807/807 809/809/809 810/810/810 808/808/808
f 809/809/809 811/811/811 812/812/812 810/810/810
f 813/813/813 815/815/815 816/816/816 814/814/814
f 815/815/815 817/817/817 818/818/818 816/816/816
f 817/817/817 819/819/819 820/820/820 818/818/818
f 819/819/819 821/821/821 822/822/822 820/820/820
f 821/821/821 823/823/823 824/824/824 822/822/822
f 823/823/823 825/825/825 826/826/826 824/824/824
f 825/825/825 827/827/827 828/828/828 826/826/826
f 827/827/827 829/829/829 830/830/830 828/828/828
f 829/829/829 831/831/831 832/832/832 830/830/830
f 831/831/831 833/833/833 834/834/834 832/832/832
f 833/833/833 835/835/835 836/836/836 834/834/834
f 835/835/835 837/837/837 838/838/838 836/836/836
f 837/837/837 839/839/839 840/840/840 838/838/838
f 839/839/839 841/841/841 842/842/842 840/840/840
f 841/841/841 843/843/843 844/844/844 842/842/842
f 843/843/843 845/845/845 846/846/846 844/844/844
f 845/845/845 847/847/847 848/848/848 846/846/846
f 847/847/847 849/849/849 850/850/850 848/848/848
f 849/849/849 851/851/851 852/852/852 850/850/850
f 851/851/851 853/853/853 854/854/854 852/852/852
f 853/853/853 855/855/855 856/856/856 854/854/854
f 855/855/855 857/857/857 858/858/858 856/856/856
f 857/857/857 859/859/859 860/860/860 858/858/858
f 859/859/859 861/861/861 862/862/862 860/860/860
f 861/861/861 863/863/863 864/864/864 862/862/862
f 863/863/863 865/865/865 866/866/866 864/864/864
f 865/865/865 867/867/867 868/868/868 866/866/866
f 867/867/867 869/869/869 870/870/870 868/868/868
f 869/869/869 871/871/871 872/872/872 870/870/870
f 871/871/871 873/873/873 874/874/874 872/872/872
f 873/873/873 875/875/875 876/876/876 874/874/874
f 875/875/875 877/877/877 878/878/878 876/876/876
f 877/877/877 879/879/879 880/880/880 878/878/878
f 879/879/879 881/881/881 882/882/882 880/880/880
f 881/881/881 883/883/883 884/884/884 882/882/882
f 883/883/883 885/885/885 886/886/886 884/884/884
f 885/885/885 887/887/887 888/888/888 886/886/886
f 887/887/887 889/889/889 890/890/890 888/888/888
f 889/889/889 891/891/891 892/892/892 890/890/890
f 891/891/891 893/893/893 894/894/894 892/892/892
f 893/893/893 895/895/895 896/896/896 894/894/894
f 895/895/895 897/897/897 898/898/898 896/896/896
f 897/897/897 899/899/899 900/900/900 898/898/898
f 899/899/899 901/901/901 902/902/902 900/900/900
f 901/901/901 903/903/903 904/904/904 902/902/902
f 903/903/903 905/905/905 906/906/906 904/904/904
f 905/905/905 907/907/907 908/908/908 906/906/906
f 907/907/907 909/909/909 910/910/910 908/908/908
f 909/909/909 911/911/911 912/912/912 910/910/910
f 911/911/911 913/913/913 914/914/914 912/912/912
f 913/913/913 915/915/915 916/916/916 914/914/914
f 915/915/915 917/917/917 918/918/918 916/916/916
f 917/917/917 919/919/919 920/920/920 918/918/918
f 919/919/919 921/921/921 922/922/922 920/920/920
f 921/921/921 923/923/923 924/924/924 922/922/922
f 923/923/923 925/925/925 926/926/926 924/924/924
f 925/925/925 927/927/927 928/928/928 926/926/926
f 927/927/927 929/929/929 930/930/930 928/928/928
f 929/929/929 931/931/931 932/932/932 930/930/930
f 931/931/931 933/933/933 934/934/934 932/932/932
f 933/933/933 935/935/935 936/936/936 934/934/934
f 935/935/935 937/937/937 938/938/938 936/936/936
f 937/937/937 939/939/939 940/940/940 938/938/938
f 939/939/939 941/941/941 942/942/942 940/940/940
f 943/943/943 945/945/945 946/946/946 944/944/944
f 945/945/945 947/947/947 948/948/948 946/946/946
f 947/947/947 949/949/949 950/950/950 948/948/948
f 949/949/949 951/951/951 952/952/952 950/950/950
f 951/951/951 953/953/953 954/954/954 952/952/952
f 953/953/953 955/955/955 956/956/956 954/954/954
f 955/955/955 957/957/957 958/958/958 956/956/956
f 957/957/957 959/959/959 960/960/960 958/958/958
f 959/959/959 961/961/961 962/962/962 960/960/960
f 961/961/961 963/963/963 964/964/964 962/962/962
f 963/963/963 965/965/965 966/966/966 964/964/964
f 965/965/965 967/967/967 968/968/968 966/966/966
f 967/967/967 969/969/969 970/970/970 968/968/968
f 969/969/969 971/971/971 972/972/972 970/970/970
f 971/971/971 973/973/973 974/974/974 972/972/972
f 973/973/973 975/975/975 976/976/976 974/974/974
f 975/975/975 977/977/977 978/978/978 976/976/976
f 977/977/977 979/979/979 980/980/980 978/978/978
f 979/979/979 981/981/981 982/982/982 980/980/980
f 981/981/981 983/983/983 984/984/984 982/982/982
f 983/983/983 985/985/985 986/986/986 984/984/984
f 985/985/985 987/987/987 988/988/988 986/986/986
f 987/987/987 989/989/989 990/990/990 988/988/988
f 989/989/989 991/991/991 992/992/992 990/990/990
f 991/991/991 993/993/993 994/994/994 992/992/992
f 993/993/993 995/995/995 996/996/996 994/994/994
f 995/995/995 997/997/997 998/998/998 996/996/996
f 997/997/997 999/999/999 1000/1000/1000 998/998/998
f 999/999/999 1001/1001/1001 1002/1002/1002 1000/1000/1000
f 1001/1001/1001 1003/1003/1003 1004/1004/1004 1002/1002/1002
f 1003/1003/1003 1005/1005/1005 1006/1006/1006 1004/1004/1004
f 1005/1005/1005 1007/1007/1007 1008/1008/1008 1006/1006/1006
f 1007/1007/1007 1009/1009/1009 1010/1010/1010 1008/1008/1008
f 1009/1009/1009 1011/1011/1011 1012/1012/1012 1010/1010/1010
f 1011/1011/1011 1013/1013/1013 1014/1014/1014 1012/1012/1012
f 1013/1013/1013 1015/1015/1015 1016/1016/1016 1014/1014/1014
f 1015/1015/1015 1017/1017/1017 1018/1018/1018 1016/1016/1016
f 1017/1017/1017 1019/1019/1019 1020/1020/1020 1018/1018/1018
f 1019/1019/1019 1021/1021/1021 1022/1022/1022 1020/1020/1020
f 1021/1021/1021 1023/1023/1023 1024/1024/1024 1022/1022/1022
f 1023/1023/1023 1025/1025/1025 1026/1026/1026 1024/1024/1024
f 1025/1025/1025 1027/1027/1027 1028/1028/1028 1026/1026/1026
f 1027/1027/1027 1029/1029/1029 1030/1030/1030 1028/1028/1028
f 1029/1029/1029 1031/1031/1031 1032/1032/1032 1030/1030/1030
f 1031/1031/1031 1033/1033/1033 1034/1034/1034 1032/1032/1032
f 1033/1033/1033 1035/1035/1035 1036/1036/1036 1034/1034/1034
f 1035/1035/1035 1037/1037/1037 1038/1038/1038 1036/1036/1036
f 1037/1037/1037 1039/1039/1039 1040/1040/1040 1038/1038/1038
f 1039/1039/1039 1041/1041/1041 1042/1042/1042 1040/1040/1040
f 1041/1041/1041 1043/1043/1043 1044/1044/1044 1042/1042/1042
f 1043/1043/1043 1045/1045/1045 1046/1046/1046 1044/1044/1044
f 1045/1045/1045 1047/1047/1047 1048/1048/1048 1046/1046/1046
f 1047/1047/1047 1049/1049/1049 1050/1050/1050 1048/1048/1048
f 1049/1049/1049 1051/1051/1051 1052/1052/1052 1050/1050/1050
f 1051/1051/1051 1053/1053/1053 1054/1054/1054 1052/1052/1052
f 1053/1053/1053 1055/1055/1055 1056/1056/1056 1054/1054/1054
f 1055/1055/1055 1057/1057/1057 1058/1058/1058 1056/1056/1056
f 1057/1057/1057 1059/1059/1059 1060/1060/1060 1058/1058/1058
f 1059/1059/1059 1061/1061/1061 1062/1062/1062 1060/1060/1060
f 1061/1061/1061 1063/1063/1063 1064/1064/1064 1062/1062/1062
f 1063/1063/1063 1065/1065/1065 1066/1066/1066 1064/1064/1064
f 1065/1065/1065 1067/1067/1067 1068/1068/1068 1066/1066/1066
f 1067/1067/1067 1069/1069/1069 1070/1070/1070 1068/1068/1068
f 1069/1069/1069 1071/1071/1071 1072/1072/1072 1070/1070/1070
f 1073/1073/1073 1075/1075/1075 1076/1076/1076 1074/1074/1074
f 1075/1075/1075 1077/1077/1077 1078/1078/1078 1076/1076/1076
f 1077/1077/1077 1079/1079/1079 1080/1080/1080 1078/1078/1078
f 1079/1079/1079 1081/1081/1081 1082/1082/1082 1080/1080/1080
f 1081/1081/1081 1083/1083/1083 1084/1084/1084 1082/1082/1082
f 1083/1083/1083 1085/1085/1085 1086/1086/1086 1084/1084/1084
f 1085/1085/1085 1087/1087/1087 1088/1088/1088 1086/1086/1086
f 1087/1087/1087 1089/1089/1089 1090/1090/1090 1088/1088/1088
f 1089/1089/1089 1091/1091/1091 1092/1092/1092 1090/1090/1090
f 1091/1091/1091 1093/1093/1093 1094/1094/1094 1092/1092/1092
f 1093/1093/1093 1095/1095/1095 1096/1096/1096 1094/1094/1094
f 1095/1095/1095 1097/1097/1097 1098/1098/1098 1096/1096/1096
f 1097/1097/1097 1099/1099/1099 1100/1100/1100 1098/1098/1098
f 1099/1099/1099 1101/1101/1101 1102/1102/1102 1100/1100/1100
f 1101/1101/1101 1103/1103/1103 1104/1104/1104 1102/1102/1102
f 1103/1103/1103 1105/1105/1105 1106/1106/1106 1104/1104/1104
f 1105/1105/1105 1107/1107/1107 1108/1108/1108 1106/1106/1106
f 1107/1107/1107 1109/1109/1109 1110/1110/1110 1108/1108/1108
f 1109/1109/1109 1111/1111/1111 1112/1112/1112 1110/1110/1110
f 1111/1111/1111 1113/1113/1113 1114/1114/1114 1112/1112/1112
f 1113/1113/1113 1115/1115/1115 1116/1116/1116 1114/1114/1114
f 1115/1115/1115 1117/1117/1117 1118/1118/1118 1116/1116/1116
f 1117/1117/1117 1119/1119/1119 1120/1120/1120 1118/1118/1118
f 1119/1119/1119 1121/1121/1121 1122/1122/1122 1120/1120/1120
f 1121/1121/1121 1123/1123/1123 1124/1124/1124 1122/1122/1122
f 1123/1123/1123 1125/1125/1125 1126/1126/1126 1124/1124/1124
f 1125/1125/1125 1127/1127/1127 1128/1128/1128 1126/1126/1126
f 1127/1127/1127 1129/1129/1129 1130/1130/1130 1128/1128/1128
f 1129/1129/1129 1131/1131/1131 1132/1132/1132 1130/1130/1130
f 1131/1131/1131 1133/1133/1133 1134/1134/1134 1132/1132/1132
f 1133/1133/1133 1135/1135/1135 1136/1136/1136 1134/1134/1134
f 1135/1135/1135 1137/1137/1137 1138/1138/1138 1136/1136/1136
f 1137/1137/1137 1139/1139/1139 1140/1140/1140 1138/1138/1138
f 1139/1139/1139 1141/1141/1141 1142/1142/1142 1140/1140/1140
f 1141/1141/1141 1143/1143/1143 1144/1144/1144 1142/1142/1142
f 1143/1143/1143 1145/1145/1145 1146/1146/1146 1144/1144/1144
f 1145/1145/1145 1147/1147/1147 1148/1148/1148 1146/1146/1146
f 1147/1147/1147 1149/1149/1149 1150/1150/1150 1148/1148/1148
f 1149/1149/1149 1151/1151/1151 1152/1152/1152 1150/1150/1150
f 1151/1151/1151 1153/1153/1153 1154/1154/1154 1152/1152/1152
f 1153/1153/1153 1155/1155/1155 1156/1156/1156 1154/1154/1154
f 1155/1155/1155 1157/1157/1157 1158/1158/1158 1156/1156/1156
f 1157/1157/1157 1159/1159/1159 1160/1160/1160 1158/1158/1158
f 1159/1159/1159 1161/1161/1161 1162/1162/1162 1160/1160/1160
f 1161/1161/1161 1163/1163/1163 1164/1164/1164 1162/1162/1162
f 1163/1163/1163 1165/1165/1165 1166/1166/1166 1164/1164/1164
f 1165/1165/1165 1167/1167/1167 1168/1168/1168 1166/1166/1166
f 1167/1167/1167 1169/1169/1169 1170/1170/1170 1168/1168/1168
f 1169/1169/1169 1171/1171/1171 1172/1172/1172 1170/1170/1170
f 1171/1171/1171 1173/1173/1173 1174/1174/1174 1172/1172/1172
f 1173/1173/1173 1175/1175/1175 1176/1176/1176 1174/1174/1174
f 1175/1175/1175 1177/1177/1177 1178/1178/1178 1176/1176/1176
f 1177/1177/1177 1179/1179/1179 1180/1180/1180 1178/1178/1178
f 1179/1179/1179 1181/1181/1181 1182/1182/1182 1180/1180/1180
f 1181/1181/1181 1183/1183/1183 1184/1184/1184 1182/1182/1182
f 1183/1183/1183 1185/1185/1185 1186/1186/1186 1184/1184/1184
f 1185/1185/1185 1187/1187/1187 1188/1188/1188 1186/1186/1186
f 1187/1187/1187 1189/1189/1189 1190/1190/1190 1188/1188/1188
f 1189/1189/1189 1191/1191/1191 1192/1192/1192 1190/1190/1190
f 1191/1191/1191 1193/1193/1193 1194/1194/1194 1192/1192/1192
f 1193/1193/1193 1195/1195/1195 1196/1196/1196 1194/1194/1194
f 1195/1195/1195 1197/1197/1197 1198/1198/1198 1196/1196/1196
f 1197/1197/1197 1199/1199/1199 1200/1200/1200 1198/1198/1198
f 1199/1199/1199 1201/1201/1201 1202/1202/1202 1200/1200/1200
f 1705/1705/1705 1704/1704/1704 1206/1206/1206
f 1703/1703/1703 1206/1206/1206 1704/1704/1704
f 1206/1206/1206 1706/1706/1706 1705/1705/1705
f 1707/1707/1707 1706/1706/1706 1206/1206/1206
f 1206/1206/1206 1703/1703/1703 1702/1702/1702
f 1641/1641/1641 1701/1701/1701 1700/1700/1700
f 1640/1640/1640 1701/1701/1701 1641/1641/1641
f 1702/1702/1702 1701/1701/1701 1640/1640/1640
f 1206/1206/1206 1711/1711/1711 1710/1710/1710
f 1206/1206/1206 1713/1713/1713 1712/1712/1712
f 1206/1206/1206 1712/1712/1712 1711/1711/1711
f 1206/1206/1206 1709/1709/1709 1708/1708/1708
f 1206/1206/1206 1708/1708/1708 1707/1707/1707
f 1709/1709/1709 1206/1206/1206 1710/1710/1710
f 1699/1699/1699 1643/1643/1643 1700/1700/1700
f 1714/1714/1714 1713/1713/1713 1206/1206/1206
f 1644/1644/1644 1697/1697/1697 1645/1645/1645
f 1645/1645/1645 1697/1697/1697 1646/1646/1646
f 1696/1696/1696 1646/1646/1646 1697/1697/1697
f 1644/1644/1644 1698/1698/1698 1697/1697/1697
f 1642/1642/1642 1700/1700/1700 1643/1643/1643
f 1698/1698/1698 1644/1644/1644 1643/1643/1643
f 1699/1699/1699 1698/1698/1698 1643/1643/1643
f 1642/1642/1642 1641/1641/1641 1700/1700/1700
f 1647/1647/1647 1695/1695/1695 1694/1694/1694
f 1693/1693/1693 1692/1692/1692 1650/1650/1650
f 1693/1693/1693 1648/1648/1648 1694/1694/1694
f 1696/1696/1696 1695/1695/1695 1647/1647/1647
f 1693/1693/1693 1649/1649/1649 1648/1648/1648
f 1694/1694/1694 1648/1648/1648 1647/1647/1647
f 1647/1647/1647 1646/1646/1646 1696/1696/1696
f 1649/1649/1649 1693/1693/1693 1650/1650/1650
f 1640/1640/1640 1206/1206/1206 1702/1702/1702
f 1206/1206/1206 1717/1717/1717 1716/1716/1716
f 1206/1206/1206 1655/1655/1655 1718/1718/1718
f 1206/1206/1206 1718/1718/1718 1717/1717/1717
f 1206/1206/1206 1715/1715/1715 1714/1714/1714
f 1651/1651/1651 1691/1691/1691 1690/1690/1690
f 1715/1715/1715 1206/1206/1206 1716/1716/1716
f 1206/1206/1206 1657/1657/1657 1656/1656/1656
f 1206/1206/1206 1659/1659/1659 1658/1658/1658
f 1206/1206/1206 1658/1658/1658 1657/1657/1657
f 1595/1595/1595 1684/1684/1684 1683/1683/1683
f 1682/1682/1682 1595/1595/1595 1683/1683/1683
f 1206/1206/1206 1660/1660/1660 1659/1659/1659
f 1206/1206/1206 1656/1656/1656 1655/1655/1655
f 1688/1688/1688 1654/1654/1654 1689/1689/1689
f 1653/1653/1653 1689/1689/1689 1654/1654/1654
f 1688/1688/1688 1687/1687/1687 1591/1591/1591
f 1591/1591/1591 1654/1654/1654 1688/1688/1688
f 1651/1651/1651 1690/1690/1690 1652/1652/1652
f 1689/1689/1689 1653/1653/1653 1652/1652/1652
f 1690/1690/1690 1689/1689/1689 1652/1652/1652
f 1691/1691/1691 1651/1651/1651 1692/1692/1692
f 1592/1592/1592 1591/1591/1591 1686/1686/1686
f 1687/1687/1687 1686/1686/1686 1591/1591/1591
f 1593/1593/1593 1592/1592/1592 1685/1685/1685
f 1686/1686/1686 1685/1685/1685 1592/1592/1592
f 1685/1685/1685 1594/1594/1594 1593/1593/1593
f 1595/1595/1595 1682/1682/1682 1596/1596/1596
f 1594/1594/1594 1684/1684/1684 1595/1595/1595
f 1594/1594/1594 1685/1685/1685 1684/1684/1684
f 1692/1692/1692 1651/1651/1651 1650/1650/1650
f 1596/1596/1596 1682/1682/1682 1681/1681/1681
f 1661/1661/1661 1660/1660/1660 1206/1206/1206
f 1206/1206/1206 1640/1640/1640 1639/1639/1639
f 1637/1637/1637 1636/1636/1636 1577/1577/1577
f 1638/1638/1638 1576/1576/1576 1639/1639/1639
f 1635/1635/1635 1634/1634/1634 1579/1579/1579
f 1633/1633/1633 1632/1632/1632 1581/1581/1581
f 1580/1580/1580 1634/1634/1634 1633/1633/1633
f 1579/1579/1579 1636/1636/1636 1635/1635/1635
f 1582/1582/1582 1632/1632/1632 1631/1631/1631
f 1584/1584/1584 1630/1630/1630 1629/1629/1629
f 1630/1630/1630 1584/1584/1584 1631/1631/1631
f 1631/1631/1631 1583/1583/1583 1582/1582/1582
f 1629/1629/1629 1585/1585/1585 1584/1584/1584
f 1631/1631/1631 1584/1584/1584 1583/1583/1583
f 1581/1581/1581 1632/1632/1632 1582/1582/1582
f 1586/1586/1586 1585/1585/1585 1629/1629/1629
f 1576/1576/1576 1638/1638/1638 1637/1637/1637
f 1637/1637/1637 1577/1577/1577 1576/1576/1576
f 1636/1636/1636 1579/1579/1579 1578/1578/1578
f 1636/1636/1636 1578/1578/1578 1577/1577/1577
f 1575/1575/1575 1574/1574/1574 1512/1512/1512
f 1514/1514/1514 1573/1573/1573 1572/1572/1572
f 1573/1573/1573 1513/1513/1513 1574/1574/1574
f 1575/1575/1575 1639/1639/1639 1576/1576/1576
f 1570/1570/1570 1516/1516/1516 1571/1571/1571
f 1633/1633/1633 1581/1581/1581 1580/1580/1580
f 1517/1517/1517 1569/1569/1569 1568/1568/1568
f 1520/1520/1520 1567/1567/1567 1566/1566/1566
f 1567/1567/1567 1519/1519/1519 1568/1568/1568
f 1569/1569/1569 1517/1517/1517 1570/1570/1570
f 1571/1571/1571 1514/1514/1514 1572/1572/1572
f 1634/1634/1634 1580/1580/1580 1579/1579/1579
f 1575/1575/1575 1206/1206/1206 1639/1639/1639
f 1587/1587/1587 1627/1627/1627 1588/1588/1588
f 1588/1588/1588 1626/1626/1626 1625/1625/1625
f 1626/1626/1626 1588/1588/1588 1627/1627/1627
f 1625/1625/1625 1624/1624/1624 1589/1589/1589
f 1527/1527/1527 1590/1590/1590 1624/1624/1624
f 1589/1589/1589 1624/1624/1624 1590/1590/1590
f 1588/1588/1588 1625/1625/1625 1589/1589/1589
f 1586/1586/1586 1628/1628/1628 1627/1627/1627
f 1529/1529/1529 1622/1622/1622 1621/1621/1621
f 1620/1620/1620 1619/1619/1619 1530/1530/1530
f 1530/1530/1530 1621/1621/1621 1620/1620/1620
f 1622/1622/1622 1528/1528/1528 1527/1527/1527
f 1624/1624/1624 1623/1623/1623 1527/1527/1527
f 1528/1528/1528 1622/1622/1622 1529/1529/1529
f 1527/1527/1527 1623/1623/1623 1622/1622/1622
f 1621/1621/1621 1530/1530/1530 1529/1529/1529
f 1629/1629/1629 1628/1628/1628 1586/1586/1586
f 1564/1564/1564 1522/1522/1522 1565/1565/1565
f 1627/1627/1627 1587/1587/1587 1586/1586/1586
f 1524/1524/1524 1563/1563/1563 1562/1562/1562
f 1525/1525/1525 1561/1561/1561 1560/1560/1560
f 1561/1561/1561 1524/1524/1524 1562/1562/1562
f 1563/1563/1563 1522/1522/1522 1564/1564/1564
f 1619/1619/1619 1531/1531/1531 1530/1530/1530
f 1618/1618/1618 1531/1531/1531 1619/1619/1619
f 1463/1463/1463 1559/1559/1559 1558/1558/1558
f 1466/1466/1466 1557/1557/1557 1556/1556/1556
f 1466/1466/1466 1556/1556/1556 1555/1555/1555
f 1557/1557/1557 1465/1465/1465 1558/1558/1558
f 1468/1468/1468 1555/1555/1555 1554/1554/1554
f 1559/1559/1559 1463/1463/1463 1560/1560/1560
f 1565/1565/1565 1521/1521/1521 1566/1566/1566
f 1203/1203/1203 1206/1206/1206 1575/1575/1575
f 1618/1618/1618 1532/1532/1532 1531/1531/1531
f 1292/1292/1292 1206/1206/1206 1293/1293/1293
f 1294/1294/1294 1206/1206/1206 1295/1295/1295
f 1293/1293/1293 1206/1206/1206 1294/1294/1294
f 1664/1664/1664 1289/1289/1289 1288/1288/1288
f 1290/1290/1290 1206/1206/1206 1291/1291/1291
f 1662/1662/1662 1290/1290/1290 1289/1289/1289
f 1292/1292/1292 1291/1291/1291 1206/1206/1206
f 1206/1206/1206 1205/1205/1205 1301/1301/1301
f 1205/1205/1205 1303/1303/1303 1302/1302/1302
f 1205/1205/1205 1302/1302/1302 1301/1301/1301
f 1296/1296/1296 1206/1206/1206 1297/1297/1297
f 1298/1298/1298 1206/1206/1206 1299/1299/1299
f 1297/1297/1297 1206/1206/1206 1298/1298/1298
f 1299/1299/1299 1206/1206/1206 1300/1300/1300
f 1295/1295/1295 1206/1206/1206 1296/1296/1296
f 1666/1666/1666 1287/1287/1287 1286/1286/1286
f 1668/1668/1668 1285/1285/1285 1284/1284/1284
f 1285/1285/1285 1667/1667/1667 1286/1286/1286
f 1671/1671/1671 1283/1283/1283 1282/1282/1282
f 1674/1674/1674 1281/1281/1281 1280/1280/1280
f 1281/1281/1281 1672/1672/1672 1282/1282/1282
f 1283/1283/1283 1669/1669/1669 1284/1284/1284
f 1606/1606/1606 1279/1279/1279 1278/1278/1278
f 1609/1609/1609 1277/1277/1277 1276/1276/1276
f 1277/1277/1277 1608/1608/1608 1278/1278/1278
f 1543/1543/1543 1275/1275/1275 1274/1274/1274
f 1273/1273/1273 1272/1272/1272 1270/1270/1270
f 1273/1273/1273 1544/1544/1544 1274/1274/1274
f 1275/1275/1275 1541/1541/1541 1276/1276/1276
f 1279/1279/1279 1605/1605/1605 1280/1280/1280
f 1287/1287/1287 1665/1665/1665 1288/1288/1288
f 1205/1205/1205 1305/1305/1305 1304/1304/1304
f 1205/1205/1205 1307/1307/1307 1306/1306/1306
f 1205/1205/1205 1306/1306/1306 1305/1305/1305
f 1205/1205/1205 1309/1309/1309 1308/1308/1308
f 1205/1205/1205 1311/1311/1311 1310/1310/1310
f 1205/1205/1205 1310/1310/1310 1309/1309/1309
f 1205/1205/1205 1308/1308/1308 1307/1307/1307
f 1205/1205/1205 1313/1313/1313 1312/1312/1312
f 1315/1315/1315 1314/1314/1314 1205/1205/1205
f 1313/1313/1313 1205/1205/1205 1314/1314/1314
f 1311/1311/1311 1205/1205/1205 1312/1312/1312
f 1205/1205/1205 1316/1316/1316 1315/1315/1315
f 1205/1205/1205 1318/1318/1318 1317/1317/1317
f 1205/1205/1205 1317/1317/1317 1316/1316/1316
f 1319/1319/1319 1318/1318/1318 1205/1205/1205
f 1303/1303/1303 1205/1205/1205 1304/1304/1304
f 1330/1330/1330 1329/1329/1329 1212/1212/1212
f 1215/1215/1215 1328/1328/1328 1327/1327/1327
f 1328/1328/1328 1213/1213/1213 1329/1329/1329
f 1334/1334/1334 1333/1333/1333 1208/1208/1208
f 1332/1332/1332 1331/1331/1331 1211/1211/1211
f 1209/1209/1209 1333/1333/1333 1332/1332/1332
f 1331/1331/1331 1330/1330/1330 1212/1212/1212
f 1205/1205/1205 1322/1322/1322 1321/1321/1321
f 1205/1205/1205 1320/1320/1320 1319/1319/1319
f 1320/1320/1320 1205/1205/1205 1321/1321/1321
f 1217/1217/1217 1326/1326/1326 1325/1325/1325
f 1219/1219/1219 1324/1324/1324 1323/1323/1323
f 1324/1324/1324 1218/1218/1218 1325/1325/1325
f 1220/1220/1220 1323/1323/1323 1322/1322/1322
f 1326/1326/1326 1215/1215/1215 1327/1327/1327
f 1220/1220/1220 1322/1322/1322 1205/1205/1205
f 1300/1300/1300 1206/1206/1206 1301/1301/1301
f 1663/1663/1663 1289/1289/1289 1664/1664/1664
f 1662/1662/1662 1289/1289/1289 1663/1663/1663
f 1598/1598/1598 1597/1597/1597 1681/1681/1681
f 1597/1597/1597 1596/1596/1596 1681/1681/1681
f 1598/1598/1598 1680/1680/1680 1599/1599/1599
f 1681/1681/1681 1680/1680/1680 1598/1598/1598
f 1599/1599/1599 1680/1680/1680 1679/1679/1679
f 1665/1665/1665 1287/1287/1287 1666/1666/1666
f 1666/1666/1666 1286/1286/1286 1667/1667/1667
f 1679/1679/1679 1678/1678/1678 1599/1599/1599
f 1600/1600/1600 1599/1599/1599 1678/1678/1678
f 1678/1678/1678 1677/1677/1677 1600/1600/1600
f 1601/1601/1601 1600/1600/1600 1677/1677/1677
f 1677/1677/1677 1602/1602/1602 1601/1601/1601
f 1664/1664/1664 1288/1288/1288 1665/1665/1665
f 1533/1533/1533 1618/1618/1618 1617/1617/1617
f 1533/1533/1533 1617/1617/1617 1534/1534/1534
f 1616/1616/1616 1534/1534/1534 1617/1617/1617
f 1618/1618/1618 1533/1533/1533 1532/1532/1532
f 1552/1552/1552 1551/1551/1551 1471/1471/1471
f 1535/1535/1535 1534/1534/1534 1616/1616/1616
f 1472/1472/1472 1551/1551/1551 1550/1550/1550
f 1536/1536/1536 1615/1615/1615 1614/1614/1614
f 1616/1616/1616 1615/1615/1615 1535/1535/1535
f 1614/1614/1614 1613/1613/1613 1536/1536/1536
f 1535/1535/1535 1615/1615/1615 1536/1536/1536
f 1537/1537/1537 1613/1613/1613 1538/1538/1538
f 1473/1473/1473 1549/1549/1549 1548/1548/1548
f 1613/1613/1613 1537/1537/1537 1536/1536/1536
f 1473/1473/1473 1550/1550/1550 1549/1549/1549
f 1674/1674/1674 1603/1603/1603 1675/1675/1675
f 1668/1668/1668 1284/1284/1284 1669/1669/1669
f 1603/1603/1603 1602/1602/1602 1676/1676/1676
f 1677/1677/1677 1676/1676/1676 1602/1602/1602
f 1603/1603/1603 1674/1674/1674 1604/1604/1604
f 1676/1676/1676 1675/1675/1675 1603/1603/1603
f 1604/1604/1604 1280/1280/1280 1605/1605/1605
f 1670/1670/1670 1283/1283/1283 1671/1671/1671
f 1281/1281/1281 1673/1673/1673 1672/1672/1672
f 1672/1672/1672 1671/1671/1671 1282/1282/1282
f 1670/1670/1670 1669/1669/1669 1283/1283/1283
f 1606/1606/1606 1278/1278/1278 1607/1607/1607
f 1674/1674/1674 1673/1673/1673 1281/1281/1281
f 1604/1604/1604 1674/1674/1674 1280/1280/1280
f 1606/1606/1606 1605/1605/1605 1279/1279/1279
f 1278/1278/1278 1608/1608/1608 1607/1607/1607
f 1668/1668/1668 1667/1667/1667 1285/1285/1285
f 1611/1611/1611 1538/1538/1538 1612/1612/1612
f 1610/1610/1610 1540/1540/1540 1611/1611/1611
f 1539/1539/1539 1538/1538/1538 1611/1611/1611
f 1545/1545/1545 1476/1476/1476 1546/1546/1546
f 1476/1476/1476 1547/1547/1547 1546/1546/1546
f 1539/1539/1539 1611/1611/1611 1540/1540/1540
f 1613/1613/1613 1612/1612/1612 1538/1538/1538
f 1542/1542/1542 1541/1541/1541 1275/1275/1275
f 1540/1540/1540 1610/1610/1610 1541/1541/1541
f 1541/1541/1541 1609/1609/1609 1276/1276/1276
f 1541/1541/1541 1610/1610/1610 1609/1609/1609
f 1544/1544/1544 1273/1273/1273 1545/1545/1545
f 1544/1544/1544 1543/1543/1543 1274/1274/1274
f 1273/1273/1273 1477/1477/1477 1545/1545/1545
f 1543/1543/1543 1542/1542/1542 1275/1275/1275
f 1609/1609/1609 1608/1608/1608 1277/1277/1277
f 1272/1272/1272 1271/1271/1271 1270/1270/1270
f 1547/1547/1547 1475/1475/1475 1548/1548/1548
f 1334/1334/1334 1208/1208/1208 1271/1271/1271
f 1662/1662/1662 1206/1206/1206 1290/1290/1290
f 1662/1662/1662 1661/1661/1661 1206/1206/1206
f 1553/1553/1553 1552/1552/1552 1470/1470/1470
f 1553/1553/1553 1468/1468/1468 1554/1554/1554
f 1574/1574/1574 1513/1513/1513 1512/1512/1512
f 1571/1571/1571 1515/1515/1515 1514/1514/1514
f 1573/1573/1573 1514/1514/1514 1513/1513/1513
f 1447/1447/1447 1511/1511/1511 1510/1510/1510
f 1449/1449/1449 1509/1509/1509 1508/1508/1508
f 1509/1509/1509 1449/1449/1449 1510/1510/1510
f 1512/1512/1512 1511/1511/1511 1575/1575/1575
f 1568/1568/1568 1519/1519/1519 1518/1518/1518
f 1566/1566/1566 1521/1521/1521 1520/1520/1520
f 1567/1567/1567 1520/1520/1520 1519/1519/1519
f 1506/1506/1506 1451/1451/1451 1507/1507/1507
f 1570/1570/1570 1517/1517/1517 1516/1516/1516
f 1517/1517/1517 1568/1568/1568 1518/1518/1518
f 1507/1507/1507 1451/1451/1451 1508/1508/1508
f 1571/1571/1571 1516/1516/1516 1515/1515/1515
f 1506/1506/1506 1505/1505/1505 1452/1452/1452
f 1504/1504/1504 1453/1453/1453 1505/1505/1505
f 1452/1452/1452 1505/1505/1505 1453/1453/1453
f 1452/1452/1452 1451/1451/1451 1506/1506/1506
f 1448/1448/1448 1510/1510/1510 1449/1449/1449
f 1450/1450/1450 1508/1508/1508 1451/1451/1451
f 1449/1449/1449 1508/1508/1508 1450/1450/1450
f 1448/1448/1448 1447/1447/1447 1510/1510/1510
f 1454/1454/1454 1504/1504/1504 1503/1503/1503
f 1456/1456/1456 1502/1502/1502 1501/1501/1501
f 1502/1502/1502 1456/1456/1456 1503/1503/1503
f 1503/1503/1503 1455/1455/1455 1454/1454/1454
f 1501/1501/1501 1457/1457/1457 1456/1456/1456
f 1503/1503/1503 1456/1456/1456 1455/1455/1455
f 1454/1454/1454 1453/1453/1453 1504/1504/1504
f 1458/1458/1458 1457/1457/1457 1501/1501/1501
f 1447/1447/1447 1203/1203/1203 1511/1511/1511
f 1561/1561/1561 1525/1525/1525 1524/1524/1524
f 1560/1560/1560 1463/1463/1463 1526/1526/1526
f 1560/1560/1560 1526/1526/1526 1525/1525/1525
f 1499/1499/1499 1459/1459/1459 1500/1500/1500
f 1563/1563/1563 1523/1523/1523 1522/1522/1522
f 1523/1523/1523 1563/1563/1563 1524/1524/1524
f 1558/1558/1558 1465/1465/1465 1464/1464/1464
f 1555/1555/1555 1467/1467/1467 1466/1466/1466
f 1557/1557/1557 1466/1466/1466 1465/1465/1465
f 1402/1402/1402 1492/1492/1492 1491/1491/1491
f 1404/1404/1404 1491/1491/1491 1490/1490/1490
f 1555/1555/1555 1468/1468/1468 1467/1467/1467
f 1558/1558/1558 1464/1464/1464 1463/1463/1463
f 1497/1497/1497 1496/1496/1496 1461/1461/1461
f 1399/1399/1399 1462/1462/1462 1496/1496/1496
f 1496/1496/1496 1462/1462/1462 1461/1461/1461
f 1461/1461/1461 1498/1498/1498 1497/1497/1497
f 1499/1499/1499 1498/1498/1498 1459/1459/1459
f 1498/1498/1498 1461/1461/1461 1460/1460/1460
f 1498/1498/1498 1460/1460/1460 1459/1459/1459
f 1459/1459/1459 1458/1458/1458 1500/1500/1500
f 1400/1400/1400 1495/1495/1495 1494/1494/1494
f 1496/1496/1496 1495/1495/1495 1399/1399/1399
f 1494/1494/1494 1493/1493/1493 1400/1400/1400
f 1399/1399/1399 1495/1495/1495 1400/1400/1400
f 1493/1493/1493 1401/1401/1401 1400/1400/1400
f 1402/1402/1402 1491/1491/1491 1403/1403/1403
f 1493/1493/1493 1402/1402/1402 1401/1401/1401
f 1493/1493/1493 1492/1492/1492 1402/1402/1402
f 1500/1500/1500 1458/1458/1458 1501/1501/1501
f 1491/1491/1491 1404/1404/1404 1403/1403/1403
f 1565/1565/1565 1522/1522/1522 1521/1521/1521
f 1445/1445/1445 1444/1444/1444 1386/1386/1386
f 1387/1387/1387 1443/1443/1443 1388/1388/1388
f 1386/1386/1386 1444/1444/1444 1443/1443/1443
f 1389/1389/1389 1388/1388/1388 1442/1442/1442
f 1443/1443/1443 1442/1442/1442 1388/1388/1388
f 1390/1390/1390 1389/1389/1389 1441/1441/1441
f 1442/1442/1442 1441/1441/1441 1389/1389/1389
f 1385/1385/1385 1446/1446/1446 1445/1445/1445
f 1390/1390/1390 1440/1440/1440 1439/1439/1439
f 1393/1393/1393 1438/1438/1438 1437/1437/1437
f 1438/1438/1438 1392/1392/1392 1439/1439/1439
f 1439/1439/1439 1391/1391/1391 1390/1390/1390
f 1438/1438/1438 1393/1393/1393 1392/1392/1392
f 1439/1439/1439 1392/1392/1392 1391/1391/1391
f 1390/1390/1390 1441/1441/1441 1440/1440/1440
f 1393/1393/1393 1437/1437/1437 1436/1436/1436
f 1203/1203/1203 1384/1384/1384 1383/1383/1383
f 1445/1445/1445 1386/1386/1386 1385/1385/1385
f 1384/1384/1384 1446/1446/1446 1385/1385/1385
f 1381/1381/1381 1203/1203/1203 1382/1382/1382
f 1383/1383/1383 1382/1382/1382 1203/1203/1203
f 1203/1203/1203 1381/1381/1381 1380/1380/1380
f 1380/1380/1380 1379/1379/1379 1203/1203/1203
f 1384/1384/1384 1203/1203/1203 1446/1446/1446
f 1203/1203/1203 1378/1378/1378 1377/1377/1377
f 1378/1378/1378 1203/1203/1203 1379/1379/1379
f 1203/1203/1203 1376/1376/1376 1375/1375/1375
f 1203/1203/1203 1374/1374/1374 1373/1373/1373
f 1374/1374/1374 1203/1203/1203 1375/1375/1375
f 1376/1376/1376 1203/1203/1203 1377/1377/1377
f 1373/1373/1373 1372/1372/1372 1203/1203/1203
f 1443/1443/1443 1387/1387/1387 1386/1386/1386
f 1203/1203/1203 1447/1447/1447 1446/1446/1446
f 1435/1435/1435 1434/1434/1434 1396/1396/1396
f 1397/1397/1397 1434/1434/1434 1433/1433/1433
f 1397/1397/1397 1396/1396/1396 1434/1434/1434
f 1432/1432/1432 1398/1398/1398 1397/1397/1397
f 1398/1398/1398 1432/1432/1432 1431/1431/1431
f 1431/1431/1431 1335/1335/1335 1398/1398/1398
f 1433/1433/1433 1432/1432/1432 1397/1397/1397
f 1395/1395/1395 1436/1436/1436 1435/1435/1435
f 1337/1337/1337 1429/1429/1429 1428/1428/1428
f 1427/1427/1427 1426/1426/1426 1340/1340/1340
f 1338/1338/1338 1428/1428/1428 1427/1427/1427
f 1430/1430/1430 1336/1336/1336 1335/1335/1335
f 1429/1429/1429 1337/1337/1337 1430/1430/1430
f 1336/1336/1336 1430/1430/1430 1337/1337/1337
f 1431/1431/1431 1430/1430/1430 1335/1335/1335
f 1428/1428/1428 1338/1338/1338 1337/1337/1337
f 1435/1435/1435 1396/1396/1396 1395/1395/1395
f 1436/1436/1436 1395/1395/1395 1394/1394/1394
f 1203/1203/1203 1371/1371/1371 1370/1370/1370
f 1203/1203/1203 1369/1369/1369 1368/1368/1368
f 1369/1369/1369 1203/1203/1203 1370/1370/1370
f 1371/1371/1371 1203/1203/1203 1372/1372/1372
f 1427/1427/1427 1339/1339/1339 1338/1338/1338
f 1425/1425/1425 1340/1340/1340 1426/1426/1426
f 1427/1427/1427 1340/1340/1340 1339/1339/1339
f 1203/1203/1203 1367/1367/1367 1366/1366/1366
f 1203/1203/1203 1365/1365/1365 1364/1364/1364
f 1203/1203/1203 1364/1364/1364 1363/1363/1363
f 1365/1365/1365 1203/1203/1203 1366/1366/1366
f 1203/1203/1203 1363/1363/1363 1362/1362/1362
f 1367/1367/1367 1203/1203/1203 1368/1368/1368
f 1394/1394/1394 1393/1393/1393 1436/1436/1436
f 1362/1362/1362 1361/1361/1361 1203/1203/1203
f 1511/1511/1511 1203/1203/1203 1575/1575/1575
f 1471/1471/1471 1470/1470/1470 1552/1552/1552
f 1472/1472/1472 1471/1471/1471 1551/1551/1551
f 1405/1405/1405 1404/1404/1404 1489/1489/1489
f 1489/1489/1489 1406/1406/1406 1405/1405/1405
f 1488/1488/1488 1406/1406/1406 1489/1489/1489
f 1489/1489/1489 1404/1404/1404 1490/1490/1490
f 1406/1406/1406 1488/1488/1488 1487/1487/1487
f 1474/1474/1474 1473/1473/1473 1548/1548/1548
f 1475/1475/1475 1474/1474/1474 1548/1548/1548
f 1486/1486/1486 1407/1407/1407 1487/1487/1487
f 1406/1406/1406 1487/1487/1487 1407/1407/1407
f 1485/1485/1485 1408/1408/1408 1486/1486/1486
f 1407/1407/1407 1486/1486/1486 1408/1408/1408
f 1408/1408/1408 1485/1485/1485 1409/1409/1409
f 1473/1473/1473 1472/1472/1472 1550/1550/1550
f 1342/1342/1342 1341/1341/1341 1425/1425/1425
f 1343/1343/1343 1342/1342/1342 1424/1424/1424
f 1425/1425/1425 1424/1424/1424 1342/1342/1342
f 1360/1360/1360 1203/1203/1203 1361/1361/1361
f 1359/1359/1359 1253/1253/1253 1360/1360/1360
f 1425/1425/1425 1341/1341/1341 1340/1340/1340
f 1423/1423/1423 1343/1343/1343 1424/1424/1424
f 1344/1344/1344 1423/1423/1423 1422/1422/1422
f 1421/1421/1421 1344/1344/1344 1422/1422/1422
f 1343/1343/1343 1423/1423/1423 1344/1344/1344
f 1346/1346/1346 1345/1345/1345 1421/1421/1421
f 1357/1357/1357 1254/1254/1254 1358/1358/1358
f 1421/1421/1421 1345/1345/1345 1344/1344/1344
f 1485/1485/1485 1484/1484/1484 1409/1409/1409
f 1358/1358/1358 1253/1253/1253 1359/1359/1359
f 1482/1482/1482 1412/1412/1412 1483/1483/1483
f 1477/1477/1477 1476/1476/1476 1545/1545/1545
f 1483/1483/1483 1411/1411/1411 1410/1410/1410
f 1410/1410/1410 1409/1409/1409 1484/1484/1484
f 1411/1411/1411 1483/1483/1483 1412/1412/1412
f 1410/1410/1410 1484/1484/1484 1483/1483/1483
f 1481/1481/1481 1412/1412/1412 1482/1482/1482
f 1269/1269/1269 1478/1478/1478 1477/1477/1477
f 1480/1480/1480 1479/1479/1479 1267/1267/1267
f 1268/1268/1268 1479/1479/1479 1478/1478/1478
f 1413/1413/1413 1481/1481/1481 1266/1266/1266
f 1412/1412/1412 1481/1481/1481 1413/1413/1413
f 1265/1265/1265 1414/1414/1414 1413/1413/1413
f 1481/1481/1481 1480/1480/1480 1267/1267/1267
f 1414/1414/1414 1264/1264/1264 1415/1415/1415
f 1477/1477/1477 1273/1273/1273 1269/1269/1269
f 1347/1347/1347 1420/1420/1420 1419/1419/1419
f 1419/1419/1419 1418/1418/1418 1348/1348/1348
f 1346/1346/1346 1420/1420/1420 1347/1347/1347
f 1355/1355/1355 1256/1256/1256 1356/1356/1356
f 1419/1419/1419 1348/1348/1348 1347/1347/1347
f 1262/1262/1262 1418/1418/1418 1417/1417/1417
f 1348/1348/1348 1261/1261/1261 1349/1349/1349
f 1418/1418/1418 1262/1262/1262 1348/1348/1348
f 1261/1261/1261 1350/1350/1350 1349/1349/1349
f 1416/1416/1416 1263/1263/1263 1417/1417/1417
f 1258/1258/1258 1354/1354/1354 1353/1353/1353
f 1259/1259/1259 1352/1352/1352 1351/1351/1351
f 1352/1352/1352 1259/1259/1259 1353/1353/1353
f 1415/1415/1415 1264/1264/1264 1416/1416/1416
f 1354/1354/1354 1257/1257/1257 1355/1355/1355
f 1420/1420/1420 1346/1346/1346 1421/1421/1421
f 1351/1351/1351 1350/1350/1350 1260/1260/1260
f 1356/1356/1356 1255/1255/1255 1357/1357/1357
f 1476/1476/1476 1475/1475/1475 1547/1547/1547
f 1350/1350/1350 1261/1261/1261 1260/1260/1260
f 1417/1417/1417 1263/1263/1263 1262/1262/1262
f 1348/1348/1348 1262/1262/1262 1261/1261/1261
f 1355/1355/1355 1257/1257/1257 1256/1256/1256
f 1353/1353/1353 1259/1259/1259 1258/1258/1258
f 1354/1354/1354 1258/1258/1258 1257/1257/1257
f 1259/1259/1259 1351/1351/1351 1260/1260/1260
f 1478/1478/1478 1269/1269/1269 1268/1268/1268
f 1270/1270/1270 1271/1271/1271 1207/1207/1207
f 1269/1269/1269 1273/1273/1273 1270/1270/1270
f 1414/1414/1414 1265/1265/1265 1264/1264/1264
f 1481/1481/1481 1267/1267/1267 1266/1266/1266
f 1413/1413/1413 1266/1266/1266 1265/1265/1265
f 1267/1267/1267 1479/1479/1479 1268/1268/1268
f 1416/1416/1416 1264/1264/1264 1263/1263/1263
f 1357/1357/1357 1255/1255/1255 1254/1254/1254
f 1360/1360/1360 1253/1253/1253 1252/1252/1252
f 1253/1253/1253 1358/1358/1358 1254/1254/1254
f 1251/1251/1251 1203/1203/1203 1252/1252/1252
f 1249/1249/1249 1203/1203/1203 1250/1250/1250
f 1251/1251/1251 1250/1250/1250 1203/1203/1203
f 1360/1360/1360 1252/1252/1252 1203/1203/1203
f 1247/1247/1247 1203/1203/1203 1248/1248/1248
f 1245/1245/1245 1203/1203/1203 1246/1246/1246
f 1247/1247/1247 1246/1246/1246 1203/1203/1203
f 1203/1203/1203 1243/1243/1243 1242/1242/1242
f 1204/1204/1204 1241/1241/1241 1240/1240/1240
f 1242/1242/1242 1241/1241/1241 1203/1203/1203
f 1245/1245/1245 1244/1244/1244 1203/1203/1203
f 1249/1249/1249 1248/1248/1248 1203/1203/1203
f 1255/1255/1255 1356/1356/1356 1256/1256/1256
f 1208/1208/1208 1333/1333/1333 1209/1209/1209
f 1210/1210/1210 1332/1332/1332 1211/1211/1211
f 1209/1209/1209 1332/1332/1332 1210/1210/1210
f 1212/1212/1212 1329/1329/1329 1213/1213/1213
f 1328/1328/1328 1215/1215/1215 1214/1214/1214
f 1328/1328/1328 1214/1214/1214 1213/1213/1213
f 1211/1211/1211 1331/1331/1331 1212/1212/1212
f 1326/1326/1326 1217/1217/1217 1216/1216/1216
f 1324/1324/1324 1219/1219/1219 1218/1218/1218
f 1325/1325/1325 1218/1218/1218 1217/1217/1217
f 1204/1204/1204 1221/1221/1221 1220/1220/1220
f 1204/1204/1204 1223/1223/1223 1222/1222/1222
f 1204/1204/1204 1222/1222/1222 1221/1221/1221
f 1323/1323/1323 1220/1220/1220 1219/1219/1219
f 1326/1326/1326 1216/1216/1216 1215/1215/1215
f 1204/1204/1204 1235/1235/1235 1234/1234/1234
f 1204/1204/1204 1233/1233/1233 1232/1232/1232
f 1233/1233/1233 1204/1204/1204 1234/1234/1234
f 1204/1204/1204 1239/1239/1239 1238/1238/1238
f 1204/1204/1204 1237/1237/1237 1236/1236/1236
f 1237/1237/1237 1204/1204/1204 1238/1238/1238
f 1204/1204/1204 1236/1236/1236 1235/1235/1235
f 1204/1204/1204 1227/1227/1227 1226/1226/1226
f 1204/1204/1204 1225/1225/1225 1224/1224/1224
f 1225/1225/1225 1204/1204/1204 1226/1226/1226
f 1204/1204/1204 1231/1231/1231 1230/1230/1230
f 1204/1204/1204 1229/1229/1229 1228/1228/1228
f 1230/1230/1230 1229/1229/1229 1204/1204/1204
f 1227/1227/1227 1204/1204/1204 1228/1228/1228
f 1204/1204/1204 1232/1232/1232 1231/1231/1231
f 1223/1223/1223 1204/1204/1204 1224/1224/1224
f 1204/1204/1204 1240/1240/1240 1239/1239/1239
f 1205/1205/1205 1204/1204/1204 1220/1220/1220
f 1241/1241/1241 1204/1204/1204 1203/1203/1203
f 1207/1207/1207 1271/1271/1271 1208/1208/1208
f 1244/1244/1244 1243/1243/1243 1203/1203/1203
f 1469/1469/1469 1553/1553/1553 1470/1470/1470
f 1553/1553/1553 1469/1469/1469 1468/1468/1468
f 2221/2221/2221 1722/1722/1722 2220/2220/2220
f 2219/2219/2219 2220/2220/2220 1722/1722/1722
f 1722/1722/1722 2221/2221/2221 2222/2222/2222
f 2223/2223/2223 1722/1722/1722 2222/2222/2222
f 1722/1722/1722 2218/2218/2218 2219/2219/2219
f 2157/2157/2157 2216/2216/2216 2217/2217/2217
f 2156/2156/2156 2157/2157/2157 2217/2217/2217
f 2218/2218/2218 2156/2156/2156 2217/2217/2217
f 1722/1722/1722 2226/2226/2226 2227/2227/2227
f 1722/1722/1722 2228/2228/2228 2229/2229/2229
f 1722/1722/1722 2227/2227/2227 2228/2228/2228
f 1722/1722/1722 2224/2224/2224 2225/2225/2225
f 1722/1722/1722 2223/2223/2223 2224/2224/2224
f 2225/2225/2225 2226/2226/2226 1722/1722/1722
f 2215/2215/2215 2216/2216/2216 2159/2159/2159
f 2230/2230/2230 1722/1722/1722 2229/2229/2229
f 2160/2160/2160 2161/2161/2161 2213/2213/2213
f 2161/2161/2161 2162/2162/2162 2213/2213/2213
f 2212/2212/2212 2213/2213/2213 2162/2162/2162
f 2160/2160/2160 2213/2213/2213 2214/2214/2214
f 2158/2158/2158 2159/2159/2159 2216/2216/2216
f 2214/2214/2214 2159/2159/2159 2160/2160/2160
f 2215/2215/2215 2159/2159/2159 2214/2214/2214
f 2158/2158/2158 2216/2216/2216 2157/2157/2157
f 2163/2163/2163 2210/2210/2210 2211/2211/2211
f 2209/2209/2209 2166/2166/2166 2208/2208/2208
f 2209/2209/2209 2210/2210/2210 2164/2164/2164
f 2212/2212/2212 2163/2163/2163 2211/2211/2211
f 2209/2209/2209 2164/2164/2164 2165/2165/2165
f 2210/2210/2210 2163/2163/2163 2164/2164/2164
f 2163/2163/2163 2212/2212/2212 2162/2162/2162
f 2165/2165/2165 2166/2166/2166 2209/2209/2209
f 2156/2156/2156 2218/2218/2218 1722/1722/1722
f 1722/1722/1722 2232/2232/2232 2233/2233/2233
f 1722/1722/1722 2234/2234/2234 2171/2171/2171
f 1722/1722/1722 2233/2233/2233 2234/2234/2234
f 1722/1722/1722 2230/2230/2230 2231/2231/2231
f 2167/2167/2167 2206/2206/2206 2207/2207/2207
f 2231/2231/2231 2232/2232/2232 1722/1722/1722
f 1722/1722/1722 2172/2172/2172 2173/2173/2173
f 1722/1722/1722 2174/2174/2174 2175/2175/2175
f 1722/1722/1722 2173/2173/2173 2174/2174/2174
f 2111/2111/2111 2199/2199/2199 2200/2200/2200
f 2198/2198/2198 2199/2199/2199 2111/2111/2111
f 1722/1722/1722 2175/2175/2175 2176/2176/2176
f 1722/1722/1722 2171/2171/2171 2172/2172/2172
f 2204/2204/2204 2205/2205/2205 2170/2170/2170
f 2169/2169/2169 2170/2170/2170 2205/2205/2205
f 2204/2204/2204 2107/2107/2107 2203/2203/2203
f 2107/2107/2107 2204/2204/2204 2170/2170/2170
f 2167/2167/2167 2168/2168/2168 2206/2206/2206
f 2205/2205/2205 2168/2168/2168 2169/2169/2169
f 2206/2206/2206 2168/2168/2168 2205/2205/2205
f 2207/2207/2207 2208/2208/2208 2167/2167/2167
f 2108/2108/2108 2202/2202/2202 2107/2107/2107
f 2203/2203/2203 2107/2107/2107 2202/2202/2202
f 2109/2109/2109 2201/2201/2201 2108/2108/2108
f 2202/2202/2202 2108/2108/2108 2201/2201/2201
f 2201/2201/2201 2109/2109/2109 2110/2110/2110
f 2111/2111/2111 2112/2112/2112 2198/2198/2198
f 2110/2110/2110 2111/2111/2111 2200/2200/2200
f 2110/2110/2110 2200/2200/2200 2201/2201/2201
f 2208/2208/2208 2166/2166/2166 2167/2167/2167
f 2112/2112/2112 2197/2197/2197 2198/2198/2198
f 2177/2177/2177 1722/1722/1722 2176/2176/2176
f 1722/1722/1722 2155/2155/2155 2156/2156/2156
f 2153/2153/2153 2093/2093/2093 2152/2152/2152
f 2154/2154/2154 2155/2155/2155 2092/2092/2092
f 2151/2151/2151 2095/2095/2095 2150/2150/2150
f 2149/2149/2149 2097/2097/2097 2148/2148/2148
f 2096/2096/2096 2149/2149/2149 2150/2150/2150
f 2095/2095/2095 2151/2151/2151 2152/2152/2152
f 2098/2098/2098 2147/2147/2147 2148/2148/2148
f 2100/2100/2100 2145/2145/2145 2146/2146/2146
f 2146/2146/2146 2147/2147/2147 2100/2100/2100
f 2147/2147/2147 2098/2098/2098 2099/2099/2099
f 2145/2145/2145 2100/2100/2100 2101/2101/2101
f 2147/2147/2147 2099/2099/2099 2100/2100/2100
f 2097/2097/2097 2098/2098/2098 2148/2148/2148
f 2102/2102/2102 2145/2145/2145 2101/2101/2101
f 2092/2092/2092 2153/2153/2153 2154/2154/2154
f 2153/2153/2153 2092/2092/2092 2093/2093/2093
f 2152/2152/2152 2094/2094/2094 2095/2095/2095
f 2152/2152/2152 2093/2093/2093 2094/2094/2094
f 2091/2091/2091 2028/2028/2028 2090/2090/2090
f 2030/2030/2030 2088/2088/2088 2089/2089/2089
f 2089/2089/2089 2090/2090/2090 2029/2029/2029
f 2091/2091/2091 2092/2092/2092 2155/2155/2155
f 2086/2086/2086 2087/2087/2087 2032/2032/2032
f 2149/2149/2149 2096/2096/2096 2097/2097/2097
f 2033/2033/2033 2084/2084/2084 2085/2085/2085
f 2036/2036/2036 2082/2082/2082 2083/2083/2083
f 2083/2083/2083 2084/2084/2084 2035/2035/2035
f 2085/2085/2085 2086/2086/2086 2033/2033/2033
f 2087/2087/2087 2088/2088/2088 2030/2030/2030
f 2150/2150/2150 2095/2095/2095 2096/2096/2096
f 2091/2091/2091 2155/2155/2155 1722/1722/1722
f 2103/2103/2103 2104/2104/2104 2143/2143/2143
f 2104/2104/2104 2141/2141/2141 2142/2142/2142
f 2142/2142/2142 2143/2143/2143 2104/2104/2104
f 2141/2141/2141 2105/2105/2105 2140/2140/2140
f 2043/2043/2043 2140/2140/2140 2106/2106/2106
f 2105/2105/2105 2106/2106/2106 2140/2140/2140
f 2104/2104/2104 2105/2105/2105 2141/2141/2141
f 2102/2102/2102 2143/2143/2143 2144/2144/2144
f 2045/2045/2045 2137/2137/2137 2138/2138/2138
f 2136/2136/2136 2046/2046/2046 2135/2135/2135
f 2046/2046/2046 2136/2136/2136 2137/2137/2137
f 2138/2138/2138 2043/2043/2043 2044/2044/2044
f 2140/2140/2140 2043/2043/2043 2139/2139/2139
f 2044/2044/2044 2045/2045/2045 2138/2138/2138
f 2043/2043/2043 2138/2138/2138 2139/2139/2139
f 2137/2137/2137 2045/2045/2045 2046/2046/2046
f 2145/2145/2145 2102/2102/2102 2144/2144/2144
f 2080/2080/2080 2081/2081/2081 2038/2038/2038
f 2143/2143/2143 2102/2102/2102 2103/2103/2103
f 2040/2040/2040 2078/2078/2078 2079/2079/2079
f 2041/2041/2041 2076/2076/2076 2077/2077/2077
f 2077/2077/2077 2078/2078/2078 2040/2040/2040
f 2079/2079/2079 2080/2080/2080 2038/2038/2038
f 2135/2135/2135 2046/2046/2046 2047/2047/2047
f 2134/2134/2134 2135/2135/2135 2047/2047/2047
f 1979/1979/1979 2074/2074/2074 2075/2075/2075
f 1982/1982/1982 2072/2072/2072 2073/2073/2073
f 1982/1982/1982 2071/2071/2071 2072/2072/2072
f 2073/2073/2073 2074/2074/2074 1981/1981/1981
f 1984/1984/1984 2070/2070/2070 2071/2071/2071
f 2075/2075/2075 2076/2076/2076 1979/1979/1979
f 2081/2081/2081 2082/2082/2082 2037/2037/2037
f 1719/1719/1719 2091/2091/2091 1722/1722/1722
f 2134/2134/2134 2047/2047/2047 2048/2048/2048
f 1808/1808/1808 1809/1809/1809 1722/1722/1722
f 1810/1810/1810 1811/1811/1811 1722/1722/1722
f 1809/1809/1809 1810/1810/1810 1722/1722/1722
f 2180/2180/2180 1804/1804/1804 1805/1805/1805
f 1806/1806/1806 1807/1807/1807 1722/1722/1722
f 2178/2178/2178 1805/1805/1805 1806/1806/1806
f 1808/1808/1808 1722/1722/1722 1807/1807/1807
f 1722/1722/1722 1817/1817/1817 1721/1721/1721
f 1721/1721/1721 1818/1818/1818 1819/1819/1819
f 1721/1721/1721 1817/1817/1817 1818/1818/1818
f 1812/1812/1812 1813/1813/1813 1722/1722/1722
f 1814/1814/1814 1815/1815/1815 1722/1722/1722
f 1813/1813/1813 1814/1814/1814 1722/1722/1722
f 1815/1815/1815 1816/1816/1816 1722/1722/1722
f 1811/1811/1811 1812/1812/1812 1722/1722/1722
f 2182/2182/2182 1802/1802/1802 1803/1803/1803
f 2184/2184/2184 1800/1800/1800 1801/1801/1801
f 1801/1801/1801 1802/1802/1802 2183/2183/2183
f 2187/2187/2187 1798/1798/1798 1799/1799/1799
f 2190/2190/2190 1796/1796/1796 1797/1797/1797
f 1797/1797/1797 1798/1798/1798 2188/2188/2188
f 1799/1799/1799 1800/1800/1800 2185/2185/2185
f 2122/2122/2122 1794/1794/1794 1795/1795/1795
f 2125/2125/2125 1792/1792/1792 1793/1793/1793
f 1793/1793/1793 1794/1794/1794 2124/2124/2124
f 2059/2059/2059 1790/1790/1790 1791/1791/1791
f 1789/1789/1789 1786/1786/1786 1788/1788/1788
f 1789/1789/1789 1790/1790/1790 2060/2060/2060
f 1791/1791/1791 1792/1792/1792 2057/2057/2057
f 1795/1795/1795 1796/1796/1796 2121/2121/2121
f 1803/1803/1803 1804/1804/1804 2181/2181/2181
f 1721/1721/1721 1820/1820/1820 1821/1821/1821
f 1721/1721/1721 1822/1822/1822 1823/1823/1823
f 1721/1721/1721 1821/1821/1821 1822/1822/1822
f 1721/1721/1721 1824/1824/1824 1825/1825/1825
f 1721/1721/1721 1826/1826/1826 1827/1827/1827
f 1721/1721/1721 1825/1825/1825 1826/1826/1826
f 1721/1721/1721 1823/1823/1823 1824/1824/1824
f 1721/1721/1721 1828/1828/1828 1829/1829/1829
f 1831/1831/1831 1721/1721/1721 1830/1830/1830
f 1829/1829/1829 1830/1830/1830 1721/1721/1721
f 1827/1827/1827 1828/1828/1828 1721/1721/1721
f 1721/1721/1721 1831/1831/1831 1832/1832/1832
f 1721/1721/1721 1833/1833/1833 1834/1834/1834
f 1721/1721/1721 1832/1832/1832 1833/1833/1833
f 1835/1835/1835 1721/1721/1721 1834/1834/1834
f 1819/1819/1819 1820/1820/1820 1721/1721/1721
f 1846/1846/1846 1728/1728/1728 1845/1845/1845
f 1731/1731/1731 1843/1843/1843 1844/1844/1844
f 1844/1844/1844 1845/1845/1845 1729/1729/1729
f 1850/1850/1850 1724/1724/1724 1849/1849/1849
f 1848/1848/1848 1727/1727/1727 1847/1847/1847
f 1725/1725/1725 1848/1848/1848 1849/1849/1849
f 1847/1847/1847 1728/1728/1728 1846/1846/1846
f 1721/1721/1721 1837/1837/1837 1838/1838/1838
f 1721/1721/1721 1835/1835/1835 1836/1836/1836
f 1836/1836/1836 1837/1837/1837 1721/1721/1721
f 1733/1733/1733 1841/1841/1841 1842/1842/1842
f 1735/1735/1735 1839/1839/1839 1840/1840/1840
f 1840/1840/1840 1841/1841/1841 1734/1734/1734
f 1736/1736/1736 1838/1838/1838 1839/1839/1839
f 1842/1842/1842 1843/1843/1843 1731/1731/1731
f 1736/1736/1736 1721/1721/1721 1838/1838/1838
f 1816/1816/1816 1817/1817/1817 1722/1722/1722
f 2179/2179/2179 2180/2180/2180 1805/1805/1805
f 2178/2178/2178 2179/2179/2179 1805/1805/1805
f 2114/2114/2114 2197/2197/2197 2113/2113/2113
f 2113/2113/2113 2197/2197/2197 2112/2112/2112
f 2114/2114/2114 2115/2115/2115 2196/2196/2196
f 2197/2197/2197 2114/2114/2114 2196/2196/2196
f 2115/2115/2115 2195/2195/2195 2196/2196/2196
f 2181/2181/2181 2182/2182/2182 1803/1803/1803
f 2182/2182/2182 2183/2183/2183 1802/1802/1802
f 2195/2195/2195 2115/2115/2115 2194/2194/2194
f 2116/2116/2116 2194/2194/2194 2115/2115/2115
f 2194/2194/2194 2116/2116/2116 2193/2193/2193
f 2117/2117/2117 2193/2193/2193 2116/2116/2116
f 2193/2193/2193 2117/2117/2117 2118/2118/2118
f 2180/2180/2180 2181/2181/2181 1804/1804/1804
f 2049/2049/2049 2133/2133/2133 2134/2134/2134
f 2049/2049/2049 2050/2050/2050 2133/2133/2133
f 2132/2132/2132 2133/2133/2133 2050/2050/2050
f 2134/2134/2134 2048/2048/2048 2049/2049/2049
f 2068/2068/2068 1987/1987/1987 2067/2067/2067
f 2051/2051/2051 2132/2132/2132 2050/2050/2050
f 1988/1988/1988 2066/2066/2066 2067/2067/2067
f 2052/2052/2052 2130/2130/2130 2131/2131/2131
f 2132/2132/2132 2051/2051/2051 2131/2131/2131
f 2130/2130/2130 2052/2052/2052 2129/2129/2129
f 2051/2051/2051 2052/2052/2052 2131/2131/2131
f 2053/2053/2053 2054/2054/2054 2129/2129/2129
f 1989/1989/1989 2064/2064/2064 2065/2065/2065
f 2129/2129/2129 2052/2052/2052 2053/2053/2053
f 1989/1989/1989 2065/2065/2065 2066/2066/2066
f 2190/2190/2190 2191/2191/2191 2119/2119/2119
f 2184/2184/2184 2185/2185/2185 1800/1800/1800
f 2119/2119/2119 2192/2192/2192 2118/2118/2118
f 2193/2193/2193 2118/2118/2118 2192/2192/2192
f 2119/2119/2119 2120/2120/2120 2190/2190/2190
f 2192/2192/2192 2119/2119/2119 2191/2191/2191
f 2120/2120/2120 2121/2121/2121 1796/1796/1796
f 2186/2186/2186 2187/2187/2187 1799/1799/1799
f 1797/1797/1797 2188/2188/2188 2189/2189/2189
f 2188/2188/2188 1798/1798/1798 2187/2187/2187
f 2186/2186/2186 1799/1799/1799 2185/2185/2185
f 2122/2122/2122 2123/2123/2123 1794/1794/1794
f 2190/2190/2190 1797/1797/1797 2189/2189/2189
f 2120/2120/2120 1796/1796/1796 2190/2190/2190
f 2122/2122/2122 1795/1795/1795 2121/2121/2121
f 1794/1794/1794 2123/2123/2123 2124/2124/2124
f 2184/2184/2184 1801/1801/1801 2183/2183/2183
f 2127/2127/2127 2128/2128/2128 2054/2054/2054
f 2126/2126/2126 2127/2127/2127 2056/2056/2056
f 2055/2055/2055 2127/2127/2127 2054/2054/2054
f 2061/2061/2061 2062/2062/2062 1992/1992/1992
f 1992/1992/1992 2062/2062/2062 2063/2063/2063
f 2055/2055/2055 2056/2056/2056 2127/2127/2127
f 2129/2129/2129 2054/2054/2054 2128/2128/2128
f 2058/2058/2058 1791/1791/1791 2057/2057/2057
f 2056/2056/2056 2057/2057/2057 2126/2126/2126
f 2057/2057/2057 1792/1792/1792 2125/2125/2125
f 2057/2057/2057 2125/2125/2125 2126/2126/2126
f 2060/2060/2060 2061/2061/2061 1789/1789/1789
f 2060/2060/2060 1790/1790/1790 2059/2059/2059
f 1789/1789/1789 2061/2061/2061 1993/1993/1993
f 2059/2059/2059 1791/1791/1791 2058/2058/2058
f 2125/2125/2125 1793/1793/1793 2124/2124/2124
f 1788/1788/1788 1786/1786/1786 1787/1787/1787
f 2063/2063/2063 2064/2064/2064 1991/1991/1991
f 1850/1850/1850 1787/1787/1787 1724/1724/1724
f 2178/2178/2178 1806/1806/1806 1722/1722/1722
f 2178/2178/2178 1722/1722/1722 2177/2177/2177
f 2069/2069/2069 1986/1986/1986 2068/2068/2068
f 2069/2069/2069 2070/2070/2070 1984/1984/1984
f 2090/2090/2090 2028/2028/2028 2029/2029/2029
f 2087/2087/2087 2030/2030/2030 2031/2031/2031
f 2089/2089/2089 2029/2029/2029 2030/2030/2030
f 1963/1963/1963 2026/2026/2026 2027/2027/2027
f 1965/1965/1965 2024/2024/2024 2025/2025/2025
f 2025/2025/2025 2026/2026/2026 1965/1965/1965
f 2028/2028/2028 2091/2091/2091 2027/2027/2027
f 2084/2084/2084 2034/2034/2034 2035/2035/2035
f 2082/2082/2082 2036/2036/2036 2037/2037/2037
f 2083/2083/2083 2035/2035/2035 2036/2036/2036
f 2022/2022/2022 2023/2023/2023 1967/1967/1967
f 2086/2086/2086 2032/2032/2032 2033/2033/2033
f 2033/2033/2033 2034/2034/2034 2084/2084/2084
f 2023/2023/2023 2024/2024/2024 1967/1967/1967
f 2087/2087/2087 2031/2031/2031 2032/2032/2032
f 2022/2022/2022 1968/1968/1968 2021/2021/2021
f 2020/2020/2020 2021/2021/2021 1969/1969/1969
f 1968/1968/1968 1969/1969/1969 2021/2021/2021
f 1968/1968/1968 2022/2022/2022 1967/1967/1967
f 1964/1964/1964 1965/1965/1965 2026/2026/2026
f 1966/1966/1966 1967/1967/1967 2024/2024/2024
f 1965/1965/1965 1966/1966/1966 2024/2024/2024
f 1964/1964/1964 2026/2026/2026 1963/1963/1963
f 1970/1970/1970 2019/2019/2019 2020/2020/2020
f 1972/1972/1972 2017/2017/2017 2018/2018/2018
f 2018/2018/2018 2019/2019/2019 1972/1972/1972
f 2019/2019/2019 1970/1970/1970 1971/1971/1971
f 2017/2017/2017 1972/1972/1972 1973/1973/1973
f 2019/2019/2019 1971/1971/1971 1972/1972/1972
f 1970/1970/1970 2020/2020/2020 1969/1969/1969
f 1974/1974/1974 2017/2017/2017 1973/1973/1973
f 1963/1963/1963 2027/2027/2027 1719/1719/1719
f 2077/2077/2077 2040/2040/2040 2041/2041/2041
f 2076/2076/2076 2042/2042/2042 1979/1979/1979
f 2076/2076/2076 2041/2041/2041 2042/2042/2042
f 2015/2015/2015 2016/2016/2016 1975/1975/1975
f 2079/2079/2079 2038/2038/2038 2039/2039/2039
f 2039/2039/2039 2040/2040/2040 2079/2079/2079
f 2074/2074/2074 1980/1980/1980 1981/1981/1981
f 2071/2071/2071 1982/1982/1982 1983/1983/1983
f 2073/2073/2073 1981/1981/1981 1982/1982/1982
f 1918/1918/1918 2007/2007/2007 2008/2008/2008
f 1920/1920/1920 2006/2006/2006 2007/2007/2007
f 2071/2071/2071 1983/1983/1983 1984/1984/1984
f 2074/2074/2074 1979/1979/1979 1980/1980/1980
f 2013/2013/2013 1977/1977/1977 2012/2012/2012
f 1915/1915/1915 2012/2012/2012 1978/1978/1978
f 2012/2012/2012 1977/1977/1977 1978/1978/1978
f 1977/1977/1977 2013/2013/2013 2014/2014/2014
f 2015/2015/2015 1975/1975/1975 2014/2014/2014
f 2014/2014/2014 1976/1976/1976 1977/1977/1977
f 2014/2014/2014 1975/1975/1975 1976/1976/1976
f 1975/1975/1975 2016/2016/2016 1974/1974/1974
f 1916/1916/1916 2010/2010/2010 2011/2011/2011
f 2012/2012/2012 1915/1915/1915 2011/2011/2011
f 2010/2010/2010 1916/1916/1916 2009/2009/2009
f 1915/1915/1915 1916/1916/1916 2011/2011/2011
f 2009/2009/2009 1916/1916/1916 1917/1917/1917
f 1918/1918/1918 1919/1919/1919 2007/2007/2007
f 2009/2009/2009 1917/1917/1917 1918/1918/1918
f 2009/2009/2009 1918/1918/1918 2008/2008/2008
f 2016/2016/2016 2017/2017/2017 1974/1974/1974
f 2007/2007/2007 1919/1919/1919 1920/1920/1920
f 2081/2081/2081 2037/2037/2037 2038/2038/2038
f 1961/1961/1961 1902/1902/1902 1960/1960/1960
f 1903/1903/1903 1904/1904/1904 1959/1959/1959
f 1902/1902/1902 1959/1959/1959 1960/1960/1960
f 1905/1905/1905 1958/1958/1958 1904/1904/1904
f 1959/1959/1959 1904/1904/1904 1958/1958/1958
f 1906/1906/1906 1957/1957/1957 1905/1905/1905
f 1958/1958/1958 1905/1905/1905 1957/1957/1957
f 1901/1901/1901 1961/1961/1961 1962/1962/1962
f 1906/1906/1906 1955/1955/1955 1956/1956/1956
f 1909/1909/1909 1953/1953/1953 1954/1954/1954
f 1954/1954/1954 1955/1955/1955 1908/1908/1908
f 1955/1955/1955 1906/1906/1906 1907/1907/1907
f 1954/1954/1954 1908/1908/1908 1909/1909/1909
f 1955/1955/1955 1907/1907/1907 1908/1908/1908
f 1906/1906/1906 1956/1956/1956 1957/1957/1957
f 1909/1909/1909 1952/1952/1952 1953/1953/1953
f 1719/1719/1719 1899/1899/1899 1900/1900/1900
f 1961/1961/1961 1901/1901/1901 1902/1902/1902
f 1900/1900/1900 1901/1901/1901 1962/1962/1962
f 1897/1897/1897 1898/1898/1898 1719/1719/1719
f 1899/1899/1899 1719/1719/1719 1898/1898/1898
f 1719/1719/1719 1896/1896/1896 1897/1897/1897
f 1896/1896/1896 1719/1719/1719 1895/1895/1895
f 1900/1900/1900 1962/1962/1962 1719/1719/1719
f 1719/1719/1719 1893/1893/1893 1894/1894/1894
f 1894/1894/1894 1895/1895/1895 1719/1719/1719
f 1719/1719/1719 1891/1891/1891 1892/1892/1892
f 1719/1719/1719 1889/1889/1889 1890/1890/1890
f 1890/1890/1890 1891/1891/1891 1719/1719/1719
f 1892/1892/1892 1893/1893/1893 1719/1719/1719
f 1889/1889/1889 1719/1719/1719 1888/1888/1888
f 1959/1959/1959 1902/1902/1902 1903/1903/1903
f 1719/1719/1719 1962/1962/1962 1963/1963/1963
f 1951/1951/1951 1912/1912/1912 1950/1950/1950
f 1913/1913/1913 1949/1949/1949 1950/1950/1950
f 1913/1913/1913 1950/1950/1950 1912/1912/1912
f 1948/1948/1948 1913/1913/1913 1914/1914/1914
f 1914/1914/1914 1947/1947/1947 1948/1948/1948
f 1947/1947/1947 1914/1914/1914 1851/1851/1851
f 1949/1949/1949 1913/1913/1913 1948/1948/1948
f 1911/1911/1911 1951/1951/1951 1952/1952/1952
f 1853/1853/1853 1944/1944/1944 1945/1945/1945
f 1943/1943/1943 1856/1856/1856 1942/1942/1942
f 1854/1854/1854 1943/1943/1943 1944/1944/1944
f 1946/1946/1946 1851/1851/1851 1852/1852/1852
f 1945/1945/1945 1946/1946/1946 1853/1853/1853
f 1852/1852/1852 1853/1853/1853 1946/1946/1946
f 1947/1947/1947 1851/1851/1851 1946/1946/1946
f 1944/1944/1944 1853/1853/1853 1854/1854/1854
f 1951/1951/1951 1911/1911/1911 1912/1912/1912
f 1952/1952/1952 1910/1910/1910 1911/1911/1911
f 1719/1719/1719 1886/1886/1886 1887/1887/1887
f 1719/1719/1719 1884/1884/1884 1885/1885/1885
f 1885/1885/1885 1886/1886/1886 1719/1719/1719
f 1887/1887/1887 1888/1888/1888 1719/1719/1719
f 1943/1943/1943 1854/1854/1854 1855/1855/1855
f 1941/1941/1941 1942/1942/1942 1856/1856/1856
f 1943/1943/1943 1855/1855/1855 1856/1856/1856
f 1719/1719/1719 1882/1882/1882 1883/1883/1883
f 1719/1719/1719 1880/1880/1880 1881/1881/1881
f 1719/1719/1719 1879/1879/1879 1880/1880/1880
f 1881/1881/1881 1882/1882/1882 1719/1719/1719
f 1719/1719/1719 1878/1878/1878 1879/1879/1879
f 1883/1883/1883 1884/1884/1884 1719/1719/1719
f 1910/1910/1910 1952/1952/1952 1909/1909/1909
f 1878/1878/1878 1719/1719/1719 1877/1877/1877
f 2027/2027/2027 2091/2091/2091 1719/1719/1719
f 1987/1987/1987 2068/2068/2068 1986/1986/1986
f 1988/1988/1988 2067/2067/2067 1987/1987/1987
f 1921/1921/1921 2005/2005/2005 1920/1920/1920
f 2005/2005/2005 1921/1921/1921 1922/1922/1922
f 2004/2004/2004 2005/2005/2005 1922/1922/1922
f 2005/2005/2005 2006/2006/2006 1920/1920/1920
f 1922/1922/1922 2003/2003/2003 2004/2004/2004
f 1990/1990/1990 2064/2064/2064 1989/1989/1989
f 1991/1991/1991 2064/2064/2064 1990/1990/1990
f 2002/2002/2002 2003/2003/2003 1923/1923/1923
f 1922/1922/1922 1923/1923/1923 2003/2003/2003
f 2001/2001/2001 2002/2002/2002 1924/1924/1924
f 1923/1923/1923 1924/1924/1924 2002/2002/2002
f 1924/1924/1924 1925/1925/1925 2001/2001/2001
f 1989/1989/1989 2066/2066/2066 1988/1988/1988
f 1858/1858/1858 1941/1941/1941 1857/1857/1857
f 1859/1859/1859 1940/1940/1940 1858/1858/1858
f 1941/1941/1941 1858/1858/1858 1940/1940/1940
f 1876/1876/1876 1877/1877/1877 1719/1719/1719
f 1875/1875/1875 1876/1876/1876 1769/1769/1769
f 1941/1941/1941 1856/1856/1856 1857/1857/1857
f 1939/1939/1939 1940/1940/1940 1859/1859/1859
f 1860/1860/1860 1938/1938/1938 1939/1939/1939
f 1937/1937/1937 1938/1938/1938 1860/1860/1860
f 1859/1859/1859 1860/1860/1860 1939/1939/1939
f 1862/1862/1862 1937/1937/1937 1861/1861/1861
f 1873/1873/1873 1874/1874/1874 1770/1770/1770
f 1937/1937/1937 1860/1860/1860 1861/1861/1861
f 2001/2001/2001 1925/1925/1925 2000/2000/2000
f 1874/1874/1874 1875/1875/1875 1769/1769/1769
f 1998/1998/1998 1999/1999/1999 1928/1928/1928
f 1993/1993/1993 2061/2061/2061 1992/1992/1992
f 1999/1999/1999 1926/1926/1926 1927/1927/1927
f 1926/1926/1926 2000/2000/2000 1925/1925/1925
f 1927/1927/1927 1928/1928/1928 1999/1999/1999
f 1926/1926/1926 1999/1999/1999 2000/2000/2000
f 1997/1997/1997 1998/1998/1998 1928/1928/1928
f 1785/1785/1785 1993/1993/1993 1994/1994/1994
f 1996/1996/1996 1783/1783/1783 1995/1995/1995
f 1784/1784/1784 1994/1994/1994 1995/1995/1995
f 1929/1929/1929 1782/1782/1782 1997/1997/1997
f 1928/1928/1928 1929/1929/1929 1997/1997/1997
f 1781/1781/1781 1929/1929/1929 1930/1930/1930
f 1997/1997/1997 1783/1783/1783 1996/1996/1996
f 1930/1930/1930 1931/1931/1931 1780/1780/1780
f 1993/1993/1993 1785/1785/1785 1789/1789/1789
f 1863/1863/1863 1935/1935/1935 1936/1936/1936
f 1935/1935/1935 1864/1864/1864 1934/1934/1934
f 1862/1862/1862 1863/1863/1863 1936/1936/1936
f 1871/1871/1871 1872/1872/1872 1772/1772/1772
f 1935/1935/1935 1863/1863/1863 1864/1864/1864
f 1778/1778/1778 1933/1933/1933 1934/1934/1934
f 1864/1864/1864 1865/1865/1865 1777/1777/1777
f 1934/1934/1934 1864/1864/1864 1778/1778/1778
f 1777/1777/1777 1865/1865/1865 1866/1866/1866
f 1932/1932/1932 1933/1933/1933 1779/1779/1779
f 1774/1774/1774 1869/1869/1869 1870/1870/1870
f 1775/1775/1775 1867/1867/1867 1868/1868/1868
f 1868/1868/1868 1869/1869/1869 1775/1775/1775
f 1931/1931/1931 1932/1932/1932 1780/1780/1780
f 1870/1870/1870 1871/1871/1871 1773/1773/1773
f 1936/1936/1936 1937/1937/1937 1862/1862/1862
f 1867/1867/1867 1776/1776/1776 1866/1866/1866
f 1872/1872/1872 1873/1873/1873 1771/1771/1771
f 1992/1992/1992 2063/2063/2063 1991/1991/1991
f 1866/1866/1866 1776/1776/1776 1777/1777/1777
f 1933/1933/1933 1778/1778/1778 1779/1779/1779
f 1864/1864/1864 1777/1777/1777 1778/1778/1778
f 1871/1871/1871 1772/1772/1772 1773/1773/1773
f 1869/1869/1869 1774/1774/1774 1775/1775/1775
f 1870/1870/1870 1773/1773/1773 1774/1774/1774
f 1775/1775/1775 1776/1776/1776 1867/1867/1867
f 1994/1994/1994 1784/1784/1784 1785/1785/1785
f 1786/1786/1786 1723/1723/1723 1787/1787/1787
f 1785/1785/1785 1786/1786/1786 1789/1789/1789
f 1930/1930/1930 1780/1780/1780 1781/1781/1781
f 1997/1997/1997 1782/1782/1782 1783/1783/1783
f 1929/1929/1929 1781/1781/1781 1782/1782/1782
f 1783/1783/1783 1784/1784/1784 1995/1995/1995
f 1932/1932/1932 1779/1779/1779 1780/1780/1780
f 1873/1873/1873 1770/1770/1770 1771/1771/1771
f 1876/1876/1876 1768/1768/1768 1769/1769/1769
f 1769/1769/1769 1770/1770/1770 1874/1874/1874
f 1767/1767/1767 1768/1768/1768 1719/1719/1719
f 1765/1765/1765 1766/1766/1766 1719/1719/1719
f 1767/1767/1767 1719/1719/1719 1766/1766/1766
f 1876/1876/1876 1719/1719/1719 1768/1768/1768
f 1763/1763/1763 1764/1764/1764 1719/1719/1719
f 1761/1761/1761 1762/1762/1762 1719/1719/1719
f 1763/1763/1763 1719/1719/1719 1762/1762/1762
f 1719/1719/1719 1758/1758/1758 1759/1759/1759
f 1720/1720/1720 1756/1756/1756 1757/1757/1757
f 1758/1758/1758 1719/1719/1719 1757/1757/1757
f 1761/1761/1761 1719/1719/1719 1760/1760/1760
f 1765/1765/1765 1719/1719/1719 1764/1764/1764
f 1771/1771/1771 1772/1772/1772 1872/1872/1872
f 1724/1724/1724 1725/1725/1725 1849/1849/1849
f 1726/1726/1726 1727/1727/1727 1848/1848/1848
f 1725/1725/1725 1726/1726/1726 1848/1848/1848
f 1728/1728/1728 1729/1729/1729 1845/1845/1845
f 1844/1844/1844 1730/1730/1730 1731/1731/1731
f 1844/1844/1844 1729/1729/1729 1730/1730/1730
f 1727/1727/1727 1728/1728/1728 1847/1847/1847
f 1842/1842/1842 1732/1732/1732 1733/1733/1733
f 1840/1840/1840 1734/1734/1734 1735/1735/1735
f 1841/1841/1841 1733/1733/1733 1734/1734/1734
f 1720/1720/1720 1736/1736/1736 1737/1737/1737
f 1720/1720/1720 1738/1738/1738 1739/1739/1739
f 1720/1720/1720 1737/1737/1737 1738/1738/1738
f 1839/1839/1839 1735/1735/1735 1736/1736/1736
f 1842/1842/1842 1731/1731/1731 1732/1732/1732
f 1720/1720/1720 1750/1750/1750 1751/1751/1751
f 1720/1720/1720 1748/1748/1748 1749/1749/1749
f 1749/1749/1749 1750/1750/1750 1720/1720/1720
f 1720/1720/1720 1754/1754/1754 1755/1755/1755
f 1720/1720/1720 1752/1752/1752 1753/1753/1753
f 1753/1753/1753 1754/1754/1754 1720/1720/1720
f 1720/1720/1720 1751/1751/1751 1752/1752/1752
f 1720/1720/1720 1742/1742/1742 1743/1743/1743
f 1720/1720/1720 1740/1740/1740 1741/1741/1741
f 1741/1741/1741 1742/1742/1742 1720/1720/1720
f 1720/1720/1720 1746/1746/1746 1747/1747/1747
f 1720/1720/1720 1744/1744/1744 1745/1745/1745
f 1746/1746/1746 1720/1720/1720 1745/1745/1745
f 1743/1743/1743 1744/1744/1744 1720/1720/1720
f 1720/1720/1720 1747/1747/1747 1748/1748/1748
f 1739/1739/1739 1740/1740/1740 1720/1720/1720
f 1720/1720/1720 1755/1755/1755 1756/1756/1756
f 1721/1721/1721 1736/1736/1736 1720/1720/1720
f 1757/1757/1757 1719/1719/1719 1720/1720/1720
f 1723/1723/1723 1724/1724/1724 1787/1787/1787
f 1760/1760/1760 1719/1719/1719 1759/1759/1759
f 1985/1985/1985 1986/1986/1986 2069/2069/2069
f 2069/2069/2069 1984/1984/1984 1985/1985/1985
